#        weight    minuslogpost              As              ns              H0           ombh2           omch2             tau        A_planck      calib_100T      calib_217T       A_cib_217       xi_sz_cib            A_sz        ksz_norm    gal545_A_100    gal545_A_143 gal545_A_143_217    gal545_A_217    ps_A_100_100    ps_A_143_143    ps_A_143_217    ps_A_217_217   galf_TE_A_100 galf_TE_A_100_143 galf_TE_A_100_217   galf_TE_A_143 galf_TE_A_143_217   galf_TE_A_217       chi2__CMB   minuslogprior minuslogprior__0 minuslogprior__SZ            chi2 chi2__planck_2018_highl_plik.TTTEEE chi2__planck_2018_lowl.TT chi2__planck_2018_lowl.EE chi2__planck_2018_lensing.clik
              1        1520.838         2.1e-09           0.965           67.36         0.02237            0.12          0.0544      0.99843149      0.99894559        0.998058       55.795752      0.65166027       3.5790801       6.7596399       12.440078       8.4752113        16.118498       75.774995       235.68493       40.387572       37.790902       87.323582     0.056306212       0.062026355        0.39798782      0.37195603        0.88029308        2.036356       3030.3264       5.6748021        3.1618513         2.5129508       3030.3264                           2601.4177                 23.675583                 396.16413                      9.0689809
              3        1495.231         2.1e-09           0.965           67.36         0.02237            0.12          0.0544      0.99843149      0.99827033      0.99844794       53.024511      0.25728947       3.4037092       6.4326778       12.653086       10.223804        13.432915       74.957619       227.00344       23.215376       27.068006       93.071813      0.16881312        0.12791052        0.39223482      0.45868641        0.95069739       2.4118619       2968.7356       10.863169        8.5312964         2.3318729       2968.7356                           2539.8269                 23.675583                 396.16413                      9.0689809
              1       1494.2428         2.1e-09           0.965           67.36         0.02237            0.12          0.0544      0.99843149      0.99826465      0.99849272       53.789354      0.28458735       3.3210511       6.7808706       12.477932       10.140936        13.288516       74.790603       226.34471       23.386911       27.059189       91.317905      0.17284719        0.13021328        0.38175522      0.45595338        0.96084812       2.4041188       2966.0317       11.226931        8.8353964         2.3915342       2966.0317                            2537.123                 23.675583                 396.16413                      9.0689809
              1       1493.7248         2.1e-09           0.965           67.36         0.02237            0.12          0.0544      0.99843149      0.99895277      0.99860587       63.144401      0.21992704       3.8831088       4.8861435       8.9549007       9.7911935        13.199836       73.841344       279.55922       23.442409       22.162549       69.432483      0.17406466        0.15651369         0.3503308      0.48065956         0.9736662       2.1600048       2969.0465       9.2015176        7.0419014         2.1596162       2969.0465                           2540.1378                 23.675583                 396.16413                      9.0689809
              3       1486.5768         2.1e-09           0.965           67.36         0.02237            0.12          0.0544      0.99843149        0.998649      0.99883625       62.045584      0.30279374       3.7586822       4.2322477       8.5499471       10.765515        15.444528       77.571902       276.46315       25.893092       22.629847       70.485013      0.16628736         0.1631987        0.37014246      0.47834023        0.96785028       2.2078426       2954.6669       9.2434194        7.1949395         2.0484799       2954.6669                           2525.7582                 23.675583                 396.16413                      9.0689809
              1       1485.9941         2.1e-09           0.965           67.36         0.02237            0.12          0.0544      0.99843149      0.99868494      0.99875673       60.770958      0.35614951       3.7853277       4.2745159        8.443679       10.911096        15.771779        78.54866       278.59262       26.638747       24.166874       72.463151      0.16665698        0.16525521        0.36134919      0.48131054        0.98167964       2.2170453       2952.4778        9.755225         7.699306          2.055919       2952.4778                           2523.5691                 23.675583                 396.16413                      9.0689809
              1       1483.6536         2.1e-09           0.965           67.36         0.02237            0.12          0.0544      0.99843149      0.99865553      0.99884864       60.840935      0.36743625       3.9229291       4.8060961       8.4154792       10.928469        14.930895       77.160322       278.71084        25.39049       24.325234       72.310677       0.1568633        0.15550984        0.37828352      0.47049114        0.94941831       2.3012018       2951.1104       8.0984069        5.9416783         2.1567286       2951.1104                           2522.2017                 23.675583                 396.16413                      9.0689809
              1       1479.8697         2.1e-09           0.965           67.36         0.02237            0.12          0.0544       0.9989307      0.99865735      0.99884657       60.906995      0.36745513       3.9217121       4.8057325       8.4178729       10.933006        14.929932       77.211489       279.13163       25.459986        24.37268       72.411445      0.15688978        0.15537956        0.37829655       0.4702538        0.94936971       2.3015743       2943.8071       7.9660931        5.8097706         2.1563226       2943.8071                           2515.1115                 23.597772                 396.12296                      8.9749315
              1       1477.3937         2.1e-09           0.965           67.36         0.02237            0.12          0.0544       0.9989307      0.99843003       0.9991993        63.31147      0.26930585       2.5389718       4.9758545       7.3725454       12.711578        16.715529       80.799138       291.85222       26.149622       18.066094        65.48093      0.15537342        0.15732625        0.46209292       0.4727276        0.95333167       2.4481615       2934.9453       9.9211064        7.8917084         2.0293981       2934.9453                           2506.2496                 23.597772                 396.12296                      8.9749315
              1       1478.3949   2.0985365e-09      0.96777066           67.36         0.02237            0.12          0.0544       0.9989968      0.99840031      0.99917868       62.090002      0.29336067       2.7540388       4.3756739       7.4173577       12.611136        16.646357       81.198817       285.87615       24.804323       18.742065        67.11856      0.15559487        0.15751056        0.46252623      0.47356451        0.95382591       2.4501793       2936.8302        9.979769        7.9335888         2.0461802       2936.8302                           2508.8263                 22.941458                 396.06586                      8.9965167
              1       1456.6031   2.0985365e-09      0.96777066           67.36         0.02237            0.12          0.0544       0.9989968      0.99852892        0.999339        61.64721      0.18199455       3.6221154       3.0884077       8.2029207       12.583834        17.958056       84.505358       281.82032       28.056877        20.21949       71.966116      0.19347588        0.16727229        0.46163326      0.44648863        0.84111954        2.142978       2900.7397       6.2333039         4.194658         2.0386459       2900.7397                           2472.7358                 22.941458                 396.06586                      8.9965167
              1       1455.0457   2.0985365e-09      0.96777066           67.36         0.02237            0.12          0.0544       0.9989968      0.99816095      0.99991709       56.569877      0.61558821       3.1994635       2.4606915       5.7863371       11.138946        20.403944       90.837922       284.30507       41.851785        31.31442       79.890391        0.181425        0.13772618         0.5003462      0.35599109        0.86678824       2.0570791       2896.9989       6.5462689        4.3238825         2.2223864       2896.9989                           2468.9951                 22.941458                 396.06586                      8.9965167
              1        1450.719   2.0985365e-09      0.96777066           67.36         0.02237            0.12          0.0544       0.9989968      0.99817814      0.99990625       59.005035      0.31519165      0.65232072       2.1409967       6.4787633       10.484244        16.954909       85.178226       291.20787        41.98106       19.788354       76.024383      0.15031713        0.10925475        0.50979384      0.32495619        0.88017399       2.1737046       2886.6387       7.3996688        3.1664019         4.2332669       2886.6387                           2458.6349                 22.941458                 396.06586                      8.9965167
              3       1449.5267   2.0985365e-09      0.96777066           67.36         0.02237            0.12          0.0544       0.9989968      0.99804133      0.99989998       59.152833      0.25959973       1.1597889       1.9260412       6.3383388       10.069168        16.493357       84.384942       288.98842       41.940247        20.43333       76.229677      0.13878472        0.10752918         0.5343544      0.32425908        0.87586115       2.2213532       2883.5075       7.7729472        3.9387899         3.8341573       2883.5075                           2455.5037                 22.941458                 396.06586                      8.9965167
              1       1441.4633   2.0985365e-09      0.96777066           67.36         0.02237            0.12          0.0544       0.9989968      0.99821664      0.99988553       52.285395      0.18644962       1.7269309         2.09451       5.9622009       9.2467427        17.407287       89.848054       279.45682       38.689264       18.682472       84.221776      0.14826327        0.11147501         0.5293699      0.31177927        0.87319095       2.2403727       2870.3614       6.2825422        3.0676645         3.2148776       2870.3614                           2442.3576                 22.941458                 396.06586                      8.9965167
              1       1440.2677   2.0985365e-09      0.96777066           67.36         0.02237            0.12          0.0544       0.9989968      0.99815213      0.99990343       52.285001      0.18811519       1.6723194       1.9686261       6.2473743       9.1790729        17.444614       90.063567       277.67941       38.871382       18.793025       84.712471       0.1516347        0.11053169        0.52867171      0.30767407        0.87353479       2.2147129       2867.4815       6.5269559         3.199546         3.3274099       2867.4815                           2439.4777                 22.941458                 396.06586                      8.9965167
              1       1438.5452   2.0985365e-09      0.96777066           67.36         0.02237            0.12          0.0544       0.9989968      0.99805568       1.0000448       55.070269      0.11911888       1.9667006       1.9702439       6.1942394       10.588861        18.203549       89.412697        285.5807       35.668412       17.559655       82.336884      0.14661969        0.10593944        0.49984242      0.30858058        0.85116985       2.1819496       2864.2784         6.40601        3.3211816         3.0848284       2864.2784                           2436.2746                 22.941458                 396.06586                      8.9965167
              5       1426.1444   2.0985365e-09      0.96777066           67.36         0.02237            0.12          0.0544       0.9989968      0.99860552       1.0007102       59.321163     0.018260205       1.6790319       2.6971038       7.7312543        9.092643        16.162675       86.331011        265.3868       38.635395       17.404442        79.05826      0.12577715        0.13052758        0.43873858      0.29282006        0.80503867       2.3504892       2839.3601       6.4643882        3.5054418         2.9589464       2839.3601                           2411.3563                 22.941458                 396.06586                      8.9965167
              2       1426.1607   2.0985365e-09      0.96777066           67.36         0.02237            0.12          0.0544       0.9989968      0.99860052       1.0007075       59.334572     0.017376371       1.6741541       2.6961709       7.7366059       9.0988745        16.149208        86.28705       265.48088       38.663695       17.410564       79.074954       0.1258356        0.13041209        0.43874283      0.29284646         0.8051011       2.3518518       2839.3837       6.4688106        3.5058636          2.962947       2839.3837                           2411.3799                 22.941458                 396.06586                      8.9965167
              1       1426.0758   2.0985365e-09      0.96777066           67.36         0.02237            0.12          0.0544       0.9989968      0.99860915       1.0007086       59.344137     0.016178755        1.689164       2.6796337       7.7276481       9.0784769        16.125064       86.251446       265.50399       38.695323       17.502966       79.165874      0.12568142        0.12989924        0.43960294      0.29196501        0.80532962       2.3523604       2839.2619       6.4448384        3.4853162         2.9595222       2839.2619                           2411.2581                 22.941458                 396.06586                      8.9965167
              1       1422.9463   2.0985365e-09      0.96777066           67.36         0.02237            0.12          0.0544      0.99963927      0.99861149        1.000706       59.429154     0.016203061       1.6875979       2.6791658       7.7307286       9.0843164        16.123824       86.317295       266.04554       38.784763       17.564028       79.295558      0.12571549        0.12973158        0.43961972      0.29165955        0.80526706       2.3528397       2833.2069       6.3428122         3.381929         2.9608833       2833.2069                           2405.3756                 22.851416                 396.06649                      8.9133315
              2       1421.7661   2.0985365e-09      0.96777066           67.36         0.02237            0.12          0.0544      0.99963927      0.99865761       1.0005772       56.231033     0.059271013      0.98428557       2.5388766       8.4857084       9.2344565        16.873717       89.471966       260.34787       43.705407       19.146962       83.353816      0.13120468        0.13643286        0.46299898      0.28725488        0.84893507       2.4104101       2830.4012       6.5654648        2.9361435         3.6293212       2830.4012                             2402.57                 22.851416                 396.06649                      8.9133315
              2       1420.7692   2.0985365e-09      0.96777066           67.36         0.02237            0.12          0.0544      0.99963927      0.99864649       1.0005415       55.590101     0.033922806      0.90105097       2.2393786       8.5607127       9.7212258        16.936335        89.78152       263.60998       43.672948       19.148726       84.584302      0.13205069        0.13051697        0.45822072      0.26780642        0.84703393       2.3862494       2829.2239       6.1572961        2.2586308         3.8986653       2829.2239                           2401.3927                 22.851416                 396.06649                      8.9133315
              2         1420.77   2.0985365e-09      0.96777066           67.36         0.02237            0.12          0.0544      0.99963927      0.99864712       1.0005426       55.566524     0.033460747      0.90165868       2.2373591       8.5620556       9.7049914        16.914764        89.77374       263.54463       43.647906       19.143133       84.605385      0.13215424        0.13060606        0.45788211      0.26774569        0.84682114       2.3866878       2829.2117       6.1640895        2.2647471         3.8993424       2829.2117                           2401.3805                 22.851416                 396.06649                      8.9133315
              1        1410.345   2.0985365e-09      0.96777066           67.36         0.02237            0.12          0.0544       1.0004757      0.99860133      0.99972748       46.304483      0.42677689      0.90867708       2.6234627       9.9296187       10.087581         16.50004       92.955709       263.79185       48.677273       28.976229       100.63459     0.093437191        0.11188568        0.48166612      0.27092448        0.71961314       2.3267213       2818.1752       1.2573955       -2.3937763         3.6511717       2818.1752                            2390.526                 22.736035                 396.07224                      8.8409729
              1        1411.468   2.0985365e-09      0.96777066           67.36         0.02237            0.12          0.0544       1.0004757      0.99801603       1.0001386       46.147898      0.47116973       3.2317618       1.2396556       8.2017818       12.964894         21.17439       98.804026       239.82427       44.842967       30.510129       101.20202     0.081528304       0.081285226        0.44407889      0.21618933        0.70005473       2.5402253        2812.018       5.4589671        2.9111291         2.5478379        2812.018                           2384.3687                 22.736035                 396.07224                      8.8409729
              2       1411.9088   2.0985365e-09      0.96777066           67.36         0.02237            0.12          0.0544       1.0004757       0.9979784       1.0000773       45.056086      0.50916486       3.1260786       1.3645128       8.3248175       12.957489         21.27431       99.448363       239.06176       45.756109       31.429439       102.58461      0.08620357       0.078893462        0.43976191      0.21110505        0.70095268       2.5553922       2813.1294       5.3440857        2.7809537          2.563132       2813.1294                           2385.4802                 22.736035                 396.07224                      8.8409729
              2       1412.2178   2.0985365e-09      0.96777066           67.36         0.02237            0.12          0.0544       1.0004757      0.99801864        1.000086       45.018348      0.52058504       3.2396991       1.6662096       8.0246135       12.864328        21.818462       100.18699       242.35397       46.570487       31.408036       101.98353     0.083410327        0.08058808        0.44740132      0.21717017        0.70527746       2.5977285       2814.1834       5.1261698        2.7184001         2.4077698       2814.1834                           2386.5341                 22.736035                 396.07224                      8.8409729
              1       1412.9249   2.0985365e-09      0.96777066           67.36         0.02237            0.12          0.0544       1.0004757      0.99785856       1.0001046       45.394076      0.48244932        3.379437       1.5720566        8.257035       13.177673        22.126297       100.54444       236.86857       45.634478       30.601805       101.14581       0.0838081        0.08429457        0.45337129       0.2081188        0.71215683       2.6302496       2813.8304       6.0096926        3.6391054         2.3705872       2813.8304                           2386.1811                 22.736035                 396.07224                      8.8409729
              2       1414.0593   2.0985365e-09      0.96777066           67.36         0.02237            0.12          0.0544       1.0004757      0.99802373       1.0001653       44.699342      0.64080991       3.2773197       2.5524941       9.1435588       13.211956        22.033814        99.64987       232.00303       46.175287       31.924205       101.78579     0.095497805       0.086560821         0.4310935      0.19501089         0.7274427        2.676127       2817.5784       5.2701062        3.0912823         2.1788239       2817.5784                           2389.9292                 22.736035                 396.07224                      8.8409729
              1       1413.8348   2.0985365e-09      0.96777066           67.36         0.02237            0.12          0.0544       1.0004757      0.99803264        1.000147       44.642448      0.64170918       3.3060713       2.5355971       9.1313917       13.206053          22.0343       99.633107       231.62479       46.162775       31.993519       101.90076     0.094818152       0.087576827        0.43054335      0.19626854        0.72764022       2.6731035       2817.4689       5.1003789        2.9270179          2.173361       2817.4689                           2389.8196                 22.736035                 396.07224                      8.8409729
              1       1412.0562   2.0985365e-09      0.96777066           67.36         0.02237            0.12          0.0544       1.0004757      0.99784871       0.9999548       45.416504      0.78529048       3.2160607       2.5744903       9.1722286       13.941071        22.774323       99.839714       229.92072       46.850777       34.646121       101.81782     0.093403444       0.083017527        0.42994246      0.20220713        0.75532432       2.6352551       2812.3809       5.8657777        3.6722417          2.193536       2812.3809                           2384.7317                 22.736035                 396.07224                      8.8409729
              3       1412.2621   2.0985365e-09      0.96777066           67.36         0.02237            0.12          0.0544       1.0004757      0.99792559      0.99988233       45.042565       0.7704139       3.4016941       2.3200824       9.4265161       13.436126        23.098865       100.62851       226.63059       47.873148       34.301632       101.74937      0.10878574       0.073962127        0.40872393      0.18091082         0.7576871       2.6467231       2814.1893       5.1674062        2.9821949         2.1852113       2814.1893                           2386.5401                 22.736035                 396.07224                      8.8409729
              3       1410.5205   2.0985365e-09      0.96777066           67.36         0.02237            0.12          0.0544       1.0004757       0.9982862      0.99946626       51.406071      0.99769537       4.1804019        3.153282        9.427628       12.321694        19.670086       92.980461        247.5058       49.260218        42.88254       94.320377     0.077397917       0.041702341        0.37226277      0.18655539        0.80005397       2.7599506       2811.5609        4.740084         2.716038          2.024046       2811.5609                           2383.9116                 22.736035                 396.07224                      8.8409729
              1       1410.4005   2.0985365e-09      0.96777066           67.36         0.02237            0.12          0.0544       1.0004757      0.99850758      0.99945463       50.100095      0.98612905       2.9921704       3.5239342       9.4574008        12.42836        18.996604       93.137885       260.70934       49.772526       41.211578       96.901547     0.074105643       0.040608528        0.40436214      0.18381613        0.79061474       2.8346364        2812.696       4.0525354        1.9564983         2.0960371        2812.696                           2385.0467                 22.736035                 396.07224                      8.8409729
              2       1410.8592   2.0985365e-09      0.96777066           67.36         0.02237            0.12          0.0544       1.0004757      0.99857816      0.99906132       47.762733      0.98199912       3.7176534       2.1535414       8.1827748       12.730821        19.413643       93.085632       255.87883       47.754761        42.67424        100.9551     0.074578795       0.044774635        0.40446695      0.17961661        0.78770141       3.0220787       2815.5201       3.0991852       0.97302321         2.1261619       2815.5201                           2387.8709                 22.736035                 396.07224                      8.8409729
              1       1409.1205   2.0985365e-09      0.96777066           67.36         0.02237            0.12          0.0544       1.0004757      0.99789089      0.99944609       47.029836      0.99901375        4.931561       1.8095797       8.0453065       12.368513        20.894113       93.617277       219.85324       50.941796       45.331041       106.33306     0.052140268       0.089389417        0.45099859      0.19454161        0.64788154        2.996251       2809.2736       4.4836344        2.4638596         2.0197748       2809.2736                           2381.6244                 22.736035                 396.07224                      8.8409729
              3       1409.2391   2.0985365e-09      0.96777066           67.36         0.02237            0.12          0.0544       1.0004757      0.99799047      0.99933646        46.50367      0.99582658       4.8317365       1.8304888       7.9681401       11.994156        20.201608       93.046974        215.1743       52.293767       46.753511       107.52622      0.04462071        0.09732496        0.43518588      0.21580425         0.6664094       3.0090257       2811.1088       3.6846967        1.6669373         2.0177594       2811.1088                           2383.4595                 22.736035                 396.07224                      8.8409729
              1        1403.261   2.0985365e-09      0.96777066           67.36         0.02237            0.12          0.0544       1.0004757      0.99819515      0.99988622       53.297344      0.69550959       6.9574256      0.36851024       6.6118724       12.890714        23.271961       96.814153       220.92681       45.655654       46.187121       100.75246     0.092380598       0.097483232        0.38320935      0.20783288        0.74535643       2.8264656       2798.4021       4.0599351        1.8200751           2.23986       2798.4021                           2370.7529                 22.736035                 396.07224                      8.8409729
              1        1401.714   2.0985365e-09      0.96777066           67.36         0.02237            0.12          0.0544       1.0004757      0.99855442      0.99964557       51.915934      0.78062293       5.3364853       1.6945893         7.85625       10.017907        20.828802       94.110948       245.48126       47.770671        42.02222       98.205193      0.14226643       0.097631792        0.28953504       0.1657677         0.7316886       2.3775323       2802.0968      0.66558806       -1.3818094         2.0473974       2802.0968                           2374.4475                 22.736035                 396.07224                      8.8409729
              3       1398.3818   2.0985365e-09      0.96777066           67.36         0.02237            0.12          0.0544       1.0004757      0.99888609       0.9985848       51.270044      0.62026124       5.6123554       1.6134192        7.678463       10.209084        19.331264       91.087817       246.19152       46.482584       39.802945       101.74193      0.16058876        0.11893464        0.23744614      0.13496524        0.72885259       2.4621333       2799.3695      -1.3029681       -3.3869111          2.083943       2799.3695                           2371.7203                 22.736035                 396.07224                      8.8409729
              1       1397.2265   2.0985365e-09      0.96777066           67.36         0.02237            0.12          0.0544       1.0004757      0.99896508      0.99793826       46.050001       0.4918138       4.4671676       2.8606763       6.8706658       10.628611        16.390332       88.049126       264.29338       40.584479       33.381833       108.33149      0.19047239        0.11313994        0.28520634      0.13599313        0.67842345       2.4210318        2798.245      -1.8960092       -3.9279051         2.0318959        2798.245                           2370.5957                 22.736035                 396.07224                      8.8409729
              2       1395.9239   2.0985365e-09      0.96777066           67.36         0.02237            0.12          0.0544       1.0004757      0.99898705      0.99796878       45.132997      0.47587783       5.2867308       1.8754385       7.5132455       10.719387        16.857728       89.118017       248.18479       41.285385       36.630754       111.95821      0.20501775        0.12024828        0.28374045      0.14671666        0.65157181       2.3476093       2795.5664      -1.8592976       -3.9155097         2.0562121       2795.5664                           2367.9172                 22.736035                 396.07224                      8.8409729
              1       1395.7457   2.0985365e-09      0.96777066           67.36         0.02237            0.12          0.0544       1.0004757      0.99904845      0.99794791       45.921944      0.43205445       4.9466141       2.2164626       7.9486518       10.354966        15.404383       86.675427       250.06351       41.035252       36.584865       112.35316      0.20508852        0.11756417        0.28897752      0.14581731        0.67016869       2.4094462       2795.4612      -1.9848415       -4.0245155          2.039674       2795.4612                           2367.8119                 22.736035                 396.07224                      8.8409729
              2       1395.7964   2.0985365e-09      0.96777066           67.36         0.02237            0.12          0.0544       1.0004757      0.99914987      0.99881687       47.188591       0.2692403       4.8859461       2.9186572       9.6570261       10.305627        15.046512       88.176372       242.47928       38.687751       32.479764        112.5598      0.22071023        0.12810037        0.45059057      0.21320497        0.64324096       2.5734925        2796.416      -2.4115599       -4.5140062         2.1024463        2796.416                           2368.7667                 22.736035                 396.07224                      8.8409729
              3       1396.7572   2.0985365e-09      0.96777066           67.36         0.02237            0.12          0.0544       1.0004757      0.99922468       0.9987693       46.024618      0.23497103       4.3480672       3.8325776       10.326204       10.519306        14.888076       89.038948       248.73394       37.789855       30.110984        112.0007      0.22028975        0.13343755        0.44209753      0.21919913        0.65120194       2.5795528       2798.3747      -2.4301719       -4.5400989          2.109927       2798.3747                           2370.7254                 22.736035                 396.07224                      8.8409729
              3       1397.3149   2.0985365e-09      0.96777066           67.36         0.02237            0.12          0.0544       1.0004757      0.99919295      0.99879895       46.117112      0.27459895       4.3601508       3.9394617       10.459183       10.772387        15.319003       89.610165       250.23943       37.652957       30.249895       111.16054      0.22217916        0.12717277        0.44524942      0.21843607        0.66221378       2.5975767       2799.0372      -2.2036522       -4.3325483         2.1288961       2799.0372                           2371.3879                 22.736035                 396.07224                      8.8409729
              1       1396.8095   2.0985365e-09      0.96777066           67.36         0.02237            0.12          0.0544       1.0004757      0.99927334       0.9987132       45.442095      0.29306767       4.1326261       3.6780916       10.496746       10.803841        15.291772       89.674976       255.30016       38.725527       30.421587       112.25136      0.21906656        0.13417776        0.43523749      0.22977401        0.66988696       2.6207587       2798.8674      -2.6241436       -4.6763924         2.0522488       2798.8674                           2371.2181                 22.736035                 396.07224                      8.8409729
              1       1396.6255   2.0985365e-09      0.96777066           67.36         0.02237            0.12          0.0544       1.0004757      0.99927301      0.99875319       45.638502      0.32254464       4.2316871          3.7865       10.464883       10.726015        15.093133       89.145685       252.20007       38.264541       30.980306       111.81578      0.21622055        0.13589252        0.44024374      0.23494467         0.6737005       2.6402521       2798.4691      -2.6090145       -4.6886581         2.0796436       2798.4691                           2370.8198                 22.736035                 396.07224                      8.8409729
              1       1396.4251   2.0985365e-09      0.96777066           67.36         0.02237            0.12          0.0544       1.0004757      0.99926224      0.99873989        45.62505      0.33144731        4.224812       3.7761777       10.412062       10.700915         15.10082       89.066072       252.07167        38.49076       31.175632        111.9511       0.2146463        0.13469078        0.44111989      0.23417771        0.67618157       2.6397781       2798.3129      -2.7313041       -4.8084683         2.0771642       2798.3129                           2370.6636                 22.736035                 396.07224                      8.8409729
              1       1395.8196   2.0985365e-09      0.96777066           67.36         0.02237            0.12          0.0544       1.0004757      0.99940979      0.99872262       47.992059       0.2955139       4.1250855       3.4946315       10.617697       10.742567        14.770109       87.122544       256.01526       39.037738       30.413939        108.6089      0.21273475        0.13157448        0.44625457       0.2354121        0.66861701       2.5645438       2797.9568      -3.1587597       -5.1959633         2.0372036       2797.9568                           2370.3075                 22.736035                 396.07224                      8.8409729
              1       1395.0379   2.0985365e-09      0.96777066           67.36         0.02237            0.12          0.0544       1.0004757       0.9997716      0.99852928       44.296969       0.3054794       5.3784993       2.7301994       10.886721       10.836454        17.549872       93.030036       246.80013       40.631147       33.289949       111.67849       0.2102221        0.11435606        0.41592281      0.19674135        0.65255528       2.4543322       2798.0848       -4.004466       -6.2092477         2.2047817       2798.0848                           2370.4355                 22.736035                 396.07224                      8.8409729
              2       1394.0663   2.0985365e-09      0.96777066           67.36         0.02237            0.12          0.0544       1.0004757      0.99974197      0.99853167       42.075145      0.36349252       4.8644642       2.0943648       9.1011898       12.438695        18.003106       97.138371       272.84269       44.435399       37.550143       115.95127      0.19136829        0.12422491        0.35717484      0.18313529        0.64029357       2.2659113       2797.7959      -4.8315962       -6.8570643         2.0254682       2797.7959                           2370.1466                 22.736035                 396.07224                      8.8409729
              1       1392.0278   2.0985365e-09      0.96777066           67.36         0.02237            0.12          0.0544       1.0004757      0.99992049      0.99861051       42.282517      0.44746578       4.7040974       1.9880351       9.4171105       11.778234         17.83767         97.1971       275.98463        46.26292       39.845373        116.5458      0.16354847        0.11360248        0.34296456      0.20266461         0.6597819       2.2316329       2795.4768       -5.710608       -7.7281707         2.0175626       2795.4768                           2367.8276                 22.736035                 396.07224                      8.8409729
              2       1391.6181   2.0985365e-09      0.96777066           67.36         0.02237            0.12          0.0544       1.0004757      0.99975138      0.99867159       41.931214      0.43669016       4.9807298       2.3715223       9.4849396       12.126265        18.461454        98.26637       274.61996       43.115644       37.408595       115.21088      0.16080328        0.11439283        0.36232724      0.20472947        0.66217572       2.0840012       2794.8291      -5.7964157       -7.8532309         2.0568152       2794.8291                           2367.1798                 22.736035                 396.07224                      8.8409729
              2       1391.2087   2.0985365e-09      0.96777066           67.36         0.02237            0.12          0.0544       1.0004757       1.0001432      0.99860983       39.591275      0.61282875       5.0984699       3.6351608       9.9034831       11.135704        18.151486       98.502213       267.32777       41.995134       38.671225       118.10332       0.1646008        0.13011072        0.39373841      0.24025242        0.66933297       1.9713796       2794.8936      -6.2381377        -8.547718         2.3095803       2794.8936                           2367.2444                 22.736035                 396.07224                      8.8409729
              2       1389.9862   2.0985365e-09      0.96777066           67.36         0.02237            0.12          0.0544       1.0004757       1.0001896      0.99882043       41.845469      0.69330468       5.1539806       2.8502347       9.9017171       9.9545442        18.457357       99.765138        270.5975       44.289667       41.021498        114.1781       0.1627545        0.12878242        0.43142692      0.22690244        0.65930191       2.0303111       2792.6182      -6.3229634       -8.4821333         2.1591699       2792.6182                            2364.969                 22.736035                 396.07224                      8.8409729
              1       1387.5567   2.1008782e-09      0.96086781           67.36         0.02237            0.12          0.0544        1.000311      0.99999284      0.99876765       43.322199      0.59927386       4.6682614       4.1329576       9.3510942        9.582254        18.359548       98.566522       279.16341       47.283402       39.609206       112.99953      0.17560699        0.13893841        0.46470719      0.21211388        0.69475227       1.9760414       2787.5042      -6.1953793       -8.4584381         2.2630588       2787.5042                           2358.2653                 24.384779                 396.17939                      8.6746757
              1        1388.096   2.1008782e-09      0.96086781           67.36         0.02237            0.12          0.0544        1.000311      0.99999408      0.99842668       43.816108      0.75983897       4.8414581       4.3919424       9.2375339       7.6172021        17.419732       97.162542       259.30718        50.54288       44.962317       111.18847      0.16423861        0.11529858        0.52218264      0.20735358         0.7004162       2.2368427       2786.7826       -5.295263       -7.6995081         2.4042451       2786.7826                           2357.5438                 24.384779                 396.17939                      8.6746757
              1       1387.6613   2.1008782e-09      0.96086781           67.36         0.02237            0.12          0.0544        1.000311       1.0000307      0.99850731       43.633473      0.81951741       4.8917845       3.9624005       8.7345741       7.6983672        17.868637       97.811071       260.71431       51.976755       47.496123       112.47122      0.16570531        0.11088485        0.48649245      0.18720784          0.688969        2.267123       2786.3341      -5.5057818       -7.8144822         2.3087003       2786.3341                           2357.0953                 24.384779                 396.17939                      8.6746757
              1       1387.5559   2.1008782e-09      0.96086781           67.36         0.02237            0.12          0.0544        1.000311      0.99969817      0.99848079       44.025791      0.94997292       5.8518418       3.4420192       7.8951649       8.0105713        18.233785       97.293415       246.92494        51.74278       51.827049       113.49574      0.15931763        0.10079974        0.48422809      0.18548848        0.72603197       2.2052295       2785.2974      -5.0927511       -7.7171242         2.6243731       2785.2974                           2356.0586                 24.384779                 396.17939                      8.6746757
              1        1386.955   2.1008782e-09      0.96086781           67.36         0.02237            0.12          0.0544        1.000311      0.99974749      0.99846221       45.859054      0.96462526       5.9372421       3.6228139       7.9088634       7.9300281         17.90795       95.447905       246.84167       50.637029       51.557809       111.37361      0.14955257        0.10415337        0.48168262      0.18983268        0.71543581       2.1718341       2784.4731      -5.2815343       -8.0280735         2.7465392       2784.4731                           2355.2342                 24.384779                 396.17939                      8.6746757
              1       1387.1644   2.1008782e-09      0.96086781           67.36         0.02237            0.12          0.0544        1.000311       0.9997771      0.99849168         46.0067      0.96951693       5.9489717       3.6537171       8.0111192       7.9102094        17.939745       95.530548        246.4694       50.729349       51.565068       110.97461        0.149435        0.10359221        0.47868102      0.18899467        0.71624779       2.1669685       2784.8463      -5.2587696       -8.0254377         2.7666682       2784.8463                           2355.6074                 24.384779                 396.17939                      8.6746757
              2       1387.4036   2.1008782e-09      0.96086781           67.36         0.02237            0.12          0.0544        1.000311      0.99975723      0.99856218       45.263893      0.83181947       5.9211054       3.7497774       8.4926913       7.7604827        17.072844       95.276121       246.44709       48.892401       49.228648       112.40909      0.15531523        0.10300236        0.49224091       0.1801164        0.69647976       2.1827588       2784.5443      -4.8685318        -7.656349         2.7878172       2784.5443                           2355.3055                 24.384779                 396.17939                      8.6746757
              1       1387.0487   2.1008782e-09      0.96086781           67.36         0.02237            0.12          0.0544        1.000311      0.99969401      0.99821784       46.190014      0.78877139       5.9961587        2.387606        9.011141        7.783832        17.253188       94.316142       246.55262       54.691114       51.550689       114.18929      0.14648279        0.10734128        0.47375024      0.16114806        0.68286515        2.112924       2785.4755      -5.6890879         -8.04873         2.3596421       2785.4755                           2356.2367                 24.384779                 396.17939                      8.6746757
              1       1387.2424   2.1008782e-09      0.96086781           67.36         0.02237            0.12          0.0544        1.000311       0.9994377      0.99802642        45.61703      0.75831736       6.1051877       2.1508929       8.9399591       8.2261665          18.2268       95.800422       239.84565       54.548192       51.003079       116.19919      0.11647327        0.11181617        0.59050995        0.191392        0.71741138       2.2863408       2784.0907      -4.8029209       -7.1456104         2.3426895       2784.0907                           2354.8519                 24.384779                 396.17939                      8.6746757
              2       1386.9331   2.1008782e-09      0.96086781           67.36         0.02237            0.12          0.0544        1.000311      0.99928649      0.99814165       46.003871      0.77533201        5.731908       1.8705285       8.9747776       8.4991639        17.864806       95.416845       240.62598       55.465264       51.606031        115.4349      0.11143378        0.11217426        0.59791365       0.1954857        0.71285196       2.2608684       2783.3554      -4.7446247       -6.8942018         2.1495771       2783.3554                           2354.1165                 24.384779                 396.17939                      8.6746757
              1       1387.1897   2.1008782e-09      0.96086781           67.36         0.02237            0.12          0.0544        1.000311      0.99957954      0.99820083       42.891813      0.92661938       6.3206913       1.5018873       8.0592919       6.5124012        17.015463       93.510743       246.46192        57.94338       58.582714       125.43579     0.099383305       0.099276637        0.56662476      0.20955519        0.74728962       2.3147452       2780.9691      -3.2948734       -5.5609352         2.2660618       2780.9691                           2351.7302                 24.384779                 396.17939                      8.6746757
              1       1388.1263   2.1008782e-09      0.96086781           67.36         0.02237            0.12          0.0544        1.000311      0.99989666      0.99819554       43.951416       0.9212658       5.5912313       2.6049674       8.2930163       7.5909334        17.277544       91.275803       245.45583       57.854398       54.802912       124.06867      0.10139132       0.087591204        0.57178735      0.19432681        0.75630979       1.9823472       2785.0697      -4.4085385       -6.6597751         2.2512366       2785.0697                           2355.8309                 24.384779                 396.17939                      8.6746757
              3       1387.8423   2.1008782e-09      0.96086781           67.36         0.02237            0.12          0.0544        1.000311      0.99977292      0.99837897       44.933042       0.8746601        5.656514       1.9117742        8.109777       8.0773377        18.095432       91.840639       250.87351       58.070368       54.146415       122.88624      0.09998297       0.082816192         0.5785156      0.19224926        0.73961559       1.9544435       2784.7754      -4.5453484       -6.6816781         2.1363297       2784.7754                           2355.5365                 24.384779                 396.17939                      8.6746757
              4       1388.9098   2.1008782e-09      0.96086781           67.36         0.02237            0.12          0.0544        1.000311      0.99973213      0.99872076       47.767729      0.87679073       4.8820999       1.7447465       7.8545678       7.9157991        18.628551       91.686014       254.99464       61.073578        51.76131       118.81395      0.10513556        0.08808021        0.52953836      0.16264903        0.72688213       1.8682557        2787.493      -4.8366653        -6.854391         2.0177257        2787.493                           2358.2541                 24.384779                 396.17939                      8.6746757
              1       1387.7223   2.1008782e-09      0.96086781           67.36         0.02237            0.12          0.0544        1.000311       1.0002082      0.99884543       47.429798      0.82569571       6.1185468      0.21813669       6.3008253       9.4096401         20.59025       93.665989       267.79493       57.203219       53.970474       123.19561      0.12734065        0.10914115        0.50817023      0.18334144        0.67952441        1.725021       2787.5357      -6.0455444       -8.0774215         2.0318771       2787.5357                           2358.2969                 24.384779                 396.17939                      8.6746757
              1        1388.671   2.1008782e-09      0.96086781           67.36         0.02237            0.12          0.0544        1.000311       1.0000664      0.99843843       46.728599      0.86395081       6.4347648       1.0513281       6.3381938       9.7982571        20.927695       93.215108       266.63808        56.63188       54.152226       123.97148        0.120487        0.11352832        0.49866548      0.16976658        0.64102528       1.6392014       2790.0404      -6.3492258       -8.5562895         2.2070637       2790.0404                           2360.8016                 24.384779                 396.17939                      8.6746757
              1         1389.34   2.1008782e-09      0.96086781           67.36         0.02237            0.12          0.0544        1.000311       1.0004315       0.9985828       52.970957      0.43838949       6.0179745     0.070379217       4.6306173        8.711361         17.62994       87.020443       270.53303        48.45975       42.568205        115.0155      0.12725579        0.12810414        0.51858999      0.19418842        0.66880309       1.7794416       2788.2444      -4.7821947       -6.8019487         2.0197539       2788.2444                           2359.0055                 24.384779                 396.17939                      8.6746757
              1       1390.2324   2.1008782e-09      0.96086781           67.36         0.02237            0.12          0.0544        1.000311        1.000452      0.99848663       51.989374      0.49177364       5.6541475      0.60939022       4.5136944        8.745449        17.603331       87.481209       270.82288       47.165866       41.816918       115.24976      0.13641361        0.12967262        0.52539132      0.19062697        0.66846335       1.7609712       2789.8706      -4.7028764       -6.7217797         2.0189033       2789.8706                           2360.6318                 24.384779                 396.17939                      8.6746757
              1       1394.5955   2.1008782e-09      0.96086781           67.36         0.02237            0.12          0.0544        1.000311       1.0006799      0.99832471       48.644258      0.78732215       6.0355008       2.0418131       4.0247177       9.2412641        17.770865        87.95076       245.31275       50.097292       46.308833       117.35208      0.15361145         0.1314403        0.50166312       0.1609895        0.66403796       1.8423952       2797.0836      -3.9463456       -6.2324467         2.2861011       2797.0836                           2367.8448                 24.384779                 396.17939                      8.6746757
              1       1395.2656   2.1008782e-09      0.96086781           67.36         0.02237            0.12          0.0544        1.000311       1.0001681      0.99886042        52.96921      0.64007331       3.1020628       4.3451864       7.7769012       11.492616        15.696474       82.674229       239.43004       42.653784       33.497593       105.49788      0.16669391        0.15309857        0.50112545      0.11480153        0.57140135       1.9725002       2799.1037      -4.2862421       -6.3058306         2.0195884       2799.1037                           2369.8648                 24.384779                 396.17939                      8.6746757
              3       1395.5551   2.1008782e-09      0.96086781           67.36         0.02237            0.12          0.0544        1.000311      0.99995873      0.99869997       52.916034      0.64242575       2.4109548       5.7712691       7.0788998       10.579878        14.279986       80.441539       237.99112       41.248666        29.89877       101.35362      0.15442357        0.14279897        0.53693833       0.1244627        0.58282282       2.1066959       2800.2025      -4.5461711       -6.5646436         2.0184724       2800.2025                           2370.9636                 24.384779                 396.17939                      8.6746757
              1         1389.98   2.1008782e-09      0.96086781           67.36         0.02237            0.12          0.0544        1.000311      0.99993168      0.99854923       48.180316      0.58063086       3.1921996       4.8187327       7.6562087       11.067666        16.343957       87.015556       248.94744        41.33096       33.224217       108.74325      0.15587235        0.14133807        0.45636804      0.13531151        0.63312919       2.3131519       2792.1251      -6.0825376       -8.1101823         2.0276448       2792.1251                           2362.8863                 24.384779                 396.17939                      8.6746757
              1        1389.414   2.1008782e-09      0.96086781           67.36         0.02237            0.12          0.0544        1.000311       1.0000682       0.9984442       49.002232       0.5651605       3.3833987       5.3286013        8.992575       11.737437        16.984629       86.908916       251.76118       39.004271       30.358376       105.39553      0.14093658         0.1444618        0.47102461      0.15601459        0.62748567       2.3037349       2791.8761      -6.5240889       -8.6273432         2.1032542       2791.8761                           2362.6372                 24.384779                 396.17939                      8.6746757
              1       1390.1433   2.1008782e-09      0.96086781           67.36         0.02237            0.12          0.0544        1.000311       1.0001851      0.99881236       48.430592      0.70299055       2.2569983       6.6970853       9.6520917        11.12321        16.641763       88.106839       252.06201       38.188021       29.165056       103.23298      0.13653001        0.14095843        0.45019469      0.16644156        0.63818619       2.2325002       2793.0524      -6.3828886        -8.436735         2.0538464       2793.0524                           2363.8136                 24.384779                 396.17939                      8.6746757
              1       1389.8364   2.1008782e-09      0.96086781           67.36         0.02237            0.12          0.0544        1.000311        1.000661      0.99876226       48.659251      0.52453913       1.9096956       5.9545378       9.2377111       9.9382044        14.283798       86.468013       272.37069       37.163986        27.13968        105.6174      0.15503473        0.17018951        0.56014464      0.23393037         0.7036807       2.3515749       2789.2832      -4.8052407       -6.8361277         2.0308869       2789.2832                           2360.0444                 24.384779                 396.17939                      8.6746757
              1       1389.5512   2.1008782e-09      0.96086781           67.36         0.02237            0.12          0.0544        1.000311       1.0004001      0.99872747       49.325686      0.54093419       2.3778253       4.9892691       8.9733535       9.8778708        14.442446       85.921559       261.62291       38.098778       29.713565        106.4759      0.14790223        0.17616638        0.57031719      0.23280765        0.68722662       2.3076592       2788.8837      -4.8906116       -6.9358698         2.0452582       2788.8837                           2359.6449                 24.384779                 396.17939                      8.6746757
              3       1391.1377   2.1008782e-09      0.96086781           67.36         0.02237            0.12          0.0544       1.0008487       1.0001647      0.99880622       48.361084       0.4276156       1.1848574       6.2359967       7.5975349       10.914616        13.612765       83.988537       272.26149       38.581526       24.967879       108.71513      0.11662867        0.17345395        0.52503911      0.25622733        0.62446975       2.1284277       2791.9451      -4.8347929       -6.9563469          2.121554       2791.9451                           2362.8661                 24.293916                 396.15622                      8.6288575
              2       1391.7065   2.1008782e-09      0.96086781           67.36         0.02237            0.12          0.0544       1.0008487       1.0001614      0.99865493       47.334564      0.45124715       1.0938006       5.5726844       8.9420389       12.606426        17.461369       89.720431       286.80204       42.575201       23.972671       109.30546      0.12299087        0.18760121        0.54799999      0.26520266        0.61293987       1.8796371       2791.7443      -4.1656378       -6.4465415         2.2809036       2791.7443                           2362.6653                 24.293916                 396.15622                      8.6288575
              1       1391.1921   2.1008782e-09      0.96086781           67.36         0.02237            0.12          0.0544       1.0008487       1.0002826      0.99874863       48.920952      0.45673131      0.71401981       6.0697619       8.9252679       11.962155        16.637954       87.923127       290.36089       42.032977       22.656108       106.36243      0.12352028        0.18016594        0.55039044      0.26027801        0.61173635       1.9399385       2791.3955      -4.5056334       -6.8139653         2.3083318       2791.3955                           2362.3165                 24.293916                 396.15622                      8.6288575
              1       1391.0214   2.1008782e-09      0.96086781           67.36         0.02237            0.12          0.0544       1.0008487       1.0002695      0.99872909       48.985894      0.44048255      0.83129478       6.0370108       8.8568685       11.940699        16.670076       87.914578       289.51915       41.752113       22.485421       106.31081      0.12372929        0.17986395        0.54703846      0.26179016        0.61293576       1.9466989       2791.3178      -4.6375062        -6.907798         2.2702918       2791.3178                           2362.2389                 24.293916                 396.15622                      8.6288575
              2        1390.708   2.1008782e-09      0.96086781           67.36         0.02237            0.12          0.0544       1.0008487       1.0004668      0.99865806       46.899248      0.46080888      0.45129139       7.3528072       9.1486714       11.420819        15.641218       87.934501       296.30067       42.073145       21.233362       108.00163     0.095331202        0.16395969        0.53253672      0.26153585        0.62746987          1.8793       2791.9647      -5.2743767       -7.4047601         2.1303834       2791.9647                           2362.8857                 24.293916                 396.15622                      8.6288575
              2       1392.6475   2.1008782e-09      0.96086781           67.36         0.02237            0.12          0.0544       1.0008487       1.0002185      0.99905024       51.327558      0.48279164      0.48192097       7.1566875        9.217795       11.356667        14.652258       83.923181       294.88481       45.468029       23.571751       103.60697     0.098068845        0.16767759        0.56129609      0.29700766        0.66313805       1.8219394       2792.7541      -3.7294995       -5.8843801         2.1548806       2792.7541                           2363.6751                 24.293916                 396.15622                      8.6288575
              1       1391.9924   2.0995451e-09      0.96250077           67.36         0.02237            0.12          0.0544       1.0008877       1.0001955       0.9990086       49.532603       0.4701336       1.2120481       6.2640324       9.0291248        10.91375        14.722359       84.592642        284.1531       44.755586       25.829121         107.678      0.09261665        0.16652989        0.55490107      0.31379733        0.66567099       1.8191109       2791.3078      -3.6615193       -5.7724816         2.1109623       2791.3078                           2362.6153                 23.846303                 396.19293                      8.6532803
              3       1390.9789   2.0995451e-09      0.96250077           67.36         0.02237            0.12          0.0544       1.0008877       1.0001688      0.99891431       53.158125      0.37859712       1.6602922         6.37644       9.5260151        10.38497        14.126159        82.04382       277.62164       43.765603       26.604863       103.72348     0.080476555        0.14883454        0.58355314       0.2748199        0.60816387       1.7301238       2789.2784      -3.6603159       -5.6899875         2.0296717       2789.2784                           2360.5859                 23.846303                 396.19293                      8.6532803
              3       1391.8923   2.0995451e-09      0.96250077           67.36         0.02237            0.12          0.0544       1.0008877       1.0003891      0.99916408       54.513231      0.31503056        2.272494        6.208333       8.9304373       10.983813        15.495238       85.086555       270.71379       38.346892       25.268341       101.21699     0.052114086        0.15045417        0.56705859      0.29102319        0.69116375       1.7619152       2789.2596      -2.7374573       -4.7615947         2.0241374       2789.2596                            2360.567                 23.846303                 396.19293                      8.6532803
              1       1391.1718   2.0995451e-09      0.96250077           67.36         0.02237            0.12          0.0544       1.0008877       1.0005428      0.99934183       54.444205      0.27417259       2.9245203       4.8568687       8.8293916       10.752676        16.140034       86.534084       268.26582       37.235082       25.985753       101.06022     0.044345694        0.14165996        0.57663787         0.26349        0.70535419       1.8692194       2786.9194      -2.2878981       -4.3055214         2.0176232       2786.9194                           2358.2269                 23.846303                 396.19293                      8.6532803
              2       1388.7767   2.0995451e-09      0.96250077           67.36         0.02237            0.12          0.0544       1.0008877       1.0005333      0.99900221       51.132377      0.27194741       3.0605936       4.2581223       8.6982934       9.0807564        15.490483       88.477107       259.61516       37.277604       27.726113       105.52599     0.064889537        0.14261502        0.49637772      0.28358708        0.65403699       1.8215549       2785.8547      -4.1506037       -6.1747643         2.0241606       2785.8547                           2357.1621                 23.846303                 396.19293                      8.6532803
              1       1388.8625   2.0995451e-09      0.96250077           67.36         0.02237            0.12          0.0544       1.0008877       1.0005002      0.99896162       50.500935      0.27630968         2.84658       4.3805696       8.7471068        8.860372        15.370194       88.775298       258.95213       37.689373       27.324455       105.73453     0.065480841        0.14567503        0.50229229      0.27978614        0.64543133       1.8441613       2785.9806      -4.1278541       -6.1631335         2.0352794       2785.9806                           2357.2881                 23.846303                 396.19293                      8.6532803
              1       1390.4503   2.0995451e-09      0.96250077           67.36         0.02237            0.12          0.0544       1.0008877      0.99997064      0.99861805       51.150748     0.025919059       3.3563777       2.4762432        10.46301       9.2257428         15.12202       86.897521       261.30662       41.172705        25.78092       108.95762      0.03900024         0.1510379        0.51856733      0.29144668        0.66801056       1.6255693       2786.3332      -2.7162921       -4.8857449         2.1694528       2786.3332                           2357.6407                 23.846303                 396.19293                      8.6532803
              5       1388.1864   2.0995451e-09      0.96250077           67.36         0.02237            0.12          0.0544       1.0008877      0.99979199      0.99822258       52.268584     0.042357023       3.4178465        3.181634       10.520825       9.9313539        14.439867       83.529311       268.63696       38.523198       25.656326       107.79264     0.045374467         0.1553958        0.50703188      0.27264284        0.69685128       1.7641169       2783.9764      -3.8018509       -5.8595228         2.0576719       2783.9764                           2355.2839                 23.846303                 396.19293                      8.6532803
              1       1387.3341   2.0995451e-09      0.96250077           67.36         0.02237            0.12          0.0544       1.0008877      0.99961071      0.99813418       49.713892       0.1593269       4.1860915       3.1151226         9.40136       9.6971409        16.974673       88.790971       269.39987       38.927638       27.375641         109.722     0.045485167        0.16237279        0.50778534      0.27946746        0.64675675       1.8082297       2782.7236      -4.0276537       -6.0506427          2.022989       2782.7236                            2354.031                 23.846303                 396.19293                      8.6532803
              1       1386.9416   2.0995451e-09      0.96250077           67.36         0.02237            0.12          0.0544       1.0008877       0.9996363      0.99818087       49.304216      0.13526474       4.3158243       3.1099311       9.1452294       9.4985268        17.366138       89.825486       268.88271       38.907175       27.124761       109.59435     0.057381833        0.16983689        0.49016652      0.28904686        0.66360408       1.7923734       2782.6829      -4.3997984       -6.4320983         2.0322999       2782.6829                           2353.9903                 23.846303                 396.19293                      8.6532803
              2        1387.704   2.0995451e-09      0.96250077           67.36         0.02237            0.12          0.0544       1.0008877      0.99975678      0.99834545       48.383987     0.060541426       4.5902626       2.6552754       9.0102996       10.001622        18.350632       91.950723       275.90908       37.772514       25.309459       110.74141     0.055233733        0.17102753        0.50857045      0.29482835        0.67841691       1.8015137       2784.1575      -4.3747819       -6.4062047         2.0314228       2784.1575                            2355.465                 23.846303                 396.19293                      8.6532803
              2       1388.2634   2.0995451e-09      0.96250077           67.36         0.02237            0.12          0.0544       1.0008877      0.99949574      0.99839578       46.819546      0.01656034       3.6797991       3.4634981       8.6893515       9.8489635        16.237114       88.867637       276.21529       35.596742       23.161902       114.07265     0.071786103        0.15294917        0.48021021      0.27322452         0.6790174       1.8741183       2787.2912      -5.3821511       -7.4009324         2.0187813       2787.2912                           2358.5987                 23.846303                 396.19293                      8.6532803
              1       1387.5032   2.0995451e-09      0.96250077           67.36         0.02237            0.12          0.0544       1.0008877      0.99913279      0.99846481       46.629839      0.20576426       4.6442715       1.6228269       8.7134853       9.7158824         17.80307       90.987217       273.15042         40.6079       31.199686       117.60989     0.087549873        0.15039157        0.44922908      0.24828867        0.65169361       1.8856774       2785.9375      -5.4655359       -7.4941544         2.0286185       2785.9375                            2357.245                 23.846303                 396.19293                      8.6532803
              3       1387.5263   2.0995451e-09      0.96250077           67.36         0.02237            0.12          0.0544       1.0008877      0.99918042      0.99847089       46.620755      0.20350352       4.6123915       1.8608644       8.8687384       9.6239446        17.881259       91.183687       273.56975       40.348722       30.536893       116.97206     0.088442914        0.14969421         0.4378259       0.2484767        0.64792023       1.8849829       2786.1216      -5.5345158       -7.5558023         2.0212864       2786.1216                           2357.4291                 23.846303                 396.19293                      8.6532803
              2       1386.9845   2.0995451e-09      0.96250077           67.36         0.02237            0.12          0.0544       1.0008877      0.99913943      0.99830604       47.816931      0.26600528       4.2508452        2.381665       9.3564073       10.600641        18.524664       91.928639       287.35083       41.826511       31.304051       113.87399     0.089973058        0.15783167        0.44283572      0.25920753        0.60211636       1.7843787       2784.1299      -5.0804101       -7.1035431         2.0231329       2784.1299                           2355.4373                 23.846303                 396.19293                      8.6532803
              1       1386.8309   2.0995451e-09      0.96250077           67.36         0.02237            0.12          0.0544       1.0008877      0.99879286      0.99884751       50.666227      0.14249987        4.075822       2.3078312       8.0785708       10.471879        16.714524       89.650146       286.61567       43.494416        31.69409       110.95813     0.074689232        0.15039064        0.50624963      0.25608638        0.57619378       1.8418308       2779.1398      -2.7389387        -4.781492         2.0425533       2779.1398                           2350.4472                 23.846303                 396.19293                      8.6532803
              1        1386.086   2.0995451e-09      0.96250077           67.36         0.02237            0.12          0.0544       1.0008877      0.99886085      0.99874137       49.205534      0.12457215       4.3311118       2.3363867       8.0798074        10.70857        16.985195       90.763748       283.42889       42.686314       31.885994        113.4042     0.083624846        0.14478481        0.51710821         0.24722        0.56932694       1.8531762       2778.9994      -3.4136681       -5.4342566         2.0205885       2778.9994                           2350.3069                 23.846303                 396.19293                      8.6532803
              1       1387.3931   2.0995451e-09      0.96250077           67.36         0.02237            0.12          0.0544       1.0008877      0.99932057      0.99821978       48.753497      0.15684887       4.5097459       2.7825181       9.6494387       10.158951        14.350051         85.2034       281.11667       45.769475       35.712268       116.84124     0.061361272        0.15357752        0.53150656      0.29097863        0.60789866       1.9800318       2781.7985      -3.5061166       -5.5374516          2.031335       2781.7985                            2353.106                 23.846303                 396.19293                      8.6532803
              1       1386.4972   2.0995451e-09      0.96250077           67.36         0.02237            0.12          0.0544       1.0008877      0.99923656      0.99815654       45.134824       0.1424007         4.19813       1.9155356       8.3432187       10.354452        14.996717       89.109808       289.91256       47.252595       38.643296        122.9906     0.072741593        0.13010594        0.58310847      0.25929347        0.59592813       2.1708725        2780.613      -3.8093072       -5.8686625         2.0593553        2780.613                           2351.9205                 23.846303                 396.19293                      8.6532803
              2       1386.4884   2.0995451e-09      0.96250077           67.36         0.02237            0.12          0.0544       1.0008877      0.99921922      0.99816062       44.972425      0.13519517       4.2415731       1.8870213       8.3265758       10.336445        14.993228       89.219514       289.55396       47.160056       38.661651       123.26126     0.074419681        0.13025547        0.57813402      0.25895111        0.59175721       2.1602993       2780.7082      -3.8657107       -5.9212082         2.0554974       2780.7082                           2352.0157                 23.846303                 396.19293                      8.6532803
              1       1389.0734   2.0995451e-09      0.96250077           67.36         0.02237            0.12          0.0544       1.0008877      0.99905515      0.99811454       40.437748      0.49489616       3.9228144      0.94671218       10.532318       10.317604        17.128823       94.415669       265.89116       58.396053       48.375696       131.95691     0.057787252       0.086763964        0.52135037      0.20623274        0.57874076       2.2235909       2782.8946      -2.3739172        -4.679454         2.3055369       2782.8946                           2354.2021                 23.846303                 396.19293                      8.6532803
              1       1387.6495   2.0995451e-09      0.96250077           67.36         0.02237            0.12          0.0544       1.0008877      0.99942619        0.998553       41.260433      0.65115985       5.7369185      0.11859648        10.13825       9.5838186        19.835976       99.106181       266.17946       56.030581       52.598972       128.43848     0.077595234       0.061609265        0.42838119      0.22851342        0.72952982       2.3232047       2782.4388       -3.569889       -5.5897142         2.0198252       2782.4388                           2353.7463                 23.846303                 396.19293                      8.6532803
              1         1389.07   2.0995451e-09      0.96250077           67.36         0.02237            0.12          0.0544       1.0008877      0.99871564      0.99885767       43.807168       0.6798919       6.3296083       1.0221579       9.7106053       10.250162        22.617469       102.98452       246.45127       55.410775       50.334673       120.29598     0.095243936       0.070919647        0.47121503      0.23808522          0.722848       2.3995747       2782.9072      -2.3836125       -4.5523274         2.1687149       2782.9072                           2354.2146                 23.846303                 396.19293                      8.6532803
              2       1389.0862   2.0995451e-09      0.96250077           67.36         0.02237            0.12          0.0544       1.0008877      0.99907502       0.9988154       44.457988      0.76251406       7.4841928    0.0049204553       9.7152612       9.9851597        23.872168       104.09847       247.05313       58.110837        56.35714       120.94876     0.098400121       0.058492567        0.44343532      0.20233352        0.66997621       2.3003788       2783.9019      -2.8647116       -5.2238491         2.3591375       2783.9019                           2355.2093                 23.846303                 396.19293                      8.6532803
              2       1388.3649   2.0995451e-09      0.96250077           67.36         0.02237            0.12          0.0544       1.0008877      0.99921937       0.9989483       46.007759       0.7539282       6.9280505      0.78823321        10.01899       9.6165587        23.061806       101.90591       246.33853       57.088048       53.736836        118.3972     0.098976645       0.066104199        0.43441862      0.20529108        0.64171659       2.2449687       2783.0563      -3.1632206       -5.4936419         2.3304214       2783.0563                           2354.3638                 23.846303                 396.19293                      8.6532803
              1       1386.8023   2.0995451e-09      0.96250077           67.36         0.02237            0.12          0.0544       1.0008877      0.99946326       0.9987025       46.586714      0.71362792       7.1362755      0.15582615       9.6219941       9.6190861        22.291489       99.080742       247.91211       57.691624       54.862514       120.46093     0.097175082       0.065822023        0.44456649      0.20183867        0.66895974       2.2636436       2782.3295      -4.3624994       -6.6189904          2.256491       2782.3295                            2353.637                 23.846303                 396.19293                      8.6532803
              1       1387.9596   2.0995451e-09      0.96250077           67.36         0.02237            0.12          0.0544       1.0008877      0.99914812      0.99836909       47.986118      0.58006572       7.0204009      0.59195247       10.529768       10.819458        23.124949       99.496474       249.95075       56.135732        50.00665       116.28634     0.097898081       0.078711726        0.42710351      0.19951263        0.65263925       2.2313427       2784.7156      -4.3981964       -6.7159549         2.3177584       2784.7156                           2356.0231                 23.846303                 396.19293                      8.6532803
              4       1388.4244   2.0995451e-09      0.96250077           67.36         0.02237            0.12          0.0544       1.0008877      0.99920924      0.99791498       45.162437      0.57404826       5.2893946       1.8024378       10.655724       10.453211        19.323529       95.406938       267.59449       56.053639        47.31168       118.31675      0.10350361       0.063022451        0.41430436      0.15874022        0.68540672        2.360668       2784.4324      -3.7917863       -5.8418895         2.0501032       2784.4324                           2355.7399                 23.846303                 396.19293                      8.6532803
              1       1388.8693   2.0995451e-09      0.96250077           67.36         0.02237            0.12          0.0544       1.0008877      0.99935947      0.99798507       45.812214      0.55136555       6.1168109       1.2884924       10.342584       9.6837591        18.894312       94.895029        262.8175       55.446609       49.575036       119.49104     0.099089498       0.059245145        0.39217495      0.15131126        0.68973509        2.449286       2784.4697       -3.365555       -5.5209865         2.1554316       2784.4697                           2355.7772                 23.846303                 396.19293                      8.6532803
              1         1389.27   2.0995451e-09      0.96250077           67.36         0.02237            0.12          0.0544       1.0008877      0.99934686       0.9980103       46.010456      0.52651867       6.3011174       1.2090839       10.480612       9.6643707        19.112046        94.99289       259.78277       54.642858       48.998838       119.16636     0.098936612       0.055026523        0.40064894      0.14869273        0.70436668       2.4798014       2784.5048      -2.9824377       -5.1781675         2.1957298       2784.5048                           2355.8123                 23.846303                 396.19293                      8.6532803
              2       1389.1769   2.0995451e-09      0.96250077           67.36         0.02237            0.12          0.0544       1.0008877      0.99924027      0.99885867       47.213749      0.62876112       6.0941035       2.3566493       7.5703315       9.3806467        21.825537       100.48485       250.21361       55.197621       48.247036       112.56985     0.080639248       0.081308489        0.44532761      0.18676376        0.77333535       2.5259011       2784.1632      -2.9046894        -5.299883         2.3951936       2784.1632                           2355.4707                 23.846303                 396.19293                      8.6532803
              1       1390.7195   2.0995451e-09      0.96250077           67.36         0.02237            0.12          0.0544       1.0008877       0.9992831      0.99897127       47.310579      0.61431573       5.6643443       2.1198854        7.742902       9.1458013        21.868635       101.17541       257.21692       57.282813       48.004984        111.5836     0.086000924       0.080903228        0.45418302      0.14538652        0.77572537       2.5742846       2786.6569      -2.6089246       -4.7838053         2.1748807       2786.6569                           2357.9644                 23.846303                 396.19293                      8.6532803
              1       1391.1335   2.0995451e-09      0.96250077           67.36         0.02237            0.12          0.0544       1.0008877      0.99966218      0.99866172       40.650735      0.59172078       6.1362057       2.7285635       7.8064371       8.1592393        18.832772       100.39547       241.73615       52.298205       51.286142       120.92845      0.11597939        0.10217254        0.44889696      0.15691204        0.84943523       2.4526872       2788.5871      -3.1600812       -5.6932496         2.5331684       2788.5871                           2359.8946                 23.846303                 396.19293                      8.6532803
              1       1388.3674   2.0995451e-09      0.96250077           67.36         0.02237            0.12          0.0544       1.0008877      0.99945774      0.99849379       40.613495      0.26477812       7.1208704       2.8050923       6.8831984        8.863121        19.999497        101.3518        229.8501       40.802725       39.139532       121.05185      0.12543665        0.13138774        0.47331568      0.16002553        0.86511747       2.3008295         2782.32      -2.7926256       -6.0366076          3.243982         2782.32                           2353.6275                 23.846303                 396.19293                      8.6532803
              1       1390.1067   2.0995451e-09      0.96250077           67.36         0.02237            0.12          0.0544       1.0008877      0.99983454      0.99828206       37.248272      0.17698839        7.909208       1.7020856       8.3404328       10.266918         23.20821       108.02864       223.73844       38.135222       38.210066       123.61243      0.10949449        0.11620709        0.54961751      0.13287204        0.85759262       2.3464364       2786.2309      -3.0087326       -6.3367658         3.3280333       2786.2309                           2357.5384                 23.846303                 396.19293                      8.6532803
              2       1389.9301   2.0995451e-09      0.96250077           67.36         0.02237            0.12          0.0544       1.0012859      0.99983599      0.99828041        37.30097      0.17700345       7.9082371       1.7017955       8.3423423       10.270537        23.207441       108.06946       224.07412       38.190662       38.247916       123.69282      0.10951561        0.11610317        0.54962791       0.1326827        0.85755385       2.3467336        2785.736      -2.9379278       -6.2649665         3.3270387        2785.736                           2357.1433                 23.782906                 396.17011                      8.6397309
              2       1390.2472   2.0995451e-09      0.96250077           67.36         0.02237            0.12          0.0544       1.0012859      0.99977462      0.99827602       36.373328      0.16649758       7.8070187       1.7824138        8.115244       10.219806        23.268152       108.75835        222.0683       38.012035       37.899979       124.69535      0.10769742         0.1165168        0.54556843      0.13011799        0.85071949       2.3478363       2786.5072      -3.0063447       -6.2898774         3.2835327       2786.5072                           2357.9144                 23.782906                 396.17011                      8.6397309
              2       1390.3426   2.0995451e-09      0.96250077           67.36         0.02237            0.12          0.0544       1.0012859      0.99976773      0.99838532       37.621705      0.10832397       7.7990474       1.1778846       8.5735112       10.189921        23.160699        108.2327       222.56753       38.394866       37.528552       124.12526      0.10708512        0.11614599         0.5567886      0.12622695        0.85475179       2.3694987       2786.6295      -2.9721647       -5.9494563         2.9772915       2786.6295                           2358.0367                 23.782906                 396.17011                      8.6397309
              2       1390.5486   2.0995451e-09      0.96250077           67.36         0.02237            0.12          0.0544       1.0012859       1.0002907      0.99865218       38.500682     0.079421365       8.3029562      0.42280114       8.9603873       10.683357        23.361679       108.57791       225.94811       40.345373       40.054214       123.85048      0.10998381        0.11013651        0.53960652      0.13858929        0.82873901       2.2357493       2788.7005       -3.801654       -6.8027225         3.0010684       2788.7005                           2360.1078                 23.782906                 396.17011                      8.6397309
              2       1389.7516   2.0995451e-09      0.96250077           67.36         0.02237            0.12          0.0544       1.0012859       1.0003414      0.99881609        39.87773     0.068279317       7.5803814       1.6274743       9.1130918       10.525348        22.587869        107.7743         232.875       39.881569       38.165873       121.36439      0.10952449        0.11538959        0.54406618        0.140314        0.81481093       2.2425619       2787.0503      -3.7735436       -6.7974419         3.0238983       2787.0503                           2358.4575                 23.782906                 396.17011                      8.6397309
              1       1388.9208   2.0995451e-09      0.96250077           67.36         0.02237            0.12          0.0544       1.0012859       1.0004578      0.99906041       40.225541       0.2430956       7.8100399       1.2433524       8.2589313       10.004928        23.253557       106.95313       234.94617       42.242208       41.038211       123.95308       0.0840667        0.11486806        0.63573162      0.16476119        0.76624979       2.0642427       2782.3782      -2.2682909       -5.2843222         3.0160314       2782.3782                           2353.7855                 23.782906                 396.17011                      8.6397309
              4       1388.5748   2.0995451e-09      0.96250077           67.36         0.02237            0.12          0.0544       1.0012859       1.0005243      0.99896772        41.67101      0.16712672       8.1388722   0.00087606417       7.6507682       9.4264169        22.718805       104.94702       232.71544       43.535668        42.31927       125.18686      0.10533704        0.10900525        0.55464067      0.15391398        0.75195237       1.9370499       2785.8231      -4.3367206       -7.0438288         2.7071082       2785.8231                           2357.2304                 23.782906                 396.17011                      8.6397309
              1       1389.0163   2.0995451e-09      0.96250077           67.36         0.02237            0.12          0.0544       1.0012859      0.99965708      0.99885941       51.949312      0.03428767       6.1651202      0.89499234       6.6949291       9.5921454        17.616504       93.519093       251.73609       44.580095       39.486282       111.37678      0.11963226        0.13683223        0.57605268      0.17206023        0.73355528       1.8094376       2787.8437      -4.9055035       -7.0111402         2.1056367       2787.8437                           2359.2509                 23.782906                 396.17011                      8.6397309
              1       1389.1123   2.0995451e-09      0.96250077           67.36         0.02237            0.12          0.0544       1.0012859      0.99935844      0.99915217       52.463064     0.018838754       5.8721372      0.61061401       6.2350055       10.454969        17.615114       93.495683       262.06659       47.426758       40.011891       111.21192      0.10606702        0.12104125        0.58529668      0.17921435        0.71675323       1.8628551       2785.4771      -3.6263032       -5.6580801         2.0317769       2785.4771                           2356.8844                 23.782906                 396.17011                      8.6397309
              1       1389.0094   2.0995451e-09      0.96250077           67.36         0.02237            0.12          0.0544       1.0012859      0.99929983      0.99908652       50.989437    0.0094786207       5.7324852      0.57210128        6.200824       10.552667         17.80728       94.471977       255.83783       48.010911       40.272847       113.92027     0.092970465        0.12298372        0.57290223      0.19172148        0.75016159       1.9574131       2785.1012      -3.5411999       -5.5620604         2.0208605       2785.1012                           2356.5084                 23.782906                 396.17011                      8.6397309
              1       1389.2231   2.0995451e-09      0.96250077           67.36         0.02237            0.12          0.0544       1.0012859      0.99927907       0.9990777       51.386054       0.0032938       5.7547017      0.43378266       6.1218433       10.522816        17.764832       94.231372       255.81889       48.286704       40.430349       113.69603     0.093609888        0.12307488        0.57500263      0.19156548        0.75036664       1.9591284       2785.3621      -3.4579875       -5.4766476         2.0186601       2785.3621                           2356.7694                 23.782906                 396.17011                      8.6397309
              1       1387.6227   2.0995451e-09      0.96250077           67.36         0.02237            0.12          0.0544       1.0012859      0.99913414      0.99895278       51.485653       0.0902704        5.801572      0.38789963       6.4873705       10.916715        18.045181       93.771592       250.85095       48.559797       41.662423       113.62025      0.10558592        0.12127646        0.56656558      0.19564286        0.75991139       2.0136838       2783.0591      -3.9068142       -5.9259784         2.0191642       2783.0591                           2354.4663                 23.782906                 396.17011                      8.6397309
              1       1388.3925   2.0995451e-09      0.96250077           67.36         0.02237            0.12          0.0544       1.0012859      0.99930994      0.99893054       52.268925     0.049976132       6.1999809      0.33608336       6.6093715       10.670498        17.820201       92.998096       245.60126       48.799875        41.60708       112.75179      0.11161059        0.11605248        0.54562927      0.18589624        0.75255778       2.0329259       2786.0536      -4.6342726       -6.6835799         2.0493073       2786.0536                           2357.4609                 23.782906                 396.17011                      8.6397309
              3       1387.4401   2.0995451e-09      0.96250077           67.36         0.02237            0.12          0.0544       1.0012859      0.99953927      0.99894044       50.515647      0.07506739       6.5936074     0.024827479       6.3697539       9.9319707        18.596767       96.394731       246.25664       49.076928       42.131075       113.50241       0.1460184        0.13040924        0.50818227      0.19860863        0.77497223       2.0644623       2784.9264      -5.0230639       -7.1047682         2.0817044       2784.9264                           2356.3337                 23.782906                 396.17011                      8.6397309
              1       1386.7215   2.0995451e-09      0.96250077           67.36         0.02237            0.12          0.0544       1.0012859      0.99962567      0.99923862       47.531015      0.14500703       7.0509547      0.88949503       7.7142601       10.540846        20.034419       99.818818       239.98909       44.012442         40.8162        114.5041       0.1528264        0.13434191        0.55095577      0.20621704        0.78885181       2.0395606       2781.6125      -4.0847056       -6.4986099         2.4139042       2781.6125                           2353.0197                 23.782906                 396.17011                      8.6397309
              3       1386.2621   2.0995451e-09      0.96250077           67.36         0.02237            0.12          0.0544       1.0012859      0.99948176      0.99928833       47.824434      0.18972797       5.7137716       1.6035562       7.8149277       10.296817        19.621942       99.703413       258.75734       46.897803       38.210122       111.70557      0.16605151         0.1315678        0.57490397      0.17351716        0.74587721       2.0192658       2780.2113      -3.8436063       -5.9473514         2.1037451       2780.2113                           2351.6186                 23.782906                 396.17011                      8.6397309
              1       1386.3924   2.0995451e-09      0.96250077           67.36         0.02237            0.12          0.0544       1.0012859      0.99964758      0.99915762       50.595983      0.24805371       4.6013422       2.3567113       8.7858593       10.149297        17.626285       94.765259       250.22774        46.96786       36.336798       108.18863      0.15215925        0.13801116        0.55790409      0.19775114        0.77593403        2.013733       2782.3088      -4.7619817       -6.7821935         2.0202119       2782.3088                           2353.7161                 23.782906                 396.17011                      8.6397309
              2       1387.6673   2.0995451e-09      0.96250077           67.36         0.02237            0.12          0.0544       1.0012859      0.99971976      0.99932732       51.590692     0.099693486       2.9934348       2.1331601       9.3028101       10.106088        17.158967       95.703016       271.41764       49.600833        34.29925       106.89041      0.13951268        0.13954177        0.49106156      0.19325701        0.70413865       1.8165074        2785.207      -4.9362069       -7.3227968         2.3865899        2785.207                           2356.6143                 23.782906                 396.17011                      8.6397309
              1       1387.4704   2.0995451e-09      0.96250077           67.36         0.02237            0.12          0.0544       1.0012859       0.9998552      0.99910243       49.542599      0.12051779       3.4082633       2.2562567       8.8232212       10.159927        17.345362       96.841654       267.42232       47.807947       35.559021       109.86755       0.1430181        0.14436116        0.46463278      0.18730633        0.70934526        1.801995       2786.7042      -5.8817136       -8.0773738         2.1956602       2786.7042                           2358.1115                 23.782906                 396.17011                      8.6397309
              2       1387.6723   2.0995451e-09      0.96250077           67.36         0.02237            0.12          0.0544       1.0012859      0.99983526      0.99911038       49.153175      0.12256539       3.4213243       2.3425821       8.7597929       10.124976        17.292318       97.031808       265.75363       47.507893       35.451408       110.22522       0.1424167        0.14473938        0.45799498      0.18748448        0.71095459       1.7831425       2787.0419      -5.8486454       -8.0236126         2.1749672       2787.0419                           2358.4492                 23.782906                 396.17011                      8.6397309
              1       1389.1806   2.0995451e-09      0.96250077           67.36         0.02237            0.12          0.0544       1.0012859      0.99913768      0.99877441       49.855707       0.1907413       3.5566502       4.8947328       10.128797       9.9890144         15.67771       94.274668       230.12627       39.302251       32.935302       105.27776      0.15259722        0.14093264         0.4813359      0.17600139        0.66591381       1.9102103       2788.5213      -5.0800823       -7.1630795         2.0829972       2788.5213                           2359.9285                 23.782906                 396.17011                      8.6397309
              1       1389.4028   2.0995451e-09      0.96250077           67.36         0.02237            0.12          0.0544       1.0012859      0.99914907      0.99880773       51.601896      0.21500423       3.4232922       5.0669613       9.4125537       9.9862206        15.538331       93.484151       234.94066        38.89945       31.606034       101.88567      0.15782774        0.14368277        0.47401294      0.17851146        0.65752337       1.9599555        2789.105      -5.1496481       -7.2277775         2.0781294        2789.105                           2360.5122                 23.782906                 396.17011                      8.6397309
              1       1391.7255   2.0995451e-09      0.96250077           67.36         0.02237            0.12          0.0544       1.0012859      0.99846614      0.99906421       53.049068     0.051049597       2.2796239       7.4926313       6.7558837       9.0971605        10.969042       83.470626       244.18057       38.169407       26.577802        101.4455      0.16777099        0.14457417        0.47895664      0.19488386        0.64994905         2.21908       2785.3745     -0.96175573       -3.1287341         2.1669784       2785.3745                           2356.7818                 23.782906                 396.17011                      8.6397309
              1       1391.8016   2.0995451e-09      0.96250077           67.36         0.02237            0.12          0.0544       1.0012859      0.99846321      0.99908371       53.051046     0.049724083       2.3025721       7.4187807       6.7430189       9.0947166        11.002794       83.560075       244.19433       38.331956       26.757924       101.58963      0.16782302        0.14517983        0.47867481      0.19342256        0.64827672       2.2193903       2785.3869     -0.89191117       -3.0521995         2.1602884       2785.3869                           2356.7942                 23.782906                 396.17011                      8.6397309
              1       1392.1211   2.0995451e-09      0.96250077           67.36         0.02237            0.12          0.0544       1.0012859       0.9984469      0.99914953         52.7421     0.059693138       2.8013177       7.1552317       6.4997705       8.9261614        11.072391       83.923453       236.48325       37.536399       27.647141       101.97002       0.1683039        0.14211015        0.48072656      0.19491041        0.63939166       2.2025893       2784.9911     -0.37445372       -2.6457947          2.271341       2784.9911                           2356.3983                 23.782906                 396.17011                      8.6397309
              2        1390.397   2.0995451e-09      0.96250077           67.36         0.02237            0.12          0.0544       1.0018051      0.99833769      0.99885389       47.759385     0.055943805       4.4561783       5.7771516       7.2121225       9.9736354        13.254228       90.371203       237.66255       38.263879       32.715246       110.65537      0.15156858        0.13574263         0.4202752      0.20670786        0.69017838       2.3455913       2783.6201      -1.4130826       -4.0755167         2.6624342       2783.6201                           2355.1061                 23.701028                 396.17727                       8.635659
              1       1390.4112   2.0995451e-09      0.96250077           67.36         0.02237            0.12          0.0544       1.0018051      0.99835157      0.99887878        47.73491     0.071018881       4.4478834       5.8002287       7.2614279       9.9650145        13.322399       90.521571       237.84424        38.48678       33.064427       110.60008      0.15193698         0.1345873        0.41829501      0.20513006        0.69066868       2.3452263       2783.6818      -1.4297389       -4.0958903         2.6661514       2783.6818                           2355.1678                 23.701028                 396.17727                       8.635659
              2       1390.3269   2.0995451e-09      0.96250077           67.36         0.02237            0.12          0.0544       1.0018051      0.99834422       0.9989065       47.197993     0.039310753       4.6594139       5.7814124       7.1508001       9.9802203        13.562575       91.095454       236.10039       37.396869        32.36254       111.36659      0.15417404        0.13488266        0.41998982      0.20074364        0.68461815       2.3124151       2783.1247      -1.2354689       -4.0286444         2.7931754       2783.1247                           2354.6107                 23.701028                 396.17727                       8.635659
              1       1390.0919   2.0995451e-09      0.96250077           67.36         0.02237            0.12          0.0544       1.0018051      0.99818227      0.99864361       45.679355     0.068768958       5.3329093       4.3099792       6.1691319       9.7621957        15.270536       93.059587       233.85151       41.016876         36.4617       114.83286      0.16427204        0.16145956        0.44152819      0.23703388        0.70818319       2.2855377       2780.9211      -0.3686779       -3.0069622         2.6382843       2780.9211                           2352.4071                 23.701028                 396.17727                       8.635659
              1       1388.7558   2.0995451e-09      0.96250077           67.36         0.02237            0.12          0.0544       1.0018051      0.99818184      0.99833578       45.648805      0.22097138       4.1887823       4.5449487       7.3399529       9.3318876        14.792671        92.44678       251.86743       43.922819       37.804793       116.15145      0.17451076        0.17748082         0.4038004      0.24164561        0.65482774       1.9913574       2778.9869     -0.73765478       -2.9247617          2.187107       2778.9869                           2350.4729                 23.701028                 396.17727                       8.635659
              1       1389.3203   2.0995451e-09      0.96250077           67.36         0.02237            0.12          0.0544       1.0018051      0.99835598      0.99851402       44.101373      0.20689393       4.5814698       3.5601492       8.2208729       8.9647797        14.743115       92.994736       247.54862       43.317125       39.958013       120.17116      0.18229247        0.17614633        0.37298002      0.24382926        0.61870123       2.0854386       2779.9314     -0.64541685       -2.7703839         2.1249671       2779.9314                           2351.4174                 23.701028                 396.17727                       8.635659
              2       1390.2858   2.0995451e-09      0.96250077           67.36         0.02237            0.12          0.0544       1.0018051      0.99836829      0.99837882       44.868826      0.20783196       4.7716708       4.1006162       8.2061851       8.4738406        13.401587       90.077624       242.74433       41.772578       39.709346       118.71241      0.18436778        0.17930768         0.3604537      0.24893571        0.61127878       2.0379699       2780.2266      0.17249267       -2.1226425         2.2951352       2780.2266                           2351.7126                 23.701028                 396.17727                       8.635659
              1        1391.245   2.0995451e-09      0.96250077           67.36         0.02237            0.12          0.0544       1.0018051      0.99962358      0.99823971       36.691868     0.027265718       1.9042727       6.6169064       7.6304037       8.8090779        14.248983       97.992857       268.65889       42.216992        26.55989       118.13941      0.11226631        0.16159544        0.36246036      0.27995394        0.54455298       1.8967766       2789.4578      -3.4839318       -5.5029722         2.0190404       2789.4578                           2360.9438                 23.701028                 396.17727                       8.635659
              2       1390.2857   2.0995451e-09      0.96250077           67.36         0.02237            0.12          0.0544       1.0018051        1.000025      0.99876374       40.348495     0.073434449        4.174716       3.7281634       8.3095977       9.7477429          15.4214       96.637611        259.6294       45.591871       36.142222       117.98961     0.096292761        0.16781589         0.4665161      0.27660299         0.5753662       1.9193781       2789.5544      -4.4914716       -6.5547966          2.063325       2789.5544                           2361.0405                 23.701028                 396.17727                       8.635659
              1       1390.0454   2.0995451e-09      0.96250077           67.36         0.02237            0.12          0.0544       1.0018051      0.99999072      0.99885109       42.770747     0.064537185       3.9796954       3.9157453       8.7446994       9.7869137        15.560459       96.098925       260.92266       47.134446       35.541281       114.19991     0.089896126        0.16786579        0.45796395      0.27818858        0.57405603       1.9163763       2788.4854      -4.1973256       -6.2489594         2.0516338       2788.4854                           2359.9714                 23.701028                 396.17727                       8.635659
              2       1391.2569   2.0995451e-09      0.96250077           67.36         0.02237            0.12          0.0544       1.0018051       1.0004032      0.99893059       44.098101      0.11362475       2.4015419       5.4777445       8.7988995       9.2092223         13.94526       92.918477       290.05235       49.121662        34.03608       111.55731      0.10598931        0.18279035        0.49732435      0.30583258        0.63738138       2.1804631       2789.5698      -3.5279848       -5.5473313         2.0193466       2789.5698                           2361.0559                 23.701028                 396.17727                       8.635659
              2       1392.2624   2.0995451e-09      0.96250077           67.36         0.02237            0.12          0.0544       1.0018051        1.000741      0.99866794       42.587167     0.071489236       2.0761264        6.441564        9.263045         9.71902        12.508237       90.023957       300.06719       48.204461       32.361578       114.69178      0.10898079        0.18144452        0.46082941      0.26642006        0.64009869       2.0620791       2793.5126      -4.4939132       -6.5153175         2.0214043       2793.5126                           2364.9986                 23.701028                 396.17727                       8.635659
              1       1391.0562   2.0995451e-09      0.96250077           67.36         0.02237            0.12          0.0544       1.0018051       1.0006703      0.99863363       44.011716      0.10268804       2.6906418       5.8074515       8.8956905        10.06201        14.891215       91.960765       272.91494       48.272009       34.546789       115.89835      0.10726982         0.1474929        0.39822568      0.20182954        0.67113548       2.1802902       2794.2582      -6.0728756        -8.111267         2.0383914       2794.2582                           2365.7443                 23.701028                 396.17727                       8.635659
              1        1391.606   2.0995451e-09      0.96250077           67.36         0.02237            0.12          0.0544       1.0018051       1.0009028      0.99885084       45.034459       0.1456976       3.6735276       4.1870043       8.7863991       10.059543        15.175806       91.030048       273.63561       47.911214         38.4466       119.96178      0.11273419        0.16147292        0.46255292      0.19718019        0.71883543       2.3724831       2793.7208      -5.2544349       -7.2896984         2.0352635       2793.7208                           2365.2069                 23.701028                 396.17727                       8.635659
              1       1392.6656   2.0995451e-09      0.96250077           67.36         0.02237            0.12          0.0544       1.0018051       1.0012238      0.99787953        40.71082      0.33710352       2.8620907       4.3869037       7.5687131       10.436085        17.779464       96.309219       293.76679       48.626821       33.293554        119.9986      0.13484524        0.17266826         0.4698085      0.19695204        0.77455128       2.4711949       2794.8263      -4.7475393       -6.7809174         2.0333781       2794.8263                           2366.3123                 23.701028                 396.17727                       8.635659
              1       1393.1709   2.0995451e-09      0.96250077           67.36         0.02237            0.12          0.0544       1.0018051       1.0007907      0.99767323       38.188637      0.59202801        2.017325       5.0783889       10.627918       11.976823         18.26328       96.596785       299.69443       54.501062       40.087865       125.36224      0.14138467        0.15843452        0.55741894      0.24467916        0.86700065       2.1431173       2792.8594      -3.2587755       -5.3555139         2.0967384       2792.8594                           2364.3454                 23.701028                 396.17727                       8.635659
              2       1393.1686   2.0995451e-09      0.96250077           67.36         0.02237            0.12          0.0544       1.0018051       1.0007909      0.99767358       38.179524       0.5920122       2.0202929       5.0808142       10.625068       11.980818        18.268636        96.61358       299.70595       54.494123       40.088621       125.36458      0.14136679        0.15847134        0.55750154      0.24475076        0.86696116       2.1428314       2792.8549      -3.2588377       -5.3546272         2.0957896       2792.8549                           2364.3409                 23.701028                 396.17727                       8.635659
              1       1393.2452   2.0995451e-09      0.96250077           67.36         0.02237            0.12          0.0544       1.0018051       1.0007808      0.99762229       37.588978      0.56492604        2.024512       5.0377972       10.529024       11.995095        18.309238       96.922804       301.70515        54.21834        39.59472       126.08124      0.14481646        0.15908188        0.56097448      0.24300845        0.86775931       2.1491114       2792.8258      -3.1676651       -5.2683098         2.1006446       2792.8258                           2364.3118                 23.701028                 396.17727                       8.635659
              2       1391.4396   2.0995451e-09      0.96250077           67.36         0.02237            0.12          0.0544       1.0018051       1.0004929      0.99790958       37.414123      0.65566665       3.2092645       4.6557551       10.246735       11.756226        21.201906       100.67674       284.51272       53.772097       40.005947       124.35063      0.15220079        0.16105674        0.60489331      0.30340934        0.81988469       2.3000667       2789.2452      -3.1829473        -5.205189         2.0222417       2789.2452                           2360.7312                 23.701028                 396.17727                       8.635659
              1       1391.3764   2.0995451e-09      0.96250077           67.36         0.02237            0.12          0.0544       1.0018051       1.0005207       0.9978167       37.168229      0.66064395       3.2320915       4.8787589       10.442058       11.606818        21.128438       100.59253       282.05955        53.62367       39.937007       123.92354      0.14551581        0.15848769        0.58849561      0.30677849        0.80872434       2.2896929       2789.9418      -3.5944283       -5.6287911         2.0343628       2789.9418                           2361.4278                 23.701028                 396.17727                       8.635659
              1       1387.4362   2.0995451e-09      0.96250077           67.36         0.02237            0.12          0.0544       1.0018051       1.0003674      0.99868873       35.898748      0.43548717        4.648669       4.0179041       11.463226       11.413227         20.77741       103.54128       283.73243       46.542858       41.068427       129.13242      0.14513737        0.14453395        0.50244199      0.27015908        0.72650156         2.27279       2784.7504      -4.9389629       -7.1690167         2.2300538       2784.7504                           2356.2365                 23.701028                 396.17727                       8.635659
              3       1384.7135   2.0995451e-09      0.96250077           67.36         0.02237            0.12          0.0544       1.0018051       1.0004525      0.99801368       41.078355      0.41748326       8.3521784      0.46015931       10.589838       10.626356        19.551416       97.533626       254.60072       45.836791       50.667436       128.69766      0.17014929        0.15773524        0.47570041      0.23840275        0.69669872       2.2206022       2779.7397      -5.1563061       -8.2124072          3.056101       2779.7397                           2351.2257                 23.701028                 396.17727                       8.635659
              1       1385.0854   2.0995451e-09      0.96250077           67.36         0.02237            0.12          0.0544       1.0018051       1.0001893      0.99788986       41.009418      0.44874728       8.5667814      0.21251323        9.584797       10.776943        20.404225       98.520883       255.47105       48.613063       52.597306       129.55509      0.18087171        0.16920631        0.48168057      0.25496352        0.72879776       2.2273485       2779.6349      -4.7320954       -7.8346891         3.1025938       2779.6349                            2351.121                 23.701028                 396.17727                       8.635659
              2       1385.0636   2.0995451e-09      0.96250077           67.36         0.02237            0.12          0.0544       1.0018051       1.0001945      0.99788814       40.998563      0.44739372        8.548402      0.21430325       9.5734818       10.764515        20.396467       98.518591       255.71123       48.589971       52.504629       129.60401      0.18098169        0.16929303        0.48158053      0.25529637        0.72833397       2.2279014       2779.6094      -4.7410849         -7.83016         3.0890751       2779.6094                           2351.0955                 23.701028                 396.17727                       8.635659
              1         1385.24   2.0995451e-09      0.96250077           67.36         0.02237            0.12          0.0544       1.0018051       1.0003882      0.99761122       41.993119      0.43847855       8.2131357      0.32723661       9.9807181       10.691825        20.819527        98.38013       261.50826       49.130538       50.167239       126.23681      0.17074177         0.1662327        0.52334553      0.25500268         0.7584751        2.256566       2779.5141      -4.5170735       -7.4094597         2.8923862       2779.5141                           2351.0002                 23.701028                 396.17727                       8.635659
              1       1385.7571   2.0995451e-09      0.96250077           67.36         0.02237            0.12          0.0544       1.0018051       1.0004194      0.99762011       39.807477      0.43388887       8.3683459      0.75210795       10.056715       10.857604        21.757369       101.31338       254.07251       48.893399       49.814026       128.06027      0.17121623          0.153143        0.53394833      0.24536514        0.76282256       2.2900739       2780.1746      -4.3302323       -7.5446256         3.2143933       2780.1746                           2351.6606                 23.701028                 396.17727                       8.635659
              1       1385.9545   2.0995451e-09      0.96250077           67.36         0.02237            0.12          0.0544       1.0018051       1.0006445      0.99782823       43.088946      0.48244809       7.4087775      0.66659293       10.875166       11.362199        21.961379       100.83084       273.19916       51.576207       49.729822       123.25212      0.14341369        0.16188509        0.51097073      0.26466768        0.80493735       2.4116703       2780.2705      -4.1807829       -6.7052364         2.5244535       2780.2705                           2351.7566                 23.701028                 396.17727                       8.635659
              2       1386.7864   2.0995451e-09      0.96250077           67.36         0.02237            0.12          0.0544       1.0018051       1.0002899      0.99769748       43.851085       0.4192842       7.3033783      0.78344489       11.480286       11.374278        21.748928       99.900736          263.34       52.770125       49.256672       122.96869      0.14439437        0.17281355        0.48777963      0.25877115        0.79666706       2.3964607       2781.4025      -3.9148485         -6.42207         2.5072215       2781.4025                           2352.8886                 23.701028                 396.17727                       8.635659
              1       1387.5551   2.0995451e-09      0.96250077           67.36         0.02237            0.12          0.0544       1.0018051       1.0002891      0.99735487       39.350693      0.45225504       6.0976589       1.2980031        11.72039       10.658277        20.016594       99.667892       263.82215       53.025536       48.388921       129.08439      0.13557279         0.1616888         0.4749057      0.24569031        0.83620048       2.4635066       2782.0492      -3.4694938        -5.621251         2.1517573       2782.0492                           2353.5353                 23.701028                 396.17727                       8.635659
              1       1387.8455   2.0995451e-09      0.96250077           67.36         0.02237            0.12          0.0544       1.0018051       1.0000738      0.99745244       39.495309      0.47585426       5.9104792       1.7824496       11.715686       10.663364        19.430088       99.375974       271.80442       52.293379        47.38256       128.20196      0.14028687        0.16593079        0.47826637      0.23861687        0.83744231       2.4630256       2782.5766      -3.4428462       -5.6284456         2.1855993       2782.5766                           2354.0627                 23.701028                 396.17727                       8.635659
              2        1387.966   2.0995451e-09      0.96250077           67.36         0.02237            0.12          0.0544       1.0018051       1.0000367      0.99802548       41.961446      0.52819532       4.3964816       3.8565766       11.311712       8.1213874         14.29348       93.168592       273.38618       50.577718       49.773007       126.87663      0.11259092        0.13877172         0.4871313      0.21535293        0.71801554       2.3419185       2785.9334      -5.0007536       -7.1257897          2.125036       2785.9334                           2357.4195                 23.701028                 396.17727                       8.635659
              2       1388.3975   2.0995451e-09      0.96250077           67.36         0.02237            0.12          0.0544       1.0018051      0.99983071      0.99790257       40.701283      0.52299634       4.3139645       4.5017299       11.012491       8.0296082        13.831734       93.640257       268.28423        48.98377        48.18071       127.27402      0.10148765        0.14191508        0.47060181      0.21352935        0.71058915       2.2684706       2786.4505      -4.8277799        -7.046747         2.2189672       2786.4505                           2357.9366                 23.701028                 396.17727                       8.635659
              1       1388.8438   2.0995451e-09      0.96250077           67.36         0.02237            0.12          0.0544       1.0018051       1.0002164      0.99758045       43.133438      0.55098386         5.16467       2.8142114       11.739087       7.9954816        15.948564       95.828814       269.61772       51.894716       47.437356        120.2259      0.11297126        0.14426858        0.45007644      0.18568004        0.68610668       2.3062191       2786.8289      -4.5706627        -6.726496         2.1558333       2786.8289                           2358.3149                 23.701028                 396.17727                       8.635659
              1       1388.4266   2.0995451e-09      0.96250077           67.36         0.02237            0.12          0.0544       1.0018051       1.0002239      0.99768711       43.784837      0.51958986       5.1454915       3.3991422       11.546966        7.919885        15.483991       95.111419       258.65687       48.168205       44.834431       116.87431        0.115023        0.14419016        0.45183158      0.18375033        0.70667837       2.3279315       2786.0181      -4.5824541       -6.8525115         2.2700574       2786.0181                           2357.5042                 23.701028                 396.17727                       8.635659
              2       1388.3173   2.0995451e-09      0.96250077           67.36         0.02237            0.12          0.0544       1.0018051       1.0002026      0.99769001       43.580122      0.50357561       5.2307175       3.4602576         11.5313       7.9786114        15.497108       95.269974        257.2866       47.509659        44.43776       117.04283      0.11554314        0.14456547        0.45355902      0.18338547        0.70402065       2.3123885       2785.8599      -4.6126269       -6.9316294         2.3190025       2785.8599                            2357.346                 23.701028                 396.17727                       8.635659
              3       1386.8093   2.0995451e-09      0.96250077           67.36         0.02237            0.12          0.0544       1.0018051       1.0002558      0.99759173       42.712583      0.67240343       5.1321802       2.3691301       10.255149       8.5797218        15.553498          94.622       276.05714       54.504272       51.794466        123.0314      0.12390136        0.13875358        0.47371323       0.1745912        0.66507889       2.1958141       2785.5926      -5.9870115       -8.0694366         2.0824251       2785.5926                           2357.0786                 23.701028                 396.17727                       8.635659
              2       1386.6808   2.0995451e-09      0.96250077           67.36         0.02237            0.12          0.0544       1.0018051       1.0000937      0.99815623       43.332344      0.61033174        4.390206       2.2347795       9.6853329       8.4153906         15.61473        95.16869       281.68883       56.917416       49.731826       122.38045      0.13735224         0.1621493        0.44339055      0.20586841        0.72217405       2.1149093       2785.6485      -6.1434517       -8.1642263         2.0207746       2785.6485                           2357.1346                 23.701028                 396.17727                       8.635659
              1       1386.2657   2.0995451e-09      0.96250077           67.36         0.02237            0.12          0.0544       1.0018051       1.0000973      0.99826029       43.406133      0.70497305       4.2309344       2.3871092       9.7827898       8.6499807          16.3235       96.114849       282.47279       58.478646       51.538016       122.54231      0.13359915        0.15946547        0.44989367       0.2064738        0.73120311       2.1343171       2785.1184      -6.2935073       -8.3176093          2.024102       2785.1184                           2356.6045                 23.701028                 396.17727                       8.635659
              3       1386.3412   2.0995451e-09      0.96250077           67.36         0.02237            0.12          0.0544       1.0018051       1.0001108      0.99828913       42.346882       0.8478409       3.7064575       2.7058673       9.9887042       8.3597903        16.341551       96.271629         280.163       60.909594       53.000669       122.75165      0.15405296        0.15943836        0.43517779      0.20621015        0.69523287       2.1776926       2784.4965      -5.9070505       -7.9660542         2.0590037       2784.4965                           2355.9825                 23.701028                 396.17727                       8.635659
              1       1387.6299   2.0995451e-09      0.96250077           67.36         0.02237            0.12          0.0544       1.0018051       1.0001655      0.99833601       41.740971      0.78463417       3.7176889       1.9586476       9.7127185       8.3158901        17.305433        99.00738       281.18959       61.905658        52.85613       123.48543      0.17097622        0.16389926        0.44451856      0.20772938        0.71131826       2.1681655       2786.2202      -5.4801821       -7.6387223         2.1585402       2786.2202                           2357.7063                 23.701028                 396.17727                       8.635659
              3       1387.5778   2.0995451e-09      0.96250077           67.36         0.02237            0.12          0.0544       1.0018051       1.0001366      0.99831896       41.819091        0.781944       3.6490054       1.9535793       9.6888751       8.2657155        17.216809       98.924065       279.86679       61.866758       52.601959       123.11382      0.16594499        0.16140559        0.44212918      0.20649727        0.71320621       2.1677147       2786.3589      -5.6016249       -7.7812483         2.1796233       2786.3589                            2357.845                 23.701028                 396.17727                       8.635659
              2       1388.0039   2.0995451e-09      0.96250077           67.36         0.02237            0.12          0.0544       1.0018051       1.0001383      0.99835335       42.122689      0.80913328       3.2677942       2.2307977       9.7201261       8.4808425        17.395534       99.120001       282.61758       62.452519       51.663358       121.61965       0.1678713        0.16453759        0.44726818       0.2096836         0.7300583       2.2131199         2786.84      -5.4161564       -7.6650731         2.2489167         2786.84                           2358.3261                 23.701028                 396.17727                       8.635659
              1       1386.7877   2.0995451e-09      0.96250077           67.36         0.02237            0.12          0.0544       1.0018051      0.99988118      0.99797603       41.666421      0.74571894       3.5004179       2.6131432       10.707701        9.010231        17.689209       99.163076       276.59058       58.923148       48.334008       120.89732      0.15654119         0.1696811        0.51138016         0.23507        0.71444217       2.2093636       2784.2267      -5.3256333       -7.4350885         2.1094553       2784.2267                           2355.7127                 23.701028                 396.17727                       8.635659
              1        1386.567   2.0995451e-09      0.96250077           67.36         0.02237            0.12          0.0544       1.0018051      0.99923743      0.99785591       40.424897      0.86686768       4.1039074       2.5656904       9.4359983       9.4710203        18.502653       98.956958       255.23153       61.767752       50.972137         123.938      0.15224043        0.15470217        0.50713625      0.23014035        0.74179053       2.2242359       2784.2501      -5.5580094       -7.5830861         2.0250767       2784.2501                           2355.7361                 23.701028                 396.17727                       8.635659
              2       1387.1376   2.0995451e-09      0.96250077           67.36         0.02237            0.12          0.0544       1.0018051      0.99966135      0.99767243       43.108759      0.96113555       5.2320138        3.088585         8.40882        9.068659        19.357472       96.006089       250.49414       59.762038         52.8519       120.32136      0.10365717        0.16256936        0.50138541      0.29082253        0.82437219       2.5976795       2781.3593      -3.5420358       -5.7729668          2.230931       2781.3593                           2352.8454                 23.701028                 396.17727                       8.635659
              2       1387.0351   2.0995451e-09      0.96250077           67.36         0.02237            0.12          0.0544       1.0018051      0.99965055      0.99768563       43.204199      0.96366102       5.2197292       3.1177149       8.3827545       9.0847644        19.258418        95.78395       250.29743       59.605741       52.873145       120.28884      0.10313683        0.16322471         0.5009941      0.29122774        0.82125172       2.5981462       2781.1939      -3.5618844       -5.7948836         2.2329992       2781.1939                           2352.6799                 23.701028                 396.17727                       8.635659
              1       1386.4238   2.0995451e-09      0.96250077           67.36         0.02237            0.12          0.0544       1.0018051       0.9995681      0.99808878       44.057561      0.88910983       5.1694361       2.1914823       8.3867981       8.8024369        21.104052       98.037148       242.42613       57.798636       50.229571       119.44275      0.12067152         0.1353862        0.52811807      0.24980819        0.80108896       2.5330325       2783.0131       -5.082809       -7.1518354         2.0690264       2783.0131                           2354.4992                 23.701028                 396.17727                       8.635659
              1       1385.3005   2.0995451e-09      0.96250077           67.36         0.02237            0.12          0.0544       1.0018051      0.99943311      0.99801012       44.649508       0.7414171       5.1205879       2.1411485       7.7240606       9.4329085         19.75064       94.768424       249.78691       54.743904       46.997189       120.18533      0.13149993        0.13184803        0.51816913      0.25811722        0.78127496        2.429342       2781.6056      -5.5023466       -7.5585476         2.0562011       2781.6056                           2353.0917                 23.701028                 396.17727                       8.635659
              1        1387.603   2.0995451e-09      0.96250077           67.36         0.02237            0.12          0.0544       1.0018051      0.99917395      0.99688787       47.617379      0.77881764       3.8108295       3.5836347       7.9883689       10.102814        15.708625       86.557102       259.53001       50.740381       48.099201       117.58712      0.12334763        0.10435644        0.52786702      0.21015701        0.76535491       2.3890848       2782.1041      -3.4490683       -5.4684384         2.0193701       2782.1041                           2353.5901                 23.701028                 396.17727                       8.635659
              3       1387.7352   2.0995451e-09      0.96250077           67.36         0.02237            0.12          0.0544       1.0018051      0.99921006      0.99688426       47.879911      0.76670249       3.7413356       3.5722869        8.086002       10.055347        15.540089       86.171341       259.87502        50.88379       47.849728       117.32466      0.12223171        0.10321533        0.52643855      0.21106804         0.7661174        2.397453       2782.3949      -3.4622536        -5.479994         2.0177405       2782.3949                           2353.8809                 23.701028                 396.17727                       8.635659
              1       1387.0977   2.0995451e-09      0.96250077           67.36         0.02237            0.12          0.0544       1.0018051      0.99925466      0.99706239        48.51732      0.76479949       4.0927609       2.5877233       8.2626448       10.094998        16.063228       87.222188       261.28846       51.953445       49.786347       117.74472      0.12522508       0.099182552        0.53945685      0.20055142        0.76203632       2.4062543       2782.0258      -3.9151787       -5.9400848          2.024906       2782.0258                           2353.5118                 23.701028                 396.17727                       8.635659
              1       1387.0768   2.0995451e-09      0.96250077           67.36         0.02237            0.12          0.0544       1.0018051       0.9992644      0.99707772       47.858963      0.75620634       4.0923101       2.6464475       8.1369189       9.9733569        16.089823       87.846903       260.60387       52.042623       49.805032       118.52477      0.12555964       0.099240178        0.54444921      0.19739036        0.76275728       2.3959761       2781.9698      -3.9080773       -5.9308253         2.0227479       2781.9698                           2353.4558                 23.701028                 396.17727                       8.635659
              4       1386.3576   2.0995451e-09      0.96250077           67.36         0.02237            0.12          0.0544       1.0018051      0.99918539      0.99721796       47.622344      0.89771374       4.7514409       2.5897703       8.5605636       9.5730914        17.574217       90.030818       259.54298       57.243927        53.23135       116.22637      0.12255099        0.10648139        0.57915904      0.22323815        0.76699572       2.2243171       2780.7042      -3.9945409       -6.0387011         2.0441602       2780.7042                           2352.1903                 23.701028                 396.17727                       8.635659
              1       1385.6637   2.0995451e-09      0.96250077           67.36         0.02237            0.12          0.0544       1.0018051       0.9992121      0.99735512       48.451548      0.84795408       5.0406038       2.4814472       8.7796327       9.8268501        18.363817        90.82302        256.3696        56.57695       52.022105       114.87161      0.11944847        0.11051873        0.59325608      0.23156353        0.75754691       2.2714386        2779.752      -4.2123521       -6.2907352         2.0783831        2779.752                           2351.2381                 23.701028                 396.17727                       8.635659
              1       1384.3775   2.0995451e-09      0.96250077           67.36         0.02237            0.12          0.0544       1.0018051      0.99939904      0.99769075       47.227092      0.88151809       5.4688191       1.3740588       8.8833384       11.006629        19.705485       93.203784       270.94865       57.485439       55.893711       119.46445      0.11666282        0.11577863        0.61059242      0.21640802         0.7658448       2.1805839       2778.6619      -4.9534761       -6.9926707         2.0391946       2778.6619                           2350.1479                 23.701028                 396.17727                       8.635659
              1       1384.5691   2.0995451e-09      0.96250077           67.36         0.02237            0.12          0.0544       1.0018051      0.99935665      0.99771536       44.982636      0.84835942       5.4857229       1.8840826       8.6068461       11.029706        19.410355       94.570077       267.69766       55.332507       54.877337       121.43955      0.12354108        0.11517291        0.63379407      0.21292306        0.76669957       2.2157816       2777.8721      -4.3669278        -6.459394         2.0924662       2777.8721                           2349.3582                 23.701028                 396.17727                       8.635659
              2       1384.6495   2.0995451e-09      0.96250077           67.36         0.02237            0.12          0.0544       1.0018051      0.99930629      0.99772375       45.160749      0.85008216       5.4313696       1.8360548       8.6508598       11.156644        19.540004       94.669214        266.6564       55.921355       54.939295       121.18584       0.1296479        0.11820699        0.63245178       0.2114193        0.77017587        2.209104        2777.973      -4.3369796       -6.4130405         2.0760609        2777.973                           2349.4591                 23.701028                 396.17727                       8.635659
              1       1384.6613   2.0995451e-09      0.96250077           67.36         0.02237            0.12          0.0544       1.0018051      0.99929496      0.99768594       44.948249      0.83378832       5.2874569       1.9213864       8.2880288       11.153057        19.995807       95.349685       271.60686       55.771594       53.382681       120.89933      0.12872499        0.11945787        0.61854645      0.21599174        0.77324744       2.1687499       2778.5223      -4.5998525       -6.6605544         2.0607019       2778.5223                           2350.0084                 23.701028                 396.17727                       8.635659
              1       1385.5019   2.0995451e-09      0.96250077           67.36         0.02237            0.12          0.0544       1.0018051       0.9991185      0.99756298       46.444185      0.92332814       6.2173098       1.4512929       8.3944548       11.531595        20.160297       92.768219       261.62027       54.404944       56.898026       122.26855      0.11567583         0.1199509        0.62625489      0.20840279        0.80925223       2.2046992       2777.4799      -3.2380419       -5.4559348         2.2178929       2777.4799                           2348.9659                 23.701028                 396.17727                       8.635659
              1       1386.4405   2.0995451e-09      0.96250077           67.36         0.02237            0.12          0.0544       1.0018051       0.9991744      0.99771694       51.172695      0.98802988        5.750451       2.1421437       6.7038753       11.498301        18.419244       87.177835       271.71747       54.866611       57.083211       116.24301      0.10818523        0.11449164        0.60948177      0.22752919         0.8314905       2.3651037        2778.004      -2.5615435       -4.7677695          2.206226        2778.004                             2349.49                 23.701028                 396.17727                       8.635659
              2       1386.6657   2.0995451e-09      0.96250077           67.36         0.02237            0.12          0.0544       1.0010238      0.99904747      0.99816201       49.038842      0.98688404       6.7193282       2.5708294       5.7527172       10.700388        19.132588       89.167556       257.49443       50.038096       56.341515       117.35461      0.10988619        0.10915738        0.62804579      0.21894481        0.77807862       2.3335264       2777.2525      -1.9605844        -4.789569         2.8289846       2777.2525                           2348.6041                 23.824566                 396.17628                      8.6476263
              3       1387.3653   2.0995451e-09      0.96250077           67.36         0.02237            0.12          0.0544       1.0010238      0.99897519      0.99804233       49.614407      0.98119411       6.9610387       2.2065911       5.8519685       10.621452        19.446084       88.667686       258.08155       51.844271       57.268307       118.25311      0.11658733        0.11045533        0.62711204      0.22737517        0.76448009       2.3479172       2778.8688      -2.0691385        -4.907705         2.8385665       2778.8688                           2350.2203                 23.824566                 396.17628                      8.6476263
              3       1387.6938   2.0995451e-09      0.96250077           67.36         0.02237            0.12          0.0544       1.0010238      0.99899886      0.99802235       52.819259      0.97920231       7.3031977      0.92521841       6.2893071       9.4193387         16.67601       82.811189       253.54571       54.393445       61.244341       117.69405     0.083400066        0.11060921        0.54031395      0.26385087        0.79801718       2.4057082       2779.8699      -2.2410908       -4.7960962         2.5550054       2779.8699                           2351.2214                 23.824566                 396.17628                      8.6476263
              2       1387.9661   2.0995451e-09      0.96250077           67.36         0.02237            0.12          0.0544       1.0010238      0.99891881      0.99768168        51.89358      0.83910253       7.4485323      0.25689959       6.5083498       9.7539992        16.701733       83.627032       251.37534       51.521919       58.667477         119.506     0.095983555        0.10570485        0.56456097      0.25798918        0.80706511       2.5482029       2779.6207      -1.8442411       -4.2591933         2.4149522       2779.6207                           2350.9723                 23.824566                 396.17628                      8.6476263
              2       1387.0443   2.0995451e-09      0.96250077           67.36         0.02237            0.12          0.0544       1.0010238       0.9988876      0.99771394       51.576001      0.85332543       6.9912731      0.15691556       6.8218187       10.334835        16.981221       84.530169       259.99338       52.443536       59.038294       120.89357     0.096743455        0.10637324        0.55461589      0.24927644        0.79450162       2.4516074       2779.8055      -2.8584489       -5.0646927         2.2062438       2779.8055                            2351.157                 23.824566                 396.17628                      8.6476263
              1       1389.0121   2.0995451e-09      0.96250077           67.36         0.02237            0.12          0.0544       1.0010238      0.99856279       0.9974164       51.312632      0.85263221       7.2145545      0.45410823       6.7614494       10.312305        14.809892       80.652022       248.36956       49.417069       60.112454        122.2826     0.091469486        0.10551722        0.51264419       0.2535002        0.80063199       2.4208875       2780.4787       -1.227193        -3.591243         2.3640499       2780.4787                           2351.8302                 23.824566                 396.17628                      8.6476263
              2       1388.6341   2.0995451e-09      0.96250077           67.36         0.02237            0.12          0.0544       1.0010238       0.9986068      0.99737624       50.754156      0.83255704       7.1698435        0.505262       6.7499027       10.239401        14.814404       80.767124       250.26978       49.509376       59.810458       123.07875     0.092052119        0.10515028        0.50328923      0.24747329        0.79666256       2.3956436       2780.2958      -1.5138313        -3.872248         2.3584167       2780.2958                           2351.6474                 23.824566                 396.17628                      8.6476263
              2       1389.8276   2.0995451e-09      0.96250077           67.36         0.02237            0.12          0.0544       1.0010238      0.99863729      0.99737003       53.327849      0.89101611       6.2792463      0.60793162       8.9029364       10.681287        14.450521       77.998513       253.93564       52.100203       60.781215       120.42775      0.12169989         0.1338049        0.46421632      0.29147531        0.77798632       2.4748982       2784.5836      -2.4642241       -4.5558523         2.0916281       2784.5836                           2355.9351                 23.824566                 396.17628                      8.6476263
              2       1389.9003   2.0995451e-09      0.96250077           67.36         0.02237            0.12          0.0544       1.0010238      0.99859674       0.9974023       53.484773       0.8795781       6.3131303      0.38882103       8.8612743       10.659043         14.41129       77.897834       253.61393       52.730543       61.184529         120.693      0.12389831        0.13444717        0.46704567      0.29248397        0.77884785       2.4538684       2784.6315      -2.4154534       -4.4874355         2.0719821       2784.6315                            2355.983                 23.824566                 396.17628                      8.6476263
              2       1390.5731   2.0995451e-09      0.96250077           67.36         0.02237            0.12          0.0544       1.0010238      0.99843204      0.99756446       54.762878       0.8692267       6.0009861      0.57751231       8.7631362       10.981615        14.617926       77.817274       254.62299       53.091681       59.916693       118.47282       0.1206445        0.13559986        0.45140251      0.30994393        0.77713504       2.3911786       2784.9276      -1.8907129       -3.9338839          2.043171       2784.9276                           2356.2791                 23.824566                 396.17628                      8.6476263
              1       1390.3349   2.0995451e-09      0.96250077           67.36         0.02237            0.12          0.0544       1.0013183      0.99843311      0.99756324        54.80185      0.86923784       6.0002681      0.57729779       8.7645483       10.984292        14.617358        77.84746       254.87123        53.13268       59.944684       118.53227      0.12066012          0.135523         0.4514102      0.30980391        0.77710637       2.3913983       2784.3537      -1.8419462       -3.8850144         2.0430682       2784.3537                           2355.7668                 23.777763                 396.17011                      8.6390263
              1       1390.6624   2.0995451e-09      0.96250077           67.36         0.02237            0.12          0.0544       1.0013183      0.99841958      0.99755111        55.16226      0.88596168       5.9878514      0.68283129       8.6124884       10.881661        14.445246        77.15247       255.95078       52.991006       60.024296       118.38597      0.11644835        0.13425096         0.4530924      0.30932919        0.77805706       2.3853455       2784.7749      -1.7250051        -3.774932         2.0499269       2784.7749                            2356.188                 23.777763                 396.17011                      8.6390263
              1         1390.18   2.0995451e-09      0.96250077           67.36         0.02237            0.12          0.0544       1.0013183      0.99849319      0.99746594       54.129089      0.88689527       6.0526161       0.1999134       8.6790799       10.817622        15.274576       78.908872       258.29702        54.70408       60.308131       120.20877      0.11435012        0.12759492        0.43654833      0.30888651        0.76425189       2.3711849       2784.7401      -2.1900789        -4.215826         2.0257471       2784.7401                           2356.1532                 23.777763                 396.17011                      8.6390263
              1       1389.8303   2.0995451e-09      0.96250077           67.36         0.02237            0.12          0.0544       1.0013183      0.99851306      0.99767102       56.624412      0.94993078       5.9323109      0.37609873       9.0764122       11.136723        16.047051       78.535213       264.59103       56.923895       60.165839       115.38207      0.12481983        0.12880313        0.41252844      0.28471748        0.76042696       2.3576944       2785.5366      -2.9380065       -4.9630726          2.025066       2785.5366                           2356.9497                 23.777763                 396.17011                      8.6390263
              1       1388.5065   2.0995451e-09      0.96250077           67.36         0.02237            0.12          0.0544       1.0013183      0.99889371       0.9978801       55.689916      0.95030709       6.5894486      0.45580304       9.8145957        10.34807        17.052799       81.444587       253.59491       56.969312       58.618824       113.92137      0.10342096        0.13271723        0.43226581      0.30888615        0.77967182       2.3195153       2784.0426      -3.5148578       -5.6572288          2.142371       2784.0426                           2355.4557                 23.777763                 396.17011                      8.6390263
              1       1388.2432   2.0995451e-09      0.96250077           67.36         0.02237            0.12          0.0544       1.0013183       0.9989656      0.99794169       54.806773      0.91302747       6.5975327      0.14409165       9.6455219       9.9872803        16.628054       81.442143       256.36154       57.402394       58.588424       116.17962      0.11278318        0.13467704        0.43168724      0.30172682        0.77454236       2.3146636       2784.5699      -4.0417196       -6.1392896           2.09757       2784.5699                            2355.983                 23.777763                 396.17011                      8.6390263
              2       1388.1274   2.0995451e-09      0.96250077           67.36         0.02237            0.12          0.0544       1.0013183      0.99901923      0.99795937       55.848423      0.87694662       6.4816557      0.25937834       9.7290065       10.049594        16.232757       80.367145       255.57237       56.636399       57.402481       114.85579      0.11403065        0.13339798        0.42876687      0.29880515        0.77964208        2.310852       2784.4806      -4.1128794       -6.2013726         2.0884932       2784.4806                           2355.8937                 23.777763                 396.17011                      8.6390263
              1        1391.388   2.0995451e-09      0.96250077           67.36         0.02237            0.12          0.0544       1.0013183      0.99923438      0.99765029       56.973629      0.89308046       6.8677289      0.76079576       9.5245655       9.1181566        14.213363       75.969658       256.02756       54.604066       58.147206       114.00288      0.10556225         0.1414583         0.4016588      0.30117253        0.80941442       2.5159019       2787.9244      -2.5741972       -4.8727886         2.2985914       2787.9244                           2359.3375                 23.777763                 396.17011                      8.6390263
              1       1391.5232   2.0995451e-09      0.96250077           67.36         0.02237            0.12          0.0544       1.0013183      0.99924597      0.99761346       56.868153      0.89087246       6.9513062      0.68034285       9.4408087       8.9972657        14.103975        75.74473       254.30388       54.355359       58.197433       114.27696      0.10482566        0.14002736        0.39984222      0.29946811        0.80864706       2.5122918       2788.1125      -2.5329849       -4.8450466         2.3120617       2788.1125                           2359.5256                 23.777763                 396.17011                      8.6390263
              3       1391.1506   2.0995451e-09      0.96250077           67.36         0.02237            0.12          0.0544       1.0013183      0.99928128      0.99787226       57.006206      0.90937735       7.1658961     0.005482423       9.5805333       8.1709531         14.81614       77.397444       253.53405       58.081681        60.00422       114.34163      0.10501962        0.13494792        0.45324704      0.29879014        0.77965715       2.4404844       2788.9842      -3.3415662       -5.5749232          2.233357       2788.9842                           2360.3973                 23.777763                 396.17011                      8.6390263
              2       1391.3775   2.0995451e-09      0.96250077           67.36         0.02237            0.12          0.0544       1.0013183      0.99934731      0.99787832       56.291793      0.80408121       7.8034429     0.080930261       9.8484052       7.9661778        14.756663       77.721134       245.64989       55.682454       59.021415       115.76879      0.10775169        0.13308615        0.48378374      0.29239117        0.81198551       2.5224534       2787.7579      -2.5015158       -5.0414582         2.5399424       2787.7579                            2359.171                 23.777763                 396.17011                      8.6390263
              1       1391.4028   2.0995451e-09      0.96250077           67.36         0.02237            0.12          0.0544       1.0013183       1.0001734      0.99796311       51.491062      0.71200197       9.7718628       1.2701776       10.407355       7.9208572        18.681016       86.883152       232.34213       49.958968       56.723158       117.41771     0.091258272       0.089092642        0.49234026      0.12926631        0.71684574        2.558195       2784.9119       -1.053163       -6.1171786         5.0640156       2784.9119                            2356.325                 23.777763                 396.17011                      8.6390263
              1       1391.8074   2.0995451e-09      0.96250077           67.36         0.02237            0.12          0.0544       1.0013183       1.0001491      0.99823108       50.914648       0.6120501       8.4115438       2.3855453       10.899651       8.0003353        18.500517       88.604713       224.99877       51.138669       50.066217       112.73371      0.11703912       0.092051918        0.45338025      0.11969582        0.72927766       2.6608553       2787.0697      -1.7274551       -5.9809244         4.2534692       2787.0697                           2358.4828                 23.777763                 396.17011                      8.6390263
              1       1391.7504   2.0995451e-09      0.96250077           67.36         0.02237            0.12          0.0544       1.0013183       1.0001745      0.99824868       50.729345      0.61496749       8.4170152       2.3457865       10.832595       7.9456669        18.502501        88.75841       225.27441       51.335745       50.314975        113.0789      0.11625908       0.091725348        0.45457514      0.12090369        0.72868523       2.6651704       2786.9897      -1.7444853       -5.9761531         4.2316678       2786.9897                           2358.4028                 23.777763                 396.17011                      8.6390263
              1       1390.9617   2.0995451e-09      0.96250077           67.36         0.02237            0.12          0.0544       1.0013183      0.99996993      0.99858945       47.789014      0.59173265       8.6033912       2.6902245       11.709065       7.9518934        19.874997       94.372142        218.5615       49.916809       48.029472       112.81838     0.088868776        0.10201272        0.46689108      0.14765564        0.70188674       2.4828866       2784.1587      -1.1176213       -5.8230095         4.7053882       2784.1587                           2355.5718                 23.777763                 396.17011                      8.6390263
              1       1392.9699   2.0995451e-09      0.96250077           67.36         0.02237            0.12          0.0544       1.0013183      0.99984685       0.9978526       40.572926      0.34473218       9.6848791     0.074309288       10.958005       10.623213        22.654855       101.18376       222.52209       42.487544       41.137674       121.60448     0.082787189       0.045366476        0.44407781      0.12520767        0.69113719       2.5458962       2786.5627     -0.31138654       -4.3759544         4.0645678       2786.5627                           2357.9758                 23.777763                 396.17011                      8.6390263
              1       1391.9377   2.0995451e-09      0.96250077           67.36         0.02237            0.12          0.0544       1.0013183      0.99990863      0.99778457       40.239306        0.374701       9.4357016      0.13603771       10.826177        10.32622        21.631352       99.700633       223.24011       41.758075       42.239722       122.78432     0.080123453       0.047045863         0.4333574      0.13239659        0.68863194        2.468894       2785.6359     -0.88027996       -4.7238934         3.8436134       2785.6359                            2357.049                 23.777763                 396.17011                      8.6390263
              4       1393.4368   2.0995451e-09      0.96250077           67.36         0.02237            0.12          0.0544       1.0013183       1.0001297      0.99731513       41.615764      0.22753462       9.5674332        1.029512       10.909764       9.5841049        19.689731       96.346643       224.96222        40.35604       39.992033       121.02514     0.088010932       0.037107209        0.41335436      0.13703217        0.72262582       2.5084947       2784.4894       1.1921138       -3.4226653         4.6147791       2784.4894                           2355.9025                 23.777763                 396.17011                      8.6390263
              3       1392.6883   2.0995451e-09      0.96250077           67.36         0.02237            0.12          0.0544       1.0013183       1.0001806      0.99730968       41.053353      0.21896558       9.5898463      0.97610446         10.8472       9.4964815        19.781808       97.240545        225.8607       39.951336       40.057711       121.57768     0.089236072        0.04056875        0.41575569       0.1434935        0.72073552       2.4891846       2783.8486      0.76397188        -3.837494         4.6014659       2783.8486                           2355.2617                 23.777763                 396.17011                      8.6390263
              1       1392.8943   2.0995451e-09      0.96250077           67.36         0.02237            0.12          0.0544       1.0013183        1.000147      0.99719431       40.942911      0.20260127       9.5424255       1.0595409       10.479362       9.4372323        19.299544       96.511688       228.06335       40.301272       40.391297       122.15339     0.085960315       0.038372442         0.4151736      0.14416774        0.71011203       2.4844173         2783.75       1.0193213       -3.5878789         4.6072002         2783.75                           2355.1631                 23.777763                 396.17011                      8.6390263
              1       1392.8045   2.0995451e-09      0.96250077           67.36         0.02237            0.12          0.0544       1.0013183       1.0001283      0.99741076       40.331933      0.22429733       9.4032512       1.4981031       10.565029       9.6867754        19.137311       97.241401       218.61683       39.486475       40.942808       121.56322     0.085918019       0.037603648        0.43727768      0.13412862        0.70017126       2.4880987       2783.8421      0.88343808       -3.8901208         4.7735589       2783.8421                           2355.2552                 23.777763                 396.17011                      8.6390263
              1       1392.9266   2.0995451e-09      0.96250077           67.36         0.02237            0.12          0.0544       1.0013183      0.99985784      0.99773132       42.495406      0.29061105       9.5042553       2.1361369       8.7791731       9.1392623        20.463039       98.422179       229.88261       40.521891       41.814199       117.56675      0.11639747       0.047748708        0.47986513      0.11414604        0.68764959       2.6895638        2784.848      0.50260147       -4.9322711         5.4348726        2784.848                           2356.2611                 23.777763                 396.17011                      8.6390263
              3       1391.5442   2.0995451e-09      0.96250077           67.36         0.02237            0.12          0.0544       1.0013183      0.99964091      0.99828564       41.981131      0.46908265       8.2752254        2.381957       10.052614       9.6184108        20.807002       100.06061       214.63385       42.349952       44.620216       118.70389      0.11512274       0.070027934        0.60527629      0.16705032        0.64965695       2.9108761       2783.9169     -0.41429986        -4.514227         4.0999271       2783.9169                             2355.33                 23.777763                 396.17011                      8.6390263
              1       1391.4584   2.0995451e-09      0.96250077           67.36         0.02237            0.12          0.0544       1.0013183      0.99965492      0.99828683       41.255815      0.44853792       8.2201659       2.4503405       10.050531         9.66907        20.999687       100.70115       213.19133       42.437002       44.035901        119.4251       0.1166402       0.072656088        0.59763688      0.16947787         0.6451392       2.8940312        2784.444     -0.76362609       -4.8501658         4.0865397        2784.444                           2355.8571                 23.777763                 396.17011                      8.6390263
              2        1392.146   2.0995451e-09      0.96250077           67.36         0.02237            0.12          0.0544       1.0013183      0.99912009      0.99781334       37.513834      0.62846508       6.4727061       2.3101327       8.5310013       9.5587278        19.589732       99.812662       218.93528       46.181418       46.558386       125.29566      0.11179767       0.081193662        0.57784836      0.14266502        0.65749908       3.0022234       2787.5306      -1.6192914       -4.1938692         2.5745778       2787.5306                           2358.9437                 23.777763                 396.17011                      8.6390263
              1       1389.4603   2.0995451e-09      0.96250077           67.36         0.02237            0.12          0.0544       1.0013183      0.99899685      0.99763071       39.440208      0.58723307       5.4941146       3.7619723       9.5391589       11.166483        19.400262       97.831674       233.18754       43.243526       40.618396       119.38481      0.13097963       0.099673662        0.58417631      0.15260838        0.65057416       2.8528835       2783.7056      -2.3925182       -4.9277411         2.5352228       2783.7056                           2355.1187                 23.777763                 396.17011                      8.6390263
              3       1389.5082   2.0995451e-09      0.96250077           67.36         0.02237            0.12          0.0544       1.0013183      0.99895007      0.99764464       39.196841      0.60720384       5.5685681       3.7260416       9.4889007       11.217799        19.637832       98.314577        233.6527       43.871224       41.500493       119.87066      0.13131818        0.10112021         0.5894277      0.15521667        0.65729959       2.8673193       2783.4794      -2.2315335       -4.7953583         2.5638248       2783.4794                           2354.8925                 23.777763                 396.17011                      8.6390263
              1       1390.0234   2.0995451e-09      0.96250077           67.36         0.02237            0.12          0.0544       1.0013183       0.9987678      0.99766878        37.61669      0.58820039       5.5213271       3.5697397       9.4018397       11.370538        19.833734       99.192376       231.26667       43.105433       41.518854        122.7743      0.12243234         0.1010005        0.60453647      0.14555267        0.64026298       2.8076324       2783.1227      -1.5379661       -4.0239848         2.4860186       2783.1227                           2354.5358                 23.777763                 396.17011                      8.6390263
              1       1389.9771   2.0995451e-09      0.96250077           67.36         0.02237            0.12          0.0544       1.0012236      0.99876745      0.99766917       37.604149       0.5881968       5.5215581       3.5698088       9.4013853       11.369676        19.833917       99.182662       231.18678       43.092239       41.509846       122.75516      0.12242731        0.10102524          0.604534      0.14559773        0.64027221       2.8075617       2783.0708      -1.5582618        -4.044422         2.4861602       2783.0708                           2354.4605                 23.792794                 396.17628                       8.641253
              1       1387.8916   2.0995451e-09      0.96250077           67.36         0.02237            0.12          0.0544       1.0012236      0.99963237      0.99783193       36.261341      0.66946704       6.0967212        4.215416       7.9460272       9.1198069        17.584436       95.922409         247.675       47.391097       45.488943        126.4468      0.13665956        0.12462986        0.56666564      0.15889034        0.63688584       2.5545113       2784.1606      -4.1886623       -7.3163475         3.1276852       2784.1606                           2355.5502                 23.792794                 396.17628                       8.641253
              1       1387.6761   2.0995451e-09      0.96250077           67.36         0.02237            0.12          0.0544       1.0012236      0.99960492      0.99804303       38.013173      0.71980924       5.5137708       4.5829268       8.3188533       9.0835696        17.399335       94.946349       245.50341        49.08982        45.20889       123.30734      0.14614036        0.12971816        0.56700242      0.16062171        0.62283536       2.5156524        2784.222      -4.4349395       -7.2996411         2.8647016        2784.222                           2355.6117                 23.792794                 396.17628                       8.641253
              1       1387.8456   2.0995451e-09      0.96250077           67.36         0.02237            0.12          0.0544       1.0012236      0.99960648      0.99803245       37.635205       0.7419209       5.5148466       4.7559612       8.4451902       9.0601694        17.424572       95.077776       244.54179        49.04885       45.519312       123.70536       0.1463671        0.12895925        0.56549419      0.16053368         0.6240889       2.5255297       2784.4215      -4.3651358       -7.3073577         2.9422219       2784.4215                           2355.8111                 23.792794                 396.17628                       8.641253
              2       1388.5091   2.0995451e-09      0.96250077           67.36         0.02237            0.12          0.0544       1.0012236      0.99973809      0.99831354       38.726155      0.74811767       5.2398362       6.4850512       7.6800249       9.8537632        17.503176       95.457978       245.97895       44.249748       41.104652       118.13736      0.14231097        0.11368132        0.56579968      0.14121904        0.64198547       2.5934533        2784.167       -3.574387       -7.1932654         3.6188784        2784.167                           2355.5567                 23.792794                 396.17628                       8.641253
              2       1388.4242   2.0995451e-09      0.96250077           67.36         0.02237            0.12          0.0544       1.0012236      0.99974785      0.99833646       38.599371      0.75640157       5.2564665       6.4906165        7.724275       9.9005593         17.55182       95.535455       246.39005        44.24958       41.434367       118.32542      0.14326244        0.11621878        0.56392104      0.14475434        0.64712385       2.5900661       2784.2444       -3.697999       -7.3361276         3.6381286       2784.2444                           2355.6341                 23.792794                 396.17628                       8.641253
              1       1386.9443   2.0995451e-09      0.96250077           67.36         0.02237            0.12          0.0544       1.0012236      0.99978815      0.99836726        38.54177      0.91534776       3.9548586        6.138995       7.5849186       9.7910067        19.311429       98.670885       254.51813       43.929268       38.780936       117.45924      0.15465712        0.13920858        0.54631603      0.14150954        0.68574388       2.5983972       2783.9899       -5.050637       -7.5571721         2.5065351       2783.9899                           2355.3796                 23.792794                 396.17628                       8.641253
              2       1386.9474   2.0995451e-09      0.96250077           67.36         0.02237            0.12          0.0544       1.0012236      0.99979341      0.99836184       38.526616      0.91312526       3.9549328       6.1410632        7.567085       9.7851752        19.318412        98.68321       254.77245       43.928619       38.743634       117.47777      0.15458838        0.13903627        0.54525225      0.14133247         0.6859596       2.5981427       2784.0242      -5.0646702       -7.5719264         2.5072563       2784.0242                           2355.4139                 23.792794                 396.17628                       8.641253
              1       1387.4972   2.0995451e-09      0.96250077           67.36         0.02237            0.12          0.0544       1.0012236      0.99950922      0.99802017       41.893913      0.84142182       3.2106185       7.0156412       8.5843454       10.880664        18.303941        94.87715       267.71462       41.360113       34.389892       112.54685      0.17105937        0.12530051        0.60336507      0.12162264        0.70484647       2.6395686       2782.2869      -3.6462759       -6.0547406         2.4084647       2782.2869                           2353.6766                 23.792794                 396.17628                       8.641253
              1       1386.0986   2.0995451e-09      0.96250077           67.36         0.02237            0.12          0.0544       1.0012236       0.9996507      0.99815638       49.327242      0.76533026       4.2027282       4.7765864       7.8271372       11.333758        18.864572       91.005653       277.08883       44.660314       38.387285       107.86152      0.15543658         0.1216946        0.60294336      0.12992499        0.72361483       2.5563389       2781.0847      -4.4437178       -6.6837024         2.2399845       2781.0847                           2352.4744                 23.792794                 396.17628                       8.641253
              1       1386.1034   2.0995451e-09      0.96250077           67.36         0.02237            0.12          0.0544       1.0012236      0.99966996      0.99815158       48.931739       0.7798531       4.1769922       4.6417657        7.821349       11.343967        19.005088       91.330081       278.38962       45.135139       38.910649       108.72765      0.15624015        0.12060155        0.60305104      0.13181768        0.72630952       2.5691566       2781.1618      -4.4775425       -6.6801186         2.2025761       2781.1618                           2352.5515                 23.792794                 396.17628                       8.641253
              4       1387.0569   2.0995451e-09      0.96250077           67.36         0.02237            0.12          0.0544       1.0021964       0.9996735      0.99814756       49.060469       0.7798899       4.1746207       4.6410571       7.8260135       11.352809         19.00321       91.429789       279.20962       45.270566       39.003107       108.92402      0.15629174        0.12034767        0.60307644      0.13135516         0.7262148       2.5698824       2782.5246      -4.2053729        -6.407037         2.2016641       2782.5246                           2354.0642                 23.639864                 396.17781                      8.6427176
              2       1387.0875   2.0995451e-09      0.96250077           67.36         0.02237            0.12          0.0544       1.0021964      0.99967475      0.99815264       49.146728      0.78214928        4.162718        4.652255       7.8489067       11.350241        19.006951       91.386401       279.42459       45.322863       38.955828       108.72052      0.15640937        0.12043356         0.6035971      0.13145564        0.72653034       2.5721728       2782.5688      -4.1968599       -6.3969403         2.2000804       2782.5688                           2354.1084                 23.639864                 396.17781                      8.6427176
              1       1387.9312   2.0995451e-09      0.96250077           67.36         0.02237            0.12          0.0544       1.0021964      0.99948048      0.99831394       49.310192      0.74828131       3.6213931       5.6416504       7.5828287       10.758732        18.857088       92.098724       269.59389       41.313547       32.615568       103.97005      0.14209847        0.11358749        0.53157364      0.12310064        0.70899771       2.4443494       2786.0212      -5.0794463       -7.3051988         2.2257524       2786.0212                           2357.5608                 23.639864                 396.17781                      8.6427176
              1       1386.2971   2.1024102e-09      0.96544325           67.36         0.02237            0.12          0.0544       1.0022666      0.99885856      0.99825835       46.926596       0.8979554       3.5112147       5.6842492       7.5687985       11.388737        18.530523       92.506424       251.63716       40.425841       35.492727       105.83191      0.14171878        0.11112591        0.55358774      0.14204629        0.68480573       2.3473102       2780.3834      -3.8945563        -6.092546         2.1979896       2780.3834                           2352.4838                 23.079967                 396.08192                      8.7377221
              3        1386.037   2.1024102e-09      0.96544325           67.36         0.02237            0.12          0.0544       1.0022666      0.99900103      0.99797855       44.171392      0.81622053       3.4474411        5.226666       8.3042804       10.124955        15.957735       91.190503       244.85556       39.214726        35.78379       111.00799      0.11842921       0.095754965        0.56403606      0.17602047        0.66995096       2.2650235       2780.6861      -4.3060815       -6.4094092         2.1033277       2780.6861                           2352.7865                 23.079967                 396.08192                      8.7377221
              2       1386.1484   2.1024102e-09      0.96544325           67.36         0.02237            0.12          0.0544       1.0022666      0.99890649      0.99802943       44.231593      0.77977657        3.315411       4.9882239        8.068138       10.341208          15.9602       91.593208       246.61449       39.727934       35.417683        111.0893      0.11984779         0.1003086        0.56925332      0.18626881        0.68335982       2.3031072        2780.694      -4.1985798       -6.2510563         2.0524764        2780.694                           2352.7944                 23.079967                 396.08192                      8.7377221
              2       1386.3552   2.1024102e-09      0.96544325           67.36         0.02237            0.12          0.0544       1.0022666      0.99895064      0.99818505       42.978022      0.97486971       3.3602341       5.6720706        8.675717       10.047594        16.822374       92.985846       246.42091       41.699913       36.940074       111.41839      0.11232586       0.094326961        0.51696359      0.14771192        0.64751695       2.3513951       2780.9858      -4.1377324       -6.2884878         2.1507554       2780.9858                           2353.0862                 23.079967                 396.08192                      8.7377221
              1       1386.4248   2.1024102e-09      0.96544325           67.36         0.02237            0.12          0.0544       1.0022666      0.99885296      0.99822455       43.347025      0.96344042       3.5204112        5.742421        8.550708       10.083826        16.324835       91.674429       243.62798       40.881993       37.463407       112.26423     0.095882111        0.09197283        0.50451776       0.1616269        0.65009101       2.3751247       2780.1493        -3.64991       -5.8627898         2.2128798       2780.1493                           2352.2497                 23.079967                 396.08192                      8.7377221
              2       1386.7431   2.1024102e-09      0.96544325           67.36         0.02237            0.12          0.0544       1.0022666      0.99880964      0.99829409       44.508792      0.92753462       3.7814333       5.0039965       8.5898318       10.122162         16.66381       91.591125       242.28286       41.812723       37.900477       112.04509     0.097662784        0.09786299        0.50248036      0.16529597        0.64317648        2.368954       2781.0868      -3.8003381        -5.952101         2.1517629       2781.0868                           2353.1872                 23.079967                 396.08192                      8.7377221
              1       1387.2024   2.1024102e-09      0.96544325           67.36         0.02237            0.12          0.0544       1.0022666      0.99889513      0.99816583       43.628192      0.84863717       3.7474231       4.2923971       7.5554495       9.5533519        16.426421       92.438112       254.66105       44.936296       39.131083       114.61629     0.091973226       0.087725215        0.51948942      0.14792909        0.65496941        2.428097       2780.8202      -3.2077219       -5.2597936         2.0520717       2780.8202                           2352.9206                 23.079967                 396.08192                      8.7377221
              1       1387.1434   2.1024102e-09      0.96544325           67.36         0.02237            0.12          0.0544       1.0022666      0.99886629      0.99827468       45.777516      0.87731128       3.5719923        4.153509       7.3775678       9.6253145        16.417505       91.145506       257.79751       46.682441       39.489169       112.43443     0.095637743       0.095918113        0.55413155      0.15002212        0.65704594       2.4421602       2780.4387      -3.0759426       -5.1010455         2.0251029       2780.4387                           2352.5391                 23.079967                 396.08192                      8.7377221
              2       1387.4544   2.1024102e-09      0.96544325           67.36         0.02237            0.12          0.0544       1.0022666      0.99872609      0.99823537       42.445233      0.98835783       3.1808653       4.8939502       6.7531645       9.9789702        16.907338       92.611993       262.30067       45.873114       40.651462        117.7237      0.10183359        0.10248417        0.54849701      0.13777537        0.67520144       2.5517003       2780.0872      -2.5892054       -4.6197347         2.0305293       2780.0872                           2352.1876                 23.079967                 396.08192                      8.7377221
              2       1387.6317   2.1024102e-09      0.96544325           67.36         0.02237            0.12          0.0544       1.0022666      0.99871681      0.99831011       42.659864      0.98919641       3.0913316       4.8080772       6.7672695       10.190065        16.502697       91.804072       263.08438       45.806229       41.242409       118.15725     0.099835408       0.098010612        0.55289409      0.13406685        0.67193603       2.5552244       2779.8185      -2.2775481        -4.298689         2.0211409       2779.8185                           2351.9188                 23.079967                 396.08192                      8.7377221
              1        1387.996   2.1024102e-09      0.96544325           67.36         0.02237            0.12          0.0544       1.0022666      0.99865896      0.99823068       41.191574      0.99818028       3.1350974       5.2186173       6.9130452       10.045641        16.384319       92.328435       259.57787       44.709474       40.844705       119.58937      0.10099991       0.098550918        0.55912688      0.13315205        0.67573102       2.5681396       2780.1418      -2.0748972        -4.122442         2.0475448       2780.1418                           2352.2422                 23.079967                 396.08192                      8.7377221
              1       1387.8792   2.1024102e-09      0.96544325           67.36         0.02237            0.12          0.0544       1.0022666      0.99896698      0.99808395       43.431647      0.77887064       3.3518818       4.8845687       7.6339437        9.510419        15.327121        90.86636       271.34548        43.19826       38.524405       118.08241      0.11082611        0.11217976        0.56938809        0.150897         0.6975288       2.6087225        2782.561      -3.4012504       -5.4498498         2.0485995        2782.561                           2354.6614                 23.079967                 396.08192                      8.7377221
              1       1389.5083   2.1024102e-09      0.96544325           67.36         0.02237            0.12          0.0544       1.0020459      0.99914477      0.99805854        42.54898      0.79218636       4.2673399       2.9907926       8.0191574       9.4773621        16.458196       92.157208       263.91858       44.066359       40.398991       121.85178      0.13038113        0.10850771        0.55564183       0.1729662        0.74618495       2.5257221       2788.0305      -4.5069365       -6.5301243         2.0231878       2788.0305                           2360.0848                 23.112043                 396.08813                      8.7455258
              1       1388.0171   2.1024102e-09      0.96544325           67.36         0.02237            0.12          0.0544       1.0020459      0.99945371      0.99756645       42.148361      0.92897989       3.4678416        3.959895       8.0984305       10.014729        16.268417       90.258139       275.29388       45.838863       40.329848       122.39328      0.11476585        0.11791026        0.58372203      0.21423267        0.71234246        2.405842       2786.1758      -5.0708219       -7.0883767         2.0175548       2786.1758                           2358.2301                 23.112043                 396.08813                      8.7455258
              1       1387.7632   2.1024102e-09      0.96544325           67.36         0.02237            0.12          0.0544       1.0020459      0.99942002       0.9975367       41.870168      0.93409512       3.2511233       3.8119085       8.1506418       9.7683288          15.9795       90.050687       272.72732       46.074125       40.449593       123.08811      0.11851363        0.12173961        0.57936123      0.21784792         0.6983034       2.4099886       2785.6058      -5.0397409       -7.0704297         2.0306887       2785.6058                           2357.6601                 23.112043                 396.08813                      8.7455258
              5       1387.7202   2.1024102e-09      0.96544325           67.36         0.02237            0.12          0.0544       1.0020459       0.9993737      0.99744557       40.683284       0.9373857       2.9886222       3.8775217       7.5222754       10.101632        15.178448       89.117993       278.03238       44.928921       41.141137       125.19579      0.12515176        0.12583075        0.58715139      0.23161919        0.72393619       2.4570034       2784.2351      -4.3973749       -6.4541894         2.0568146       2784.2351                           2356.2894                 23.112043                 396.08813                      8.7455258
              2       1388.0744   2.1024102e-09      0.96544325           67.36         0.02237            0.12          0.0544       1.0020459      0.99930335      0.99739902       40.517358      0.90644885       2.9644098       3.7129452       7.6266185       10.413205        15.682116       89.932937        280.4775       45.655326       40.682995       125.59404      0.12765648        0.12433407        0.59131099      0.22660491         0.7180075       2.4544582       2784.7077      -4.2794159       -6.3575186         2.0781027       2784.7077                            2356.762                 23.112043                 396.08813                      8.7455258
              3        1388.128   2.1024102e-09      0.96544325           67.36         0.02237            0.12          0.0544       1.0020459       1.0001155      0.99786474        45.12537      0.88759909       3.5316484       3.9709462       10.264169       10.386889        17.101661       89.008548       268.55187       49.681179       39.487375       118.14225      0.11140835        0.12760408        0.54678781      0.19265004        0.72366454        2.447315       2788.3351      -6.0395282       -8.0579003         2.0183721       2788.3351                           2360.3894                 23.112043                 396.08813                      8.7455258
              2       1388.4525   2.1024102e-09      0.96547356       67.361577     0.022375767      0.12000047     0.054848516       1.0020278      0.99976801       0.9980302       48.169173      0.86643941       3.5812359       4.7280473       9.8726095       11.211971        16.577447       85.648276       261.21004       45.753831       35.973888       111.83675      0.11043307        0.14074441        0.57738293      0.20320728        0.69604525       2.2687573       2788.4512      -5.7730423       -7.8415827         2.0685403       2788.4512                           2360.4753                 23.066531                 396.17793                      8.7313817
              1       1388.0743   2.1024102e-09      0.96547356       67.361577     0.022375767      0.12000047     0.054848516       1.0020278      0.99976406      0.99830085       49.903106      0.84762272       2.7863037       7.1666936        9.729211       9.1034179          14.6886       84.376668       265.90364       40.713521       31.720078        105.4326      0.10414717         0.1735295        0.58244221      0.21274338        0.63499304       2.0658013       2784.5665      -4.2090074       -6.4773743         2.2683668       2784.5665                           2356.5907                 23.066531                 396.17793                      8.7313817
              1       1390.2145   2.1024102e-09      0.96547356       67.361577     0.022375767      0.12000047     0.054848516       1.0020278      0.99964098      0.99848942       48.326516      0.83064629       3.4684251       7.1209047       10.180507       9.0306594        16.413395        87.92502       253.50276       40.179887        31.45838       107.64751     0.085070125        0.16400009        0.59936769      0.21024833         0.6594586         2.18186       2787.1661      -3.3685841       -5.9445427         2.5759586       2787.1661                           2359.1902                 23.066531                 396.17793                      8.7313817
              4       1390.0286   2.1024102e-09      0.96547356       67.361577     0.022375767      0.12000047     0.054848516       1.0020278      0.99982771      0.99837398       45.941054      0.74358807       3.7412808       6.3591273       9.8054718       8.3132454        15.786945        88.61719       257.73845       41.108512       33.211428       113.14814     0.077492429        0.16092444        0.56849474      0.20195886        0.68547056       2.1772713       2787.8267      -3.8847287       -6.3520034         2.4672747       2787.8267                           2359.8508                 23.066531                 396.17793                      8.7313817
              2       1390.5081   2.1024102e-09      0.96547356       67.361577     0.022375767      0.12000047     0.054848516       1.0020278      0.99982714      0.99799531       43.455229      0.98499904       5.3409385       6.6440504       9.2960868       10.319089        18.475591       91.851328       243.78141       38.428717       39.224127       116.46875     0.076833069        0.16277371        0.56823126      0.20991149        0.70400989        2.314008       2787.9293      -3.4565001       -7.2724399         3.8159399       2787.9293                           2359.9534                 23.066531                 396.17793                      8.7313817
              1       1388.6521   2.1024102e-09      0.96547356       67.361577     0.022375767      0.12000047     0.054848516       1.0020278      0.99986627      0.99798347       43.696897      0.93333455       5.0486773       6.5332394        8.907294       10.765112        19.502009       93.901845       249.34962       39.824793       37.495333       113.49502     0.079235626        0.17252364        0.54476198      0.22388041        0.69136183       2.3031191       2785.3255      -4.0107086       -7.4795693         3.4688607       2785.3255                           2357.3497                 23.066531                 396.17793                      8.7313817
              1       1389.9722   2.1024102e-09      0.96547356       67.361577     0.022375767      0.12000047     0.054848516       1.0020278      0.99944181      0.99780054       40.473431      0.77966881       3.9093053       6.9131098       8.3490908       11.171287        17.898307       93.869896       250.51768       37.059737       31.186264       115.96506     0.061529692        0.14695166        0.56245731      0.26951567        0.73477134       2.5763268       2785.6925      -2.8740832       -5.6390901          2.765007       2785.6925                           2357.7167                 23.066531                 396.17793                      8.7313817
              2       1388.5792   2.1024102e-09      0.96547356       67.361577     0.022375767      0.12000047     0.054848516       1.0020278      0.99946907      0.99771859       40.962529      0.78992196       3.8565476       6.8640771         9.32184       11.530555        17.655387       92.439237       249.14964       36.587616       32.338193       115.70658     0.064361547        0.14192644        0.57719534      0.27080668        0.73508627       2.6062644       2782.4631       -2.652358       -5.3639681         2.7116101       2782.4631                           2354.4872                 23.066531                 396.17793                      8.7313817
              1       1389.0888   2.1024102e-09      0.96547356       67.361577     0.022375767      0.12000047     0.054848516       1.0020278      0.99964772      0.99757964       39.108196      0.78151556       3.8300339        6.921443       9.0805928        10.86382        17.072559       92.455142       253.94407       37.657938       33.254524       118.71658       0.0676694        0.14577671          0.580135      0.27818295        0.74668069        2.663229       2783.3088      -2.5656288       -5.2831202         2.7174914       2783.3088                            2355.333                 23.066531                 396.17793                      8.7313817
              1       1391.4488   2.1024102e-09      0.96547356       67.361577     0.022375767      0.12000047     0.054848516       1.0020278      0.99914628      0.99732359        36.22657       0.5085643       2.5212868       7.6442338       8.6583468       11.566572        16.696185        94.55754       255.81432         33.6138       23.732283       117.24492     0.089942971        0.16290991        0.52309267      0.29722965        0.71391526       2.6020714       2788.2516      -2.6769556       -4.9581153         2.2811597       2788.2516                           2360.2757                 23.066531                 396.17793                      8.7313817
              3       1389.1646   2.1024102e-09      0.96547356       67.361577     0.022375767      0.12000047     0.054848516       1.0020278      0.99914133      0.99723608       38.092032      0.44784091        4.183633       4.5242078       9.8426548       10.701406        16.369005        92.07405       234.07518       38.203861       32.662544       123.52948      0.11406212         0.1653341        0.40967373      0.31384309        0.71977093       2.3585439       2784.3944      -3.0326184       -5.2141467         2.1815283       2784.3944                           2356.4185                 23.066531                 396.17793                      8.7313817
              1       1388.9969   2.1024102e-09      0.96547356       67.361577     0.022375767      0.12000047     0.054848516       1.0020278      0.99911552      0.99740671       39.589993      0.50480579       3.9922633       4.9539594       9.6109626       10.475497        15.402615       89.907508       238.00819       38.261017       32.753217       121.37702      0.12192654        0.15832234        0.42410441      0.32838011        0.71285863       2.2754674       2784.6274      -3.3167986       -5.5227616          2.205963       2784.6274                           2356.6516                 23.066531                 396.17793                      8.7313817
              1       1388.7302   2.1024102e-09      0.96547356       67.361577     0.022375767      0.12000047     0.054848516       1.0020278      0.99915334       0.9973689       39.817148      0.51103496       4.3818472       4.6317224       9.5678291       10.822752        16.102385       90.316361       238.02763       38.422739       33.730511       122.25253      0.11887384         0.1531298        0.41672304      0.32649649        0.70564684       2.2657682       2784.4179      -3.4787807       -5.7513909         2.2726102       2784.4179                           2356.4421                 23.066531                 396.17793                      8.7313817
              1       1388.6191   2.1024102e-09      0.96547356       67.361577     0.022375767      0.12000047     0.054848516       1.0020278      0.99916349      0.99749888       37.923987       0.7406268       3.8782571        6.029358       7.9890886       10.945795        19.186419       96.166005       246.98084       41.674437       34.763334       120.23782       0.1317937        0.15383874        0.53711322      0.31251863        0.69268308       2.4822807       2784.4097      -3.5856991       -6.0186871          2.432988       2784.4097                           2356.4338                 23.066531                 396.17793                      8.7313817
              1       1388.6923   2.1024102e-09      0.96547356       67.361577     0.022375767      0.12000047     0.054848516          1.0022      0.99916412      0.99749817       37.946766      0.74063331       3.8778375       6.0292326        7.989914       10.947359        19.186087       96.183649       247.12594       41.698401       34.779694       120.27257      0.13180283        0.15379382        0.53711771      0.31243678        0.69266632       2.4824092       2784.4448      -3.5301039       -5.9628498          2.432746       2784.4448                           2356.4878                 23.041674                 396.18607                      8.7292288
              1       1388.7275   2.1024102e-09      0.96547356       67.361577     0.022375767      0.12000047     0.054848516          1.0022      0.99915941      0.99750048       37.788307      0.75006547       3.8243768       6.0322122       7.9157598       10.863796         19.14461        96.29322       247.99671       42.016789       35.026029       120.65952      0.13145522        0.15506536        0.53390621      0.31492051        0.69437158       2.4843071       2784.4339       -3.489435       -5.8974826         2.4080475       2784.4339                           2356.4769                 23.041674                 396.18607                      8.7292288
              1       1388.4802   2.1024102e-09      0.96547356       67.361577     0.022375767      0.12000047     0.054848516          1.0022      0.99934251      0.99765914       37.731711      0.73326274       4.1391069       5.4072946       7.7214616       10.282267        18.011133       95.545192       244.36954       45.777678       39.435141       124.74346      0.13603833        0.13386598        0.55284522      0.29603124         0.7152981       2.5237679       2785.4001      -4.2198184        -6.592937         2.3731186       2785.4001                           2357.4432                 23.041674                 396.18607                      8.7292288
              1        1388.107   2.1024102e-09      0.96547356       67.361577     0.022375767      0.12000047     0.054848516          1.0022      0.99935883       0.9977152        37.75999      0.73910655       4.0974898       5.5317625       7.8093986       10.337598        18.096321       95.867922        246.1055       45.668155       39.239562       124.35818      0.13754783        0.13414309         0.5462335       0.2928563        0.71279763       2.5107341       2785.1317      -4.4588005       -6.8483753         2.3895747       2785.1317                           2357.1747                 23.041674                 396.18607                      8.7292288
              1       1388.1022   2.1024102e-09      0.96547356       67.361577     0.022375767      0.12000047     0.054848516          1.0022      0.99933353      0.99770924       37.552519       0.7397684       4.0899482       5.4972377       7.7953721       10.347451        18.126861       96.059258       246.12097       45.793434       39.380474       124.70441      0.13695777        0.13411664        0.54420035      0.29351278        0.71412432       2.5074089       2785.0786      -4.4370569        -6.813356          2.376299       2785.0786                           2357.1216                 23.041674                 396.18607                      8.7292288
              2       1388.7153   2.1024102e-09      0.96547356       67.361577     0.022375767      0.12000047     0.054848516          1.0022      0.99938795      0.99764973       36.258926      0.75004463       4.0935672       5.4220222       8.0863903       10.761798        18.379251        96.74198       251.98996       46.247661       40.273436       126.94102       0.1397109        0.13273259        0.55737256      0.29417744        0.71362167       2.5434862       2786.0734      -4.3213932       -6.6783578         2.3569646       2786.0734                           2358.1165                 23.041674                 396.18607                      8.7292288
              2       1386.4227   2.1024102e-09      0.96547356       67.361577     0.022375767      0.12000047     0.054848516          1.0022      0.99996881      0.99708564       39.596311      0.52969368       7.3913046       1.0294643       8.6745329       9.3433837        16.916618        92.02902       252.79934       48.009836       49.678311       131.25814      0.13783062        0.14499711        0.52614035      0.29362014        0.65676036       2.1790311       2781.3193       -4.236907       -6.8799982         2.6430912       2781.3193                           2353.3623                 23.041674                 396.18607                      8.7292288
              1       1385.9558   2.1024102e-09      0.96547356       67.361577     0.022375767      0.12000047     0.054848516          1.0022      0.99990159      0.99710769       40.549188      0.49096935       6.6212766       2.0933069       8.7936906       9.5965001        16.927123       92.433238       253.58844       45.122015       44.984592       127.41165      0.15264736        0.15936377        0.54862012      0.29017919        0.68323737       2.1934682       2779.7125      -3.9004199       -6.4823705         2.5819506       2779.7125                           2351.7555                 23.041674                 396.18607                      8.7292288
              1       1385.9544   2.1024102e-09      0.96547356       67.361577     0.022375767      0.12000047     0.054848516          1.0022       0.9998642      0.99715128       40.835714      0.46767546       6.7855867       1.8558527       8.7786596       9.6215308        17.006422        92.56807       252.42175       44.806869       44.911715       127.38041      0.15722095        0.15804942        0.55317271      0.28733132        0.67610511       2.1964556       2779.7538      -3.9225649       -6.5135617         2.5909968       2779.7538                           2351.7969                 23.041674                 396.18607                      8.7292288
              1       1386.2179   2.1024102e-09      0.96547356       67.361577     0.022375767      0.12000047     0.054848516          1.0022       1.0001007      0.99728624       41.238583      0.44785829       7.6197127       1.1474812       8.0557611        9.904594        16.594585       91.789578       242.41604       42.138818       46.921481       129.59948      0.13657231        0.16639067        0.54689934      0.31079794        0.67397646       2.1472495       2779.8663      -3.7152286        -6.551562         2.8363334       2779.8663                           2351.9093                 23.041674                 396.18607                      8.7292288
              1       1386.5985   2.1024102e-09      0.96547356       67.361577     0.022375767      0.12000047     0.054848516          1.0022        1.000237      0.99730442       39.268828       0.3803065       7.8755677      0.47475019       8.3148809        10.25981        17.630712       95.167132       235.96241       40.776393       45.388363       129.56284      0.14313057        0.16984304        0.52695476      0.32224242           0.69586       2.2183539        2780.756      -3.7794902       -6.5073374         2.7278472        2780.756                            2352.799                 23.041674                 396.18607                      8.7292288
              1        1386.093   2.1024102e-09      0.96547356       67.361577     0.022375767      0.12000047     0.054848516          1.0022       1.0002207      0.99743771       41.483324      0.32620298       7.8322717      0.38152023       8.1144119       10.393914        17.215851       93.833276       240.13006       39.499602       43.980969       126.34192      0.13744538        0.16648148        0.54610317       0.3216607         0.6747239       2.2184133       2780.1323      -3.9731289       -6.6378812         2.6647523       2780.1323                           2352.1753                 23.041674                 396.18607                      8.7292288
              1       1386.2521   2.1024102e-09      0.96547356       67.361577     0.022375767      0.12000047     0.054848516          1.0022       1.0003105      0.99732563       45.622659      0.24365258       8.0353621       1.4138069       9.0686051       10.674844        16.194338       90.706265       245.93331       35.275065       42.504208       120.99841      0.13781809        0.17061605         0.5013108      0.32143757        0.70664545       2.1772185        2779.198      -3.3468498       -6.6286553         3.2818055        2779.198                            2351.241                 23.041674                 396.18607                      8.7292288
              2       1387.0694   2.1024102e-09      0.96547356       67.361577     0.022375767      0.12000047     0.054848516          1.0022       1.0004388      0.99747401       45.026027      0.17830017       8.0798431       1.2843898       9.3341784       10.250428         16.44821       92.469718       247.19176       35.538154       41.544034       121.13627      0.14186576        0.17249529        0.50827527      0.33803605        0.71228978       2.1258082       2780.2228      -3.0419919       -6.2931123         3.2511204       2780.2228                           2352.2658                 23.041674                 396.18607                      8.7292288
              1       1387.7862   2.1024102e-09      0.96547356       67.361577     0.022375767      0.12000047     0.054848516          1.0022       1.0005922       0.9977787       43.877163      0.26440922       8.3179437      0.92352667       8.5310132       10.631703        18.361463        97.09787       243.35434       34.957124       43.158508       122.10467      0.15219826        0.17669847        0.50591911      0.32981736        0.73088424        2.211961       2782.1284       -3.277954       -6.5396194         3.2616654       2782.1284                           2354.1714                 23.041674                 396.18607                      8.7292288
              3       1387.9481   2.1024102e-09      0.96547356       67.361577     0.022375767      0.12000047     0.054848516          1.0022       1.0006335       0.9978078       44.411134      0.23689929       8.4410935      0.65279214       8.6356421        10.67612        18.378959       96.795601       242.73938       34.724849       43.057245       121.84521      0.15174148        0.17787193        0.51383239       0.3340344        0.73152963        2.209404       2782.1277      -3.1158143       -6.3390324         3.2232181       2782.1277                           2354.1708                 23.041674                 396.18607                      8.7292288
              1       1387.9887   2.1024102e-09      0.96547356       67.361577     0.022375767      0.12000047     0.054848516          1.0022       1.0004295      0.99804197       42.845306      0.31725478       8.7541801      0.62363935       8.9796482       11.417892        19.477574        100.3978       236.71681       33.238991        44.83703       121.92258      0.13663289        0.17252715        0.53514639      0.33189597        0.70892558        2.122073       2782.6129      -3.3178041       -6.7975916         3.4797875       2782.6129                            2354.656                 23.041674                 396.18607                      8.7292288
              1       1388.3152   2.1024102e-09      0.96547356       67.361577     0.022375767      0.12000047     0.054848516          1.0022       1.0004357      0.99798465       43.661045      0.33398558       8.6015532      0.84498721       9.1824778       11.690576        19.693581       100.16896       238.75514       33.112144        44.01502       120.31341      0.13801773        0.17513927        0.53932335       0.3328812        0.71691436       2.0870729       2782.8094      -3.0895548       -6.5563431         3.4667883       2782.8094                           2354.8524                 23.041674                 396.18607                      8.7292288
              1       1388.5252   2.1024102e-09      0.96547356       67.361577     0.022375767      0.12000047     0.054848516          1.0022       1.0004231      0.99803676       43.283535      0.29242381       8.1015626      0.62154675       9.1447165       11.331948        20.429494       102.58232       241.00392       33.999747       41.621507       119.07308      0.14254649        0.17780476        0.55522424      0.32162732        0.71110497       2.1513682       2784.3161      -3.6328188       -6.5770051         2.9441863       2784.3161                           2356.3591                 23.041674                 396.18607                      8.7292288
              1       1389.7132   2.1024102e-09      0.96547356       67.361577     0.022375767      0.12000047     0.054848516          1.0022       1.0004078      0.99778475        43.61081       0.3564093        8.198987      0.86184106       9.4005739       12.839332        20.514074       101.27957        245.6223       34.956472       42.671933       119.53784      0.14972188        0.16409334        0.55666363      0.32307088        0.69412385        2.084752        2785.801      -3.1873375       -6.3200202         3.1326827        2785.801                           2357.8441                 23.041674                 396.18607                      8.7292288
              2       1389.1115   2.1024102e-09      0.96547356       67.361577     0.022375767      0.12000047     0.054848516          1.0022       1.0003411      0.99773083       44.520841      0.28660645       8.8160172      0.11461147       9.7879163       12.664376        20.913976       101.41008       248.07877       36.229815        43.46956       119.41724       0.1558189        0.16769417        0.56005664      0.32635392        0.70416179       2.0282467       2783.7806       -2.778741       -6.0341061         3.2553651       2783.7806                           2355.8236                 23.041674                 396.18607                      8.7292288
              1       1389.4088   2.1024102e-09      0.96585626       67.363014     0.022388194      0.11983991      0.05526236       1.0022293       1.0003428      0.99772845       44.488192      0.28698648       8.8249327      0.09723532       9.7900464       12.660636        20.906459       101.40995       247.89856       36.110068       43.419832       119.41113      0.15580711        0.16771201        0.56027759       0.3261861        0.70385951       2.0267289       2784.3586      -2.7705122        -6.024246         3.2537338       2784.3586                           2356.4691                 22.927575                 396.26487                      8.6971329
