#        weight    minuslogpost      fde_eps_mu  fde_lambda_mem       chi2__CMB   minuslogprior minuslogprior__0 minuslogprior__SZ            chi2 chi2__planck_2018_highl_plik.TTTEEE chi2__planck_2018_lowl.TT chi2__planck_2018_lowl.EE chi2__planck_2018_lensing.clik
              1       1754.9403     0.063317936       5.0783318       3513.2771      -1.6982617       -3.7297014         2.0314397       3513.2771                           3084.9626                 23.433158                 396.10607                      8.7752583
              1       1754.7579     0.070483088       5.1232705       3512.9123      -1.6982617       -3.7297014         2.0314397       3512.9123                            3084.601                 23.432932                 396.10607                      8.7723123
              2       1754.7125     0.074403202       5.0263223       3512.8215      -1.6982617       -3.7297014         2.0314397       3512.8215                           3084.5103                 23.432902                 396.10607                      8.7721947
              2       1754.7944     0.071065246       4.9102572       3512.9853      -1.6982617       -3.7297014         2.0314397       3512.9853                           3084.6718                 23.433076                 396.10607                      8.7743407
              1       1754.7375     0.073767722       4.9180008       3512.8716      -1.6982617       -3.7297014         2.0314397       3512.8716                           3084.5591                 23.433002                 396.10607                      8.7734497
              1       1754.7361      0.07371849       4.9287394       3512.8688      -1.6982617       -3.7297014         2.0314397       3512.8688                           3084.5564                 23.432995                 396.10607                      8.7733545
              1       1754.8123     0.070687711       4.8836901       3513.0211      -1.6982617       -3.7297014         2.0314397       3513.0211                           3084.7072                 23.433105                 396.10607                      8.7747435
              2       1754.7906     0.073287716       4.7743649       3512.9777      -1.6982617       -3.7297014         2.0314397       3512.9777                           3084.6634                 23.433122                 396.10607                       8.775086
              1       1754.7888     0.073344548       4.7754518       3512.9742      -1.6982617       -3.7297014         2.0314397       3512.9742                           3084.6599                  23.43312                 396.10607                      8.7750569
              2       1754.8107     0.071721349       4.8202976       3513.0179      -1.6982617       -3.7297014         2.0314397       3513.0179                           3084.7037                 23.433126                 396.10607                      8.7750877
              1       1754.8531      0.07033317       4.8053992       3513.1028      -1.6982617       -3.7297014         2.0314397       3513.1028                           3084.7878                  23.43317                 396.10607                      8.7757029
              1       1754.8525     0.071053608       4.7634446       3513.1015      -1.6982617       -3.7297014         2.0314397       3513.1015                           3084.7863                 23.433182                 396.10607                      8.7759189
              1       1755.0062     0.066755923       4.7289818       3513.4089      -1.6982617       -3.7297014         2.0314397       3513.4089                           3085.0917                 23.433307                 396.10607                      8.7778309
              1       1755.0221     0.067851249       4.6436115       3513.4407      -1.6982617       -3.7297014         2.0314397       3513.4407                           3085.1229                 23.433339                 396.10607                      8.7783868
              1       1755.2151     0.065070987       4.5292835       3513.8266      -1.6982617       -3.7297014         2.0314397       3513.8266                           3085.5063                 23.433473                 396.10607                      8.7807911
              1         1755.18      0.06628289       4.5108639       3513.7565      -1.6982617       -3.7297014         2.0314397       3513.7565                           3085.4364                 23.433458                 396.10607                      8.7805223
              5       1755.2983     0.063091523       4.5320326       3513.9932      -1.6982617       -3.7297014         2.0314397       3513.9932                            3085.672                 23.433513                 396.10607                       8.781576
              1       1755.1141      0.06516383       4.6561749       3513.6247      -1.6982617       -3.7297014         2.0314397       3513.6247                           3085.3059                 23.433391                 396.10607                      8.7792811
              1       1754.9745     0.067764854       4.7238292       3513.3456      -1.6982617       -3.7297014         2.0314397       3513.3456                           3085.0287                 23.433287                 396.10607                      8.7775111
              2       1755.1746     0.059154928       4.9307139       3513.7457      -1.6982617       -3.7297014         2.0314397       3513.7457                           3085.4276                 23.433362                 396.10607                      8.7786819
              1       1755.2846     0.058930968        4.786394       3513.9657      -1.6982617       -3.7297014         2.0314397       3513.9657                           3085.6457                 23.433455                 396.10607                      8.7804423
              1       1754.8927     0.073059434       4.5780046       3513.1819      -1.6982617       -3.7297014         2.0314397       3513.1819                           3084.8652                 23.433268                 396.10607                      8.7772945
              1       1754.8541     0.073786622       4.6088185       3513.1048      -1.6982617       -3.7297014         2.0314397       3513.1048                           3084.7887                  23.43323                 396.10607                      8.7767175
              1       1754.8305     0.074359169       4.6238971       3513.0575      -1.6982617       -3.7297014         2.0314397       3513.0575                           3084.7419                 23.433207                 396.10607                      8.7763706
              2       1754.9216     0.068854773        4.754526       3513.2398      -1.6982617       -3.7297014         2.0314397       3513.2398                           3084.9237                 23.433241                 396.10607                      8.7767725
              1       1754.8233     0.070041819       4.8972343       3513.0431      -1.6982617       -3.7297014         2.0314397       3513.0431                           3084.7291                 23.433111                 396.10607                      8.7748093
              1       1754.8408     0.066903548       5.0761207        3513.078      -1.6982617       -3.7297014         2.0314397        3513.078                           3084.7649                 23.433063                 396.10607                      8.7739554
              1       1754.8714     0.065860201       5.0646809       3513.1394      -1.6982617       -3.7297014         2.0314397       3513.1394                           3084.8257                 23.433099                 396.10607                      8.7744487
              1       1754.9031        0.063778       5.1383462       3513.2027      -1.6982617       -3.7297014         2.0314397       3513.2027                           3084.8891                 23.433104                 396.10607                        8.77442
              1       1755.2352     0.056611859       5.0117487       3513.8669      -1.6982617       -3.7297014         2.0314397       3513.8669                           3085.5485                 23.433378                 396.10607                      8.7789391
              1       1755.2866     0.054865217       5.0588073       3513.9698      -1.6982617       -3.7297014         2.0314397       3513.9698                           3085.6511                 23.433397                 396.10607                      8.7792574
              1       1755.5728     0.050728206       4.9628381       3514.5422      -1.6982617       -3.7297014         2.0314397       3514.5422                             3086.22                 23.433558                 396.10607                       8.782532
              1       1755.7738     0.050171519       4.7587893       3514.9442      -1.6982617       -3.7297014         2.0314397       3514.9442                           3086.6193                 23.433678                 396.10607                      8.7851678
              1       1755.3666     0.057857739       4.7456833       3514.1298      -1.6982617       -3.7297014         2.0314397       3514.1298                           3085.8088                 23.433504                 396.10607                      8.7814107
              1       1755.7338     0.050562912       4.7777816       3514.8642      -1.6982617       -3.7297014         2.0314397       3514.8642                           3086.5397                 23.433659                 396.10607                      8.7847366
              1       1755.9599     0.049374574       4.6089895       3515.3164      -1.6982617       -3.7297014         2.0314397       3515.3164                           3086.9892                  23.43377                 396.10607                      8.7873108
              1       1755.6525     0.052851248       4.7185153       3514.7016      -1.6982617       -3.7297014         2.0314397       3514.7016                           3086.3777                 23.433636                 396.10607                      8.7841999
              2       1755.7761     0.049858507       4.7778894       3514.9487      -1.6982617       -3.7297014         2.0314397       3514.9487                           3086.6238                 23.433676                 396.10607                      8.7851225
              2       1755.7696     0.050029875       4.7734325       3514.9357      -1.6982617       -3.7297014         2.0314397       3514.9357                           3086.6109                 23.433674                 396.10607                      8.7850785
              1       1755.8382      0.04948041       4.7336446        3515.073      -1.6982617       -3.7297014         2.0314397        3515.073                           3086.7474                 23.433706                 396.10607                      8.7858351
              2         1755.66     0.051695341       4.7864869       3514.7166      -1.6982617       -3.7297014         2.0314397       3514.7166                           3086.3929                 23.433627                 396.10607                      8.7840266
              1        1755.575     0.051616584       4.8954856       3514.5465      -1.6982617       -3.7297014         2.0314397       3514.5465                           3086.2241                 23.433572                 396.10607                       8.782819
              1        1755.705     0.049403349       4.8944861       3514.8066      -1.6982617       -3.7297014         2.0314397       3514.8066                           3086.4828                 23.433628                 396.10607                       8.784049
              1        1755.656     0.050805471        4.853028       3514.7085      -1.6982617       -3.7297014         2.0314397       3514.7085                            3086.385                 23.433614                 396.10607                      8.7837443
              1       1755.4525       0.0536178       4.9124741       3514.3014      -1.6982617       -3.7297014         2.0314397       3514.3014                           3085.9803                 23.433512                 396.10607                      8.7815699
              2       1755.5808     0.050675306       4.9565102        3514.558      -1.6982617       -3.7297014         2.0314397        3514.558                           3086.2358                 23.433563                 396.10607                      8.7826336
              1       1755.5186       0.0518223       4.9532852       3514.4337      -1.6982617       -3.7297014         2.0314397       3514.4337                           3086.1121                 23.433536                 396.10607                      8.7820463
              2       1755.3148     0.052809215       5.1726596       3514.0262      -1.6982617       -3.7297014         2.0314397       3514.0262                           3085.7077                 23.433386                 396.10607                       8.779012
              1       1755.6876      0.04599178       5.1910191       3514.7716      -1.6982617       -3.7297014         2.0314397       3514.7716                           3086.4493                 23.433567                 396.10607                       8.782711
              2       1755.6853     0.045958505       5.1971116       3514.7671      -1.6982617       -3.7297014         2.0314397       3514.7671                           3086.4448                 23.433565                 396.10607                      8.7826627
              2       1755.4244     0.049946287       5.2350922       3514.2454      -1.6982617       -3.7297014         2.0314397       3514.2454                            3085.926                 23.433432                 396.10607                      8.7798642
              1        1755.612     0.049336878        5.017184       3514.6206      -1.6982617       -3.7297014         2.0314397       3514.6206                           3086.2982                 23.433566                 396.10607                      8.7826913
              1       1755.2399     0.056611643       5.0044685       3513.8763      -1.6982617       -3.7297014         2.0314397       3513.8763                           3085.5578                 23.433383                 396.10607                      8.7790226
              1       1755.4029     0.055425651        4.854462       3514.2024      -1.6982617       -3.7297014         2.0314397       3514.2024                           3085.8815                   23.4335                 396.10607                      8.7813247
              2       1755.3203     0.057240788       4.8454926        3514.037      -1.6982617       -3.7297014         2.0314397        3514.037                            3085.717                 23.433461                 396.10607                      8.7805479
              1       1755.3491     0.057218573       4.8083991       3514.0947      -1.6982617       -3.7297014         2.0314397       3514.0947                           3085.7741                 23.433483                 396.10607                      8.7809865
              1       1755.2597     0.056107941       5.0097919        3513.916      -1.6982617       -3.7297014         2.0314397        3513.916                           3085.5973                 23.433393                 396.10607                      8.7792054
              1       1755.4981      0.05163604       4.9943785       3514.3926      -1.6982617       -3.7297014         2.0314397       3514.3926                           3086.0714                 23.433518                 396.10607                      8.7816769
              1       1755.3103      0.05416435       5.0747329       3514.0171      -1.6982617       -3.7297014         2.0314397       3514.0171                           3085.6982                 23.433406                 396.10607                      8.7794289
              2       1755.4358     0.050902239       5.1388833       3514.2682      -1.6982617       -3.7297014         2.0314397       3514.2682                           3085.9483                 23.433458                 396.10607                      8.7804267
              1       1755.3799      0.05346381       5.0235111       3514.1563      -1.6982617       -3.7297014         2.0314397       3514.1563                           3085.8364                 23.433454                 396.10607                      8.7803758
              4       1755.6508     0.046714755       5.1792415        3514.698      -1.6982617       -3.7297014         2.0314397        3514.698                            3086.376                 23.433553                 396.10607                      8.7823992
              4       1755.5163     0.048367507       5.2301126       3514.4292      -1.6982617       -3.7297014         2.0314397       3514.4292                           3086.1088                  23.43348                 396.10607                      8.7808327
              2        1755.146     0.055730121       5.2323905       3513.6886      -1.6982617       -3.7297014         2.0314397       3513.6886                           3085.3724                 23.433268                 396.10607                      8.7768521
              1       1755.0303     0.058389053       5.2562362       3513.4571      -1.6982617       -3.7297014         2.0314397       3513.4571                           3085.1425                 23.433177                 396.10607                      8.7753421
              1       1755.0322     0.058084357       5.2774708       3513.4609      -1.6982617       -3.7297014         2.0314397       3513.4609                           3085.1464                 23.433172                 396.10607                      8.7752409
              1       1754.8037     0.068055802       5.1165099        3513.004      -1.6982617       -3.7297014         2.0314397        3513.004                           3084.6917                 23.433003                 396.10607                      8.7731381
              1       1754.7372     0.072305925       5.2810679       3512.8709      -1.6982617       -3.7297014         2.0314397       3512.8709                           3084.5619                 23.432756                 396.10607                      8.7702642
              1       1754.8447     0.064727238       5.2548139       3513.0859      -1.6982617       -3.7297014         2.0314397       3513.0859                            3084.774                 23.432995                 396.10607                       8.772811
              1       1754.8615     0.065421652       5.1295294       3513.1195      -1.6982617       -3.7297014         2.0314397       3513.1195                           3084.8064                 23.433065                 396.10607                      8.7739058
              2        1754.785      0.06835667       5.1840828       3512.9666      -1.6982617       -3.7297014         2.0314397       3512.9666                           3084.6552                 23.432944                 396.10607                       8.772337
              1       1754.7739     0.069854079       5.0898748       3512.9444      -1.6982617       -3.7297014         2.0314397       3512.9444                           3084.6325                 23.432974                 396.10607                      8.7728442
              5       1754.7307      0.07246542       5.1158164        3512.858      -1.6982617       -3.7297014         2.0314397        3512.858                           3084.5472                 23.432883                 396.10607                       8.771827
              2        1754.737     0.074708015       4.8471729       3512.8705      -1.6982617       -3.7297014         2.0314397       3512.8705                           3084.5575                 23.433033                 396.10607                      8.7739064
              1       1755.0187     0.067282529       4.6796247        3513.434      -1.6982617       -3.7297014         2.0314397        3513.434                           3085.1164                 23.433327                 396.10607                       8.778191
              1       1755.0125     0.067636582       4.6698177       3513.4216      -1.6982617       -3.7297014         2.0314397       3513.4216                            3085.104                 23.433326                 396.10607                      8.7781693
              1       1755.1272     0.064840205       4.6557084       3513.6509      -1.6982617       -3.7297014         2.0314397       3513.6509                            3085.332                 23.433398                 396.10607                      8.7794162
              2       1755.1447     0.065182783       4.6132728       3513.6859      -1.6982617       -3.7297014         2.0314397       3513.6859                           3085.3667                 23.433418                 396.10607                      8.7797686
              1       1754.9913     0.065690844       4.8167337        3513.379      -1.6982617       -3.7297014         2.0314397        3513.379                           3085.0624                 23.433274                 396.10607                      8.7772479
              1        1755.036     0.066411823        4.701369       3513.4685      -1.6982617       -3.7297014         2.0314397       3513.4685                           3085.1508                 23.433333                 396.10607                      8.7782751
              1       1754.8415     0.072137517       4.7237334       3513.0795      -1.6982617       -3.7297014         2.0314397       3513.0795                           3084.7643                 23.433186                 396.10607                      8.7759941
              2       1755.0329     0.068404878       4.5983571       3513.4624      -1.6982617       -3.7297014         2.0314397       3513.4624                           3085.1442                 23.433356                 396.10607                      8.7786975
              2       1755.0036     0.064061762       4.8964779       3513.4036      -1.6982617       -3.7297014         2.0314397       3513.4036                           3085.0873                 23.433261                 396.10607                      8.7769889
              2       1755.0523     0.062575895       4.9058738       3513.5011      -1.6982617       -3.7297014         2.0314397       3513.5011                           3085.1843                 23.433292                 396.10607                       8.777485
              2        1755.777     0.049193448       4.8238091       3514.9505      -1.6982617       -3.7297014         2.0314397       3514.9505                           3086.6258                 23.433668                 396.10607                      8.7849699
              1       1755.4842     0.052355263       4.9601109        3514.365      -1.6982617       -3.7297014         2.0314397        3514.365                           3086.0437                 23.433518                 396.10607                      8.7816839
              1       1755.6308      0.04690404       5.1908608       3514.6581      -1.6982617       -3.7297014         2.0314397       3514.6581                           3086.3363                 23.433542                 396.10607                       8.782153
              1       1755.8263     0.045534813       5.0463727       3515.0492      -1.6982617       -3.7297014         2.0314397       3515.0492                           3086.7249                 23.433652                 396.10607                      8.7846161
              1       1755.2295     0.064526615       4.5397144       3513.8555      -1.6982617       -3.7297014         2.0314397       3513.8555                           3085.5351                 23.433478                 396.10607                      8.7808904
              1       1755.1312     0.061714084       4.8326323        3513.659      -1.6982617       -3.7297014         2.0314397        3513.659                           3085.3409                  23.43336                 396.10607                      8.7786802
              1       1755.4633     0.055122797       4.7970542       3514.3231      -1.6982617       -3.7297014         2.0314397       3514.3231                           3086.0014                  23.43354                 396.10607                      8.7821373
              1       1755.4707     0.055138406       4.7868754       3514.3379      -1.6982617       -3.7297014         2.0314397       3514.3379                            3086.016                 23.433545                 396.10607                      8.7822471
              5       1754.9266     0.071015432       4.6265267       3513.2498      -1.6982617       -3.7297014         2.0314397       3513.2498                            3084.933                 23.433279                 396.10607                      8.7774431
              2         1755.17     0.061492043       4.7887152       3513.7365      -1.6982617       -3.7297014         2.0314397       3513.7365                           3085.4178                 23.433392                 396.10607                       8.779278
              1       1754.8719     0.069670118       4.8049506       3513.1402      -1.6982617       -3.7297014         2.0314397       3513.1402                            3084.825                 23.433186                 396.10607                      8.7759326
              2       1754.8156     0.065782193       5.2925787       3513.0277      -1.6982617       -3.7297014         2.0314397       3513.0277                           3084.7166                 23.432937                 396.10607                      8.7720445
              1       1755.1973     0.055466395       5.1594764       3513.7912      -1.6982617       -3.7297014         2.0314397       3513.7912                            3085.474                  23.43332                 396.10607                      8.7778097
              4       1755.1325     0.056443077       5.2007814       3513.6616      -1.6982617       -3.7297014         2.0314397       3513.6616                           3085.3454                 23.433268                 396.10607                      8.7768674
              2       1755.1059     0.056836066       5.2214439       3513.6083      -1.6982617       -3.7297014         2.0314397       3513.6083                           3085.2925                 23.433244                 396.10607                      8.7764472
              1        1755.215     0.057163097       5.0042739       3513.8265      -1.6982617       -3.7297014         2.0314397       3513.8265                           3085.5083                 23.433368                 396.10607                      8.7787621
              1       1754.8696     0.068398461       4.8902698       3513.1356      -1.6982617       -3.7297014         2.0314397       3513.1356                            3084.821                 23.433157                 396.10607                      8.7754414
              2       1754.7959     0.069769501       5.0022555       3512.9882      -1.6982617       -3.7297014         2.0314397       3512.9882                           3084.6753                 23.433041                 396.10607                      8.7737832
              4       1754.8045      0.07189468       4.8253441       3513.0056      -1.6982617       -3.7297014         2.0314397       3513.0056                           3084.6914                 23.433118                 396.10607                      8.7749786
              8       1754.7995      0.07139637       4.8721213       3512.9955      -1.6982617       -3.7297014         2.0314397       3512.9955                           3084.6816                 23.433096                 396.10607                      8.7746393
              5       1755.4722     0.049542686       5.1962353       3514.3409      -1.6982617       -3.7297014         2.0314397       3514.3409                           3086.0208                 23.433465                 396.10607                      8.7805365
              4       1755.5397     0.053677026       4.7976757        3514.476      -1.6982617       -3.7297014         2.0314397        3514.476                           3086.1535                 23.433574                 396.10607                      8.7828606
              1       1755.5598     0.054762419       4.7037658       3514.5161      -1.6982617       -3.7297014         2.0314397       3514.5161                            3086.193                   23.4336                 396.10607                      8.7833969
              4       1756.0248     0.045899805         4.78194       3515.4462      -1.6982617       -3.7297014         2.0314397       3515.4462                            3087.119                 23.433768                 396.10607                      8.7873456
              3       1755.3019      0.05437804       5.0715158       3514.0004      -1.6982617       -3.7297014         2.0314397       3514.0004                           3085.6816                 23.433402                 396.10607                      8.7793572
              3       1755.5091     0.051204458        5.011731       3514.4147      -1.6982617       -3.7297014         2.0314397       3514.4147                           3086.0934                  23.43352                 396.10607                      8.7817125
              2       1755.1583     0.062259392        4.759424       3513.7132      -1.6982617       -3.7297014         2.0314397       3513.7132                           3085.3944                 23.433392                 396.10607                      8.7792872
              3         1754.91     0.073727548       4.5167302       3513.2164      -1.6982617       -3.7297014         2.0314397       3513.2164                           3084.8993                 23.433297                 396.10607                        8.77776
              3       1754.7669     0.069511513       5.1753681       3512.9303      -1.6982617       -3.7297014         2.0314397       3512.9303                           3084.6192                 23.432919                 396.10607                      8.7720706
              1       1754.8418     0.064580992       5.2829859       3513.0802      -1.6982617       -3.7297014         2.0314397       3513.0802                           3084.7686                 23.432979                 396.10607                      8.7725628
              1       1754.8961     0.063819672       5.1548874       3513.1888      -1.6982617       -3.7297014         2.0314397       3513.1888                           3084.8754                 23.433092                 396.10607                      8.7742236
              1       1754.8829     0.070875628       4.7121597       3513.1623      -1.6982617       -3.7297014         2.0314397       3513.1623                           3084.8465                 23.433223                 396.10607                      8.7765397
              1       1754.8281     0.072329916       4.7417607       3513.0527      -1.6982617       -3.7297014         2.0314397       3513.0527                           3084.7377                 23.433168                 396.10607                      8.7757363
              1       1754.7344     0.071974527       5.1749822       3512.8653      -1.6982617       -3.7297014         2.0314397       3512.8653                            3084.555                  23.43285                 396.10607                       8.771376
              3       1754.8028     0.066968935       5.2316204       3513.0022      -1.6982617       -3.7297014         2.0314397       3513.0022                           3084.6909                 23.432948                 396.10607                      8.7722885
              2       1755.2345     0.059869049       4.7967763       3513.8655      -1.6982617       -3.7297014         2.0314397       3513.8655                           3085.5461                 23.433426                 396.10607                       8.779898
              3       1755.5306     0.057429042       4.5771371       3514.4578      -1.6982617       -3.7297014         2.0314397       3514.4578                           3086.1345                 23.433609                 396.10607                      8.7835762
              1       1755.1829     0.060216576       4.8490372       3513.7623      -1.6982617       -3.7297014         2.0314397       3513.7623                           3085.4437                 23.433386                 396.10607                      8.7791426
              1        1754.973     0.068125826       4.7059981       3513.3426      -1.6982617       -3.7297014         2.0314397       3513.3426                           3085.0257                 23.433291                 396.10607                      8.7775783
              4       1754.7779     0.069485033       5.1051488       3512.9523      -1.6982617       -3.7297014         2.0314397       3512.9523                           3084.6405                 23.432972                 396.10607                      8.7728001
              5       1755.4024     0.050885084       5.1907704       3514.2014      -1.6982617       -3.7297014         2.0314397       3514.2014                            3085.882                  23.43343                 396.10607                      8.7798439
              2       1754.9833     0.059550816       5.2728694       3513.3631      -1.6982617       -3.7297014         2.0314397       3513.3631                           3085.0493                 23.433132                 396.10607                      8.7746474
              1       1755.0895     0.057689139       5.1861551       3513.5754      -1.6982617       -3.7297014         2.0314397       3513.5754                           3085.2597                 23.433242                 396.10607                      8.7764491
              2       1754.9382     0.068361271       4.7529272       3513.2728      -1.6982617       -3.7297014         2.0314397       3513.2728                           3084.9565                 23.433253                 396.10607                      8.7769675
              1       1754.9256      0.06836098       4.7759513       3513.2478      -1.6982617       -3.7297014         2.0314397       3513.2478                           3084.9318                 23.433237                 396.10607                      8.7767114
              3       1755.2967     0.061535388       4.6179447         3513.99      -1.6982617       -3.7297014         2.0314397         3513.99                           3085.6692                 23.433495                 396.10607                      8.7812368
              1       1755.4201     0.060513706       4.5291997       3514.2366      -1.6982617       -3.7297014         2.0314397       3514.2366                           3085.9143                  23.43357                 396.10607                      8.7827262
              2       1755.4005     0.060167808        4.570287       3514.1976      -1.6982617       -3.7297014         2.0314397       3514.1976                           3085.8755                 23.433553                 396.10607                      8.7823972
              1       1755.3171     0.061911314       4.5726945       3514.0307      -1.6982617       -3.7297014         2.0314397       3514.0307                           3085.7095                 23.433514                 396.10607                      8.7816028
              2       1755.2039       0.0598473        4.841563       3513.8044      -1.6982617       -3.7297014         2.0314397       3513.8044                           3085.4855                   23.4334                 396.10607                      8.7793922
              3       1755.1666     0.059096476       4.9472442       3513.7297      -1.6982617       -3.7297014         2.0314397       3513.7297                           3085.4117                 23.433353                 396.10607                      8.7785194
              1        1754.876     0.067796923       4.9149495       3513.1485      -1.6982617       -3.7297014         2.0314397       3513.1485                           3084.8338                 23.433155                 396.10607                      8.7753834
              7       1754.8241     0.066481725       5.1740284       3513.0448      -1.6982617       -3.7297014         2.0314397       3513.0448                           3084.7327                 23.433004                 396.10607                      8.7730576
              3       1755.5187     0.052658312       4.8933756        3514.434      -1.6982617       -3.7297014         2.0314397        3514.434                           3086.1121                 23.433547                 396.10607                      8.7822894
              2       1755.8848     0.047594864       4.8149232       3515.1661      -1.6982617       -3.7297014         2.0314397       3515.1661                           3086.8403                 23.433712                 396.10607                       8.785982
              2       1756.0613     0.047460897       4.6307693       3515.5191      -1.6982617       -3.7297014         2.0314397       3515.5191                           3087.1911                 23.433802                 396.10607                      8.7881305
              1       1755.2943     0.060081642       4.7041024       3513.9852      -1.6982617       -3.7297014         2.0314397       3513.9852                           3085.6647                 23.433477                 396.10607                      8.7808746
              2       1755.6437     0.052070596        4.780423       3514.6838      -1.6982617       -3.7297014         2.0314397       3514.6838                           3086.3602                 23.433622                 396.10607                      8.7838967
              3       1755.8156     0.047466724       4.9057119       3515.0277      -1.6982617       -3.7297014         2.0314397       3515.0277                           3086.7029                  23.43367                 396.10607                      8.7850335
              1       1755.0445     0.058105354       5.2474544       3513.4856      -1.6982617       -3.7297014         2.0314397       3513.4856                           3085.1707                 23.433191                 396.10607                      8.7755686
              1       1755.0773     0.057514291       5.2249794       3513.5511      -1.6982617       -3.7297014         2.0314397       3513.5511                           3085.2358                 23.433222                 396.10607                      8.7760913
              2       1755.0347     0.060216069       5.1025838        3513.466      -1.6982617       -3.7297014         2.0314397        3513.466                           3085.1504                 23.433226                 396.10607                      8.7762649
              2       1755.0507     0.060522377       5.0486701        3513.498      -1.6982617       -3.7297014         2.0314397        3513.498                           3085.1819                 23.433252                 396.10607                      8.7767399
              1       1755.5312     0.050476236       5.0372661       3514.4588      -1.6982617       -3.7297014         2.0314397       3514.4588                           3086.1374                 23.433525                 396.10607                      8.7818226
              1       1755.6794     0.050384586        4.854511       3514.7554      -1.6982617       -3.7297014         2.0314397       3514.7554                           3086.4318                 23.433624                 396.10607                       8.783958
              1       1755.3732     0.057521283       4.7580922        3514.143      -1.6982617       -3.7297014         2.0314397        3514.143                            3085.822                 23.433505                 396.10607                      8.7814255
              2       1755.3472     0.055722928        4.909585       3514.0908      -1.6982617       -3.7297014         2.0314397       3514.0908                           3085.7708                 23.433461                 396.10607                      8.7805433
              1       1755.1052     0.061359399       4.8960389        3513.607      -1.6982617       -3.7297014         2.0314397        3513.607                           3085.2895                 23.433328                 396.10607                      8.7781082
              6       1755.0304     0.060042242       5.1246115       3513.4573      -1.6982617       -3.7297014         2.0314397       3513.4573                           3085.1419                 23.433216                 396.10607                      8.7760928
              1       1755.0346      0.05996657       5.1216361       3513.4657      -1.6982617       -3.7297014         2.0314397       3513.4657                           3085.1502                  23.43322                 396.10607                      8.7761586
              3       1754.9377     0.070714915       4.6240573       3513.2718      -1.6982617       -3.7297014         2.0314397       3513.2718                           3084.9549                 23.433288                 396.10607                      8.7775747
              1       1754.9545     0.068250273       4.7304021       3513.3055      -1.6982617       -3.7297014         2.0314397       3513.3055                           3084.9889                 23.433271                 396.10607                      8.7772595
              2       1755.2393     0.059218732       4.8307298       3513.8751      -1.6982617       -3.7297014         2.0314397       3513.8751                           3085.5558                 23.433421                 396.10607                      8.7797996
              3       1755.8883     0.050065368       4.6395894       3515.1731      -1.6982617       -3.7297014         2.0314397       3515.1731                           3086.8467                 23.433739                 396.10607                      8.7865856
              1       1755.2248     0.060831865       4.7515082       3513.8462      -1.6982617       -3.7297014         2.0314397       3513.8462                           3085.5267                 23.433431                 396.10607                      8.7799937
              2       1755.6536     0.053140288       4.6986967       3514.7037      -1.6982617       -3.7297014         2.0314397       3514.7037                           3086.3797                  23.43364                 396.10607                      8.7842791
              5       1755.6962     0.052771318       4.6742347        3514.789      -1.6982617       -3.7297014         2.0314397        3514.789                           3086.4645                 23.433661                 396.10607                       8.784752
              2       1754.8778     0.070804989       4.7261131        3513.152      -1.6982617       -3.7297014         2.0314397        3513.152                           3084.8363                 23.433215                 396.10607                      8.7764101
              2       1754.9138     0.071260002       4.6352786       3513.2241      -1.6982617       -3.7297014         2.0314397       3513.2241                           3084.9075                 23.433268                 396.10607                      8.7772611
              6       1754.9168      0.07096869       4.6456251       3513.2301      -1.6982617       -3.7297014         2.0314397       3513.2301                           3084.9135                 23.433267                 396.10607                      8.7772455
              1       1754.7806      0.07186219       4.8975732       3512.9577      -1.6982617       -3.7297014         2.0314397       3512.9577                           3084.6444                 23.433065                 396.10607                      8.7742253
              2       1755.1717     0.058303959       4.9934568       3513.7399      -1.6982617       -3.7297014         2.0314397       3513.7399                           3085.4221                 23.433345                 396.10607                      8.7783535
              1       1755.0226     0.065975999       4.7472959       3513.4417      -1.6982617       -3.7297014         2.0314397       3513.4417                           3085.1244                 23.433313                 396.10607                      8.7779217
              2       1754.8479     0.069718099       4.8560508       3513.0923      -1.6982617       -3.7297014         2.0314397       3513.0923                           3084.7777                 23.433149                 396.10607                      8.7753603
              9        1754.822     0.067426266       5.0984642       3513.0404      -1.6982617       -3.7297014         2.0314397       3513.0404                           3084.7278                 23.433033                 396.10607                       8.773538
              3       1754.8253     0.067528435       5.0779241        3513.047      -1.6982617       -3.7297014         2.0314397        3513.047                           3084.7342                 23.433045                 396.10607                      8.7737216
              1       1755.6344       0.0530861       4.7241332       3514.6653      -1.6982617       -3.7297014         2.0314397       3514.6653                           3086.3416                 23.433627                 396.10607                      8.7840134
              2       1754.8866     0.067661962       4.8992815       3513.1697      -1.6982617       -3.7297014         2.0314397       3513.1697                           3084.8549                 23.433169                 396.10607                      8.7756024
              2         1755.55      0.05509507        4.694336       3514.4966      -1.6982617       -3.7297014         2.0314397       3514.4966                           3086.1736                 23.433597                 396.10607                      8.7833401
              1       1754.7578     0.072420169       4.9387711       3512.9121      -1.6982617       -3.7297014         2.0314397       3512.9121                           3084.5994                 23.433021                 396.10607                      8.7736278
              1       1754.8048     0.066550973       5.2691652       3513.0061      -1.6982617       -3.7297014         2.0314397       3513.0061                           3084.6951                 23.432932                 396.10607                      8.7720339
              1       1754.9021     0.064609396       5.0764064       3513.2007      -1.6982617       -3.7297014         2.0314397       3513.2007                           3084.8867                 23.433125                 396.10607                      8.7747822
              5       1754.7806     0.070489809       5.0024124       3512.9577      -1.6982617       -3.7297014         2.0314397       3512.9577                            3084.645                 23.433022                 396.10607                      8.7735548
              2       1755.2534     0.058831479        4.835472       3513.9033      -1.6982617       -3.7297014         2.0314397       3513.9033                           3085.5839                 23.433428                 396.10607                      8.7799216
              5       1755.2915     0.055452743       5.0085166       3513.9796      -1.6982617       -3.7297014         2.0314397       3513.9796                           3085.6606                 23.433411                 396.10607                      8.7795407
              2       1754.8738      0.06565883       5.0734632       3513.1441      -1.6982617       -3.7297014         2.0314397       3513.1441                           3084.8305                 23.433099                 396.10607                      8.7744262
              7       1755.1023      0.05746302       5.1785658       3513.6011      -1.6982617       -3.7297014         2.0314397       3513.6011                           3085.2852                 23.433253                 396.10607                      8.7766399
              2       1755.1187     0.057256481       5.1631502       3513.6339      -1.6982617       -3.7297014         2.0314397       3513.6339                           3085.3176                 23.433268                 396.10607                      8.7769102
              1       1755.3739     0.052270764       5.1231182       3514.1443      -1.6982617       -3.7297014         2.0314397       3514.1443                           3085.8249                  23.43343                 396.10607                      8.7798634
              5       1755.4553     0.058453143       4.6035469       3514.3072      -1.6982617       -3.7297014         2.0314397       3514.3072                           3085.9847                 23.433572                 396.10607                      8.7827882
              2       1755.3888     0.056779779       4.7847845       3514.1741      -1.6982617       -3.7297014         2.0314397       3514.1741                           3085.8531                 23.433507                 396.10607                      8.7814694
              6       1755.3238     0.056294394       4.9032614       3514.0442      -1.6982617       -3.7297014         2.0314397       3514.0442                           3085.7243                 23.433451                 396.10607                      8.7803369
              1       1754.8794     0.070823646       4.7217383       3513.1554      -1.6982617       -3.7297014         2.0314397       3513.1554                           3084.8397                 23.433217                 396.10607                      8.7764521
              4       1754.7112     0.074326987       5.0731454       3512.8189      -1.6982617       -3.7297014         2.0314397       3512.8189                           3084.5082                 23.432867                 396.10607                      8.7717575
              5       1755.7935     0.053625733       4.5176107       3514.9835      -1.6982617       -3.7297014         2.0314397       3514.9835                           3086.6575                 23.433723                 396.10607                      8.7861286
              1       1755.2597     0.060457184       4.7269592        3513.916      -1.6982617       -3.7297014         2.0314397        3513.916                            3085.596                 23.433455                 396.10607                      8.7804429
              1       1755.6678     0.046824598       5.1463439       3514.7321      -1.6982617       -3.7297014         2.0314397       3514.7321                           3086.4097                 23.433567                 396.10607                      8.7827034
              1       1755.6975     0.046623951       5.1230232       3514.7916      -1.6982617       -3.7297014         2.0314397       3514.7916                           3086.4688                 23.433584                 396.10607                      8.7830883
              6       1754.7854     0.072655719        4.828811       3512.9672      -1.6982617       -3.7297014         2.0314397       3512.9672                           3084.6534                 23.433097                 396.10607                      8.7747042
              1       1754.7703     0.072671765       4.8741575        3512.937      -1.6982617       -3.7297014         2.0314397        3512.937                           3084.6237                 23.433063                 396.10607                      8.7742233
              1       1754.7471     0.073521023       4.8962401       3512.8907      -1.6982617       -3.7297014         2.0314397       3512.8907                           3084.5779                 23.433025                 396.10607                      8.7737432
              2       1754.7545     0.072817356       4.9208997       3512.9055      -1.6982617       -3.7297014         2.0314397       3512.9055                           3084.5927                 23.433024                 396.10607                       8.773695
              2       1754.7155     0.073864292       5.1109804       3512.8275      -1.6982617       -3.7297014         2.0314397       3512.8275                           3084.5171                 23.432849                 396.10607                      8.7715084
              2       1754.7053     0.074967917       5.0938338       3512.8071      -1.6982617       -3.7297014         2.0314397       3512.8071                           3084.4968                 23.432833                 396.10607                      8.7714004
              3       1755.0675     0.057370011       5.2578455       3513.5314      -1.6982617       -3.7297014         2.0314397       3513.5314                           3085.2164                 23.433205                 396.10607                      8.7757874
              4       1754.9486     0.063364061       5.0555752       3513.2937      -1.6982617       -3.7297014         2.0314397       3513.2937                            3084.979                 23.433172                 396.10607                      8.7754916
              4       1754.7513     0.071904432       5.0134989       3512.8992      -1.6982617       -3.7297014         2.0314397       3512.8992                           3084.5871                 23.432977                 396.10607                       8.773013
              2       1754.8659     0.065268164       5.1279858       3513.1284      -1.6982617       -3.7297014         2.0314397       3513.1284                           3084.8153                 23.433071                 396.10607                      8.7739781
              1       1754.8507     0.066202214       5.1004205       3513.0979      -1.6982617       -3.7297014         2.0314397       3513.0979                           3084.7848                 23.433065                 396.10607                      8.7739403
              3       1754.7409     0.071607318       5.2749595       3512.8783      -1.6982617       -3.7297014         2.0314397       3512.8783                            3084.569                 23.432781                 396.10607                      8.7704971
              3        1754.747     0.070922946       5.2891508       3512.8904      -1.6982617       -3.7297014         2.0314397       3512.8904                            3084.581                  23.43279                 396.10607                      8.7705373
              1       1754.9597     0.062223079       5.1149324        3513.316      -1.6982617       -3.7297014         2.0314397        3513.316                           3085.0014                 23.433163                 396.10607                      8.7752894
              1       1754.9411      0.06242412       5.1446692       3513.2788      -1.6982617       -3.7297014         2.0314397       3513.2788                           3084.9647                 23.433137                 396.10607                      8.7748793
              4       1755.1381     0.056265233       5.2042628       3513.6728      -1.6982617       -3.7297014         2.0314397       3513.6728                           3085.3566                  23.43327                 396.10607                       8.776913
              3       1755.2419      0.05910383        4.834304       3513.8803      -1.6982617       -3.7297014         2.0314397       3513.8803                            3085.561                 23.433422                 396.10607                      8.7798105
              1       1754.7145     0.074990519       4.9340853       3512.8256      -1.6982617       -3.7297014         2.0314397       3512.8256                           3084.5136                 23.432959                 396.10607                      8.7729507
              2       1754.7288     0.072530263       5.1761465       3512.8541      -1.6982617       -3.7297014         2.0314397       3512.8541                           3084.5439                 23.432834                 396.10607                       8.771218
              7        1754.726     0.074337195       5.2554494       3512.8485      -1.6982617       -3.7297014         2.0314397       3512.8485                           3084.5397                 23.432719                 396.10607                      8.7700335
              6       1754.8112     0.067939762       5.0955348        3513.019      -1.6982617       -3.7297014         2.0314397        3513.019                           3084.7065                 23.433021                 396.10607                       8.773397
              2       1754.7263      0.07316525       5.0524339       3512.8492      -1.6982617       -3.7297014         2.0314397       3512.8492                            3084.538                 23.432914                 396.10607                      8.7722652
              3       1755.4448     0.055349697       4.8055058       3514.2862      -1.6982617       -3.7297014         2.0314397       3514.2862                           3085.9646                  23.43353                 396.10607                      8.7819273
              5       1755.5613     0.053844274       4.7606922        3514.519      -1.6982617       -3.7297014         2.0314397        3514.519                           3086.1962                  23.43359                 396.10607                      8.7832023
              1       1755.2666      0.06110648       4.6800986       3513.9297      -1.6982617       -3.7297014         2.0314397       3513.9297                           3085.6094                 23.433468                 396.10607                      8.7806998
              5       1754.8129     0.066077597       5.2739571       3513.0223      -1.6982617       -3.7297014         2.0314397       3513.0223                           3084.7111                 23.432942                 396.10607                      8.7721407
              1       1754.8114     0.066145869       5.2749346       3513.0194      -1.6982617       -3.7297014         2.0314397       3513.0194                           3084.7083                  23.43294                 396.10607                      8.7721076
              4        1754.816     0.065706711       5.2993849       3513.0285      -1.6982617       -3.7297014         2.0314397       3513.0285                           3084.7175                 23.432935                 396.10607                      8.7719989
              2       1754.7942     0.068560923       5.1126233        3512.985      -1.6982617       -3.7297014         2.0314397        3512.985                           3084.6729                 23.432992                 396.10607                      8.7730145
              2        1754.794      0.07155612        4.877348       3512.9844      -1.6982617       -3.7297014         2.0314397       3512.9844                           3084.6708                 23.433088                 396.10607                      8.7745336
              8       1754.7898     0.069274743       5.0674924       3512.9761      -1.6982617       -3.7297014         2.0314397       3512.9761                           3084.6638                 23.433006                 396.10607                      8.7732581
              5       1755.0216     0.060950049       5.0751156       3513.4397      -1.6982617       -3.7297014         2.0314397       3513.4397                           3085.1241                 23.433224                 396.10607                      8.7762603
              4       1754.7911     0.067208941       5.2895596       3512.9787      -1.6982617       -3.7297014         2.0314397       3512.9787                           3084.6682                 23.432898                 396.10607                      8.7716094
              2       1754.8937     0.063528832       5.1863974       3513.1839      -1.6982617       -3.7297014         2.0314397       3513.1839                           3084.8707                 23.433078                 396.10607                      8.7739907
              2       1754.8356     0.066477839       5.1290805       3513.0678      -1.6982617       -3.7297014         2.0314397       3513.0678                           3084.7551                 23.433037                 396.10607                       8.773537
              4       1754.7844     0.070359603       4.9979438       3512.9653      -1.6982617       -3.7297014         2.0314397       3512.9653                           3084.6526                 23.433029                 396.10607                      8.7736418
              2       1754.7735     0.073052487       4.8375798       3512.9435      -1.6982617       -3.7297014         2.0314397       3512.9435                           3084.6299                 23.433081                 396.10607                      8.7744908
             14       1754.7994     0.072550065       4.7973207       3512.9953      -1.6982617       -3.7297014         2.0314397       3512.9953                            3084.681                 23.433122                 396.10607                      8.7750709
              1       1754.9499     0.065607535       4.8990521       3513.2962      -1.6982617       -3.7297014         2.0314397       3513.2962                           3084.9806                  23.43322                 396.10607                      8.7763603
              1       1755.1782     0.062989314       4.6892173       3513.7529      -1.6982617       -3.7297014         2.0314397       3513.7529                           3085.4337                 23.433419                 396.10607                      8.7797883
              1       1755.2562     0.054314874       5.1493569       3513.9088      -1.6982617       -3.7297014         2.0314397       3513.9088                           3085.5909                 23.433358                 396.10607                      8.7785002
              8       1755.7092     0.047398111       5.0437683       3514.8148      -1.6982617       -3.7297014         2.0314397       3514.8148                           3086.4916                 23.433603                 396.10607                      8.7835165
              1        1754.951     0.060478451         5.27983       3513.2986      -1.6982617       -3.7297014         2.0314397       3513.2986                           3084.9852                 23.433101                 396.10607                      8.7741786
              2       1755.0684     0.068340585       4.5518415       3513.5332      -1.6982617       -3.7297014         2.0314397       3513.5332                           3085.2145                 23.433388                 396.10607                      8.7792553
              1       1755.0478     0.068638092       4.5651047       3513.4922      -1.6982617       -3.7297014         2.0314397       3513.4922                           3085.1738                 23.433373                 396.10607                      8.7789917
              4        1755.276     0.059207669        4.780826       3513.9485      -1.6982617       -3.7297014         2.0314397       3513.9485                           3085.6286                 23.433452                 396.10607                        8.78038
              3       1755.1288     0.056261183       5.2226025       3513.6541      -1.6982617       -3.7297014         2.0314397       3513.6541                           3085.3381                 23.433259                 396.10607                      8.7767071
              1       1754.9359     0.061899119       5.2006672       3513.2684      -1.6982617       -3.7297014         2.0314397       3513.2684                           3084.9547                 23.433114                 396.10607                      8.7744721
              3       1754.9231     0.061912742       5.2358337       3513.2427      -1.6982617       -3.7297014         2.0314397       3513.2427                           3084.9295                 23.433089                 396.10607                      8.7740795
              1       1755.4385     0.051866033       5.0595929       3514.2735      -1.6982617       -3.7297014         2.0314397       3514.2735                           3085.9532                 23.433476                 396.10607                      8.7808066
              2       1755.1755      0.06410916       4.6304717       3513.7475      -1.6982617       -3.7297014         2.0314397       3513.7475                            3085.428                 23.433431                 396.10607                      8.7800043
              7       1755.1989     0.062276568       4.7019775       3513.7943      -1.6982617       -3.7297014         2.0314397       3513.7943                           3085.4748                 23.433428                 396.10607                      8.7799418
              2       1755.1596     0.056753724       5.1266981       3513.7158      -1.6982617       -3.7297014         2.0314397       3513.7158                           3085.3988                 23.433305                 396.10607                      8.7775609
              2        1755.162     0.056723277       5.1248688       3513.7204      -1.6982617       -3.7297014         2.0314397       3513.7204                           3085.4035                 23.433307                 396.10607                      8.7775963
              3       1755.0587     0.060460921       5.0379022        3513.514      -1.6982617       -3.7297014         2.0314397        3513.514                           3085.1978                 23.433261                 396.10607                      8.7768876
              1       1755.0289       0.0612625       5.0379276       3513.4544      -1.6982617       -3.7297014         2.0314397       3513.4544                           3085.1385                  23.43324                 396.10607                      8.7765456
              1       1755.2214     0.064974034       4.5265621       3513.8392      -1.6982617       -3.7297014         2.0314397       3513.8392                           3085.5188                 23.433476                 396.10607                      8.7808622
              1        1754.962      0.07169706       4.5360135       3513.3205      -1.6982617       -3.7297014         2.0314397       3513.3205                           3085.0029                 23.433327                 396.10607                      8.7782275
              6       1755.2689     0.063447514        4.548327       3513.9344      -1.6982617       -3.7297014         2.0314397       3513.9344                           3085.6136                 23.433496                 396.10607                      8.7812358
              1       1755.0114     0.066376998       4.7422805       3513.4193      -1.6982617       -3.7297014         2.0314397       3513.4193                           3085.1021                 23.433307                 396.10607                      8.7778247
              1       1755.0473     0.065096326       4.7590158       3513.4911      -1.6982617       -3.7297014         2.0314397       3513.4911                           3085.1736                 23.433326                 396.10607                      8.7781319
              4       1754.9903     0.066987353       4.7418134       3513.3771      -1.6982617       -3.7297014         2.0314397       3513.3771                           3085.0602                 23.433293                 396.10607                      8.7775983
             11       1754.7335     0.073111454       5.2796746       3512.8635      -1.6982617       -3.7297014         2.0314397       3512.8635                           3084.5546                 23.432734                 396.10607                      8.7700853
              4       1754.8452     0.068555678       4.9403293       3513.0869      -1.6982617       -3.7297014         2.0314397       3513.0869                           3084.7728                 23.433117                 396.10607                      8.7748445
              1        1754.831     0.071957511       4.7570502       3513.0586      -1.6982617       -3.7297014         2.0314397       3513.0586                           3084.7437                 23.433166                 396.10607                      8.7756917
              8       1755.6951      0.04519974       5.2512738       3514.7867      -1.6982617       -3.7297014         2.0314397       3514.7867                           3086.4645                 23.433559                 396.10607                      8.7825302
              2        1754.896     0.064501688       5.1010846       3513.1884      -1.6982617       -3.7297014         2.0314397       3513.1884                           3084.8747                  23.43311                 396.10607                      8.7745534
              2       1754.7365     0.072509522       5.0454894       3512.8695      -1.6982617       -3.7297014         2.0314397       3512.8695                            3084.558                 23.432937                 396.10607                      8.7725159
              1       1755.7339     0.048742174       4.9083434       3514.8642      -1.6982617       -3.7297014         2.0314397       3514.8642                           3086.5403                 23.433637                 396.10607                      8.7842663
              1       1755.7356     0.049811029       4.8283154       3514.8678      -1.6982617       -3.7297014         2.0314397       3514.8678                           3086.5435                 23.433651                 396.10607                      8.7845743
              7       1755.7362     0.049565971       4.8451026        3514.869      -1.6982617       -3.7297014         2.0314397        3514.869                           3086.5447                 23.433649                 396.10607                      8.7845195
              1       1755.4467      0.05332587       4.9407542       3514.2899      -1.6982617       -3.7297014         2.0314397       3514.2899                           3085.9689                 23.433504                 396.10607                      8.7813963
              1       1754.8086     0.070766447       4.8886785       3513.0138      -1.6982617       -3.7297014         2.0314397       3513.0138                           3084.6999                 23.433099                 396.10607                      8.7746646
              2       1754.7951     0.070730158       4.9320619       3512.9867      -1.6982617       -3.7297014         2.0314397       3512.9867                           3084.6734                 23.433068                 396.10607                      8.7742168
              4       1754.7406     0.071543606       5.1447061       3512.8777      -1.6982617       -3.7297014         2.0314397       3512.8777                            3084.567                 23.432886                 396.10607                      8.7717929
              2       1754.8628     0.068657227       4.8893737        3513.122      -1.6982617       -3.7297014         2.0314397        3513.122                           3084.8074                 23.433151                 396.10607                      8.7753615
              4       1754.8864     0.072655876       4.6094412       3513.1694      -1.6982617       -3.7297014         2.0314397       3513.1694                            3084.853                 23.433255                 396.10607                      8.7770786
              2       1755.2251     0.058210953       4.9168238       3513.8467      -1.6982617       -3.7297014         2.0314397       3513.8467                            3085.528                 23.433394                 396.10607                      8.7792729
              1       1755.9573     0.046132828       4.8408555       3515.3112      -1.6982617       -3.7297014         2.0314397       3515.3112                           3086.9848                 23.433735                 396.10607                      8.7865498
              6       1755.9322     0.046485315       4.8429998        3515.261      -1.6982617       -3.7297014         2.0314397        3515.261                           3086.9349                 23.433725                 396.10607                      8.7863161
              1       1755.0848     0.068149055       4.5392205       3513.5662      -1.6982617       -3.7297014         2.0314397       3513.5662                           3085.2473                   23.4334                 396.10607                      8.7794728
              1       1754.7253     0.074480963       4.9181961        3512.847      -1.6982617       -3.7297014         2.0314397        3512.847                           3084.5347                 23.432984                 396.10607                      8.7732482
              5       1754.7872     0.069866252       5.0274794       3512.9709      -1.6982617       -3.7297014         2.0314397       3512.9709                           3084.6584                  23.43302                 396.10607                      8.7734882
              1       1754.7814     0.070438875       5.0031563       3512.9594      -1.6982617       -3.7297014         2.0314397       3512.9594                           3084.6467                 23.433023                 396.10607                      8.7735627
              4       1755.1997     0.059386728       4.8772646       3513.7959      -1.6982617       -3.7297014         2.0314397       3513.7959                           3085.4773                 23.433389                 396.10607                      8.7791891
              1       1755.3384      0.05678385       4.8506713       3514.0734      -1.6982617       -3.7297014         2.0314397       3514.0734                           3085.7531                 23.433469                 396.10607                      8.7807064
              1       1755.3116     0.060490026       4.6586073       3514.0196      -1.6982617       -3.7297014         2.0314397       3514.0196                           3085.6988                 23.433495                 396.10607                      8.7812216
             10       1755.8909     0.046497844       4.8902489       3515.1784      -1.6982617       -3.7297014         2.0314397       3515.1784                           3086.8528                 23.433702                 396.10607                      8.7857797
              1       1755.3953     0.055945537        4.830183       3514.1871      -1.6982617       -3.7297014         2.0314397       3514.1871                           3085.8661                 23.433501                 396.10607                       8.781349
              1       1755.1553     0.057130982       5.1057939       3513.7072      -1.6982617       -3.7297014         2.0314397       3513.7072                           3085.3902                 23.433307                 396.10607                      8.7776203
              2       1755.1352      0.05727097       5.1313529       3513.6669      -1.6982617       -3.7297014         2.0314397       3513.6669                           3085.3502                 23.433288                 396.10607                      8.7772639
              6       1755.0742     0.064662044       4.7425912       3513.5449      -1.6982617       -3.7297014         2.0314397       3513.5449                            3085.227                 23.433347                 396.10607                      8.7784911
              1       1754.7734     0.074432368       4.7496585       3512.9433      -1.6982617       -3.7297014         2.0314397       3512.9433                           3084.6291                 23.433113                 396.10607                      8.7750001
              1       1754.7487     0.073578822        4.885585       3512.8939      -1.6982617       -3.7297014         2.0314397       3512.8939                           3084.5809                 23.433032                 396.10607                      8.7738359
              2       1755.0486     0.061332581       4.9956031       3513.4938      -1.6982617       -3.7297014         2.0314397       3513.4938                           3085.1775                 23.433265                 396.10607                      8.7769918
              1       1754.8923     0.065958178       5.0022926       3513.1811      -1.6982617       -3.7297014         2.0314397       3513.1811                           3084.8668                 23.433141                 396.10607                      8.7750917
              4       1754.8826     0.065561962       5.0564518       3513.1616      -1.6982617       -3.7297014         2.0314397       3513.1616                           3084.8478                 23.433113                 396.10607                      8.7746463
              2        1754.917     0.061414502       5.2993046       3513.2304      -1.6982617       -3.7297014         2.0314397       3513.2304                           3084.9177                  23.43306                 396.10607                      8.7735822
              1       1755.2028     0.054773136       5.2046399       3513.8022      -1.6982617       -3.7297014         2.0314397       3513.8022                           3085.4852                 23.433312                 396.10607                      8.7776389
              4       1755.1214     0.059896614       4.9664866       3513.6393      -1.6982617       -3.7297014         2.0314397       3513.6393                            3085.322                 23.433321                 396.10607                      8.7779431
              2       1754.9418     0.068030763       4.7655002       3513.2802      -1.6982617       -3.7297014         2.0314397       3513.2802                           3084.9639                 23.433252                 396.10607                      8.7769471
              9       1754.9068     0.062927772       5.1975816       3513.2101      -1.6982617       -3.7297014         2.0314397       3513.2101                           3084.8968                 23.433087                 396.10607                      8.7740999
              1       1755.1552     0.059426901       4.9431559       3513.7068      -1.6982617       -3.7297014         2.0314397       3513.7068                            3085.389                 23.433348                 396.10607                      8.7784176
              1       1755.6415     0.047989147       5.0850425       3514.6796      -1.6982617       -3.7297014         2.0314397       3514.6796                           3086.3572                 23.433566                 396.10607                      8.7827008
              1       1755.6419     0.047986054       5.0848216       3514.6803      -1.6982617       -3.7297014         2.0314397       3514.6803                           3086.3579                 23.433567                 396.10607                       8.782705
              1       1754.9398     0.062081411       5.1755539        3513.276      -1.6982617       -3.7297014         2.0314397        3513.276                           3084.9622                 23.433126                 396.10607                      8.7746758
              7       1754.9429      0.06140476       5.2229924       3513.2823      -1.6982617       -3.7297014         2.0314397       3513.2823                           3084.9686                 23.433113                 396.10607                      8.7744255
              1       1754.8644     0.065373329       5.1242466       3513.1253      -1.6982617       -3.7297014         2.0314397       3513.1253                           3084.8122                  23.43307                 396.10607                      8.7739807
              1       1754.7846     0.068224043       5.2028962       3512.9657      -1.6982617       -3.7297014         2.0314397       3512.9657                           3084.6545                 23.432934                 396.10607                      8.7721842
              1       1755.0282      0.06053583       5.0920362        3513.453      -1.6982617       -3.7297014         2.0314397        3513.453                           3085.1375                 23.433224                 396.10607                      8.7762464
              6       1754.9597     0.065319723       4.8981586        3513.316      -1.6982617       -3.7297014         2.0314397        3513.316                           3085.0002                 23.433228                 396.10607                      8.7764797
              1       1755.4526     0.052116913       5.0207881       3514.3017      -1.6982617       -3.7297014         2.0314397       3514.3017                            3085.981                 23.433491                 396.10607                       8.781116
              1       1755.0811     0.059716578       5.0495169       3513.5588      -1.6982617       -3.7297014         2.0314397       3513.5588                           3085.2424                 23.433273                 396.10607                      8.7770807
             12       1755.0624      0.05753844       5.2548182       3513.5214      -1.6982617       -3.7297014         2.0314397       3513.5214                           3085.2064                 23.433202                 396.10607                      8.7757436
              4       1755.5867     0.048402226       5.1260473       3514.5699      -1.6982617       -3.7297014         2.0314397       3514.5699                           3086.2483                 23.433534                 396.10607                       8.781994
              1       1755.6508     0.050357761       4.8913483       3514.6982      -1.6982617       -3.7297014         2.0314397       3514.6982                           3086.3749                 23.433605                 396.10607                      8.7835526
              4       1755.1015     0.062371104       4.8379277       3513.5994      -1.6982617       -3.7297014         2.0314397       3513.5994                           3085.2817                  23.43334                 396.10607                      8.7783418
              3       1755.7593     0.045562665       5.1309547       3514.9152      -1.6982617       -3.7297014         2.0314397       3514.9152                           3086.5919                 23.433609                 396.10607                      8.7836522
              1       1755.0803     0.061335028       4.9392097       3513.5571      -1.6982617       -3.7297014         2.0314397       3513.5571                           3085.2401                 23.433302                 396.10607                      8.7776286
              3       1755.0955     0.064154967       4.7398583       3513.5876      -1.6982617       -3.7297014         2.0314397       3513.5876                           3085.2695                  23.43336                 396.10607                      8.7787261
              4       1755.1493     0.058703356       5.0022928       3513.6951      -1.6982617       -3.7297014         2.0314397       3513.6951                           3085.3777                 23.433329                 396.10607                      8.7780702
              2       1755.1085     0.059385127       5.0239687       3513.6136      -1.6982617       -3.7297014         2.0314397       3513.6136                           3085.2967                 23.433298                 396.10607                      8.7775168
              1       1755.1865     0.057726388       5.0100068       3513.7695      -1.6982617       -3.7297014         2.0314397       3513.7695                           3085.4516                  23.43335                 396.10607                      8.7784318
              5          1755.2     0.057251558        5.021929       3513.7965      -1.6982617       -3.7297014         2.0314397       3513.7965                           3085.4785                 23.433355                 396.10607                      8.7785186
              8        1754.733     0.072352048       5.1026561       3512.8625      -1.6982617       -3.7297014         2.0314397       3512.8625                           3084.5515                 23.432897                 396.10607                      8.7719878
              2       1754.7321     0.072402925       5.1056328       3512.8608      -1.6982617       -3.7297014         2.0314397       3512.8608                           3084.5499                 23.432893                 396.10607                       8.771945
              1       1755.1133     0.065255094       4.6522923       3513.6231      -1.6982617       -3.7297014         2.0314397       3513.6231                           3085.3043                 23.433391                 396.10607                      8.7792897
              4       1755.2443     0.061020343       4.7142137       3513.8851      -1.6982617       -3.7297014         2.0314397       3513.8851                           3085.5652                 23.433449                 396.10607                      8.7803424
              2       1755.3167     0.055109394       4.9957589         3514.03      -1.6982617       -3.7297014         2.0314397         3514.03                           3085.7106                 23.433427                 396.10607                      8.7798573
              2       1755.1762     0.058370553       4.9814692        3513.749      -1.6982617       -3.7297014         2.0314397        3513.749                           3085.4311                 23.433351                 396.10607                      8.7784593
              1       1755.5813     0.048732402       5.1064821       3514.5591      -1.6982617       -3.7297014         2.0314397       3514.5591                           3086.2375                 23.433535                 396.10607                      8.7820237
              1       1755.7463     0.047145505       5.0163415       3514.8892      -1.6982617       -3.7297014         2.0314397       3514.8892                           3086.5655                 23.433624                 396.10607                      8.7839764
             11        1755.741     0.047058188       5.0301576       3514.8786      -1.6982617       -3.7297014         2.0314397       3514.8786                            3086.555                 23.433619                 396.10607                      8.7838726
              3       1755.2655     0.055022282       5.0802013       3513.9275      -1.6982617       -3.7297014         2.0314397       3513.9275                           3085.6091                  23.43338                 396.10607                      8.7789339
              2       1755.0759     0.058974182       5.1139023       3513.5483      -1.6982617       -3.7297014         2.0314397       3513.5483                           3085.2323                 23.433252                 396.10607                      8.7766825
              8       1755.3224     0.052734192       5.1664589       3514.0414      -1.6982617       -3.7297014         2.0314397       3514.0414                           3085.7228                 23.433392                 396.10607                      8.7791221
              4       1755.4865       0.0497127       5.1609898       3514.3694      -1.6982617       -3.7297014         2.0314397       3514.3694                            3086.049                 23.433479                 396.10607                      8.7808412
              5       1755.1504      0.05586152       5.2133985       3513.6973      -1.6982617       -3.7297014         2.0314397       3513.6973                            3085.381                 23.433276                 396.10607                      8.7770036
              1       1755.7424     0.045884122       5.1259216       3514.8813      -1.6982617       -3.7297014         2.0314397       3514.8813                           3086.5581                 23.433603                 396.10607                      8.7835089
              4       1755.2155     0.055607972       5.1174105       3513.8276      -1.6982617       -3.7297014         2.0314397       3513.8276                           3085.5099                 23.433342                 396.10607                      8.7782197
              1       1755.6612     0.053251667       4.6829128        3514.719      -1.6982617       -3.7297014         2.0314397        3514.719                           3086.3949                 23.433645                 396.10607                      8.7844039
              2       1755.0468     0.067667307       4.6169321       3513.4901      -1.6982617       -3.7297014         2.0314397       3513.4901                           3085.1719                  23.43336                 396.10607                      8.7787608
              1       1754.9966     0.068281429       4.6594584       3513.3898      -1.6982617       -3.7297014         2.0314397       3513.3898                           3085.0723                 23.433318                 396.10607                      8.7780473
              1       1755.3345     0.054486127       5.0146127       3514.0655      -1.6982617       -3.7297014         2.0314397       3514.0655                           3085.7461                 23.433432                 396.10607                       8.779954
             10       1755.5635     0.051353957       4.9290276       3514.5235      -1.6982617       -3.7297014         2.0314397       3514.5235                           3086.2013                 23.433561                 396.10607                      8.7825769
              1       1755.2643     0.061485879       4.6612663       3513.9252      -1.6982617       -3.7297014         2.0314397       3513.9252                           3085.6049                 23.433471                 396.10607                      8.7807537
              4        1754.853     0.068389178       4.9313544       3513.1025      -1.6982617       -3.7297014         2.0314397       3513.1025                           3084.7884                 23.433128                 396.10607                      8.7749987
              2       1754.8508     0.070945142       4.7735845       3513.0981      -1.6982617       -3.7297014         2.0314397       3513.0981                            3084.783                 23.433178                 396.10607                      8.7758438
              9       1755.2495      0.06301207       4.5953203       3513.8955      -1.6982617       -3.7297014         2.0314397       3513.8955                           3085.5751                 23.433477                 396.10607                      8.7808691
              1       1755.0303     0.067286622         4.66178       3513.4571      -1.6982617       -3.7297014         2.0314397       3513.4571                           3085.1393                 23.433339                 396.10607                      8.7783924
             13       1754.7713     0.068772954       5.2448954       3512.9392      -1.6982617       -3.7297014         2.0314397       3512.9392                           3084.6286                 23.432887                 396.10607                       8.771584
              6       1754.7779     0.068710953       5.1912414       3512.9523      -1.6982617       -3.7297014         2.0314397       3512.9523                           3084.6412                 23.432929                 396.10607                      8.7721522
              3       1754.7871     0.069708879       5.0411959       3512.9707      -1.6982617       -3.7297014         2.0314397       3512.9707                           3084.6583                 23.433014                 396.10607                      8.7733949
              4        1754.972     0.070789915       4.5661611       3513.3406      -1.6982617       -3.7297014         2.0314397       3513.3406                            3085.023                 23.433326                 396.10607                      8.7782017
              1        1754.935     0.071471733       4.5890857       3513.2666      -1.6982617       -3.7297014         2.0314397       3513.2666                           3084.9495                 23.433295                 396.10607                      8.7777059
              4       1755.6199     0.048452287        5.076566       3514.6364      -1.6982617       -3.7297014         2.0314397       3514.6364                           3086.3142                 23.433558                 396.10607                      8.7825258
              8       1755.7255     0.047790813       4.9915914       3514.8475      -1.6982617       -3.7297014         2.0314397       3514.8475                           3086.5239                 23.433619                 396.10607                       8.783874
              8       1755.7308     0.047675791       4.9939202       3514.8581      -1.6982617       -3.7297014         2.0314397       3514.8581                           3086.5345                 23.433621                 396.10607                      8.7839154
              3       1755.5819     0.056739918       4.5602353       3514.5603      -1.6982617       -3.7297014         2.0314397       3514.5603                           3086.2365                 23.433633                 396.10607                      8.7841014
              1       1754.9971     0.059293864       5.2596278       3513.3908      -1.6982617       -3.7297014         2.0314397       3513.3908                           3085.0767                 23.433149                 396.10607                      8.7749059
              4       1755.2148     0.053610412        5.278628       3513.8262      -1.6982617       -3.7297014         2.0314397       3513.8262                           3085.5094                 23.433301                 396.10607                      8.7773862
              3       1755.0092     0.063712122       4.9087349       3513.4149      -1.6982617       -3.7297014         2.0314397       3513.4149                           3085.0986                 23.433261                 396.10607                      8.7769907
              3       1755.4849     0.052875723       4.9219551       3514.3663      -1.6982617       -3.7297014         2.0314397       3514.3663                           3086.0448                 23.433526                 396.10607                      8.7818467
              1       1755.4716     0.053101246        4.923447       3514.3398      -1.6982617       -3.7297014         2.0314397       3514.3398                           3086.0185                 23.433519                 396.10607                      8.7817118
              5       1755.9171     0.045651073       4.9254156       3515.2306      -1.6982617       -3.7297014         2.0314397       3515.2306                            3086.905                 23.433707                 396.10607                      8.7858955
              4       1755.9208     0.045575754       4.9268991       3515.2382      -1.6982617       -3.7297014         2.0314397       3515.2382                           3086.9125                 23.433708                 396.10607                      8.7859248
              1       1755.1208     0.059835572       4.9716576       3513.6381      -1.6982617       -3.7297014         2.0314397       3513.6381                           3085.3208                 23.433319                 396.10607                       8.777911
              7       1755.0208     0.058284428       5.2876313       3513.4381      -1.6982617       -3.7297014         2.0314397       3513.4381                           3085.1238                 23.433159                 396.10607                      8.7750377
              2       1755.3691     0.053118244       5.0650533       3514.1347      -1.6982617       -3.7297014         2.0314397       3514.1347                           3085.8151                  23.43344                 396.10607                      8.7800803
             10        1755.768     0.050827119       4.7209021       3514.9325      -1.6982617       -3.7297014         2.0314397       3514.9325                           3086.6075                 23.433682                 396.10607                      8.7852441
              2        1755.331     0.055695652       4.9340275       3514.0585      -1.6982617       -3.7297014         2.0314397       3514.0585                           3085.7387                 23.433448                 396.10607                      8.7802757
              1       1755.3927     0.055505268        4.862678       3514.1819      -1.6982617       -3.7297014         2.0314397       3514.1819                           3085.8611                 23.433494                 396.10607                      8.7811907
              5       1754.9541     0.064807664       4.9430538       3513.3047      -1.6982617       -3.7297014         2.0314397       3513.3047                           3084.9892                 23.433211                 396.10607                      8.7761768
              1       1755.6799     0.047482537        5.075229       3514.7563      -1.6982617       -3.7297014         2.0314397       3514.7563                           3086.4335                 23.433585                 396.10607                      8.7831114
              1       1755.5211     0.051922062       4.9427446       3514.4388      -1.6982617       -3.7297014         2.0314397       3514.4388                            3086.117                 23.433539                 396.10607                      8.7821141
              3       1755.1946     0.056869378       5.0583127       3513.7857      -1.6982617       -3.7297014         2.0314397       3513.7857                            3085.468                 23.433343                 396.10607                      8.7782843
              2       1754.7453      0.07119075       5.1449845        3512.887      -1.6982617       -3.7297014         2.0314397        3512.887                           3084.5762                 23.432895                 396.10607                      8.7718886
              7       1754.7403     0.071594691       5.1389463       3512.8772      -1.6982617       -3.7297014         2.0314397       3512.8772                           3084.5664                 23.432889                 396.10607                      8.7718361
              1       1754.7558     0.070421652       5.1494934       3512.9081      -1.6982617       -3.7297014         2.0314397       3512.9081                           3084.5971                 23.432913                 396.10607                      8.7720644
              1       1754.7627     0.069326615       5.2675648        3512.922      -1.6982617       -3.7297014         2.0314397        3512.922                           3084.6118                 23.432853                 396.10607                      8.7711917
              2       1755.5392     0.048922655       5.1499096        3514.475      -1.6982617       -3.7297014         2.0314397        3514.475                            3086.154                 23.433507                 396.10607                        8.78142
              1       1754.7643     0.069189524       5.2700891       3512.9252      -1.6982617       -3.7297014         2.0314397       3512.9252                            3084.615                 23.432855                 396.10607                      8.7712059
             10        1754.753     0.070187386       5.2556027       3512.9025      -1.6982617       -3.7297014         2.0314397       3512.9025                           3084.5925                 23.432838                 396.10607                      8.7710665
              1       1754.7424     0.071219001       5.2407847       3512.8812      -1.6982617       -3.7297014         2.0314397       3512.8812                           3084.5714                  23.43282                 396.10607                      8.7709315
              4       1754.7391     0.071823263        5.271537       3512.8748      -1.6982617       -3.7297014         2.0314397       3512.8748                           3084.5655                 23.432778                 396.10607                      8.7704754
              5        1754.748     0.070943375       5.1531998       3512.8925      -1.6982617       -3.7297014         2.0314397       3512.8925                           3084.5816                 23.432896                 396.10607                      8.7718764
              1       1755.0843      0.05833369       5.1461619       3513.5651      -1.6982617       -3.7297014         2.0314397       3513.5651                           3085.2492                 23.433249                 396.10607                      8.7766062
              1       1755.3158     0.059124492       4.7335205       3514.0281      -1.6982617       -3.7297014         2.0314397       3514.0281                           3085.7076                 23.433482                 396.10607                      8.7809656
              4       1755.5328     0.057202725       4.5877457       3514.4621      -1.6982617       -3.7297014         2.0314397       3514.4621                           3086.1388                 23.433608                 396.10607                      8.7835593
              3       1755.5297     0.056917808       4.6076941        3514.456      -1.6982617       -3.7297014         2.0314397        3514.456                           3086.1329                 23.433604                 396.10607                      8.7834617
              6       1755.4412     0.059680153       4.5508102       3514.2789      -1.6982617       -3.7297014         2.0314397       3514.2789                           3085.9564                 23.433575                 396.10607                      8.7828453
              4       1755.5241     0.053553098       4.8251499       3514.4448      -1.6982617       -3.7297014         2.0314397       3514.4448                           3086.1225                 23.433562                 396.10607                      8.7826082
              1       1755.5267     0.053536595       4.8230092         3514.45      -1.6982617       -3.7297014         2.0314397         3514.45                           3086.1277                 23.433564                 396.10607                      8.7826409
              1       1755.4718     0.056160914       4.7207183       3514.3401      -1.6982617       -3.7297014         2.0314397       3514.3401                           3086.0179                 23.433558                 396.10607                      8.7825106
              3       1755.2928     0.059006951       4.7707596       3513.9821      -1.6982617       -3.7297014         2.0314397       3513.9821                            3085.662                 23.433462                 396.10607                      8.7805882
              1        1755.545     0.048699638       5.1601502       3514.4865      -1.6982617       -3.7297014         2.0314397       3514.4865                           3086.1655                 23.433508                 396.10607                      8.7814331
              3       1755.5954     0.047998329       5.1474013       3514.5874      -1.6982617       -3.7297014         2.0314397       3514.5874                           3086.2658                 23.433534                 396.10607                      8.7819891
              1        1755.594     0.048871257       5.0778995       3514.5846      -1.6982617       -3.7297014         2.0314397       3514.5846                           3086.2627                 23.433546                 396.10607                      8.7822679
              1       1754.7319     0.074415114       5.2850992       3512.8604      -1.6982617       -3.7297014         2.0314397       3512.8604                           3084.5519                 23.432692                 396.10607                      8.7697449
              5       1754.7178     0.074069712       5.1904258       3512.8322      -1.6982617       -3.7297014         2.0314397       3512.8322                           3084.5226                 23.432779                 396.10607                      8.7706995
              2       1754.7251     0.073167458       5.2088703       3512.8467      -1.6982617       -3.7297014         2.0314397       3512.8467                           3084.5371                  23.43279                 396.10607                      8.7707419
              1       1755.2808     0.056118003       4.9772474       3513.9582      -1.6982617       -3.7297014         2.0314397       3513.9582                           3085.6391                 23.433412                 396.10607                      8.7795731
              3       1755.8521     0.050906926       4.6235809       3515.1008      -1.6982617       -3.7297014         2.0314397       3515.1008                           3086.7746                 23.433728                 396.10607                      8.7863159
             14       1755.8916     0.051867342       4.5222278       3515.1798      -1.6982617       -3.7297014         2.0314397       3515.1798                            3086.853                 23.433758                 396.10607                      8.7869749
              4       1754.8432     0.068083178       4.9791562       3513.0829      -1.6982617       -3.7297014         2.0314397       3513.0829                           3084.7692                 23.433102                 396.10607                      8.7745888
              1       1755.8237     0.049059581       4.7793956       3515.0439      -1.6982617       -3.7297014         2.0314397       3515.0439                           3086.7186                 23.433694                 396.10607                      8.7855498
              1       1755.1915     0.062868282       4.6781534       3513.7795      -1.6982617       -3.7297014         2.0314397       3513.7795                             3085.46                 23.433429                 396.10607                      8.7799671
              9       1754.8984     0.065847204       4.9952125       3513.1933      -1.6982617       -3.7297014         2.0314397       3513.1933                           3084.8789                 23.433148                 396.10607                      8.7752101
             12       1754.8737       0.0665131        5.009736        3513.144      -1.6982617       -3.7297014         2.0314397        3513.144                             3084.83                 23.433121                 396.10607                      8.7748088
              2       1755.1629     0.058291017       5.0086899       3513.7223      -1.6982617       -3.7297014         2.0314397       3513.7223                           3085.4047                 23.433336                 396.10607                      8.7781856
              4       1756.1197     0.047640974       4.5581071       3515.6359      -1.6982617       -3.7297014         2.0314397       3515.6359                           3087.3072                 23.433831                 396.10607                      8.7888453
              7       1756.2135     0.045809704       4.5863469       3515.8236      -1.6982617       -3.7297014         2.0314397       3515.8236                            3087.494                 23.433858                 396.10607                      8.7895715
              6       1755.3032     0.060887147       4.6463748       3514.0029      -1.6982617       -3.7297014         2.0314397       3514.0029                           3085.6821                 23.433493                 396.10607                      8.7811887
              7        1755.258     0.058782886       4.8320967       3513.9125      -1.6982617       -3.7297014         2.0314397       3513.9125                           3085.5931                 23.433431                 396.10607                      8.7799828
              2       1755.3328     0.060593483       4.6265496       3514.0622      -1.6982617       -3.7297014         2.0314397       3514.0622                           3085.7411                 23.433511                 396.10607                      8.7815493
              4         1755.37     0.057878217       4.7402244       3514.1364      -1.6982617       -3.7297014         2.0314397       3514.1364                           3085.8154                 23.433507                 396.10607                      8.7814644
              2       1755.2136     0.057346489       4.9935613       3513.8237      -1.6982617       -3.7297014         2.0314397       3513.8237                           3085.5055                  23.43337                 396.10607                      8.7787982
              3       1755.3658     0.052930258       5.0842667       3514.1281      -1.6982617       -3.7297014         2.0314397       3514.1281                           3085.8086                 23.433434                 396.10607                      8.7799583
              2       1755.4817     0.048383377       5.2813271         3514.36      -1.6982617       -3.7297014         2.0314397         3514.36                           3086.0403                 23.433452                 396.10607                       8.780242
              1       1755.1076     0.062223389         4.83743       3513.6118      -1.6982617       -3.7297014         2.0314397       3513.6118                            3085.294                 23.433344                 396.10607                       8.778409
              4       1754.8721     0.063202621       5.2907559       3513.1407      -1.6982617       -3.7297014         2.0314397       3513.1407                           3084.8287                 23.433014                 396.10607                      8.7729824
              4       1754.7523     0.071810792       5.0171331       3512.9011      -1.6982617       -3.7297014         2.0314397       3512.9011                           3084.5891                 23.432977                 396.10607                      8.7730035
             12       1755.5755      0.05009425       5.0071283       3514.5474      -1.6982617       -3.7297014         2.0314397       3514.5474                           3086.2254                 23.433551                 396.10607                      8.7823785
              2       1755.0597     0.060185144       5.0558864       3513.5159      -1.6982617       -3.7297014         2.0314397       3513.5159                           3085.1998                 23.433257                 396.10607                      8.7768039
              3       1754.8957     0.064575035       5.0960583       3513.1879      -1.6982617       -3.7297014         2.0314397       3513.1879                           3084.8742                 23.433112                 396.10607                      8.7745804
              4       1754.7363     0.072866559       5.2921004       3512.8691      -1.6982617       -3.7297014         2.0314397       3512.8691                           3084.5602                 23.432731                 396.10607                      8.7700259
              5       1754.8703      0.07124729       4.7156392       3513.1371      -1.6982617       -3.7297014         2.0314397       3513.1371                           3084.8215                 23.433212                 396.10607                      8.7763765
              2       1754.8128     0.072420879       4.7716577       3513.0222      -1.6982617       -3.7297014         2.0314397       3513.0222                           3084.7076                 23.433144                 396.10607                      8.7753856
              1       1754.8311      0.06518951       5.2714053       3513.0587      -1.6982617       -3.7297014         2.0314397       3513.0587                           3084.7472                  23.43297                 396.10607                      8.7724712
              6       1754.8966     0.062755689       5.2442947       3513.1897      -1.6982617       -3.7297014         2.0314397       3513.1897                           3084.8769                 23.433059                 396.10607                      8.7736565
              3       1754.8312     0.067213954       5.0829318        3513.059      -1.6982617       -3.7297014         2.0314397        3513.059                           3084.7461                  23.43305                 396.10607                      8.7737756
              2       1754.7757     0.071201744       4.9643255       3512.9479      -1.6982617       -3.7297014         2.0314397       3512.9479                           3084.6351                 23.433032                 396.10607                      8.7737314
              1       1755.1201     0.059774166       4.9769863       3513.6368      -1.6982617       -3.7297014         2.0314397       3513.6368                           3085.3195                 23.433318                 396.10607                      8.7778777
              9       1755.3509     0.058867322       4.7043042       3514.0984      -1.6982617       -3.7297014         2.0314397       3514.0984                           3085.7774                 23.433505                 396.10607                      8.7814227
              3       1755.0629     0.058622434       5.1666793       3513.5223      -1.6982617       -3.7297014         2.0314397       3513.5223                           3085.2067                 23.433228                 396.10607                      8.7762446
              2        1754.993     0.062748703       5.0045714       3513.3825      -1.6982617       -3.7297014         2.0314397       3513.3825                           3085.0669                 23.433223                 396.10607                      8.7763047
              5       1754.8686     0.063804198       5.2467431       3513.1337      -1.6982617       -3.7297014         2.0314397       3513.1337                           3084.8214                 23.433028                 396.10607                      8.7732332
              5       1754.7343      0.07199674       5.2068643       3512.8652      -1.6982617       -3.7297014         2.0314397       3512.8652                           3084.5552                 23.432825                 396.10607                       8.771058
              2       1754.7722     0.068787461       5.2313813        3512.941      -1.6982617       -3.7297014         2.0314397        3512.941                           3084.6303                 23.432897                 396.10607                      8.7717177
             12       1754.8104     0.066055967       5.2932347       3513.0173      -1.6982617       -3.7297014         2.0314397       3513.0173                           3084.7064                 23.432929                 396.10607                      8.7719458
              4       1754.7133     0.074566062       5.1731132       3512.8232      -1.6982617       -3.7297014         2.0314397       3512.8232                           3084.5136                  23.43278                 396.10607                      8.7707464
              3        1754.817     0.068762118       5.0078207       3513.0306      -1.6982617       -3.7297014         2.0314397       3513.0306                           3084.7174                 23.433063                 396.10607                      8.7740533
              1       1754.7836     0.069484694       5.0767771       3512.9636      -1.6982617       -3.7297014         2.0314397       3512.9636                           3084.6515                 23.432994                 396.10607                      8.7730948
             11       1755.5726      0.04762044       5.2119556       3514.5417      -1.6982617       -3.7297014         2.0314397       3514.5417                           3086.2207                 23.433511                 396.10607                      8.7814822
              1       1755.5923     0.047954604       5.1554256       3514.5811      -1.6982617       -3.7297014         2.0314397       3514.5811                           3086.2596                 23.433531                 396.10607                      8.7819239
              3       1754.7501     0.070491658       5.2752084       3512.8967      -1.6982617       -3.7297014         2.0314397       3512.8967                            3084.587                 23.432814                 396.10607                      8.7707891
              7       1754.7714     0.068901324       5.2225125       3512.9392      -1.6982617       -3.7297014         2.0314397       3512.9392                           3084.6285                   23.4329                 396.10607                      8.7717739
              5       1754.8149     0.070020431       4.9222168       3513.0263      -1.6982617       -3.7297014         2.0314397       3513.0263                           3084.7126                 23.433093                 396.10607                      8.7745497
              1       1754.8525     0.064073432       5.2861708       3513.1016      -1.6982617       -3.7297014         2.0314397       3513.1016                           3084.7898                 23.432992                 396.10607                       8.772711
              4       1754.9733     0.060256776       5.2388605        3513.343      -1.6982617       -3.7297014         2.0314397        3513.343                           3085.0291                 23.433135                 396.10607                      8.7747252
              1       1754.7202     0.073617388       5.0556391       3512.8369      -1.6982617       -3.7297014         2.0314397       3512.8369                           3084.5258                 23.432899                 396.10607                      8.7721123
              6       1754.7055     0.074956744        5.038059       3512.8075      -1.6982617       -3.7297014         2.0314397       3512.8075                           3084.4966                 23.432878                 396.10607                      8.7719387
              8       1754.9365     0.067414816       4.8119018       3513.2696      -1.6982617       -3.7297014         2.0314397       3513.2696                           3084.9536                 23.433235                 396.10607                      8.7766555
              3       1754.8703     0.066828951       4.9959125       3513.1371      -1.6982617       -3.7297014         2.0314397       3513.1371                           3084.8231                 23.433122                 396.10607                      8.7748465
              1       1755.5356     0.057627136       4.5603637       3514.4677      -1.6982617       -3.7297014         2.0314397       3514.4677                           3086.1443                 23.433614                 396.10607                      8.7836792
              1       1754.8061     0.074325927       4.6764781       3513.0088      -1.6982617       -3.7297014         2.0314397       3513.0088                           3084.6937                 23.433169                 396.10607                      8.7758116
              1       1754.7565      0.07027676       5.1642531       3512.9094      -1.6982617       -3.7297014         2.0314397       3512.9094                           3084.5985                 23.432906                 396.10607                      8.7719571
              8       1754.7301     0.074060491       5.2745597       3512.8568      -1.6982617       -3.7297014         2.0314397       3512.8568                           3084.5481                 23.432711                 396.10607                      8.7699182
              1       1755.0485      0.05932449       5.1417826       3513.4936      -1.6982617       -3.7297014         2.0314397       3513.4936                           3085.1781                 23.433225                 396.10607                      8.7762131
              4       1755.1762     0.066585157       4.5004544       3513.7488      -1.6982617       -3.7297014         2.0314397       3513.7488                           3085.4288                 23.433458                 396.10607                      8.7805254
              7       1755.2985      0.05353145       5.1416412       3513.9936      -1.6982617       -3.7297014         2.0314397       3513.9936                           3085.6752                 23.433384                 396.10607                      8.7789893
              1       1755.4232     0.052494962       5.0337964       3514.2428      -1.6982617       -3.7297014         2.0314397       3514.2428                           3085.9225                 23.433474                 396.10607                      8.7807658
              1       1754.8617     0.067816352        4.948576       3513.1199      -1.6982617       -3.7297014         2.0314397       3513.1199                           3084.8057                  23.43313                 396.10607                      8.7750113
              2       1754.8386     0.068223567       4.9821187       3513.0737      -1.6982617       -3.7297014         2.0314397       3513.0737                             3084.76                 23.433096                 396.10607                      8.7745088
              1       1754.7186     0.073747745       5.1739508       3512.8336      -1.6982617       -3.7297014         2.0314397       3512.8336                           3084.5238                 23.432802                 396.10607                      8.7709334
              6       1754.7534     0.070158644       5.2442877       3512.9034      -1.6982617       -3.7297014         2.0314397       3512.9034                           3084.5933                 23.432847                 396.10607                      8.7711873
              6        1754.985     0.066051139       4.8059324       3513.3665      -1.6982617       -3.7297014         2.0314397       3513.3665                           3085.0499                 23.433272                 396.10607                      8.7772317
              2       1754.8793     0.064991853       5.1097504       3513.1551      -1.6982617       -3.7297014         2.0314397       3513.1551                           3084.8416                 23.433091                 396.10607                      8.7742766
             12       1754.7504      0.07043484       5.2368113       3512.8974      -1.6982617       -3.7297014         2.0314397       3512.8974                           3084.5873                 23.432845                 396.10607                      8.7711844
              2       1755.1174     0.060044251       4.9632251       3513.6312      -1.6982617       -3.7297014         2.0314397       3513.6312                           3085.3139                 23.433319                 396.10607                      8.7779148
              6       1754.7484     0.073158287       4.9191223       3512.8934      -1.6982617       -3.7297014         2.0314397       3512.8934                           3084.5807                 23.433017                 396.10607                      8.7736131
              7       1754.7167      0.07388081       5.0597491       3512.8299      -1.6982617       -3.7297014         2.0314397       3512.8299                            3084.519                 23.432889                 396.10607                      8.7720027
              8        1754.737     0.071726611        5.215697       3512.8706      -1.6982617       -3.7297014         2.0314397       3512.8706                           3084.5607                 23.432825                 396.10607                      8.7710425
              1       1754.7464     0.070988762       5.1670932       3512.8893      -1.6982617       -3.7297014         2.0314397       3512.8893                           3084.5786                 23.432884                 396.10607                      8.7717246
              2       1754.7397     0.071539572       5.1618232        3512.876      -1.6982617       -3.7297014         2.0314397        3512.876                           3084.5654                 23.432873                 396.10607                      8.7716238
              3       1755.4292     0.054030434       4.9146119       3514.2549      -1.6982617       -3.7297014         2.0314397       3514.2549                            3085.934                 23.433501                 396.10607                      8.7813334
              2       1755.0034     0.065174225       4.8269311       3513.4034      -1.6982617       -3.7297014         2.0314397       3513.4034                           3085.0867                 23.433279                 396.10607                      8.7773336
              5       1755.1826     0.065147035       4.5658763       3513.7616      -1.6982617       -3.7297014         2.0314397       3513.7616                           3085.4418                 23.433448                 396.10607                      8.7803332
              5       1755.3575     0.055764289       4.8925694       3514.1115      -1.6982617       -3.7297014         2.0314397       3514.1115                           3085.7913                  23.43347                 396.10607                      8.7807186
              2       1755.6534     0.047847917         5.08062       3514.7034      -1.6982617       -3.7297014         2.0314397       3514.7034                           3086.3809                 23.433573                 396.10607                      8.7828339
              2       1755.0368     0.061206644       5.0267286         3513.47      -1.6982617       -3.7297014         2.0314397         3513.47                            3085.154                 23.433248                 396.10607                       8.776695
              4       1754.8715     0.068963388       4.8494631       3513.1396      -1.6982617       -3.7297014         2.0314397       3513.1396                           3084.8247                 23.433172                 396.10607                        8.77569
              1       1755.0527     0.067461273        4.619373       3513.5019      -1.6982617       -3.7297014         2.0314397       3513.5019                           3085.1836                 23.433363                 396.10607                      8.7788106
              3       1754.9123       0.0718967         4.60443       3513.2212      -1.6982617       -3.7297014         2.0314397       3513.2212                           3084.9045                 23.433275                 396.10607                      8.7773891
              5       1755.2606     0.062961604       4.5842737       3513.9178      -1.6982617       -3.7297014         2.0314397       3513.9178                           3085.5972                 23.433484                 396.10607                      8.7810193
              4       1755.0157     0.066327055       4.7381889       3513.4279      -1.6982617       -3.7297014         2.0314397       3513.4279                           3085.1106                 23.433311                 396.10607                      8.7778896
              4        1754.842     0.066165318       5.1329225       3513.0805      -1.6982617       -3.7297014         2.0314397       3513.0805                           3084.7678                 23.433043                 396.10607                       8.773605
              4       1754.8408     0.065387951       5.2073539        3513.078      -1.6982617       -3.7297014         2.0314397        3513.078                           3084.7659                 23.433011                 396.10607                      8.7730827
              3       1754.7332     0.072526114       5.0728263       3512.8629      -1.6982617       -3.7297014         2.0314397       3512.8629                           3084.5517                 23.432915                 396.10607                      8.7722371
              1       1755.6136     0.051934652       4.8256344       3514.6236      -1.6982617       -3.7297014         2.0314397       3514.6236                           3086.3005                 23.433601                 396.10607                      8.7834498
              2       1755.6369     0.054508306         4.63189       3514.6703      -1.6982617       -3.7297014         2.0314397       3514.6703                           3086.3462                 23.433644                 396.10607                      8.7843573
              1       1755.4912     0.055657642       4.7287047        3514.379      -1.6982617       -3.7297014         2.0314397        3514.379                           3086.0567                 23.433565                 396.10607                       8.782664
              2       1754.9752      0.06469377       4.9087713       3513.3469      -1.6982617       -3.7297014         2.0314397       3513.3469                            3085.031                 23.433237                 396.10607                      8.7766026
              4       1754.8589      0.07417879       4.5798896       3513.1144      -1.6982617       -3.7297014         2.0314397       3513.1144                           3084.7982                 23.433243                 396.10607                      8.7769101
              1       1754.8619     0.066274314       5.0602217       3513.1204      -1.6982617       -3.7297014         2.0314397       3513.1204                           3084.8069                 23.433092                 396.10607                      8.7743478
              5       1755.0083     0.062307381        5.004809       3513.4131      -1.6982617       -3.7297014         2.0314397       3513.4131                           3085.0973                 23.433234                 396.10607                      8.7764821
              6       1754.7273      0.07333269       5.2411795       3512.8511      -1.6982617       -3.7297014         2.0314397       3512.8511                           3084.5419                 23.432759                 396.10607                      8.7703958
              1        1754.904     0.066116966       4.9632358       3513.2044      -1.6982617       -3.7297014         2.0314397       3513.2044                           3084.8897                 23.433164                 396.10607                      8.7754615
              5       1754.7387     0.074981189       4.8209801        3512.874      -1.6982617       -3.7297014         2.0314397        3512.874                           3084.5608                 23.433046                 396.10607                      8.7740975
              1       1754.7515      0.07035732       5.2262501       3512.8996      -1.6982617       -3.7297014         2.0314397       3512.8996                           3084.5894                 23.432856                 396.10607                      8.7713111
              3       1754.7923     0.067823736       5.1988231       3512.9811      -1.6982617       -3.7297014         2.0314397       3512.9811                           3084.6698                 23.432948                 396.10607                      8.7723531
              1       1754.9596     0.062529694       5.0919535       3513.3158      -1.6982617       -3.7297014         2.0314397       3513.3158                           3085.0011                  23.43317                 396.10607                      8.7754206
              3       1754.9013     0.066453698       4.9462828       3513.1992      -1.6982617       -3.7297014         2.0314397       3513.1992                           3084.8844                 23.433167                 396.10607                      8.7755233
             10       1754.8761     0.068348066        4.878406       3513.1488      -1.6982617       -3.7297014         2.0314397       3513.1488                            3084.834                 23.433167                 396.10607                      8.7755887
              2       1755.2636       0.0552508       5.0661963       3513.9237      -1.6982617       -3.7297014         2.0314397       3513.9237                           3085.6052                 23.433382                 396.10607                      8.7789805
              4       1755.2648     0.058387715       4.8478088       3513.9262      -1.6982617       -3.7297014         2.0314397       3513.9262                           3085.6067                 23.433431                 396.10607                      8.7799838
              1       1755.2424     0.058709302       4.8588241       3513.8814      -1.6982617       -3.7297014         2.0314397       3513.8814                           3085.5622                 23.433417                 396.10607                      8.7797091
              1       1755.8017     0.045121232       5.1132173       3514.9998      -1.6982617       -3.7297014         2.0314397       3514.9998                            3086.676                  23.43363                 396.10607                      8.7841262
              1       1755.6925     0.049733605       4.8855989       3514.7815      -1.6982617       -3.7297014         2.0314397       3514.7815                           3086.4578                 23.433624                 396.10607                      8.7839644
              1       1754.8565      0.06547309       5.1417502       3513.1094      -1.6982617       -3.7297014         2.0314397       3513.1094                           3084.7966                 23.433055                 396.10607                      8.7737558
              1       1754.9441     0.062781673        5.109628       3513.2847      -1.6982617       -3.7297014         2.0314397       3513.2847                           3084.9704                 23.433151                 396.10607                      8.7751246
              8       1754.9504     0.065352044       4.9144981       3513.2974      -1.6982617       -3.7297014         2.0314397       3513.2974                           3084.9818                 23.433216                 396.10607                      8.7762854
              1       1755.3083     0.059803468       4.7026366       3514.0131      -1.6982617       -3.7297014         2.0314397       3514.0131                           3085.6925                 23.433484                 396.10607                      8.7810158
              4       1755.7534     0.053106245       4.5908542       3514.9034      -1.6982617       -3.7297014         2.0314397       3514.9034                           3086.5781                 23.433696                 396.10607                       8.785543
              2       1755.0365     0.064091912       4.8369942       3513.4694      -1.6982617       -3.7297014         2.0314397       3513.4694                           3085.1524                 23.433299                 396.10607                       8.777647
             10       1755.0679     0.064974014       4.7341473       3513.5324      -1.6982617       -3.7297014         2.0314397       3513.5324                           3085.2145                 23.433345                 396.10607                      8.7784631
              4       1755.5219     0.054159766       4.7876043       3514.4403      -1.6982617       -3.7297014         2.0314397       3514.4403                           3086.1179                 23.433568                 396.10607                      8.7827309
              7       1755.2819     0.057551463       4.8782917       3513.9603      -1.6982617       -3.7297014         2.0314397       3513.9603                           3085.6407                 23.433434                 396.10607                      8.7800233
              7       1755.1276     0.062272915       4.8037065       3513.6518      -1.6982617       -3.7297014         2.0314397       3513.6518                           3085.3336                 23.433364                 396.10607                      8.7787733
              9        1755.155     0.063842917       4.6727645       3513.7065      -1.6982617       -3.7297014         2.0314397       3513.7065                           3085.3874                  23.43341                 396.10607                      8.7796244
              6       1754.9361     0.062138904       5.1806023       3513.2687      -1.6982617       -3.7297014         2.0314397       3513.2687                           3084.9549                 23.433121                 396.10607                      8.7745974
              1       1754.9619     0.061105945       5.1976417       3513.3203      -1.6982617       -3.7297014         2.0314397       3513.3203                           3085.0063                 23.433138                 396.10607                      8.7748284
              1       1754.7666     0.071057499       5.0143712       3512.9297      -1.6982617       -3.7297014         2.0314397       3512.9297                           3084.6174                 23.432999                 396.10607                      8.7732562
              1       1754.7434     0.072038727       5.0484074       3512.8833      -1.6982617       -3.7297014         2.0314397       3512.8833                           3084.5716                 23.432947                 396.10607                      8.7726192
              3       1754.8217     0.073606219       4.6827365         3513.04      -1.6982617       -3.7297014         2.0314397         3513.04                           3084.7248                 23.433181                 396.10607                      8.7759686
              1       1754.8125     0.073808502       4.6913755       3513.0215      -1.6982617       -3.7297014         2.0314397       3513.0215                           3084.7065                  23.43317                 396.10607                      8.7758116
              2       1754.8442     0.073416994       4.6472559       3513.0849      -1.6982617       -3.7297014         2.0314397       3513.0849                           3084.7692                 23.433211                 396.10607                      8.7764144
              2       1755.0398     0.063168482       4.8892988       3513.4762      -1.6982617       -3.7297014         2.0314397       3513.4762                           3085.1594                 23.433288                 396.10607                       8.777429
              4       1755.6106     0.055974335        4.573306       3514.6177      -1.6982617       -3.7297014         2.0314397       3514.6177                           3086.2937                 23.433643                 396.10607                      8.7843175
              2       1755.7207     0.049271309       4.8850857        3514.838      -1.6982617       -3.7297014         2.0314397        3514.838                           3086.5141                 23.433636                 396.10607                      8.7842304
              2        1754.956     0.064616473       4.9519113       3513.3086      -1.6982617       -3.7297014         2.0314397       3513.3086                           3084.9931                  23.43321                 396.10607                      8.7761523
              1       1755.0502     0.057987751       5.2445951       3513.4969      -1.6982617       -3.7297014         2.0314397       3513.4969                           3085.1819                 23.433196                 396.10607                      8.7756538
              1       1755.3785     0.051987458       5.1384451       3514.1535      -1.6982617       -3.7297014         2.0314397       3514.1535                           3085.8342                 23.433429                 396.10607                      8.7798399
              1       1755.7872     0.045490639       5.1004053        3514.971      -1.6982617       -3.7297014         2.0314397        3514.971                           3086.6472                 23.433626                 396.10607                      8.7840387
              1       1755.9703     0.046670124       4.7858149       3515.3372      -1.6982617       -3.7297014         2.0314397       3515.3372                           3087.0105                 23.433748                 396.10607                      8.7868482
              2       1755.3738     0.054370611       4.9665716       3514.1441      -1.6982617       -3.7297014         2.0314397       3514.1441                            3085.824                 23.433463                 396.10607                      8.7805637
              5       1755.1992     0.056014999       5.1140494       3513.7949      -1.6982617       -3.7297014         2.0314397       3513.7949                           3085.4775                 23.433333                 396.10607                      8.7780596
              6       1754.8437     0.070285945       4.8299884       3513.0838      -1.6982617       -3.7297014         2.0314397       3513.0838                           3084.7692                 23.433153                 396.10607                      8.7754524
              5       1754.7549      0.07089151       5.0964887       3512.9064      -1.6982617       -3.7297014         2.0314397       3512.9064                           3084.5949                 23.432941                 396.10607                      8.7724643
              6        1754.726     0.073292322       5.0377258       3512.8486      -1.6982617       -3.7297014         2.0314397       3512.8486                           3084.5372                 23.432922                 396.10607                      8.7723773
              2       1754.9605     0.068645765       4.6979214       3513.3176      -1.6982617       -3.7297014         2.0314397       3513.3176                           3085.0007                 23.433284                 396.10607                      8.7774804
              1       1755.2942      0.05665856       4.9204426        3513.985      -1.6982617       -3.7297014         2.0314397        3513.985                           3085.6655                 23.433431                 396.10607                      8.7799636
              6       1755.5531     0.053318483       4.8052872       3514.5026      -1.6982617       -3.7297014         2.0314397       3514.5026                             3086.18                 23.433579                 396.10607                      8.7829577
              2       1755.7302     0.051677536        4.707008       3514.8569      -1.6982617       -3.7297014         2.0314397       3514.8569                           3086.5322                 23.433669                 396.10607                      8.7849483
              3        1755.024     0.064873039       4.8101145       3513.4446      -1.6982617       -3.7297014         2.0314397       3513.4446                           3085.1276                 23.433298                 396.10607                      8.7776412
              9       1754.7153     0.074152249       5.0299759       3512.8272      -1.6982617       -3.7297014         2.0314397       3512.8272                            3084.516                 23.432905                 396.10607                      8.7722236
             13       1755.1869     0.055453836       5.1788016       3513.7704      -1.6982617       -3.7297014         2.0314397       3513.7704                           3085.4534                 23.433309                 396.10607                      8.7775958
              4       1755.4311     0.053881597       4.9225046       3514.2587      -1.6982617       -3.7297014         2.0314397       3514.2587                           3085.9378                   23.4335                 396.10607                      8.7813189
              2       1755.2569     0.055929804       5.0270011       3513.9102      -1.6982617       -3.7297014         2.0314397       3513.9102                           3085.5917                 23.433387                 396.10607                      8.7790949
              1       1755.3991     0.054088391       4.9513797       3514.1947      -1.6982617       -3.7297014         2.0314397       3514.1947                           3085.8743                 23.433479                 396.10607                      8.7808818
              3       1755.3156      0.05621694        4.920005       3514.0278      -1.6982617       -3.7297014         2.0314397       3514.0278                           3085.7081                 23.433443                 396.10607                      8.7801822
              1       1755.3893     0.055102784       4.8943755        3514.175      -1.6982617       -3.7297014         2.0314397        3514.175                           3085.8545                 23.433485                 396.10607                      8.7810253
              4       1755.2096     0.062996287       4.6470625       3513.8156      -1.6982617       -3.7297014         2.0314397       3513.8156                           3085.4958                 23.433445                 396.10607                      8.7802736
              1       1755.1132     0.062630973       4.8038462       3513.6228      -1.6982617       -3.7297014         2.0314397       3513.6228                           3085.3048                 23.433356                 396.10607                      8.7786218
              1       1754.8257     0.070359192       4.8695624        3513.048      -1.6982617       -3.7297014         2.0314397        3513.048                           3084.7338                 23.433123                 396.10607                      8.7750018
              6       1754.7926     0.067706678       5.2103586       3512.9818      -1.6982617       -3.7297014         2.0314397       3512.9818                           3084.6705                 23.432943                 396.10607                      8.7722707
              4       1755.1863     0.054546028       5.2533361       3513.7691      -1.6982617       -3.7297014         2.0314397       3513.7691                           3085.4526                 23.433289                 396.10607                      8.7771982
              3       1755.5165     0.049446529       5.1392621       3514.4296      -1.6982617       -3.7297014         2.0314397       3514.4296                           3086.1088                 23.433498                 396.10607                      8.7812401
              9       1755.4285      0.05081814       5.1566694       3514.2534      -1.6982617       -3.7297014         2.0314397       3514.2534                           3085.9336                 23.433451                 396.10607                        8.78027
              7       1755.6122     0.047500291       5.1658021        3514.621      -1.6982617       -3.7297014         2.0314397        3514.621                           3086.2993                 23.433538                 396.10607                      8.7820768
              1       1755.8335     0.050880948       4.6452094       3515.0636      -1.6982617       -3.7297014         2.0314397       3515.0636                           3086.7377                 23.433718                 396.10607                      8.7860817
              2       1755.2711     0.060359027       4.7178541       3513.9387      -1.6982617       -3.7297014         2.0314397       3513.9387                           3085.6186                 23.433462                 396.10607                      8.7805916
              3        1755.633     0.051007756       4.8667344       3514.6625      -1.6982617       -3.7297014         2.0314397       3514.6625                           3086.3393                 23.433602                 396.10607                      8.7834771
              5       1755.8727      0.04841333       4.7695329        3515.142      -1.6982617       -3.7297014         2.0314397        3515.142                           3086.8162                 23.433714                 396.10607                       8.786026
              7        1754.843     0.073059542       4.6690045       3513.0825      -1.6982617       -3.7297014         2.0314397       3513.0825                            3084.767                 23.433204                 396.10607                      8.7762919
              3       1754.9578     0.061448628       5.1801823       3513.3122      -1.6982617       -3.7297014         2.0314397       3513.3122                           3084.9981                  23.43314                 396.10607                      8.7748813
              2        1755.027      0.06031861        5.110744       3513.4506      -1.6982617       -3.7297014         2.0314397       3513.4506                           3085.1351                 23.433218                 396.10607                      8.7761293
              1       1754.7268      0.07497949       5.2629784       3512.8501      -1.6982617       -3.7297014         2.0314397       3512.8501                           3084.5415                 23.432694                 396.10607                      8.7698266
              6       1754.7289     0.072818155       5.0761159       3512.8544      -1.6982617       -3.7297014         2.0314397       3512.8544                           3084.5433                 23.432905                 396.10607                      8.7721245
              3       1755.1499     0.055935941       5.2083726       3513.6963      -1.6982617       -3.7297014         2.0314397       3513.6963                           3085.3799                 23.433277                 396.10607                      8.7770248
              6       1755.0987     0.061066544       4.9259564       3513.5939      -1.6982617       -3.7297014         2.0314397       3513.5939                           3085.2766                 23.433317                 396.10607                      8.7778937
              3       1754.8167      0.07138505        4.826449       3513.0299      -1.6982617       -3.7297014         2.0314397       3513.0299                           3084.7155                 23.433129                 396.10607                      8.7751295
              3       1754.8839     0.063977593       5.1787441       3513.1644      -1.6982617       -3.7297014         2.0314397       3513.1644                           3084.8514                 23.433071                 396.10607                      8.7739047
              3       1754.8805     0.072697559       4.6176526       3513.1576      -1.6982617       -3.7297014         2.0314397       3513.1576                           3084.8413                 23.433248                 396.10607                      8.7769741
              1       1755.0275     0.063798182       4.8707084       3513.4514      -1.6982617       -3.7297014         2.0314397       3513.4514                           3085.1347                 23.433284                 396.10607                      8.7773842
             14       1756.0973     0.048864542       4.5012162       3515.5912      -1.6982617       -3.7297014         2.0314397       3515.5912                           3087.2625                 23.433831                 396.10607                      8.7888125
              2       1754.7961     0.070726367       4.9291143       3512.9887      -1.6982617       -3.7297014         2.0314397       3512.9887                           3084.6753                 23.433071                 396.10607                      8.7742487
              2       1754.8073     0.070546527       4.9075756       3513.0112      -1.6982617       -3.7297014         2.0314397       3513.0112                           3084.6975                 23.433091                 396.10607                      8.7745341
              5       1754.7498     0.070998219       5.1247899       3512.8962      -1.6982617       -3.7297014         2.0314397       3512.8962                            3084.585                 23.432916                 396.10607                      8.7721466
              3       1755.1068     0.056264197       5.2665687       3513.6101      -1.6982617       -3.7297014         2.0314397       3513.6101                           3085.2946                 23.433232                 396.10607                      8.7762075
              1       1755.4352     0.053399723       4.9509139        3514.267      -1.6982617       -3.7297014         2.0314397        3514.267                           3085.9462                 23.433497                 396.10607                      8.7812414
              2        1755.783     0.045796756       5.0799344       3514.9626      -1.6982617       -3.7297014         2.0314397       3514.9626                           3086.6388                 23.433628                 396.10607                      8.7840788
              1       1754.7799     0.073711425       4.7764919       3512.9563      -1.6982617       -3.7297014         2.0314397       3512.9563                           3084.6422                  23.43311                 396.10607                      8.7749338
             13       1754.7719     0.073905445       4.7866019       3512.9403      -1.6982617       -3.7297014         2.0314397       3512.9403                           3084.6264                 23.433098                 396.10607                      8.7747687
              2       1754.9811     0.068642093       4.6643658       3513.3588      -1.6982617       -3.7297014         2.0314397       3513.3588                           3085.0416                 23.433307                 396.10607                      8.7778595
              2       1755.2403     0.052888421       5.2933335       3513.8771      -1.6982617       -3.7297014         2.0314397       3513.8771                           3085.5601                 23.433313                 396.10607                      8.7775936
              9       1754.7406     0.073632384        4.915288       3512.8776      -1.6982617       -3.7297014         2.0314397       3512.8776                            3084.565                 23.433008                 396.10607                      8.7735158
             10        1754.796     0.069304961        5.039463       3512.9885      -1.6982617       -3.7297014         2.0314397       3512.9885                           3084.6759                 23.433026                 396.10607                      8.7735416
              4       1754.8998     0.073688979       4.5348573       3513.1961      -1.6982617       -3.7297014         2.0314397       3513.1961                           3084.8792                 23.433285                 396.10607                      8.7775692
              3       1755.1759     0.061015371       4.8092753       3513.7484      -1.6982617       -3.7297014         2.0314397       3513.7484                           3085.4297                 23.433391                 396.10607                      8.7792484
              1       1755.0154       0.0643146       4.8592705       3513.4273      -1.6982617       -3.7297014         2.0314397       3513.4273                           3085.1107                 23.433279                 396.10607                      8.7773074
              3       1755.0885     0.056788945       5.2610144       3513.5736      -1.6982617       -3.7297014         2.0314397       3513.5736                           3085.2583                  23.43322                 396.10607                      8.7760221
              1       1755.5573     0.051687469       4.9128536       3514.5112      -1.6982617       -3.7297014         2.0314397       3514.5112                            3086.189                 23.433561                 396.10607                      8.7825819
              1       1755.1902     0.060015193       4.8510285       3513.7769      -1.6982617       -3.7297014         2.0314397       3513.7769                           3085.4582                  23.43339                 396.10607                      8.7792086
              3       1755.5982     0.056844868        4.536593        3514.593      -1.6982617       -3.7297014         2.0314397        3514.593                           3086.2689                 23.433644                 396.10607                      8.7843283
              1       1755.5102     0.057896331       4.5731797        3514.417      -1.6982617       -3.7297014         2.0314397        3514.417                           3086.0939                 23.433601                 396.10607                      8.7834029
              5        1755.822      0.05014483       4.7064562       3515.0406      -1.6982617       -3.7297014         2.0314397       3515.0406                            3086.715                 23.433705                 396.10607                      8.7857794
              1       1755.1508     0.061560533       4.8127249        3513.698      -1.6982617       -3.7297014         2.0314397        3513.698                           3085.3796                 23.433376                 396.10607                      8.7789731
              6       1754.9645     0.069696555       4.6344522       3513.3254      -1.6982617       -3.7297014         2.0314397       3513.3254                           3085.0082                 23.433303                 396.10607                      8.7778168
              7       1755.0483     0.059116336       5.1584136       3513.4931      -1.6982617       -3.7297014         2.0314397       3513.4931                           3085.1776                  23.43322                 396.10607                      8.7761176
              2       1755.3883     0.054190061       4.9591565       3514.1731      -1.6982617       -3.7297014         2.0314397       3514.1731                           3085.8528                 23.433472                 396.10607                      8.7807408
              4       1755.1543     0.060007946       4.9059002       3513.7052      -1.6982617       -3.7297014         2.0314397       3513.7052                           3085.3871                 23.433356                 396.10607                      8.7785835
              2       1754.9554     0.070557281       4.6036785       3513.3074      -1.6982617       -3.7297014         2.0314397       3513.3074                           3084.9902                 23.433305                 396.10607                      8.7778592
              1       1754.9188     0.069770552       4.7075899       3513.2341      -1.6982617       -3.7297014         2.0314397       3513.2341                           3084.9178                 23.433252                 396.10607                      8.7769714
              5       1755.2006     0.064388018       4.5829124       3513.7978      -1.6982617       -3.7297014         2.0314397       3513.7978                           3085.4778                 23.433454                 396.10607                      8.7804426
              4       1754.8012     0.073621817       4.7279843       3512.9989      -1.6982617       -3.7297014         2.0314397       3512.9989                           3084.6842                 23.433148                 396.10607                      8.7754769
              4       1755.0913     0.063942062       4.7586797       3513.5791      -1.6982617       -3.7297014         2.0314397       3513.5791                           3085.2611                 23.433353                 396.10607                       8.778598
              3       1755.1419     0.063536629       4.7083473       3513.6803      -1.6982617       -3.7297014         2.0314397       3513.6803                           3085.3614                 23.433395                 396.10607                      8.7793404
              3       1754.7057     0.074959356       5.1040387        3512.808      -1.6982617       -3.7297014         2.0314397        3512.808                           3084.4978                 23.432825                 396.10607                      8.7713057
              3        1754.707     0.074809947       5.1055429       3512.8105      -1.6982617       -3.7297014         2.0314397       3512.8105                           3084.5002                 23.432828                 396.10607                      8.7713276
              1       1754.7509     0.070633674       5.1709383       3512.8983      -1.6982617       -3.7297014         2.0314397       3512.8983                           3084.5875                 23.432891                 396.10607                      8.7717863
              1       1755.6373     0.055497259        4.572238       3514.6711      -1.6982617       -3.7297014         2.0314397       3514.6711                           3086.3468                 23.433654                 396.10607                      8.7845623
              6       1755.2814     0.056401532       4.9566949       3513.9593      -1.6982617       -3.7297014         2.0314397       3513.9593                           3085.6401                 23.433417                 396.10607                      8.7796711
              3       1755.4027     0.053053929       5.0211424        3514.202      -1.6982617       -3.7297014         2.0314397        3514.202                           3085.8818                 23.433466                 396.10607                      8.7806161
              1       1755.4047     0.053045137        5.019012       3514.2059      -1.6982617       -3.7297014         2.0314397       3514.2059                           3085.8857                 23.433468                 396.10607                      8.7806452
              3       1754.8136     0.067483218       5.1265331       3513.0236      -1.6982617       -3.7297014         2.0314397       3513.0236                           3084.7113                 23.433011                 396.10607                      8.7732217
              5       1754.8465     0.068678964       4.9284641       3513.0894      -1.6982617       -3.7297014         2.0314397       3513.0894                           3084.7753                 23.433123                 396.10607                      8.7749305
              2        1754.733     0.072259028        5.120245       3512.8626      -1.6982617       -3.7297014         2.0314397       3512.8626                           3084.5518                 23.432885                 396.10607                      8.7718393
              2       1754.7478     0.071337146       5.0975527       3512.8922      -1.6982617       -3.7297014         2.0314397       3512.8922                           3084.5808                 23.432928                 396.10607                      8.7723242
              1       1754.7963     0.067448838       5.2170562       3512.9891      -1.6982617       -3.7297014         2.0314397       3512.9891                           3084.6778                 23.432945                 396.10607                      8.7722841
              2       1754.9584     0.062451875       5.1007948       3513.3132      -1.6982617       -3.7297014         2.0314397       3513.3132                           3084.9986                 23.433166                 396.10607                      8.7753536
              3       1754.9188     0.068519832       4.7795704        3513.234      -1.6982617       -3.7297014         2.0314397        3513.234                           3084.9181                 23.433231                 396.10607                      8.7766147
              7       1755.1637      0.06030182       4.8723894       3513.7239      -1.6982617       -3.7297014         2.0314397       3513.7239                           3085.4056                 23.433369                 396.10607                      8.7788373
              8       1754.7305     0.072537413        5.104698       3512.8575      -1.6982617       -3.7297014         2.0314397       3512.8575                           3084.5466                  23.43289                 396.10607                      8.7719178
              1       1754.9886     0.063509058       4.9611858       3513.3737      -1.6982617       -3.7297014         2.0314397       3513.3737                           3085.0579                 23.433232                 396.10607                      8.7764841
              1       1755.3128     0.051592883       5.2764727       3514.0222      -1.6982617       -3.7297014         2.0314397       3514.0222                           3085.7043                 23.433361                 396.10607                      8.7784778
              5       1755.4006     0.050298901       5.2425769       3514.1978      -1.6982617       -3.7297014         2.0314397       3514.1978                           3085.8787                 23.433418                 396.10607                        8.77958
              3       1755.2193     0.055021951       5.1561711       3513.8351      -1.6982617       -3.7297014         2.0314397       3513.8351                           3085.5176                 23.433335                 396.10607                      8.7780671
              2       1755.2742     0.055796361       5.0100723       3513.9449      -1.6982617       -3.7297014         2.0314397       3513.9449                            3085.626                 23.433401                 396.10607                      8.7793541
             18       1756.0747     0.046746353       4.6661884       3515.5459      -1.6982617       -3.7297014         2.0314397       3515.5459                           3087.2179                 23.433802                 396.10607                       8.788142
              3       1755.5065     0.055567706       4.7160204       3514.4096      -1.6982617       -3.7297014         2.0314397       3514.4096                           3086.0871                 23.433574                 396.10607                      8.7828553
              7        1755.457      0.05640094       4.7236637       3514.3106      -1.6982617       -3.7297014         2.0314397       3514.3106                           3085.9886                 23.433551                 396.10607                      8.7823604
              3       1754.9122     0.066985942       4.8873215       3513.2209      -1.6982617       -3.7297014         2.0314397       3513.2209                           3084.9057                 23.433194                 396.10607                      8.7759774
              2       1755.1084     0.059968088       4.9835934       3513.6133      -1.6982617       -3.7297014         2.0314397       3513.6133                           3085.2962                 23.433308                 396.10607                      8.7777173
              1       1755.3043     0.057033437       4.8810897       3514.0051      -1.6982617       -3.7297014         2.0314397       3514.0051                           3085.6853                 23.433445                 396.10607                      8.7802367
              6       1755.1505     0.061917311       4.7913563       3513.6974      -1.6982617       -3.7297014         2.0314397       3513.6974                           3085.3789                 23.433381                 396.10607                      8.7790658
              4       1754.9417     0.070844792       4.6106697         3513.28      -1.6982617       -3.7297014         2.0314397         3513.28                           3084.9629                 23.433294                 396.10607                      8.7776799
             14       1754.9147      0.07193953       4.5982565        3513.226      -1.6982617       -3.7297014         2.0314397        3513.226                           3084.9092                 23.433279                 396.10607                      8.7774438
              7       1754.8132     0.067143762       5.1594592       3513.0229      -1.6982617       -3.7297014         2.0314397       3513.0229                           3084.7109                 23.432996                 396.10607                      8.7729877
              2        1755.171     0.059265778       4.9289473       3513.7385      -1.6982617       -3.7297014         2.0314397       3513.7385                           3085.4204                  23.43336                 396.10607                       8.778652
              1       1755.1038     0.063896517       4.7425612       3513.6042      -1.6982617       -3.7297014         2.0314397       3513.6042                           3085.2859                 23.433365                 396.10607                      8.7788006
              1       1754.9711     0.066652768       4.7944453       3513.3387      -1.6982617       -3.7297014         2.0314397       3513.3387                           3085.0222                 23.433266                 396.10607                      8.7771328
              2       1754.9757     0.067311299       4.7477596       3513.3479      -1.6982617       -3.7297014         2.0314397       3513.3479                           3085.0312                 23.433281                 396.10607                      8.7774105
              4       1755.1452     0.065202672         4.61157       3513.6869      -1.6982617       -3.7297014         2.0314397       3513.6869                           3085.3676                 23.433418                 396.10607                      8.7797803
              1       1755.3816     0.053152361       5.0441512       3514.1598      -1.6982617       -3.7297014         2.0314397       3514.1598                             3085.84                 23.433451                 396.10607                      8.7803014
             15       1755.6349     0.049562442       4.9702477       3514.6663      -1.6982617       -3.7297014         2.0314397       3514.6663                           3086.3435                 23.433585                 396.10607                      8.7830973
              1       1755.7421     0.048449871        4.920234       3514.8807      -1.6982617       -3.7297014         2.0314397       3514.8807                           3086.5567                 23.433638                 396.10607                      8.7842989
             16       1754.9499     0.070178595       4.6323791       3513.2963      -1.6982617       -3.7297014         2.0314397       3513.2963                           3084.9793                 23.433294                 396.10607                      8.7776689
              1       1754.9072      0.06990799       4.7210095       3513.2109      -1.6982617       -3.7297014         2.0314397       3513.2109                           3084.8948                 23.433239                 396.10607                      8.7767743
             11       1755.0091     0.064450214       4.8617907       3513.4148      -1.6982617       -3.7297014         2.0314397       3513.4148                           3085.0982                 23.433274                 396.10607                       8.777225
              5       1755.0455     0.063775319       4.8414646       3513.4875      -1.6982617       -3.7297014         2.0314397       3513.4875                           3085.1704                 23.433304                 396.10607                      8.7777236
              3       1754.7443      0.07223856       5.0214213       3512.8851      -1.6982617       -3.7297014         2.0314397       3512.8851                           3084.5732                 23.432962                 396.10607                      8.7728356
              2       1754.9076     0.065717601       4.9823836       3513.2117      -1.6982617       -3.7297014         2.0314397       3513.2117                           3084.8971                 23.433161                 396.10607                      8.7753981
              4       1754.9135      0.06793227       4.8251868       3513.2235      -1.6982617       -3.7297014         2.0314397       3513.2235                           3084.9079                 23.433214                 396.10607                      8.7763205
              4       1755.0521     0.059787316       5.0996518       3513.5008      -1.6982617       -3.7297014         2.0314397       3513.5008                            3085.185                 23.433239                 396.10607                      8.7764839
              1       1755.0181      0.06024619       5.1349095       3513.4328      -1.6982617       -3.7297014         2.0314397       3513.4328                           3085.1176                 23.433204                 396.10607                      8.7758897
              3        1754.984      0.06065919       5.1796072       3513.3644      -1.6982617       -3.7297014         2.0314397       3513.3644                             3085.05                 23.433163                 396.10607                      8.7752152
              3       1755.1889     0.062799155       4.6855367       3513.7743      -1.6982617       -3.7297014         2.0314397       3513.7743                           3085.4549                 23.433426                 396.10607                      8.7799109
              3       1755.1939     0.063693711       4.6290231       3513.7843      -1.6982617       -3.7297014         2.0314397       3513.7843                           3085.4646                 23.433441                 396.10607                      8.7801926
              4       1754.7615     0.073838305       4.8223364       3512.9195      -1.6982617       -3.7297014         2.0314397       3512.9195                           3084.6059                 23.433073                 396.10607                      8.7744147
              1       1755.0003     0.062693843       4.9938159       3513.3971      -1.6982617       -3.7297014         2.0314397       3513.3971                           3085.0813                 23.433231                 396.10607                      8.7764474
              1        1755.238     0.058250619       4.8950746       3513.8726      -1.6982617       -3.7297014         2.0314397       3513.8726                           3085.5536                 23.433407                 396.10607                      8.7795039
              4        1755.222     0.058954388       4.8725157       3513.8404      -1.6982617       -3.7297014         2.0314397       3513.8404                           3085.5215                 23.433403                 396.10607                      8.7794395
              1       1754.9603     0.068299837       4.7176489       3513.3171      -1.6982617       -3.7297014         2.0314397       3513.3171                           3085.0004                 23.433279                 396.10607                      8.7773843
              3       1755.0731     0.065619064       4.6898461       3513.5427      -1.6982617       -3.7297014         2.0314397       3513.5427                           3085.2245                 23.433359                 396.10607                      8.7787145
              1       1755.0149     0.068428706       4.6237057       3513.4262      -1.6982617       -3.7297014         2.0314397       3513.4262                           3085.1084                 23.433339                 396.10607                       8.778399
              1       1755.0182     0.058829642       5.2478388       3513.4328      -1.6982617       -3.7297014         2.0314397       3513.4328                           3085.1183                  23.43317                 396.10607                       8.775241
              3       1755.3151     0.052831758       5.1703535       3514.0268      -1.6982617       -3.7297014         2.0314397       3514.0268                           3085.7083                 23.433387                 396.10607                      8.7790263
              3       1755.2296     0.054195515        5.203913       3513.8557      -1.6982617       -3.7297014         2.0314397       3513.8557                           3085.5384                 23.433329                 396.10607                      8.7779381
              3       1755.2473     0.053883396       5.1985514        3513.891      -1.6982617       -3.7297014         2.0314397        3513.891                           3085.5735                 23.433341                 396.10607                      8.7781586
              1        1755.855     0.046698426       4.9174921       3515.1065      -1.6982617       -3.7297014         2.0314397       3515.1065                           3086.7814                 23.433684                 396.10607                      8.7853544
              2       1755.6419     0.051111706       4.8484735       3514.6804      -1.6982617       -3.7297014         2.0314397       3514.6804                            3086.357                 23.433609                 396.10607                      8.7836302
              4       1755.7766     0.049787769       4.7822561       3514.9496      -1.6982617       -3.7297014         2.0314397       3514.9496                           3086.6248                 23.433675                 396.10607                      8.7851117
              1       1755.1197     0.060959382       4.8985819        3513.636      -1.6982617       -3.7297014         2.0314397        3513.636                           3085.3183                 23.433337                 396.10607                      8.7782514
              2       1755.0487     0.062776652       4.8990869        3513.494      -1.6982617       -3.7297014         2.0314397        3513.494                           3085.1771                 23.433291                 396.10607                      8.7774792
              3       1755.1875      0.06196485       4.7356325       3513.7716      -1.6982617       -3.7297014         2.0314397       3513.7716                           3085.4524                 23.433414                 396.10607                      8.7796862
              6        1755.508     0.049127846       5.1779996       3514.4124      -1.6982617       -3.7297014         2.0314397       3514.4124                           3086.0919                 23.433486                 396.10607                       8.780982
              6       1755.3824     0.061523128       4.5176851       3514.1614      -1.6982617       -3.7297014         2.0314397       3514.1614                           3085.8393                 23.433555                 396.10607                      8.7824174
              2       1755.0002     0.063250651       4.9560554       3513.3969      -1.6982617       -3.7297014         2.0314397       3513.3969                            3085.081                 23.433242                 396.10607                      8.7766448
              1       1754.9386     0.066987842       4.8340354       3513.2737      -1.6982617       -3.7297014         2.0314397       3513.2737                           3084.9579                 23.433231                 396.10607                      8.7765665
              2       1754.8059     0.068073703       5.1054952       3513.0083      -1.6982617       -3.7297014         2.0314397       3513.0083                            3084.696                  23.43301                 396.10607                       8.773248
              2       1754.7112     0.074888782         4.97109       3512.8189      -1.6982617       -3.7297014         2.0314397       3512.8189                           3084.5073                 23.432933                 396.10607                      8.7726109
              3       1754.8119     0.070344403       4.9082527       3513.0204      -1.6982617       -3.7297014         2.0314397       3513.0204                           3084.7066                 23.433095                 396.10607                      8.7745928
              5       1754.7483     0.072311483       4.9918293       3512.8931      -1.6982617       -3.7297014         2.0314397       3512.8931                           3084.5809                 23.432983                 396.10607                      8.7731156
              7       1754.9502     0.069647126       4.6603417       3513.2968      -1.6982617       -3.7297014         2.0314397       3513.2968                           3084.9799                 23.433287                 396.10607                      8.7775429
              2       1755.2393     0.061921613       4.6687905        3513.875      -1.6982617       -3.7297014         2.0314397        3513.875                            3085.555                 23.433456                 396.10607                      8.7804782
             10       1755.2359     0.062404576       4.6458835       3513.8684      -1.6982617       -3.7297014         2.0314397       3513.8684                           3085.5483                 23.433459                 396.10607                      8.7805373
              1       1754.8338     0.065819561       5.1954538       3513.0641      -1.6982617       -3.7297014         2.0314397       3513.0641                            3084.752                 23.433007                 396.10607                      8.7730584
              2       1755.7265     0.050854356        4.766316       3514.8495      -1.6982617       -3.7297014         2.0314397       3514.8495                            3086.525                 23.433658                 396.10607                      8.7847094
              4       1755.8632     0.046117543       4.9531896        3515.123      -1.6982617       -3.7297014         2.0314397        3515.123                           3086.7979                 23.433681                 396.10607                      8.7853025
              1       1754.8617     0.069305256        4.849966         3513.12      -1.6982617       -3.7297014         2.0314397         3513.12                           3084.8052                 23.433163                 396.10607                      8.7755666
              3       1754.7292     0.072499023       5.1475272       3512.8549      -1.6982617       -3.7297014         2.0314397       3512.8549                           3084.5444                 23.432857                 396.10607                      8.7715055
              3       1754.8565     0.073209241       4.6346577       3513.1096      -1.6982617       -3.7297014         2.0314397       3513.1096                           3084.7937                 23.433225                 396.10607                      8.7766193
             10       1755.3925     0.056463213       4.8002809       3514.1814      -1.6982617       -3.7297014         2.0314397       3514.1814                           3085.8604                 23.433506                 396.10607                      8.7814425
              1       1755.6468      0.05275305       4.7314814       3514.6901      -1.6982617       -3.7297014         2.0314397       3514.6901                           3086.3663                 23.433631                 396.10607                      8.7841013
              1       1755.3855     0.056404722        4.813088       3514.1674      -1.6982617       -3.7297014         2.0314397       3514.1674                           3085.8466                   23.4335                 396.10607                      8.7813225
              3       1755.7623     0.045000066       5.1760731       3514.9212      -1.6982617       -3.7297014         2.0314397       3514.9212                            3086.598                 23.433603                 396.10607                      8.7834993
              4       1755.0344      0.05951863       5.1562714       3513.4654      -1.6982617       -3.7297014         2.0314397       3513.4654                           3085.1501                  23.43321                 396.10607                       8.775965
              5       1754.9783     0.068248784       4.6905619       3513.3531      -1.6982617       -3.7297014         2.0314397       3513.3531                            3085.036                 23.433298                 396.10607                      8.7777079
              3       1755.0933      0.05938151       5.0513757       3513.5831      -1.6982617       -3.7297014         2.0314397       3513.5831                           3085.2666                 23.433281                 396.10607                      8.7772082
              3       1755.2985      0.05287863       5.1935554       3513.9936      -1.6982617       -3.7297014         2.0314397       3513.9936                           3085.6754                 23.433372                 396.10607                      8.7787367
              1       1755.4854     0.048439499       5.2706713       3514.3674      -1.6982617       -3.7297014         2.0314397       3514.3674                           3086.0476                 23.433456                 396.10607                      8.7803296
              1       1755.1294     0.065321715       4.6263913       3513.6554      -1.6982617       -3.7297014         2.0314397       3513.6554                           3085.3363                 23.433406                 396.10607                      8.7795615
              1       1755.1199      0.06549988       4.6298432       3513.6363      -1.6982617       -3.7297014         2.0314397       3513.6363                           3085.3173                   23.4334                 396.10607                      8.7794503
              2       1755.0949     0.065699795       4.6537584       3513.5864      -1.6982617       -3.7297014         2.0314397       3513.5864                           3085.2678                  23.43338                 396.10607                      8.7790967
              3       1755.2234     0.062245838       4.6710388       3513.8434      -1.6982617       -3.7297014         2.0314397       3513.8434                           3085.5235                 23.433447                 396.10607                      8.7803134
              1       1754.9016     0.072107721       4.6117021       3513.1997      -1.6982617       -3.7297014         2.0314397       3513.1997                           3084.8831                 23.433266                 396.10607                      8.7772364
              8       1755.9574     0.045664161        4.876779       3515.3114      -1.6982617       -3.7297014         2.0314397       3515.3114                           3086.9852                 23.433729                 396.10607                      8.7864296
              1       1755.6737     0.049460306       4.9288959       3514.7439      -1.6982617       -3.7297014         2.0314397       3514.7439                           3086.4206                 23.433609                 396.10607                      8.7836255
              3       1755.6928     0.048024008       5.0148915       3514.7822      -1.6982617       -3.7297014         2.0314397       3514.7822                            3086.459                 23.433601                 396.10607                      8.7834747
              2       1755.6803     0.047827667        5.046745       3514.7571      -1.6982617       -3.7297014         2.0314397       3514.7571                           3086.4342                  23.43359                 396.10607                       8.783229
              4       1755.6825     0.047783349       5.0474345       3514.7615      -1.6982617       -3.7297014         2.0314397       3514.7615                           3086.4386                 23.433591                 396.10607                      8.7832472
              4       1755.7411     0.046420308       5.0823046       3514.8788      -1.6982617       -3.7297014         2.0314397       3514.8788                           3086.5554                  23.43361                 396.10607                      8.7836704
              2       1755.2473     0.053379696       5.2395396       3513.8911      -1.6982617       -3.7297014         2.0314397       3513.8911                           3085.5738                 23.433331                 396.10607                      8.7779507
             10       1755.3409     0.054854108       4.9789031       3514.0783      -1.6982617       -3.7297014         2.0314397       3514.0783                           3085.7586                 23.433443                 396.10607                      8.7801784
              2       1755.3395      0.05449262       5.0068933       3514.0755      -1.6982617       -3.7297014         2.0314397       3514.0755                           3085.7559                 23.433437                 396.10607                      8.7800393
              2       1754.7072     0.074729723       5.0870563       3512.8109      -1.6982617       -3.7297014         2.0314397       3512.8109                           3084.5005                 23.432845                 396.10607                      8.7715233
             10        1754.729     0.073746877       5.2644311       3512.8546      -1.6982617       -3.7297014         2.0314397       3512.8546                           3084.5457                 23.432728                 396.10607                      8.7700822
              2       1755.2486     0.064490871       4.5184138       3513.8938      -1.6982617       -3.7297014         2.0314397       3513.8938                           3085.5731                 23.433492                 396.10607                      8.7811542
             12       1755.4785     0.059530681       4.5175568       3514.3534      -1.6982617       -3.7297014         2.0314397       3514.3534                           3086.0305                 23.433597                 396.10607                      8.7833039
              7       1754.8938     0.064528975       5.1049469       3513.1841      -1.6982617       -3.7297014         2.0314397       3513.1841                           3084.8704                 23.433107                 396.10607                      8.7745008
              5        1754.788      0.07386244       4.7459624       3512.9726      -1.6982617       -3.7297014         2.0314397       3512.9726                           3084.6581                 23.433129                 396.10607                      8.7752115
              2       1755.0888     0.067102129       4.5874269       3513.5742      -1.6982617       -3.7297014         2.0314397       3513.5742                           3085.2554                 23.433392                 396.10607                      8.7793145
              1        1754.942     0.071551778        4.574015       3513.2804      -1.6982617       -3.7297014         2.0314397       3513.2804                           3084.9632                 23.433304                 396.10607                      8.7778479
              2       1754.7766     0.073509782       4.7984937       3512.9497      -1.6982617       -3.7297014         2.0314397       3512.9497                           3084.6357                 23.433099                 396.10607                      8.7747632
              1       1754.7764      0.07350574       4.7992992       3512.9493      -1.6982617       -3.7297014         2.0314397       3512.9493                           3084.6354                 23.433098                 396.10607                      8.7747557
              3       1754.8208     0.072934603       4.7227351       3513.0382      -1.6982617       -3.7297014         2.0314397       3513.0382                           3084.7232                 23.433168                 396.10607                      8.7757489
              7       1754.7922     0.073563092       4.7533314        3512.981      -1.6982617       -3.7297014         2.0314397        3512.981                           3084.6666                 23.433131                 396.10607                      8.7752249
              2       1754.8067     0.067829834        5.124209       3513.0099      -1.6982617       -3.7297014         2.0314397       3513.0099                           3084.6977                 23.433003                 396.10607                      8.7731312
              3       1754.8066      0.06787211        5.120624       3513.0098      -1.6982617       -3.7297014         2.0314397       3513.0098                           3084.6976                 23.433005                 396.10607                       8.773155
              3       1754.9338     0.063746657       5.0619347       3513.2642      -1.6982617       -3.7297014         2.0314397       3513.2642                           3084.9496                 23.433158                 396.10607                      8.7752714
              2       1755.0004     0.064102104       4.8997209       3513.3973      -1.6982617       -3.7297014         2.0314397       3513.3973                            3085.081                 23.433258                 396.10607                      8.7769366
              3       1755.8723      0.04856496       4.7592208       3515.1412      -1.6982617       -3.7297014         2.0314397       3515.1412                           3086.8154                 23.433715                 396.10607                      8.7860569
              2       1755.0701     0.068950819       4.5189948       3513.5366      -1.6982617       -3.7297014         2.0314397       3513.5366                           3085.2178                 23.433397                 396.10607                      8.7794069
              1       1754.9554     0.071813373       4.5401978       3513.3073      -1.6982617       -3.7297014         2.0314397       3513.3073                           3084.9898                 23.433321                 396.10607                      8.7781403
              3       1755.0519     0.069139712       4.5341786       3513.5003      -1.6982617       -3.7297014         2.0314397       3513.5003                           3085.1817                 23.433383                 396.10607                      8.7791619
              3       1754.7565     0.073221805       4.8826079       3512.9095      -1.6982617       -3.7297014         2.0314397       3512.9095                           3084.5964                 23.433043                 396.10607                       8.773971
              1       1755.0554     0.065306516       4.7342163       3513.5073      -1.6982617       -3.7297014         2.0314397       3513.5073                           3085.1896                 23.433337                 396.10607                      8.7783312
              1       1755.0201     0.068204294       4.6277329       3513.4367      -1.6982617       -3.7297014         2.0314397       3513.4367                           3085.1189                 23.433341                 396.10607                      8.7784366
              3       1755.2432      0.06336934       4.5838764        3513.883      -1.6982617       -3.7297014         2.0314397        3513.883                           3085.5626                 23.433476                 396.10607                      8.7808525
              4       1755.5852     0.048774809       5.0976931       3514.5669      -1.6982617       -3.7297014         2.0314397       3514.5669                           3086.2452                 23.433539                 396.10607                      8.7820989
              2       1755.2126     0.061308034       4.7398696       3513.8217      -1.6982617       -3.7297014         2.0314397       3513.8217                           3085.5023                 23.433427                 396.10607                      8.7799202
              1       1756.0075     0.046995497       4.7210569       3515.4114      -1.6982617       -3.7297014         2.0314397       3515.4114                           3087.0842                  23.43377                 396.10607                      8.7873837
              2       1755.7836     0.053865552       4.5137055       3514.9636      -1.6982617       -3.7297014         2.0314397       3514.9636                           3086.6378                  23.43372                 396.10607                      8.7860534
              3       1755.3427      0.05421006       5.0227708       3514.0819      -1.6982617       -3.7297014         2.0314397       3514.0819                           3085.7624                 23.433435                 396.10607                      8.7800006
              3       1755.8085     0.045065478       5.1090815       3515.0135      -1.6982617       -3.7297014         2.0314397       3515.0135                           3086.6896                 23.433634                 396.10607                       8.784207
             10       1755.7394     0.045499365       5.1631143       3514.8754      -1.6982617       -3.7297014         2.0314397       3514.8754                           3086.5524                 23.433595                 396.10607                      8.7833305
              4       1755.1687     0.057567178       5.0507416       3513.7339      -1.6982617       -3.7297014         2.0314397       3513.7339                           3085.4164                 23.433329                 396.10607                       8.778042
              6       1754.7425      0.07361799       4.9078842       3512.8815      -1.6982617       -3.7297014         2.0314397       3512.8815                           3084.5688                 23.433014                 396.10607                      8.7735958
              1       1754.7696     0.071857011       4.9364441       3512.9357      -1.6982617       -3.7297014         2.0314397       3512.9357                           3084.6228                 23.433037                 396.10607                      8.7738211
              4       1754.8272     0.070236922       4.8736936        3513.051      -1.6982617       -3.7297014         2.0314397        3513.051                           3084.7368                 23.433123                 396.10607                      8.7749975
              4       1754.7532     0.070285753       5.2061917        3512.903      -1.6982617       -3.7297014         2.0314397        3512.903                           3084.5925                 23.432873                 396.10607                      8.7715324
             11       1755.3159     0.059060967       4.7372258       3514.0283      -1.6982617       -3.7297014         2.0314397       3514.0283                           3085.7078                 23.433481                 396.10607                      8.7809519
              2       1755.3415     0.061701207       4.5552474       3514.0795      -1.6982617       -3.7297014         2.0314397       3514.0795                            3085.758                 23.433529                 396.10607                      8.7818985
              2       1755.3508     0.061600681       4.5497505       3514.0982      -1.6982617       -3.7297014         2.0314397       3514.0982                           3085.7766                 23.433535                 396.10607                      8.7820062
              6       1754.8241     0.066009931       5.2200626       3513.0448      -1.6982617       -3.7297014         2.0314397       3513.0448                            3084.733                 23.432984                 396.10607                      8.7727319
              5       1754.7162     0.074212621       5.1821171       3512.8289      -1.6982617       -3.7297014         2.0314397       3512.8289                           3084.5193                 23.432782                 396.10607                      8.7707447
              2         1754.72     0.073561699       5.1760707       3512.8366      -1.6982617       -3.7297014         2.0314397       3512.8366                           3084.5268                 23.432805                 396.10607                      8.7709584
             17       1754.7174     0.073689066       5.1346131       3512.8313      -1.6982617       -3.7297014         2.0314397       3512.8313                            3084.521                 23.432835                 396.10607                      8.7713245
              1       1754.7371     0.071708169       5.2064444       3512.8707      -1.6982617       -3.7297014         2.0314397       3512.8707                           3084.5607                 23.432833                 396.10607                       8.771138
              1       1755.1515     0.059145626       4.9681481       3513.6995      -1.6982617       -3.7297014         2.0314397       3513.6995                           3085.3818                 23.433339                 396.10607                      8.7782591
              4       1755.1514     0.058070277       5.0437154       3513.6992      -1.6982617       -3.7297014         2.0314397       3513.6992                            3085.382                  23.43332                 396.10607                      8.7778884
              2       1755.3669     0.059537293       4.6454052       3514.1304      -1.6982617       -3.7297014         2.0314397       3514.1304                            3085.809                 23.433524                 396.10607                      8.7818028
              1       1755.5239     0.057845824       4.5608752       3514.4443      -1.6982617       -3.7297014         2.0314397       3514.4443                            3086.121                 23.433609                 396.10607                      8.7835708
              5        1755.423     0.060449968       4.5293402       3514.2425      -1.6982617       -3.7297014         2.0314397       3514.2425                           3085.9201                 23.433571                 396.10607                      8.7827527
              4       1755.9589     0.045224128       4.9096008       3515.3144      -1.6982617       -3.7297014         2.0314397       3515.3144                           3086.9883                 23.433725                 396.10607                      8.7863317
             12       1755.3043     0.054065483       5.0913397       3514.0052      -1.6982617       -3.7297014         2.0314397       3514.0052                           3085.6865                 23.433399                 396.10607                      8.7792895
             13       1755.2414     0.060457859       4.7514236       3513.8793      -1.6982617       -3.7297014         2.0314397       3513.8793                           3085.5596                  23.43344                 396.10607                      8.7801592
              1       1755.3979     0.059493928       4.6110043       3514.1923      -1.6982617       -3.7297014         2.0314397       3514.1923                           3085.8705                 23.433545                 396.10607                      8.7822238
              1       1755.1607     0.064143878        4.648263        3513.718      -1.6982617       -3.7297014         2.0314397        3513.718                           3085.3987                 23.433419                 396.10607                      8.7797842
              3       1755.0968     0.061822321       4.8798985       3513.5902      -1.6982617       -3.7297014         2.0314397       3513.5902                           3085.2727                 23.433327                 396.10607                      8.7780949
              1       1755.2162     0.056716435       5.0343139       3513.8288      -1.6982617       -3.7297014         2.0314397       3513.8288                           3085.5108                 23.433362                 396.10607                       8.778631
              1       1755.9639     0.046490239       4.8064566       3515.3243      -1.6982617       -3.7297014         2.0314397       3515.3243                           3086.9977                 23.433742                 396.10607                      8.7867221
              1        1755.987     0.050639417       4.5007797       3515.3705      -1.6982617       -3.7297014         2.0314397       3515.3705                           3087.0428                 23.433794                 396.10607                      8.7878652
              2       1754.9306     0.069609729       4.6956941       3513.2576      -1.6982617       -3.7297014         2.0314397       3513.2576                           3084.9412                 23.433263                 396.10607                      8.7771604
              3       1755.1829     0.060515246       4.8302052       3513.7623      -1.6982617       -3.7297014         2.0314397       3513.7623                           3085.4436                  23.43339                 396.10607                      8.7792268
              3       1754.9774     0.064775697       4.8992333       3513.3513      -1.6982617       -3.7297014         2.0314397       3513.3513                           3085.0353                 23.433241                 396.10607                      8.7766776
              4       1754.9979     0.060708654       5.1436545       3513.3923      -1.6982617       -3.7297014         2.0314397       3513.3923                           3085.0775                 23.433185                 396.10607                      8.7755952
              3       1755.0902     0.057595148       5.1920462        3513.577      -1.6982617       -3.7297014         2.0314397        3513.577                           3085.2612                 23.433241                 396.10607                      8.7764259
              1       1755.0896     0.057637807       5.1898409       3513.5758      -1.6982617       -3.7297014         2.0314397       3513.5758                           3085.2601                 23.433241                 396.10607                      8.7764312
              2       1754.8598     0.063860349       5.2763343        3513.116      -1.6982617       -3.7297014         2.0314397        3513.116                           3084.8041                 23.433005                 396.10607                      8.7728937
              3        1754.728     0.072919518       5.0709446       3512.8525      -1.6982617       -3.7297014         2.0314397       3512.8525                           3084.5414                 23.432906                 396.10607                      8.7721485
              1       1754.7307     0.072697672       5.0744498       3512.8579      -1.6982617       -3.7297014         2.0314397       3512.8579                           3084.5467                 23.432909                 396.10607                      8.7721736
              6       1754.8734      0.06818107       4.8954476       3513.1434      -1.6982617       -3.7297014         2.0314397       3513.1434                           3084.8287                 23.433159                 396.10607                      8.7754607
              3        1754.896     0.065542759       5.0228674       3513.1885      -1.6982617       -3.7297014         2.0314397       3513.1885                           3084.8743                 23.433137                 396.10607                      8.7750194
              4       1755.1736     0.058504821       4.9764755       3513.7437      -1.6982617       -3.7297014         2.0314397       3513.7437                           3085.4258                 23.433351                 396.10607                      8.7784546
              4       1755.6032     0.047199159       5.2043579        3514.603      -1.6982617       -3.7297014         2.0314397        3514.603                           3086.2816                 23.433526                 396.10607                      8.7818215
              5       1754.7957     0.070308043        4.961327       3512.9879      -1.6982617       -3.7297014         2.0314397       3512.9879                           3084.6747                 23.433058                 396.10607                      8.7740424
             10       1754.7373     0.072616773       5.0271103       3512.8712      -1.6982617       -3.7297014         2.0314397       3512.8712                           3084.5595                 23.432948                 396.10607                      8.7726702
              5       1755.1454     0.056311316       5.1869286       3513.6873      -1.6982617       -3.7297014         2.0314397       3513.6873                           3085.3709                  23.43328                 396.10607                      8.7770875
              1       1755.2247     0.059504028       4.8333528        3513.846      -1.6982617       -3.7297014         2.0314397        3513.846                           3085.5268                 23.433413                 396.10607                      8.7796404
              3       1754.8381     0.069332157       4.9058467       3513.0727      -1.6982617       -3.7297014         2.0314397       3513.0727                           3084.7585                 23.433123                 396.10607                      8.7749528
              1       1754.8573     0.067074388       5.0133009       3513.1111      -1.6982617       -3.7297014         2.0314397       3513.1111                           3084.7973                 23.433104                 396.10607                      8.7745712
              3       1755.3132     0.057100094       4.8643194       3514.0229      -1.6982617       -3.7297014         2.0314397       3514.0229                            3085.703                 23.433453                 396.10607                       8.780398
              1        1754.904     0.068532456       4.8076705       3513.2044      -1.6982617       -3.7297014         2.0314397       3513.2044                           3084.8889                 23.433211                 396.10607                      8.7762994
              5       1754.8374     0.069431506       4.9009106       3513.0713      -1.6982617       -3.7297014         2.0314397       3513.0713                           3084.7572                 23.433124                 396.10607                      8.7749727
              2       1755.1481     0.057267334       5.1084171       3513.6926      -1.6982617       -3.7297014         2.0314397       3513.6926                           3085.3757                 23.433302                 396.10607                      8.7775263
              2       1754.9486     0.060358105       5.2975413       3513.2937      -1.6982617       -3.7297014         2.0314397       3513.2937                           3084.9805                 23.433092                 396.10607                      8.7740327
              1       1755.3682     0.053515119        5.036677       3514.1329      -1.6982617       -3.7297014         2.0314397       3514.1329                           3085.8132                 23.433445                 396.10607                      8.7801982
              5       1754.8026     0.074107836       4.6966094       3513.0017      -1.6982617       -3.7297014         2.0314397       3513.0017                           3084.6869                  23.43316                 396.10607                       8.775663
              1       1754.9296      0.06178379       5.2280545       3513.2557      -1.6982617       -3.7297014         2.0314397       3513.2557                           3084.9423                 23.433098                 396.10607                      8.7742169
             10       1755.3823     0.052669718       5.0796519       3514.1611      -1.6982617       -3.7297014         2.0314397       3514.1611                           3085.8415                 23.433443                 396.10607                      8.7801485
              1       1755.8223     0.047935145       4.8624474       3515.0411      -1.6982617       -3.7297014         2.0314397       3515.0411                           3086.7161                  23.43368                 396.10607                      8.7852494
              1       1755.5007     0.052895373       4.8999035        3514.398      -1.6982617       -3.7297014         2.0314397        3514.398                           3086.0763                 23.433538                 396.10607                      8.7820894
              2       1755.4669     0.051580462       5.0412525       3514.3304      -1.6982617       -3.7297014         2.0314397       3514.3304                           3086.0097                 23.433494                 396.10607                      8.7811706
              7       1755.3568       0.0511929       5.2373705       3514.1101      -1.6982617       -3.7297014         2.0314397       3514.1101                           3085.7915                 23.433395                 396.10607                      8.7791425
              3       1755.3773     0.052052473       5.1350691       3514.1512      -1.6982617       -3.7297014         2.0314397       3514.1512                           3085.8319                 23.433429                 396.10607                      8.7798436
              3       1754.9302     0.068587789       4.7542834       3513.2569      -1.6982617       -3.7297014         2.0314397       3513.2569                           3084.9407                 23.433247                 396.10607                      8.7768706
              6       1754.8141     0.072842187       4.7434195       3513.0248      -1.6982617       -3.7297014         2.0314397       3513.0248                             3084.71                 23.433155                 396.10607                      8.7755555
              4       1754.8124     0.072582087       4.7630613       3513.0212      -1.6982617       -3.7297014         2.0314397       3513.0212                           3084.7066                 23.433147                 396.10607                      8.7754268
              1       1754.7485     0.073995506       4.8554777       3512.8935      -1.6982617       -3.7297014         2.0314397       3512.8935                           3084.5804                 23.433044                 396.10607                      8.7740251
              8       1755.2723     0.055697015       5.0200586       3513.9411      -1.6982617       -3.7297014         2.0314397       3513.9411                           3085.6223                 23.433397                 396.10607                      8.7792885
              4         1754.75     0.071544614       5.0577619       3512.8964      -1.6982617       -3.7297014         2.0314397       3512.8964                           3084.5848                 23.432953                 396.10607                       8.772667
              2       1754.9656     0.061120933       5.1872461       3513.3276      -1.6982617       -3.7297014         2.0314397       3513.3276                           3085.0135                 23.433145                 396.10607                      8.7749375
              3       1755.0404     0.058830985       5.1974933       3513.4774      -1.6982617       -3.7297014         2.0314397       3513.4774                           3085.1623                 23.433202                 396.10607                      8.7758049
              1       1755.3087     0.055270789       4.9959981        3514.014      -1.6982617       -3.7297014         2.0314397        3514.014                           3085.6947                 23.433423                 396.10607                      8.7797744
              1       1754.7988     0.072254466       4.8174846       3512.9942      -1.6982617       -3.7297014         2.0314397       3512.9942                           3084.6801                 23.433115                 396.10607                      8.7749488
              1       1755.1995     0.056298377       5.0923358       3513.7954      -1.6982617       -3.7297014         2.0314397       3513.7954                           3085.4778                 23.433338                 396.10607                      8.7781701
              1       1755.6134     0.050886273       4.8996885       3514.6232      -1.6982617       -3.7297014         2.0314397       3514.6232                           3086.3004                 23.433588                 396.10607                       8.783167
              5       1755.8037     0.045687557       5.0624903       3515.0039      -1.6982617       -3.7297014         2.0314397       3515.0039                           3086.6799                  23.43364                 396.10607                       8.784341
              4       1756.0491     0.045493353       4.7853336       3515.4947      -1.6982617       -3.7297014         2.0314397       3515.4947                           3087.1673                 23.433776                 396.10607                      8.7875501
              1       1755.3916     0.057027265        4.765566       3514.1798      -1.6982617       -3.7297014         2.0314397       3514.1798                           3085.8587                 23.433512                 396.10607                      8.7815738
              4        1755.185     0.059230757       4.9096875       3513.7664      -1.6982617       -3.7297014         2.0314397       3513.7664                           3085.4481                 23.433373                 396.10607                      8.7788883
              1       1755.3571     0.056042561       4.8743981       3514.1108      -1.6982617       -3.7297014         2.0314397       3514.1108                           3085.7904                 23.433474                 396.10607                      8.7807918
              2       1755.3544     0.056603542       4.8410954       3514.1052      -1.6982617       -3.7297014         2.0314397       3514.1052                           3085.7848                 23.433479                 396.10607                      8.7809035
              4       1754.9377     0.063927246       5.0396973       3513.2719      -1.6982617       -3.7297014         2.0314397       3513.2719                           3084.9572                 23.433168                 396.10607                      8.7754469
              9       1755.4101     0.058291226        4.666049       3514.2167      -1.6982617       -3.7297014         2.0314397       3514.2167                           3085.8949                  23.43354                 396.10607                      8.7821337
              3       1755.0581     0.057896932          5.2346       3513.5128      -1.6982617       -3.7297014         2.0314397       3513.5128                           3085.1977                 23.433205                 396.10607                      8.7758077
              2       1755.0782      0.05830896       5.1601159       3513.5529      -1.6982617       -3.7297014         2.0314397       3513.5529                           3085.2372                 23.433241                 396.10607                      8.7764605
              2       1754.8881     0.064736972       5.1046056       3513.1727      -1.6982617       -3.7297014         2.0314397       3513.1727                           3084.8591                 23.433102                 396.10607                      8.7744268
              2       1754.8819     0.065018409       5.1001439       3513.1603      -1.6982617       -3.7297014         2.0314397       3513.1603                           3084.8467                 23.433097                 396.10607                      8.7743709
              4       1755.5228     0.049214654       5.1493733        3514.442      -1.6982617       -3.7297014         2.0314397        3514.442                           3086.1212                 23.433499                 396.10607                      8.7812582
              1       1755.6432     0.048868266       5.0128205        3514.683      -1.6982617       -3.7297014         2.0314397        3514.683                           3086.3603                  23.43358                 396.10607                      8.7830086
              1       1755.6688     0.048437368       5.0132848       3514.7342      -1.6982617       -3.7297014         2.0314397       3514.7342                           3086.4113                 23.433591                 396.10607                      8.7832516
              8       1756.1209      0.04724469       4.5834341       3515.6383      -1.6982617       -3.7297014         2.0314397       3515.6383                           3087.3096                 23.433828                 396.10607                      8.7887838
              2       1755.1556     0.065786182       4.5670821       3513.7077      -1.6982617       -3.7297014         2.0314397       3513.7077                           3085.3882                 23.433434                 396.10607                      8.7800636
              4       1754.8707     0.067625423       4.9392022       3513.1379      -1.6982617       -3.7297014         2.0314397       3513.1379                           3084.8235                 23.433142                 396.10607                      8.7751801
              2       1754.7618        0.069377       5.2817226       3512.9201      -1.6982617       -3.7297014         2.0314397       3512.9201                           3084.6101                 23.432841                 396.10607                      8.7710348
              5        1754.744       0.0711045       5.2589667       3512.8844      -1.6982617       -3.7297014         2.0314397       3512.8844                           3084.5748                 23.432809                 396.10607                      8.7707839
              1       1755.0993     0.065155884       4.6774944       3513.5952      -1.6982617       -3.7297014         2.0314397       3513.5952                           3085.2767                 23.433377                 396.10607                      8.7790393
              8       1754.8193     0.074822757       4.6216553       3513.0352      -1.6982617       -3.7297014         2.0314397       3513.0352                           3084.7197                 23.433198                 396.10607                      8.7762502
              2       1754.8224     0.074038632        4.657451       3513.0414      -1.6982617       -3.7297014         2.0314397       3513.0414                            3084.726                  23.43319                 396.10607                      8.7761067
              3       1754.8258     0.068544726       4.9964661       3513.0481      -1.6982617       -3.7297014         2.0314397       3513.0481                           3084.7347                 23.433077                 396.10607                      8.7742468
              6        1754.821     0.071948058       4.7808463       3513.0385      -1.6982617       -3.7297014         2.0314397       3513.0385                           3084.7238                 23.433149                 396.10607                      8.7754379
              1       1754.7649     0.071752268       4.9630435       3512.9264      -1.6982617       -3.7297014         2.0314397       3512.9264                           3084.6137                 23.433019                 396.10607                      8.7735769
              2       1755.0275     0.062564804       4.9508224       3513.4515      -1.6982617       -3.7297014         2.0314397       3513.4515                           3085.1352                 23.433263                 396.10607                      8.7769829
              2       1754.7538     0.070410082       5.1722967       3512.9042      -1.6982617       -3.7297014         2.0314397       3512.9042                           3084.5934                 23.432896                 396.10607                      8.7718371
              3       1754.7743     0.069534879       5.1205506       3512.9451      -1.6982617       -3.7297014         2.0314397       3512.9451                           3084.6334                  23.43296                 396.10607                      8.7726256
              1       1755.8522      0.04784419       4.8341998       3515.1009      -1.6982617       -3.7297014         2.0314397       3515.1009                           3086.7755                 23.433696                 396.10607                      8.7856209
              5       1755.8463     0.048129995       4.8201501        3515.089      -1.6982617       -3.7297014         2.0314397        3515.089                           3086.7636                 23.433696                 396.10607                       8.785615
             14       1755.8852     0.047441732       4.8257041       3515.1669      -1.6982617       -3.7297014         2.0314397       3515.1669                           3086.8412                  23.43371                 396.10607                      8.7859496
              1        1755.273     0.061079355       4.6734096       3513.9426      -1.6982617       -3.7297014         2.0314397       3513.9426                           3085.6222                 23.433472                 396.10607                      8.7807897
              5       1754.8043      0.06853111       5.0720209       3513.0052      -1.6982617       -3.7297014         2.0314397       3513.0052                           3084.6926                 23.433023                 396.10607                      8.7734504
              2       1754.7336     0.073751072       4.9389514       3512.8636      -1.6982617       -3.7297014         2.0314397       3512.8636                           3084.5513                 23.432987                 396.10607                      8.7732416
              1       1754.7182     0.073651279       5.0855355       3512.8329      -1.6982617       -3.7297014         2.0314397       3512.8329                           3084.5221                 23.432875                 396.10607                      8.7718104
              1        1754.896     0.064828161       5.0759676       3513.1884      -1.6982617       -3.7297014         2.0314397       3513.1884                           3084.8746                 23.433119                 396.10607                       8.774705
              4       1755.2684     0.055436759       5.0450149       3513.9332      -1.6982617       -3.7297014         2.0314397       3513.9332                           3085.6146                 23.433389                 396.10607                      8.7791308
              8       1754.9749     0.059891247        5.265526       3513.3464      -1.6982617       -3.7297014         2.0314397       3513.3464                           3085.0326                 23.433127                 396.10607                      8.7745835
              1       1754.8027     0.067814675       5.1435428        3513.002      -1.6982617       -3.7297014         2.0314397        3513.002                             3084.69                  23.43299                 396.10607                      8.7729332
              3       1754.7536     0.070158292       5.2362994       3512.9038      -1.6982617       -3.7297014         2.0314397       3512.9038                           3084.5936                 23.432854                 396.10607                      8.7712672
              1        1754.884     0.063697819       5.2026193       3513.1645      -1.6982617       -3.7297014         2.0314397       3513.1645                           3084.8516                 23.433062                 396.10607                      8.7737505
              3       1754.9873     0.067070112       4.7421528        3513.371      -1.6982617       -3.7297014         2.0314397        3513.371                           3085.0541                 23.433291                 396.10607                      8.7775637
              5       1754.9989     0.061165227       5.1067511       3513.3942      -1.6982617       -3.7297014         2.0314397       3513.3942                           3085.0792                 23.433197                 396.10607                      8.7758154
              2       1755.4358     0.055497458        4.807358       3514.2681      -1.6982617       -3.7297014         2.0314397       3514.2681                           3085.9466                 23.433525                 396.10607                      8.7818328
              2       1755.6066     0.056077488       4.5715763       3514.6098      -1.6982617       -3.7297014         2.0314397       3514.6098                           3086.2858                 23.433642                 396.10607                      8.7842875
              2       1754.8057     0.068596541       5.0612638       3513.0078      -1.6982617       -3.7297014         2.0314397       3513.0078                           3084.6952                 23.433029                 396.10607                      8.7735423
              2       1755.2735     0.059445117       4.7696495       3513.9435      -1.6982617       -3.7297014         2.0314397       3513.9435                           3085.6235                 23.433453                 396.10607                      8.7804018
              4       1755.8313     0.051010503       4.6392716        3515.059      -1.6982617       -3.7297014         2.0314397        3515.059                           3086.7332                 23.433718                 396.10607                      8.7860805
              6       1755.8373     0.048049457       4.8363864       3515.0712      -1.6982617       -3.7297014         2.0314397       3515.0712                            3086.746                  23.43369                 396.10607                      8.7854781
              5       1755.2142     0.059765877       4.8318983       3513.8249      -1.6982617       -3.7297014         2.0314397       3513.8249                           3085.5059                 23.433407                 396.10607                      8.7795399
              2       1755.6048     0.052722917       4.7827216       3514.6061      -1.6982617       -3.7297014         2.0314397       3514.6061                           3086.2829                 23.433605                 396.10607                       8.783527
              3       1755.3016     0.054424773       5.0685824       3513.9997      -1.6982617       -3.7297014         2.0314397       3513.9997                           3085.6808                 23.433403                 396.10607                      8.7793671
              1       1755.1884     0.058987123       4.9205405       3513.7734      -1.6982617       -3.7297014         2.0314397       3513.7734                            3085.455                 23.433373                 396.10607                      8.7788745
              3       1755.1757     0.056299636       5.1330252       3513.7479      -1.6982617       -3.7297014         2.0314397       3513.7479                           3085.4308                 23.433313                 396.10607                      8.7777056
              1       1755.6766     0.051398328       4.7872441       3514.7497      -1.6982617       -3.7297014         2.0314397       3514.7497                           3086.4258                 23.433634                 396.10607                       8.784177
              1       1755.5517     0.053681736       4.7828066       3514.4999      -1.6982617       -3.7297014         2.0314397       3514.4999                           3086.1773                 23.433582                 396.10607                        8.78303
              3       1755.2804     0.054867439       5.0682539       3513.9574      -1.6982617       -3.7297014         2.0314397       3513.9574                           3085.6388                 23.433391                 396.10607                      8.7791481
              4       1754.7789       0.0691092       5.1384773       3512.9543      -1.6982617       -3.7297014         2.0314397       3512.9543                           3084.6427                 23.432958                 396.10607                      8.7725723
              7       1755.3866     0.056405937       4.8114882       3514.1698      -1.6982617       -3.7297014         2.0314397       3514.1698                           3085.8489                 23.433501                 396.10607                      8.7813408
              4       1756.0863     0.045596073       4.7365063       3515.5692      -1.6982617       -3.7297014         2.0314397       3515.5692                           3087.2413                 23.433796                 396.10607                      8.7880313
              2        1754.822     0.069139698       4.9640425       3513.0406      -1.6982617       -3.7297014         2.0314397       3513.0406                            3084.727                 23.433085                 396.10607                      8.7743937
              2       1754.8044     0.069751694       4.9741981       3513.0053      -1.6982617       -3.7297014         2.0314397       3513.0053                            3084.692                 23.433062                 396.10607                      8.7740852
              7       1754.7215      0.07328063       5.1096898       3512.8396      -1.6982617       -3.7297014         2.0314397       3512.8396                            3084.529                 23.432866                 396.10607                      8.7716705
              3       1756.0836     0.045755265        4.727785       3515.5637      -1.6982617       -3.7297014         2.0314397       3515.5637                           3087.2358                 23.433796                 396.10607                      8.7880339
              5       1755.4273     0.059515594       4.5756941       3514.2511      -1.6982617       -3.7297014         2.0314397       3514.2511                           3085.9289                 23.433565                 396.10607                      8.7826277
              2       1755.5121     0.057312952       4.6045798       3514.4207      -1.6982617       -3.7297014         2.0314397       3514.4207                           3086.0977                 23.433597                 396.10607                      8.7833101
              1       1754.8562     0.072801629       4.6571196       3513.1089      -1.6982617       -3.7297014         2.0314397       3513.1089                           3084.7932                 23.433218                 396.10607                      8.7765053
              2       1754.8478     0.072706344       4.6788419       3513.0921      -1.6982617       -3.7297014         2.0314397       3513.0921                           3084.7765                 23.433205                 396.10607                      8.7762982
             14       1754.8312     0.073444205        4.671925       3513.0589      -1.6982617       -3.7297014         2.0314397       3513.0589                           3084.7435                 23.433193                 396.10607                      8.7761374
              5       1754.8358     0.073071622       4.6829495       3513.0681      -1.6982617       -3.7297014         2.0314397       3513.0681                           3084.7527                 23.433193                 396.10607                      8.7761362
              4       1754.8166     0.074350144       4.6525689       3513.0298      -1.6982617       -3.7297014         2.0314397       3513.0298                           3084.7144                 23.433186                 396.10607                      8.7760623
             11       1756.0224     0.049993206        4.505212       3515.4414      -1.6982617       -3.7297014         2.0314397       3515.4414                           3087.1134                 23.433806                 396.10607                      8.7881582
              1       1755.4687     0.058016714        4.613279       3514.3339      -1.6982617       -3.7297014         2.0314397       3514.3339                           3086.0114                 23.433576                 396.10607                      8.7828775
              3       1755.2125     0.060382057       4.7959308       3513.8215      -1.6982617       -3.7297014         2.0314397       3513.8215                           3085.5023                 23.433415                 396.10607                      8.7796791
              7       1755.0707     0.067619598       4.5856058       3513.5379      -1.6982617       -3.7297014         2.0314397       3513.5379                           3085.2193                 23.433382                 396.10607                      8.7791383
              4       1755.1544     0.063119167       4.7147356       3513.7052      -1.6982617       -3.7297014         2.0314397       3513.7052                           3085.3863                   23.4334                 396.10607                      8.7794398
              5        1755.109     0.061563075       4.8768572       3513.6146      -1.6982617       -3.7297014         2.0314397       3513.6146                           3085.2969                 23.433335                 396.10607                      8.7782398
              1       1755.0653     0.061332993       4.9655106       3513.5271      -1.6982617       -3.7297014         2.0314397       3513.5271                           3085.2104                 23.433285                 396.10607                      8.7773318
              1       1755.1938     0.057883374       4.9872936       3513.7841      -1.6982617       -3.7297014         2.0314397       3513.7841                           3085.4661                  23.43336                 396.10607                      8.7786181
              6       1755.6799      0.05368603       4.6348866       3514.7563      -1.6982617       -3.7297014         2.0314397       3514.7563                           3086.4318                 23.433661                 396.10607                       8.784737
              1       1755.4314     0.058421554       4.6331813       3514.2592      -1.6982617       -3.7297014         2.0314397       3514.2592                           3085.9372                 23.433556                 396.10607                      8.7824562
              3       1755.8632     0.048303713       4.7881797       3515.1229      -1.6982617       -3.7297014         2.0314397       3515.1229                           3086.7972                 23.433708                 396.10607                      8.7858773
              2       1754.7746     0.068455854       5.2618049       3512.9458      -1.6982617       -3.7297014         2.0314397       3512.9458                           3084.6353                 23.432883                 396.10607                      8.7715077
              2        1754.786     0.067595606       5.2799553       3512.9684      -1.6982617       -3.7297014         2.0314397       3512.9684                           3084.6579                 23.432894                 396.10607                      8.7715867
              7       1754.7697     0.068684002       5.2980266       3512.9359      -1.6982617       -3.7297014         2.0314397       3512.9359                           3084.6259                 23.432848                 396.10607                      8.7710724
              3       1754.7248      0.07460519       5.2516853       3512.8461      -1.6982617       -3.7297014         2.0314397       3512.8461                           3084.5373                 23.432714                 396.10607                      8.7700095
              2        1755.442     0.057470783        4.676609       3514.2805      -1.6982617       -3.7297014         2.0314397       3514.2805                           3085.9585                 23.433553                 396.10607                      8.7823952
              4       1754.7561     0.069911533       5.2545371       3512.9087      -1.6982617       -3.7297014         2.0314397       3512.9087                           3084.5986                 23.432847                 396.10607                      8.7711547
              1       1755.0339     0.059352729       5.1702032       3513.4644      -1.6982617       -3.7297014         2.0314397       3513.4644                           3085.1493                 23.433205                 396.10607                      8.7758814
             10       1754.7423     0.073673532       4.9045241        3512.881      -1.6982617       -3.7297014         2.0314397        3512.881                           3084.5683                 23.433015                 396.10607                       8.773614
              3       1754.7412     0.074231096       4.8658875        3512.879      -1.6982617       -3.7297014         2.0314397        3512.879                            3084.566                  23.43303                 396.10607                      8.7738502
              2       1754.7428     0.074198965       4.8622677        3512.882      -1.6982617       -3.7297014         2.0314397        3512.882                            3084.569                 23.433034                 396.10607                      8.7738969
              1       1754.7408     0.073798422       4.9007792       3512.8782      -1.6982617       -3.7297014         2.0314397       3512.8782                           3084.5655                 23.433015                 396.10607                       8.773617
              9       1754.8362     0.068677681       4.9563703       3513.0688      -1.6982617       -3.7297014         2.0314397       3513.0688                            3084.755                 23.433103                 396.10607                      8.7746309
              6       1754.7473     0.071525925       5.0788248       3512.8911      -1.6982617       -3.7297014         2.0314397       3512.8911                           3084.5796                 23.432937                 396.10607                      8.7724589
              8       1754.8578     0.074777246       4.5517694       3513.1122      -1.6982617       -3.7297014         2.0314397       3513.1122                           3084.7958                  23.43325                 396.10607                      8.7770296
             12        1754.872     0.074870818       4.5229502       3513.1405      -1.6982617       -3.7297014         2.0314397       3513.1405                           3084.8238                 23.433268                 396.10607                      8.7773196
              6       1754.7171      0.07428211       5.1938764       3512.8306      -1.6982617       -3.7297014         2.0314397       3512.8306                           3084.5212                 23.432771                 396.10607                      8.7706176
              1       1754.7582     0.071687018       4.9984913       3512.9129      -1.6982617       -3.7297014         2.0314397       3512.9129                           3084.6006                 23.432994                 396.10607                      8.7732309
              1       1755.0134     0.062243088       4.9992703       3513.4234      -1.6982617       -3.7297014         2.0314397       3513.4234                           3085.1075                 23.433239                 396.10607                      8.7765706
              4       1755.1358       0.0618928        4.814723        3513.668      -1.6982617       -3.7297014         2.0314397        3513.668                           3085.3498                 23.433367                 396.10607                      8.7788086
              3       1754.9055     0.069105162       4.7704312       3513.2076      -1.6982617       -3.7297014         2.0314397       3513.2076                           3084.8918                 23.433224                 396.10607                      8.7765085
              1       1754.9066     0.068861769       4.7826715       3513.2098      -1.6982617       -3.7297014         2.0314397       3513.2098                            3084.894                 23.433221                 396.10607                      8.7764587
              3       1755.0163     0.066150301       4.7473719       3513.4291      -1.6982617       -3.7297014         2.0314397       3513.4291                           3085.1119                 23.433309                 396.10607                      8.7778538
              3       1754.7374     0.072841609        5.299009       3512.8714      -1.6982617       -3.7297014         2.0314397       3512.8714                           3084.5626                 23.432726                 396.10607                      8.7699671
              7       1754.9586     0.068756993       4.6949714       3513.3137      -1.6982617       -3.7297014         2.0314397       3513.3137                           3084.9969                 23.433284                 396.10607                       8.777473
              6        1756.248     0.045061872       4.6032588       3515.8925      -1.6982617       -3.7297014         2.0314397       3515.8925                           3087.5628                 23.433867                 396.10607                      8.7898205
              2       1754.8789     0.064287754       5.1684719       3513.1543      -1.6982617       -3.7297014         2.0314397       3513.1543                           3084.8413                 23.433069                 396.10607                      8.7739003
              8       1754.9335     0.063252905       5.0997071       3513.2635      -1.6982617       -3.7297014         2.0314397       3513.2635                           3084.9492                 23.433145                 396.10607                      8.7750481
              8       1754.8911     0.065064871       5.0710822       3513.1787      -1.6982617       -3.7297014         2.0314397       3513.1787                           3084.8648                 23.433116                 396.10607                      8.7746705
              2       1755.3435     0.053769357       5.0541122       3514.0835      -1.6982617       -3.7297014         2.0314397       3514.0835                           3085.7642                 23.433428                 396.10607                      8.7798674
              3       1755.3637     0.052733713       5.1025542       3514.1238      -1.6982617       -3.7297014         2.0314397       3514.1238                           3085.8045                 23.433429                 396.10607                      8.7798529
              1       1755.0889     0.057076406       5.2364734       3513.5744      -1.6982617       -3.7297014         2.0314397       3513.5744                           3085.2589                 23.433227                 396.10607                      8.7761647
             20       1754.8426     0.064444931       5.2939085       3513.0817      -1.6982617       -3.7297014         2.0314397       3513.0817                           3084.7701                 23.432975                 396.10607                      8.7724943
              1       1754.8186     0.069003704       4.9844177       3513.0338      -1.6982617       -3.7297014         2.0314397       3513.0338                           3084.7204                 23.433074                 396.10607                      8.7742219
              2       1754.7571     0.071611056       5.0104216       3512.9108      -1.6982617       -3.7297014         2.0314397       3512.9108                           3084.5986                 23.432987                 396.10607                      8.7731311
              5       1755.2668     0.061574072       4.6531113       3513.9302      -1.6982617       -3.7297014         2.0314397       3513.9302                           3085.6098                 23.433473                 396.10607                      8.7808101
              1       1754.8629     0.067592441       4.9611789       3513.1222      -1.6982617       -3.7297014         2.0314397       3513.1222                           3084.8081                 23.433127                 396.10607                      8.7749531
              2       1755.1949     0.056499534       5.0849046       3513.7864      -1.6982617       -3.7297014         2.0314397       3513.7864                           3085.4689                 23.433337                 396.10607                      8.7781581
              1       1755.7634     0.051293564       4.6950385       3514.9234      -1.6982617       -3.7297014         2.0314397       3514.9234                           3086.5984                 23.433684                 396.10607                      8.7852902
              1       1754.9294     0.061726573       5.2333711       3513.2554      -1.6982617       -3.7297014         2.0314397       3513.2554                           3084.9421                 23.433096                 396.10607                      8.7741812
              2       1755.0664     0.057077183       5.2847655       3513.5293      -1.6982617       -3.7297014         2.0314397       3513.5293                           3085.2144                 23.433196                 396.10607                      8.7756193
              2       1755.1523     0.055034302       5.2778512       3513.7011      -1.6982617       -3.7297014         2.0314397       3513.7011                            3085.385                  23.43326                 396.10607                      8.7766765
              1       1754.8379     0.065261778       5.2315185       3513.0724      -1.6982617       -3.7297014         2.0314397       3513.0724                           3084.7605                 23.432997                 396.10607                      8.7728696
              3       1754.7761     0.074614524       4.7313382       3512.9488      -1.6982617       -3.7297014         2.0314397       3512.9488                           3084.6345                 23.433122                 396.10607                      8.7751392
              1       1754.8008     0.072220207        4.814508       3512.9981      -1.6982617       -3.7297014         2.0314397       3512.9981                           3084.6839                 23.433118                 396.10607                      8.7749912
              1       1754.8542     0.069882541       4.8307386        3513.105      -1.6982617       -3.7297014         2.0314397        3513.105                           3084.7902                 23.433163                 396.10607                      8.7755794
              3       1754.9282     0.068791578       4.7462213       3513.2528      -1.6982617       -3.7297014         2.0314397       3513.2528                           3084.9366                 23.433248                 396.10607                      8.7768876
              3       1755.0828     0.067827148       4.5583277       3513.5621      -1.6982617       -3.7297014         2.0314397       3513.5621                           3085.2432                 23.433395                 396.10607                      8.7793734
              1       1754.8663     0.071801202       4.6924757       3513.1291      -1.6982617       -3.7297014         2.0314397       3513.1291                           3084.8133                 23.433216                 396.10607                      8.7764462
              1       1754.8181      0.07217828       4.7738119       3513.0327      -1.6982617       -3.7297014         2.0314397       3513.0327                            3084.718                 23.433148                 396.10607                      8.7754396
              1       1755.9582     0.046402117       4.8195179       3515.3129      -1.6982617       -3.7297014         2.0314397       3515.3129                           3086.9864                 23.433738                 396.10607                      8.7866285
              1       1755.1995     0.058230604       4.9544085       3513.7955      -1.6982617       -3.7297014         2.0314397       3513.7955                           3085.4773                 23.433371                 396.10607                      8.7788332
              1       1755.2462     0.053551193       5.2273497       3513.8889      -1.6982617       -3.7297014         2.0314397       3513.8889                           3085.5715                 23.433333                 396.10607                      8.7780011
              1       1755.5362     0.053127475       4.8389673       3514.4689      -1.6982617       -3.7297014         2.0314397       3514.4689                           3086.1466                 23.433565                 396.10607                      8.7826691
              1       1755.3797     0.056104043       4.8401996       3514.1559      -1.6982617       -3.7297014         2.0314397       3514.1559                           3085.8352                 23.433492                 396.10607                      8.7811561
             14       1755.9336     0.045005579       4.9573902       3515.2637      -1.6982617       -3.7297014         2.0314397       3515.2637                            3086.938                 23.433708                 396.10607                      8.7859351
              3       1755.7208     0.048374792       4.9522756        3514.838      -1.6982617       -3.7297014         2.0314397        3514.838                           3086.5143                 23.433624                 396.10607                      8.7839795
              1        1755.723     0.048411122       4.9467296       3514.8425      -1.6982617       -3.7297014         2.0314397       3514.8425                           3086.5188                 23.433626                 396.10607                      8.7840213
              4       1755.4331     0.057707582        4.673081       3514.2627      -1.6982617       -3.7297014         2.0314397       3514.2627                           3085.9408                 23.433549                 396.10607                       8.782325
              2       1755.1441     0.063418469       4.7119322       3513.6848      -1.6982617       -3.7297014         2.0314397       3513.6848                            3085.366                 23.433395                 396.10607                      8.7793479
              3       1756.0972     0.046330206       4.6716241       3515.5909      -1.6982617       -3.7297014         2.0314397       3515.5909                           3087.2627                 23.433808                 396.10607                      8.7883218
              2       1754.8922     0.073381381       4.5625899       3513.1809      -1.6982617       -3.7297014         2.0314397       3513.1809                           3084.8642                 23.433272                 396.10607                      8.7773604
              3       1755.0819     0.063955543       4.7722449       3513.5603      -1.6982617       -3.7297014         2.0314397       3513.5603                           3085.2424                 23.433344                 396.10607                      8.7784371
              5       1755.0058     0.065840086       4.7828985        3513.408      -1.6982617       -3.7297014         2.0314397        3513.408                           3085.0911                 23.433293                 396.10607                      8.7775715
              1       1755.1657     0.064886541       4.6013699       3513.7279      -1.6982617       -3.7297014         2.0314397       3513.7279                           3085.4084                 23.433432                 396.10607                      8.7800257
              1       1754.7586     0.071304137       5.0313707       3512.9137      -1.6982617       -3.7297014         2.0314397       3512.9137                           3084.6017                 23.432979                 396.10607                      8.7730071
              7       1755.0857     0.058413273       5.1373027        3513.568      -1.6982617       -3.7297014         2.0314397        3513.568                            3085.252                 23.433253                 396.10607                      8.7766704
              1       1755.3027     0.060532034       4.6672628       3514.0019      -1.6982617       -3.7297014         2.0314397       3514.0019                           3085.6813                 23.433489                 396.10607                      8.7811022
              3       1754.9687     0.068427185       4.6963321        3513.334      -1.6982617       -3.7297014         2.0314397        3513.334                           3085.0171                  23.43329                 396.10607                      8.7775771
              4       1754.9748     0.071251404       4.5389545       3513.3461      -1.6982617       -3.7297014         2.0314397       3513.3461                           3085.0284                 23.433334                 396.10607                       8.778349
              2       1756.0308     0.047110919       4.6875563       3515.4581      -1.6982617       -3.7297014         2.0314397       3515.4581                           3087.1305                 23.433783                 396.10607                      8.7876926
              1       1755.1481      0.06514764       4.6105895       3513.6928      -1.6982617       -3.7297014         2.0314397       3513.6928                           3085.3735                  23.43342                 396.10607                      8.7798136
              1       1754.7829     0.069225416       5.1045825       3512.9623      -1.6982617       -3.7297014         2.0314397       3512.9623                           3084.6504                  23.43298                 396.10607                      8.7728873
              1       1755.0576     0.059930646       5.0784193       3513.5117      -1.6982617       -3.7297014         2.0314397       3513.5117                           3085.1957                 23.433249                 396.10607                      8.7766607
              6       1755.2244     0.060954039       4.7447888       3513.8454      -1.6982617       -3.7297014         2.0314397       3513.8454                           3085.5258                 23.433432                 396.10607                       8.780018
              3       1755.2861     0.055966489       4.9800232       3513.9688      -1.6982617       -3.7297014         2.0314397       3513.9688                           3085.6497                 23.433414                 396.10607                      8.7796151
              2        1755.069     0.058627291       5.1538801       3513.5345      -1.6982617       -3.7297014         2.0314397       3513.5345                           3085.2189                 23.433236                 396.10607                      8.7763868
              2       1755.1554     0.056941682       5.1199439       3513.7073      -1.6982617       -3.7297014         2.0314397       3513.7073                           3085.3904                 23.433304                 396.10607                      8.7775484
              1       1755.3846      0.05348271       5.0153902       3514.1657      -1.6982617       -3.7297014         2.0314397       3514.1657                           3085.8457                 23.433458                 396.10607                      8.7804588
              1       1755.0588     0.064105605       4.7994836       3513.5142      -1.6982617       -3.7297014         2.0314397       3513.5142                           3085.1967                 23.433323                 396.10607                       8.778067
              5       1755.0585     0.063792739       4.8189815       3513.5135      -1.6982617       -3.7297014         2.0314397       3513.5135                           3085.1961                 23.433318                 396.10607                       8.777972
              1       1754.8129     0.074755437       4.6383211       3513.0224      -1.6982617       -3.7297014         2.0314397       3513.0224                           3084.7071                 23.433188                 396.10607                       8.776091
              4       1754.9699     0.069226074       4.6509015       3513.3363      -1.6982617       -3.7297014         2.0314397       3513.3363                           3085.0191                 23.433303                 396.10607                         8.7778
              3       1755.3925     0.058442503       4.6783171       3514.1815      -1.6982617       -3.7297014         2.0314397       3514.1815                             3085.86                  23.43353                 396.10607                      8.7819208
              2       1755.0815     0.063522239       4.7987566       3513.5595      -1.6982617       -3.7297014         2.0314397       3513.5595                           3085.2418                 23.433338                 396.10607                      8.7783114
              1       1755.0871     0.063236448       4.8072601       3513.5708      -1.6982617       -3.7297014         2.0314397       3513.5708                            3085.253                 23.433339                 396.10607                      8.7783321
              2       1755.0644      0.05979123       5.0754811       3513.5253      -1.6982617       -3.7297014         2.0314397       3513.5253                           3085.2093                 23.433255                 396.10607                      8.7767549
              1        1755.813     0.045585776       5.0590812       3515.0226      -1.6982617       -3.7297014         2.0314397       3515.0226                           3086.6984                 23.433644                 396.10607                      8.7844423
              4       1756.2693     0.045792882       4.5306937       3515.9351      -1.6982617       -3.7297014         2.0314397       3515.9351                            3087.605                 23.433883                 396.10607                       8.790198
              5       1756.0855     0.047557631       4.5988328       3515.5676      -1.6982617       -3.7297014         2.0314397       3515.5676                           3087.2393                 23.433814                 396.10607                      8.7884345
              1       1755.5737     0.057775956        4.510641        3514.544      -1.6982617       -3.7297014         2.0314397        3514.544                           3086.2201                 23.433638                 396.10607                      8.7841931
              4       1754.8462     0.066521584       5.0892258       3513.0889      -1.6982617       -3.7297014         2.0314397       3513.0889                           3084.7758                 23.433064                 396.10607                      8.7739478
              5       1754.8427     0.067694846       5.0090822       3513.0819      -1.6982617       -3.7297014         2.0314397       3513.0819                           3084.7683                  23.43309                 396.10607                      8.7744008
              1       1755.1286      0.06065561       4.9041321       3513.6538      -1.6982617       -3.7297014         2.0314397       3513.6538                            3085.336                 23.433341                 396.10607                        8.77832
              3       1755.0636     0.067043745       4.6258627       3513.5237      -1.6982617       -3.7297014         2.0314397       3513.5237                           3085.2054                 23.433368                 396.10607                      8.7788954
              1       1755.3666      0.05380774       5.0173683       3514.1298      -1.6982617       -3.7297014         2.0314397       3514.1298                             3085.81                 23.433449                 396.10607                      8.7802686
              3       1755.4719     0.052253224       4.9842125       3514.3403      -1.6982617       -3.7297014         2.0314397       3514.3403                           3086.0192                 23.433508                 396.10607                      8.7814619
             16       1755.5477     0.050986687       4.9765354       3514.4919      -1.6982617       -3.7297014         2.0314397       3514.4919                             3086.17                 23.433544                 396.10607                      8.7822342
              2       1755.5501     0.050951857       4.9759007       3514.4968      -1.6982617       -3.7297014         2.0314397       3514.4968                           3086.1749                 23.433546                 396.10607                      8.7822605
              2       1755.5327     0.051226383       4.9785142       3514.4619      -1.6982617       -3.7297014         2.0314397       3514.4619                           3086.1402                 23.433537                 396.10607                      8.7820803
              8        1755.608      0.05207405       4.8227959       3514.6125      -1.6982617       -3.7297014         2.0314397       3514.6125                           3086.2894                 23.433599                 396.10607                      8.7834084
              2       1755.6461     0.051235549       4.8347414       3514.6887      -1.6982617       -3.7297014         2.0314397       3514.6887                           3086.3653                 23.433613                 396.10607                      8.7837205
              2       1754.9103     0.073017761        4.551047        3513.217      -1.6982617       -3.7297014         2.0314397        3513.217                           3084.9001                 23.433288                 396.10607                      8.7776096
              1       1755.5587     0.050525216       4.9965844       3514.5139      -1.6982617       -3.7297014         2.0314397       3514.5139                            3086.192                 23.433546                 396.10607                       8.782259
              1       1755.9003     0.046565846       4.8740121       3515.1971      -1.6982617       -3.7297014         2.0314397       3515.1971                           3086.8714                 23.433708                 396.10607                      8.7859211
              4       1755.8017     0.047873708       4.8915522       3514.9999      -1.6982617       -3.7297014         2.0314397       3514.9999                           3086.6752                 23.433667                 396.10607                      8.7849562
              1       1755.7513     0.053712763       4.5563516       3514.8992      -1.6982617       -3.7297014         2.0314397       3514.8992                           3086.5738                 23.433701                 396.10607                      8.7856344
              1       1755.1655     0.063616593        4.671093       3513.7275      -1.6982617       -3.7297014         2.0314397       3513.7275                           3085.4083                 23.433416                 396.10607                      8.7797368
              1       1755.0859     0.064285681       4.7467802       3513.5683      -1.6982617       -3.7297014         2.0314397       3513.5683                           3085.2502                 23.433353                 396.10607                      8.7785947
              1       1755.5447      0.05360551       4.7963088        3514.486      -1.6982617       -3.7297014         2.0314397        3514.486                           3086.1634                 23.433577                 396.10607                      8.7829131
              3        1754.791     0.067553599       5.2409165       3512.9785      -1.6982617       -3.7297014         2.0314397       3512.9785                           3084.6675                 23.432925                 396.10607                      8.7720027
              2        1755.134     0.066326718       4.5671879       3513.6645      -1.6982617       -3.7297014         2.0314397       3513.6645                           3085.3451                 23.433422                 396.10607                      8.7798492
              7       1754.8983     0.067160342          4.9061        3513.193      -1.6982617       -3.7297014         2.0314397        3513.193                           3084.8781                 23.433177                 396.10607                      8.7757073
              7        1754.952     0.064588059       4.9621828       3513.3005      -1.6982617       -3.7297014         2.0314397       3513.3005                           3084.9852                 23.433203                 396.10607                      8.7760497
              1       1755.2849     0.060789985       4.6748627       3513.9664      -1.6982617       -3.7297014         2.0314397       3513.9664                           3085.6459                 23.433478                 396.10607                      8.7808996
              1       1754.9767     0.064672636       4.9073058       3513.3498      -1.6982617       -3.7297014         2.0314397       3513.3498                           3085.0339                 23.433238                 396.10607                      8.7766276
              2       1755.2633     0.056342155        4.987684       3513.9232      -1.6982617       -3.7297014         2.0314397       3513.9232                           3085.6044                   23.4334                 396.10607                      8.7793451
              1       1754.9827     0.067770319       4.7099804       3513.3619      -1.6982617       -3.7297014         2.0314397       3513.3619                           3085.0449                 23.433296                 396.10607                       8.777665
              5       1755.9186     0.046897697       4.8277327       3515.2337      -1.6982617       -3.7297014         2.0314397       3515.2337                           3086.9076                 23.433722                 396.10607                      8.7862438
              4       1756.0846     0.045000339       4.7830359       3515.5657      -1.6982617       -3.7297014         2.0314397       3515.5657                            3087.238                 23.433789                 396.10607                      8.7878717
             11       1755.8738     0.045561333       4.9850274        3515.144      -1.6982617       -3.7297014         2.0314397        3515.144                            3086.819                  23.43368                 396.10607                       8.785285
              2       1755.5783     0.048728624       5.1109298       3514.5532      -1.6982617       -3.7297014         2.0314397       3514.5532                           3086.2316                 23.433533                 396.10607                      8.7819752
              5       1754.9308     0.069306067       4.7122266       3513.2581      -1.6982617       -3.7297014         2.0314397       3513.2581                           3084.9417                 23.433259                 396.10607                      8.7770835
              2       1754.8314     0.071667146       4.7736351       3513.0593      -1.6982617       -3.7297014         2.0314397       3513.0593                           3084.7444                 23.433161                 396.10607                      8.7756061
              3       1754.9355     0.067014957       4.8383461       3513.2675      -1.6982617       -3.7297014         2.0314397       3513.2675                           3084.9517                 23.433227                 396.10607                      8.7765083
              3       1754.9304     0.066230705       4.8981606       3513.2573      -1.6982617       -3.7297014         2.0314397       3513.2573                           3084.9419                 23.433205                 396.10607                      8.7761359
              1       1755.1364     0.062165539       4.7970436       3513.6694      -1.6982617       -3.7297014         2.0314397       3513.6694                            3085.351                 23.433371                 396.10607                      8.7788953
              2       1755.0775     0.067530898       4.5807325       3513.5515      -1.6982617       -3.7297014         2.0314397       3513.5515                           3085.2329                 23.433387                 396.10607                      8.7792279
             10       1755.4678      0.06006236       4.5005957       3514.3321      -1.6982617       -3.7297014         2.0314397       3514.3321                           3086.0091                 23.433596                 396.10607                      8.7832645
              4       1754.7738     0.072931578       4.8447058       3512.9442      -1.6982617       -3.7297014         2.0314397       3512.9442                           3084.6306                 23.433078                 396.10607                      8.7744526
              7       1754.7997     0.073228906       4.7549358       3512.9959      -1.6982617       -3.7297014         2.0314397       3512.9959                           3084.6814                 23.433137                 396.10607                      8.7753108
              2       1755.3313     0.055957389       4.9156174       3514.0592      -1.6982617       -3.7297014         2.0314397       3514.0592                           3085.7393                 23.433452                 396.10607                       8.780359
              3       1755.5007     0.053379882       4.8663477       3514.3979      -1.6982617       -3.7297014         2.0314397       3514.3979                           3086.0761                 23.433544                 396.10607                       8.782223
              1       1754.7186       0.0739917       5.0163886       3512.8338      -1.6982617       -3.7297014         2.0314397       3512.8338                           3084.5224                  23.43292                 396.10607                      8.7724005
              6       1754.7341     0.072020976       5.2072281       3512.8648      -1.6982617       -3.7297014         2.0314397       3512.8648                           3084.5548                 23.432824                 396.10607                      8.7710481
              2       1754.8991     0.070197422       4.7196393       3513.1948      -1.6982617       -3.7297014         2.0314397       3513.1948                           3084.8788                 23.433233                 396.10607                      8.7766891
              2       1754.9226     0.069788739       4.6997836       3513.2417      -1.6982617       -3.7297014         2.0314397       3513.2417                           3084.9253                 23.433257                 396.10607                      8.7770519
              1       1755.1141     0.066490119       4.5850539       3513.6248      -1.6982617       -3.7297014         2.0314397       3513.6248                           3085.3057                 23.433407                 396.10607                      8.7795789
             19       1754.9306     0.067204733       4.8361939       3513.2577      -1.6982617       -3.7297014         2.0314397       3513.2577                           3084.9419                 23.433224                 396.10607                      8.7764621
              4       1755.2877     0.055249258       5.0289899       3513.9719      -1.6982617       -3.7297014         2.0314397       3513.9719                           3085.6531                 23.433404                 396.10607                      8.7794069
              3       1755.6553      0.05200808       4.7709663       3514.7071      -1.6982617       -3.7297014         2.0314397       3514.7071                           3086.3833                 23.433628                 396.10607                      8.7840385
              8       1754.7186     0.073877957       5.1864602       3512.8338      -1.6982617       -3.7297014         2.0314397       3512.8338                           3084.5241                 23.432788                 396.10607                      8.7707828
              1       1754.8989     0.063817552       5.1471451       3513.1943      -1.6982617       -3.7297014         2.0314397       3513.1943                           3084.8808                 23.433097                 396.10607                      8.7743093
              2        1754.908     0.064013914       5.1065403       3513.2124      -1.6982617       -3.7297014         2.0314397       3513.2124                           3084.8986                  23.43312                 396.10607                      8.7746784
              1       1755.7578     0.045725439       5.1189734       3514.9122      -1.6982617       -3.7297014         2.0314397       3514.9122                           3086.5888                 23.433611                 396.10607                      8.7836852
              6       1755.0462     0.066871961       4.6605227       3513.4889      -1.6982617       -3.7297014         2.0314397       3513.4889                           3085.1709                 23.433349                 396.10607                      8.7785643
              2       1755.5216     0.058013415       4.5539814       3514.4397      -1.6982617       -3.7297014         2.0314397       3514.4397                           3086.1164                 23.433609                 396.10607                      8.7835734
              5       1755.4917     0.053288481       4.8841554       3514.3799      -1.6982617       -3.7297014         2.0314397       3514.3799                           3086.0583                 23.433536                 396.10607                      8.7820659
              3       1755.1931     0.062563705       4.6932458       3513.7828      -1.6982617       -3.7297014         2.0314397       3513.7828                           3085.4634                 23.433427                 396.10607                      8.7799212
              1       1754.8164     0.068672229       5.0168182       3513.0294      -1.6982617       -3.7297014         2.0314397       3513.0294                           3084.7162                 23.433059                 396.10607                      8.7739875
              1         1755.01     0.060891082       5.1033897       3513.4166      -1.6982617       -3.7297014         2.0314397       3513.4166                           3085.1014                 23.433207                 396.10607                      8.7759681
              6       1754.9047     0.063741951       5.1368389       3513.2059      -1.6982617       -3.7297014         2.0314397       3513.2059                           3084.8923                 23.433106                 396.10607                      8.7744505
              7       1754.8209     0.065462058       5.2977171       3513.0384      -1.6982617       -3.7297014         2.0314397       3513.0384                           3084.7272                 23.432943                 396.10607                      8.7720992
              1       1754.7741     0.068596811       5.2422193       3512.9448      -1.6982617       -3.7297014         2.0314397       3512.9448                           3084.6342                 23.432894                 396.10607                      8.7716647
              2       1754.7245     0.072952543       5.1386874       3512.8455      -1.6982617       -3.7297014         2.0314397       3512.8455                           3084.5351                 23.432852                 396.10607                      8.7714732
              2       1754.7761     0.069355668       5.1287047       3512.9487      -1.6982617       -3.7297014         2.0314397       3512.9487                           3084.6371                 23.432958                 396.10607                      8.7725968
              5       1754.7702      0.06988859       5.1071752        3512.937      -1.6982617       -3.7297014         2.0314397        3512.937                           3084.6253                  23.43296                 396.10607                      8.7726554
              2       1754.9078     0.064301268       5.0848744       3513.2122      -1.6982617       -3.7297014         2.0314397       3513.2122                           3084.8981                 23.433127                 396.10607                      8.7748063
              3       1756.0185     0.048030505        4.637017       3515.4336      -1.6982617       -3.7297014         2.0314397       3515.4336                            3087.106                 23.433786                 396.10607                      8.7877387
              3       1756.0741     0.047411875       4.6207056       3515.5447      -1.6982617       -3.7297014         2.0314397       3515.5447                           3087.2165                 23.433808                 396.10607                      8.7882713
              1       1755.7824      0.05111406       4.6857806       3514.9614      -1.6982617       -3.7297014         2.0314397       3514.9614                           3086.6362                 23.433693                 396.10607                      8.7854921
              1       1755.0738     0.062495727       4.8746973       3513.5441      -1.6982617       -3.7297014         2.0314397       3513.5441                           3085.2269                 23.433314                 396.10607                      8.7778715
              2       1755.1072     0.060442226       4.9533759       3513.6109      -1.6982617       -3.7297014         2.0314397       3513.6109                           3085.2936                 23.433315                 396.10607                      8.7778527
              4       1755.2624     0.054021814       5.1619893       3513.9213      -1.6982617       -3.7297014         2.0314397       3513.9213                           3085.6034                 23.433359                 396.10607                      8.7785049
              2        1754.811     0.070494002       4.9004388       3513.0186      -1.6982617       -3.7297014         2.0314397       3513.0186                           3084.7048                 23.433097                 396.10607                      8.7746275
              2       1754.9404     0.063277396        5.081012       3513.2774      -1.6982617       -3.7297014         2.0314397       3513.2774                           3084.9629                 23.433157                 396.10607                      8.7752444
              1       1755.5016     0.056074329       4.6905173       3514.3998      -1.6982617       -3.7297014         2.0314397       3514.3998                           3086.0772                 23.433577                 396.10607                      8.7829033
              3       1755.3841     0.056985746       4.7777173       3514.1648      -1.6982617       -3.7297014         2.0314397       3514.1648                           3085.8438                 23.433506                 396.10607                      8.7814523
              2        1755.186      0.05841934       4.9625941       3513.7685      -1.6982617       -3.7297014         2.0314397       3513.7685                           3085.4505                 23.433361                 396.10607                      8.7786526
              5       1754.8696     0.065773068       5.0766407       3513.1357      -1.6982617       -3.7297014         2.0314397       3513.1357                           3084.8222                 23.433093                 396.10607                      8.7743506
              1       1754.7921     0.068085148       5.1713617       3512.9807      -1.6982617       -3.7297014         2.0314397       3512.9807                           3084.6691                 23.432961                 396.10607                      8.7725549
              1       1754.8863     0.063147077       5.2437717       3513.1691      -1.6982617       -3.7297014         2.0314397       3513.1691                           3084.8564                 23.433049                 396.10607                      8.7735125
              2         1754.75     0.072258696       4.9877242       3512.8966      -1.6982617       -3.7297014         2.0314397       3512.8966                           3084.5843                 23.432988                 396.10607                      8.7731729
              8       1754.8357     0.069825066       4.8792064       3513.0678      -1.6982617       -3.7297014         2.0314397       3513.0678                           3084.7536                 23.433129                 396.10607                      8.7750745
              2       1754.9634     0.063414363       5.0191937       3513.3234      -1.6982617       -3.7297014         2.0314397       3513.3234                           3085.0083                 23.433195                 396.10607                      8.7758752
              4       1755.7091     0.046203648       5.1432234       3514.8147      -1.6982617       -3.7297014         2.0314397       3514.8147                           3086.4919                 23.433586                 396.10607                      8.7831176
              1       1755.9637     0.047022043       4.7674818       3515.3239      -1.6982617       -3.7297014         2.0314397       3515.3239                           3086.9972                 23.433748                 396.10607                      8.7868478
              4       1754.9885     0.065934802       4.8068303       3513.3735      -1.6982617       -3.7297014         2.0314397       3513.3735                           3085.0569                 23.433274                 396.10607                      8.7772659
             14       1754.9416     0.068704329       4.7270625       3513.2798      -1.6982617       -3.7297014         2.0314397       3513.2798                           3084.9633                 23.433263                 396.10607                      8.7771325
              3       1754.9645     0.068614868       4.6929446       3513.3256      -1.6982617       -3.7297014         2.0314397       3513.3256                           3085.0087                 23.433288                 396.10607                      8.7775473
              1       1755.5198        0.054185        4.788533       3514.4361      -1.6982617       -3.7297014         2.0314397       3514.4361                           3086.1137                 23.433567                 396.10607                      8.7827071
              2       1755.6769     0.052955588       4.6841198       3514.7503      -1.6982617       -3.7297014         2.0314397       3514.7503                           3086.4261                 23.433651                 396.10607                      8.7845425
              9       1755.6266     0.054337543       4.6538889       3514.6496      -1.6982617       -3.7297014         2.0314397       3514.6496                           3086.3257                 23.433636                 396.10607                       8.784188
              2       1755.3014     0.057801644       4.8348842       3513.9994      -1.6982617       -3.7297014         2.0314397       3513.9994                           3085.6795                 23.433453                 396.10607                      8.7804056
              2       1754.7919     0.068792175       5.1017232       3512.9804      -1.6982617       -3.7297014         2.0314397       3512.9804                           3084.6683                 23.432994                 396.10607                      8.7730543
              2       1754.8021     0.068413004       5.0914018       3513.0007      -1.6982617       -3.7297014         2.0314397       3513.0007                           3084.6883                 23.433012                 396.10607                      8.7732848
              4        1754.976     0.068529708       4.6788126       3513.3485      -1.6982617       -3.7297014         2.0314397       3513.3485                           3085.0314                   23.4333                 396.10607                      8.7777376
              7       1754.9698     0.068575684        4.686392       3513.3361      -1.6982617       -3.7297014         2.0314397       3513.3361                           3085.0191                 23.433293                 396.10607                      8.7776354
              1       1755.6418     0.055560921        4.563596       3514.6802      -1.6982617       -3.7297014         2.0314397       3514.6802                           3086.3559                 23.433657                 396.10607                       8.784632
              2       1756.0033     0.049886641        4.531212       3515.4032      -1.6982617       -3.7297014         2.0314397       3515.4032                           3087.0754                 23.433796                 396.10607                      8.7879184
              1       1755.1802     0.062832353       4.6954286        3513.757      -1.6982617       -3.7297014         2.0314397        3513.757                           3085.4377                 23.433419                 396.10607                      8.7797827
              1        1755.234     0.056626825       5.0125296       3513.8645      -1.6982617       -3.7297014         2.0314397       3513.8645                           3085.5461                 23.433377                 396.10607                      8.7789231
              8       1755.1668     0.054998972       5.2527227         3513.73      -1.6982617       -3.7297014         2.0314397         3513.73                           3085.4137                 23.433277                 396.10607                      8.7769795
              2       1754.9389     0.066622594       4.8560713       3513.2744      -1.6982617       -3.7297014         2.0314397       3513.2744                           3084.9586                 23.433224                 396.10607                      8.7764564
              2        1754.876     0.066608308       4.9969324       3513.1485      -1.6982617       -3.7297014         2.0314397       3513.1485                           3084.8344                 23.433127                 396.10607                       8.774914
              2       1755.0517     0.058395165       5.2081735       3513.4998      -1.6982617       -3.7297014         2.0314397       3513.4998                           3085.1847                 23.433208                 396.10607                        8.77588
              1       1755.2268      0.05383381       5.2383188       3513.8501      -1.6982617       -3.7297014         2.0314397       3513.8501                            3085.533                 23.433319                 396.10607                      8.7777308
              1       1755.5482     0.050860211       4.9852442        3514.493      -1.6982617       -3.7297014         2.0314397        3514.493                           3086.1712                 23.433543                 396.10607                      8.7822036
              3       1755.5168     0.050190429       5.0792347       3514.4302      -1.6982617       -3.7297014         2.0314397       3514.4302                           3086.1091                  23.43351                 396.10607                      8.7815029
              1       1755.5176     0.057972279       4.5606501       3514.4318      -1.6982617       -3.7297014         2.0314397       3514.4318                           3086.1086                 23.433607                 396.10607                      8.7835141
              7       1754.9879     0.060646472       5.1713933       3513.3723      -1.6982617       -3.7297014         2.0314397       3513.3723                           3085.0577                 23.433169                 396.10607                      8.7753118
              5       1754.8873     0.063976878       5.1683701       3513.1711      -1.6982617       -3.7297014         2.0314397       3513.1711                           3084.8579                 23.433078                 396.10607                      8.7740177
              3       1755.3768     0.054031842       4.9864921       3514.1502      -1.6982617       -3.7297014         2.0314397       3514.1502                           3085.8302                  23.43346                 396.10607                      8.7805079
              5       1755.4199     0.054001904       4.9291596       3514.2362      -1.6982617       -3.7297014         2.0314397       3514.2362                           3085.9155                 23.433493                 396.10607                      8.7811809
              1       1755.3756     0.055226699       4.9044507       3514.1477      -1.6982617       -3.7297014         2.0314397       3514.1477                           3085.8273                 23.433477                 396.10607                      8.7808472
              2       1755.3713     0.055285134        4.906225       3514.1392      -1.6982617       -3.7297014         2.0314397       3514.1392                           3085.8189                 23.433474                 396.10607                      8.7807983
              2       1754.9839     0.069932881       4.5918962       3513.3643      -1.6982617       -3.7297014         2.0314397       3513.3643                           3085.0467                 23.433327                 396.10607                       8.778214
             18       1754.8961     0.072849186       4.5828431       3513.1888      -1.6982617       -3.7297014         2.0314397       3513.1888                           3084.8721                 23.433269                 396.10607                      8.7773105
              9       1754.9367     0.068302748       4.7589803       3513.2699      -1.6982617       -3.7297014         2.0314397       3513.2699                           3084.9536                  23.43325                 396.10607                      8.7769211
              4       1754.7604     0.069808157       5.1958467       3512.9174      -1.6982617       -3.7297014         2.0314397       3512.9174                           3084.6066                 23.432895                 396.10607                      8.7717748
              2       1754.7813     0.068748307       5.1633442       3512.9591      -1.6982617       -3.7297014         2.0314397       3512.9591                           3084.6477                 23.432949                 396.10607                      8.7724282
              3       1754.7924     0.067365726       5.2545864       3512.9814      -1.6982617       -3.7297014         2.0314397       3512.9814                           3084.6705                  23.43292                 396.10607                      8.7719215
              1       1754.7591     0.069686063       5.2442469       3512.9147      -1.6982617       -3.7297014         2.0314397       3512.9147                           3084.6045                 23.432861                 396.10607                      8.7713219
              1       1755.3258     0.056431771       4.8912549       3514.0481      -1.6982617       -3.7297014         2.0314397       3514.0481                           3085.7282                 23.433454                 396.10607                      8.7804084
              7       1754.9657     0.071437428       4.5433307       3513.3279      -1.6982617       -3.7297014         2.0314397       3513.3279                           3085.0102                 23.433327                 396.10607                      8.7782348
              1       1754.7896     0.068508214       5.1409593       3512.9757      -1.6982617       -3.7297014         2.0314397       3512.9757                           3084.6639                 23.432972                 396.10607                      8.7727359
              1       1755.3352     0.053530281       5.0846591       3514.0668      -1.6982617       -3.7297014         2.0314397       3514.0668                           3085.7477                 23.433417                 396.10607                      8.7796414
              3       1755.1777      0.05782258       5.0174492        3513.752      -1.6982617       -3.7297014         2.0314397        3513.752                           3085.4342                 23.433343                 396.10607                      8.7783023
              7       1755.6639     0.053802058       4.6453277       3514.7244      -1.6982617       -3.7297014         2.0314397       3514.7244                           3086.4001                 23.433653                 396.10607                      8.7845576
              1       1755.6743     0.053706619       4.6397297       3514.7452      -1.6982617       -3.7297014         2.0314397       3514.7452                           3086.4208                 23.433658                 396.10607                      8.7846707
             11       1755.5594       0.0562345       4.6145469       3514.5153      -1.6982617       -3.7297014         2.0314397       3514.5153                           3086.1919                 23.433615                 396.10607                        8.78371
              1       1755.4421     0.059307045       4.5704349       3514.2807      -1.6982617       -3.7297014         2.0314397       3514.2807                           3085.9583                 23.433572                 396.10607                      8.7827841
              4       1754.8271     0.068856774       4.9694787       3513.0508      -1.6982617       -3.7297014         2.0314397       3513.0508                           3084.7372                 23.433089                 396.10607                        8.77443
              7       1755.2621     0.053108301       5.2361726       3513.9208      -1.6982617       -3.7297014         2.0314397       3513.9208                           3085.6032                 23.433341                 396.10607                      8.7781301
              3       1754.9471     0.069862717       4.6537253       3513.2908      -1.6982617       -3.7297014         2.0314397       3513.2908                           3084.9739                 23.433287                 396.10607                      8.7775406
              4       1754.8572     0.070605047       4.7800173       3513.1109      -1.6982617       -3.7297014         2.0314397       3513.1109                           3084.7958                 23.433181                 396.10607                      8.7758877
              3       1755.0393     0.064907282       4.7829287       3513.4751      -1.6982617       -3.7297014         2.0314397       3513.4751                           3085.1578                 23.433315                 396.10607                      8.7779352
              1       1754.8204     0.068736459       4.9988009       3513.0374      -1.6982617       -3.7297014         2.0314397       3513.0374                           3084.7241                 23.433071                 396.10607                      8.7741574
              2       1754.9879     0.061932518       5.0734109       3513.3723      -1.6982617       -3.7297014         2.0314397       3513.3723                           3085.0572                 23.433199                 396.10607                      8.7758693
              2        1755.283     0.055782276       4.9977518       3513.9625      -1.6982617       -3.7297014         2.0314397       3513.9625                           3085.6435                 23.433408                 396.10607                      8.7795018
              3       1755.7366     0.053917913       4.5596552       3514.8697      -1.6982617       -3.7297014         2.0314397       3514.8697                           3086.5444                 23.433695                 396.10607                      8.7854926
              2       1755.5913     0.049337555       5.0446777        3514.579      -1.6982617       -3.7297014         2.0314397        3514.579                            3086.257                 23.433551                 396.10607                      8.7823781
              4       1755.5054     0.050486658       5.0719633       3514.4073      -1.6982617       -3.7297014         2.0314397       3514.4073                           3086.0863                 23.433506                 396.10607                      8.7814203
              1       1755.5584     0.049869064       5.0473169       3514.5133      -1.6982617       -3.7297014         2.0314397       3514.5133                           3086.1917                 23.433536                 396.10607                      8.7820471
              6       1754.9234     0.068956469       4.7454647       3513.2433      -1.6982617       -3.7297014         2.0314397       3513.2433                           3084.9271                 23.433244                 396.10607                      8.7768377
              1       1755.5103     0.054973207       4.7490052       3514.4172      -1.6982617       -3.7297014         2.0314397       3514.4172                           3086.0948                  23.43357                 396.10607                      8.7827675
             16       1754.8098      0.06808796       5.0884855       3513.0161      -1.6982617       -3.7297014         2.0314397       3513.0161                           3084.7036                 23.433023                 396.10607                      8.7734225
              5       1755.5725     0.052253427       4.8538348       3514.5416      -1.6982617       -3.7297014         2.0314397       3514.5416                            3086.219                 23.433578                 396.10607                      8.7829569
              4       1755.2769     0.058705317       4.8109329       3513.9503      -1.6982617       -3.7297014         2.0314397       3513.9503                           3085.6305                 23.433446                 396.10607                      8.7802629
              1       1755.1692     0.061751218       4.7741637        3513.735      -1.6982617       -3.7297014         2.0314397        3513.735                           3085.4162                 23.433395                 396.10607                      8.7793342
             20       1754.7281       0.0730929       5.0447506       3512.8527      -1.6982617       -3.7297014         2.0314397       3512.8527                           3084.5414                 23.432922                 396.10607                      8.7723617
              1       1754.9479      0.06356237       5.0428768       3513.2922      -1.6982617       -3.7297014         2.0314397       3513.2922                           3084.9774                 23.433176                 396.10607                      8.7755542
              2       1755.0253     0.063527477       4.8916565       3513.4472      -1.6982617       -3.7297014         2.0314397       3513.4472                           3085.1306                 23.433277                 396.10607                      8.7772574
              1       1755.4045     0.055439161       4.8515431       3514.2055      -1.6982617       -3.7297014         2.0314397       3514.2055                           3085.8845                 23.433501                 396.10607                      8.7813518
              2       1754.9134     0.062944412        5.177033       3513.2233      -1.6982617       -3.7297014         2.0314397       3513.2233                           3084.9098                 23.433101                 396.10607                      8.7743183
              3       1754.9027     0.062365154       5.2593636       3513.2019      -1.6982617       -3.7297014         2.0314397       3513.2019                           3084.8891                  23.43306                 396.10607                      8.7736435
              5        1755.005     0.065539339       4.8021949       3513.4064      -1.6982617       -3.7297014         2.0314397       3513.4064                           3085.0896                 23.433287                 396.10607                      8.7774701
              4       1755.0883     0.056555674       5.2810971       3513.5731      -1.6982617       -3.7297014         2.0314397       3513.5731                           3085.2579                 23.433214                 396.10607                      8.7759051
              1       1754.9867     0.062762935       5.0163784       3513.3699      -1.6982617       -3.7297014         2.0314397       3513.3699                           3085.0544                 23.433214                 396.10607                      8.7761673
              2       1754.9186     0.064502418       5.0428432       3513.2338      -1.6982617       -3.7297014         2.0314397       3513.2338                           3084.9194                 23.433151                 396.10607                       8.775191
              5         1755.02     0.060995245       5.0751066       3513.4364      -1.6982617       -3.7297014         2.0314397       3513.4364                           3085.1209                 23.433223                 396.10607                      8.7762411
              1       1755.1497     0.058054032       5.0476388        3513.696      -1.6982617       -3.7297014         2.0314397        3513.696                           3085.3788                 23.433318                 396.10607                      8.7778515
              1       1755.1618     0.061877363       4.7772241       3513.7202      -1.6982617       -3.7297014         2.0314397       3513.7202                           3085.4015                  23.43339                 396.10607                      8.7792451
              2       1755.1009      0.06153376       4.8918975       3513.5982      -1.6982617       -3.7297014         2.0314397       3513.5982                           3085.2808                 23.433327                 396.10607                      8.7780808
              5       1754.9428     0.061955181       5.1777845       3513.2821      -1.6982617       -3.7297014         2.0314397       3513.2821                           3084.9682                 23.433128                 396.10607                      8.7747018
              4       1754.7854     0.068531987       5.1618276       3512.9674      -1.6982617       -3.7297014         2.0314397       3512.9674                           3084.6558                 23.432956                 396.10607                      8.7725117
              1       1754.7279     0.074271481       5.2647726       3512.8523      -1.6982617       -3.7297014         2.0314397       3512.8523                           3084.5435                 23.432713                 396.10607                      8.7699619
              1        1755.488     0.052308162       4.9584804       3514.3726      -1.6982617       -3.7297014         2.0314397       3514.3726                           3086.0512                  23.43352                 396.10607                      8.7817277
              5       1755.4702     0.053263258       4.9139194       3514.3369      -1.6982617       -3.7297014         2.0314397       3514.3369                           3086.0156                 23.433521                 396.10607                      8.7817367
              3       1754.9688     0.064875552       4.9092263       3513.3342      -1.6982617       -3.7297014         2.0314397       3513.3342                           3085.0183                 23.433232                 396.10607                      8.7765274
              7       1755.2307     0.063612568       4.5864039       3513.8579      -1.6982617       -3.7297014         2.0314397       3513.8579                           3085.5377                 23.433469                 396.10607                      8.7807218
              4       1755.0893     0.063431511       4.7919976       3513.5752      -1.6982617       -3.7297014         2.0314397       3513.5752                           3085.2574                 23.433344                 396.10607                      8.7784257
              1       1755.1571     0.062539465       4.7446087       3513.7107      -1.6982617       -3.7297014         2.0314397       3513.7107                           3085.3919                 23.433395                 396.10607                      8.7793391
              5       1755.0466     0.066098674        4.702724       3513.4897      -1.6982617       -3.7297014         2.0314397       3513.4897                           3085.1719                 23.433339                 396.10607                      8.7783801
              5       1754.7546     0.074655226       4.7898988       3512.9056      -1.6982617       -3.7297014         2.0314397       3512.9056                            3084.592                 23.433078                 396.10607                       8.774513
              2        1754.759     0.073593473       4.8473093       3512.9144      -1.6982617       -3.7297014         2.0314397       3512.9144                           3084.6011                  23.43306                 396.10607                      8.7742272
              1       1754.7107     0.074982543        4.963563        3512.818      -1.6982617       -3.7297014         2.0314397        3512.818                           3084.5064                 23.432936                 396.10607                      8.7726604
              8       1754.8689     0.065890583       5.0696753       3513.1342      -1.6982617       -3.7297014         2.0314397       3513.1342                           3084.8207                 23.433095                 396.10607                      8.7743833
              3       1755.1362     0.057911639       5.0815251       3513.6689      -1.6982617       -3.7297014         2.0314397       3513.6689                            3085.352                 23.433301                 396.10607                       8.777532
              4       1754.9552     0.064328309       4.9731899       3513.3069      -1.6982617       -3.7297014         2.0314397       3513.3069                           3084.9916                 23.433203                 396.10607                      8.7760279
              2       1755.1906     0.058665098       4.9388008       3513.7776      -1.6982617       -3.7297014         2.0314397       3513.7776                           3085.4594                  23.43337                 396.10607                      8.7788119
             20       1755.8572     0.045341332       5.0236261       3515.1109      -1.6982617       -3.7297014         2.0314397       3515.1109                           3086.7862                 23.433668                 396.10607                      8.7849893
              9       1756.1088     0.047815652       4.5576578       3515.6141      -1.6982617       -3.7297014         2.0314397       3515.6141                           3087.2854                 23.433828                 396.10607                      8.7887528
              2       1755.6411     0.050476324       4.8948209       3514.6787      -1.6982617       -3.7297014         2.0314397       3514.6787                           3086.3555                 23.433601                 396.10607                      8.7834475
              2       1754.7507     0.071098968       5.1035067        3512.898      -1.6982617       -3.7297014         2.0314397        3512.898                           3084.5867                  23.43293                 396.10607                      8.7723324
              2       1755.1002     0.059148276        5.055641        3513.597      -1.6982617       -3.7297014         2.0314397        3513.597                           3085.2804                 23.433284                 396.10607                      8.7772638
              1       1755.7302     0.048707332       4.9154374       3514.8569      -1.6982617       -3.7297014         2.0314397       3514.8569                            3086.533                 23.433634                 396.10607                      8.7842059
              7       1755.6187     0.056143488        4.554675        3514.634      -1.6982617       -3.7297014         2.0314397        3514.634                           3086.3098                 23.433649                 396.10607                      8.7844533
              3       1755.6494     0.052988978       4.7131352       3514.6954      -1.6982617       -3.7297014         2.0314397       3514.6954                           3086.3715                 23.433635                 396.10607                      8.7841905
              4       1755.0932     0.061742074       4.8910502       3513.5828      -1.6982617       -3.7297014         2.0314397       3513.5828                           3085.2654                 23.433322                 396.10607                      8.7780023
              4        1754.762     0.069697612       5.1955823       3512.9206      -1.6982617       -3.7297014         2.0314397       3512.9206                           3084.6098                 23.432898                 396.10607                      8.7718098
              1        1754.835     0.066578307       5.1227592       3513.0665      -1.6982617       -3.7297014         2.0314397       3513.0665                           3084.7538                 23.433039                 396.10607                      8.7735694
              4       1754.7584     0.071159785       5.0463019       3512.9133      -1.6982617       -3.7297014         2.0314397       3512.9133                           3084.6014                 23.432972                 396.10607                      8.7728973
              3       1754.7619       0.0710297       5.0401893       3512.9202      -1.6982617       -3.7297014         2.0314397       3512.9202                           3084.6082                  23.43298                 396.10607                      8.7729986
              3       1755.1716     0.057215889       5.0713668       3513.7398      -1.6982617       -3.7297014         2.0314397       3513.7398                           3085.4224                 23.433326                 396.10607                      8.7779718
              4       1754.7531     0.070219557       5.2298802       3512.9027      -1.6982617       -3.7297014         2.0314397       3512.9027                           3084.5924                 23.432857                 396.10607                      8.7713139
              4       1754.8736     0.066919395       4.9808987       3513.1438      -1.6982617       -3.7297014         2.0314397       3513.1438                           3084.8296                 23.433131                 396.10607                      8.7749768
              1       1755.1979     0.061481112       4.7498014       3513.7924      -1.6982617       -3.7297014         2.0314397       3513.7924                           3085.4732                 23.433417                 396.10607                      8.7797308
              2       1754.8549     0.074896093       4.5509598       3513.1064      -1.6982617       -3.7297014         2.0314397       3513.1064                           3084.7901                 23.433248                 396.10607                      8.7770014
              3       1755.4195     0.053316227       4.9784159       3514.2356      -1.6982617       -3.7297014         2.0314397       3514.2356                           3085.9151                 23.433483                 396.10607                      8.7809691
              3       1754.7153      0.07469377       5.1950242       3512.8271      -1.6982617       -3.7297014         2.0314397       3512.8271                           3084.5177                 23.432758                 396.10607                      8.7705125
              1       1755.2209       0.0615841       4.7124447       3513.8383      -1.6982617       -3.7297014         2.0314397       3513.8383                           3085.5187                 23.433437                 396.10607                      8.7801178
              1       1754.8135     0.070770947       4.8748189       3513.0235      -1.6982617       -3.7297014         2.0314397       3513.0235                           3084.7095                 23.433109                 396.10607                      8.7748112
              1       1754.8417     0.068375212       4.9623664         3513.08      -1.6982617       -3.7297014         2.0314397         3513.08                           3084.7661                 23.433106                 396.10607                      8.7746693
              3       1754.7959     0.072738144       4.7946838       3512.9883      -1.6982617       -3.7297014         2.0314397       3512.9883                           3084.6741                  23.43312                 396.10607                      8.7750399
              2       1754.9034     0.063535605       5.1571016       3513.2033      -1.6982617       -3.7297014         2.0314397       3513.2033                           3084.8898                 23.433098                 396.10607                      8.7743081
              1       1754.7074     0.074930883       5.0060887       3512.8114      -1.6982617       -3.7297014         2.0314397       3512.8114                           3084.5002                 23.432904                 396.10607                      8.7722561
              7       1754.7107     0.074681657       5.0046538       3512.8178      -1.6982617       -3.7297014         2.0314397       3512.8178                           3084.5065                 23.432912                 396.10607                      8.7723347
              3       1755.3071     0.061726966       4.5947927       3514.0106      -1.6982617       -3.7297014         2.0314397       3514.0106                           3085.6896                 23.433505                 396.10607                       8.781424
              1       1754.9086     0.064213456        5.089402       3513.2138      -1.6982617       -3.7297014         2.0314397       3513.2138                           3084.8998                 23.433126                 396.10607                      8.7747899
              1       1755.0168      0.06075554       5.0993441       3513.4301      -1.6982617       -3.7297014         2.0314397       3513.4301                           3085.1147                 23.433213                 396.10607                      8.7760708
              1       1755.3899     0.054583836       4.9292682       3514.1763      -1.6982617       -3.7297014         2.0314397       3514.1763                           3085.8558                 23.433479                 396.10607                      8.7808844
              3       1755.0394     0.067710107       4.6254325       3513.4753      -1.6982617       -3.7297014         2.0314397       3513.4753                           3085.1573                 23.433354                 396.10607                      8.7786474
              1       1755.0782      0.06588343       4.6676247        3513.553      -1.6982617       -3.7297014         2.0314397        3513.553                           3085.2347                 23.433367                 396.10607                      8.7788653
              4       1755.3955     0.060974913       4.5320774       3514.1876      -1.6982617       -3.7297014         2.0314397       3514.1876                           3085.8654                 23.433558                 396.10607                      8.7824884
              3       1754.8589     0.069460227       4.8466489       3513.1143      -1.6982617       -3.7297014         2.0314397       3513.1143                           3084.7995                 23.433162                 396.10607                      8.7755499
              7       1754.7782     0.074844761       4.7123749        3512.953      -1.6982617       -3.7297014         2.0314397        3512.953                           3084.6385                 23.433131                 396.10607                      8.7752709
              1       1754.8001     0.070965585       4.8997987       3512.9967      -1.6982617       -3.7297014         2.0314397       3512.9967                           3084.6831                 23.433086                 396.10607                      8.7744827
              2       1756.2549     0.045705547       4.5512087       3515.9064      -1.6982617       -3.7297014         2.0314397       3515.9064                           3087.5764                 23.433876                 396.10607                       8.790021
              2       1755.6726     0.046298645       5.1849982       3514.7416      -1.6982617       -3.7297014         2.0314397       3514.7416                           3086.4194                 23.433562                 396.10607                      8.7825889
              4       1755.5638     0.047083245       5.2721521       3514.5241      -1.6982617       -3.7297014         2.0314397       3514.5241                           3086.2034                 23.433494                 396.10607                      8.7811246
              1        1755.721     0.045962919       5.1478343       3514.8385      -1.6982617       -3.7297014         2.0314397       3514.8385                           3086.5156                  23.43359                 396.10607                      8.7832137
              1       1755.0538     0.060030333       5.0783901       3513.5042      -1.6982617       -3.7297014         2.0314397       3513.5042                           3085.1882                 23.433246                 396.10607                      8.7766179
              4       1755.1428     0.056959696        5.141216       3513.6821      -1.6982617       -3.7297014         2.0314397       3513.6821                           3085.3655                  23.43329                 396.10607                      8.7772983
              8       1754.9922     0.061063216       5.1290362        3513.381      -1.6982617       -3.7297014         2.0314397        3513.381                           3085.0661                 23.433185                 396.10607                      8.7756094
              2       1754.9023     0.066841599       4.9180651       3513.2012      -1.6982617       -3.7297014         2.0314397       3513.2012                           3084.8863                 23.433176                 396.10607                      8.7756913
              4       1756.0847     0.046025464       4.7068481        3515.566      -1.6982617       -3.7297014         2.0314397        3515.566                            3087.238                 23.433799                 396.10607                      8.7881072
             19       1754.7945      0.07095728       4.9175551       3512.9855      -1.6982617       -3.7297014         2.0314397       3512.9855                           3084.6721                 23.433073                 396.10607                      8.7742978
              6       1754.8489     0.068633495        4.925312       3513.0943      -1.6982617       -3.7297014         2.0314397       3513.0943                           3084.7801                 23.433126                 396.10607                      8.7749802
              2       1754.7417     0.071255793       5.2244843         3512.88      -1.6982617       -3.7297014         2.0314397         3512.88                             3084.57                 23.432832                 396.10607                      8.7710815
              2       1754.8549     0.065015833       5.1869405       3513.1063      -1.6982617       -3.7297014         2.0314397       3513.1063                           3084.7937                 23.433036                 396.10607                       8.773434
              2       1755.0425     0.058814871        5.194206       3513.4816      -1.6982617       -3.7297014         2.0314397       3513.4816                           3085.1665                 23.433205                 396.10607                       8.775849
              7       1754.9965     0.063391182       4.9536485       3513.3896      -1.6982617       -3.7297014         2.0314397       3513.3896                           3085.0737                  23.43324                 396.10607                      8.7766153
              1       1754.7532     0.070766644         5.12531        3512.903      -1.6982617       -3.7297014         2.0314397        3512.903                           3084.5918                 23.432922                 396.10607                      8.7722083
              5       1754.7912     0.067844241       5.2038039       3512.9788      -1.6982617       -3.7297014         2.0314397       3512.9788                           3084.6675                 23.432944                 396.10607                       8.772295
             23       1754.7053     0.074966671        5.041249       3512.8071      -1.6982617       -3.7297014         2.0314397       3512.8071                           3084.4962                 23.432875                 396.10607                      8.7719054
              1        1754.962     0.062194948       5.1116803       3513.3206      -1.6982617       -3.7297014         2.0314397       3513.3206                            3085.006                 23.433166                 396.10607                      8.7753365
              2       1754.8101     0.072098566       4.7980381       3513.0168      -1.6982617       -3.7297014         2.0314397       3513.0168                           3084.7024                 23.433133                 396.10607                      8.7752056
              3       1754.8607     0.073296194        4.622371       3513.1178      -1.6982617       -3.7297014         2.0314397       3513.1178                           3084.8018                 23.433232                 396.10607                      8.7767265
              2        1755.112     0.055902373       5.2860482       3513.6206      -1.6982617       -3.7297014         2.0314397       3513.6206                           3085.3052                  23.43323                 396.10607                      8.7761601
              1       1754.8645     0.065328115       5.1276363       3513.1255      -1.6982617       -3.7297014         2.0314397       3513.1255                           3084.8124                 23.433069                 396.10607                      8.7739603
              4       1755.0269     0.059593006       5.1665953       3513.4503      -1.6982617       -3.7297014         2.0314397       3513.4503                           3085.1352                 23.433201                 396.10607                       8.775817
              3       1755.4354     0.050947305        5.135903       3514.2674      -1.6982617       -3.7297014         2.0314397       3514.2674                           3085.9474                 23.433459                 396.10607                      8.7804359
              2       1755.2416     0.055549797       5.0789791       3513.8797      -1.6982617       -3.7297014         2.0314397       3513.8797                           3085.5615                 23.433366                 396.10607                      8.7786869
              7       1755.0469     0.057916785       5.2578121       3513.4903      -1.6982617       -3.7297014         2.0314397       3513.4903                           3085.1755                 23.433189                 396.10607                      8.7755375
              4         1755.65     0.051577908       4.8064305       3514.6965      -1.6982617       -3.7297014         2.0314397       3514.6965                           3086.3729                  23.43362                 396.10607                      8.7838608
              2       1755.6277     0.052051502       4.8006969       3514.6518      -1.6982617       -3.7297014         2.0314397       3514.6518                           3086.3285                 23.433611                 396.10607                      8.7836741
              1       1755.0108     0.068494824       4.6263022       3513.4181      -1.6982617       -3.7297014         2.0314397       3513.4181                           3085.1004                 23.433336                 396.10607                       8.778345
              2       1754.7658     0.072910705       4.8722846       3512.9281      -1.6982617       -3.7297014         2.0314397       3512.9281                           3084.6148                 23.433058                 396.10607                      8.7741709
              3       1754.7916     0.073786047       4.7416043       3512.9797      -1.6982617       -3.7297014         2.0314397       3512.9797                           3084.6652                 23.433134                 396.10607                      8.7752806
              3       1754.9709      0.06801248       4.7158848       3513.3384      -1.6982617       -3.7297014         2.0314397       3513.3384                           3085.0215                 23.433286                 396.10607                      8.7775096
              7       1755.0368     0.066679755       4.6851742       3513.4702      -1.6982617       -3.7297014         2.0314397       3513.4702                           3085.1524                 23.433338                 396.10607                      8.7783565
              2       1755.1246     0.064546904       4.6756008       3513.6457      -1.6982617       -3.7297014         2.0314397       3513.6457                           3085.3269                 23.433392                 396.10607                      8.7793049
              1       1754.7732      0.06924061       5.1604697       3512.9429      -1.6982617       -3.7297014         2.0314397       3512.9429                           3084.6316                 23.432938                 396.10607                      8.7723054
             10       1755.3327     0.051442451       5.2558322       3514.0619      -1.6982617       -3.7297014         2.0314397       3514.0619                           3085.7437                 23.433377                 396.10607                      8.7787955
              1       1754.8323      0.06752543       5.0541311       3513.0612      -1.6982617       -3.7297014         2.0314397       3513.0612                           3084.7481                 23.433063                 396.10607                      8.7739763
              1       1755.2386     0.055799217       5.0652642       3513.8737      -1.6982617       -3.7297014         2.0314397       3513.8737                           3085.5556                 23.433368                 396.10607                      8.7787214
              7       1755.7021     0.054466906       4.5635496       3514.8007      -1.6982617       -3.7297014         2.0314397       3514.8007                           3086.4757                 23.433681                 396.10607                      8.7851724
             14       1755.9536     0.049995091       4.5753657       3515.3037      -1.6982617       -3.7297014         2.0314397       3515.3037                           3086.9765                 23.433772                 396.10607                      8.7873568
              5       1755.6588     0.052428982       4.7388412       3514.7142      -1.6982617       -3.7297014         2.0314397       3514.7142                           3086.3903                 23.433635                 396.10607                      8.7841863
              2       1755.2263     0.059824854       4.8109209       3513.8492      -1.6982617       -3.7297014         2.0314397       3513.8492                             3085.53                 23.433419                 396.10607                      8.7797548
              5       1755.2137     0.061974056       4.6994925       3513.8239      -1.6982617       -3.7297014         2.0314397       3513.8239                           3085.5043                 23.433436                 396.10607                      8.7800999
              1       1755.2049     0.062089725       4.7046386       3513.8063      -1.6982617       -3.7297014         2.0314397       3513.8063                           3085.4868                  23.43343                 396.10607                      8.7799907
              4       1755.5498     0.053061989       4.8265378       3514.4961      -1.6982617       -3.7297014         2.0314397       3514.4961                           3086.1736                 23.433573                 396.10607                      8.7828455
              2       1755.5585     0.054549924       4.7186983       3514.5134      -1.6982617       -3.7297014         2.0314397       3514.5134                           3086.1904                 23.433596                 396.10607                      8.7833303
              2       1755.6689     0.055064543       4.5636094       3514.7344      -1.6982617       -3.7297014         2.0314397       3514.7344                           3086.4098                 23.433668                 396.10607                      8.7848755
              3       1755.2924     0.055207903       5.0248657       3513.9813      -1.6982617       -3.7297014         2.0314397       3513.9813                           3085.6624                 23.433407                 396.10607                       8.779475
              4       1754.9612     0.071454022       4.5492823       3513.3189      -1.6982617       -3.7297014         2.0314397       3513.3189                           3085.0013                 23.433323                 396.10607                      8.7781611
              8       1755.2512     0.061538382        4.675175       3513.8989      -1.6982617       -3.7297014         2.0314397       3513.8989                           3085.5788                 23.433461                 396.10607                      8.7805695
              2       1755.4878      0.05755398       4.6182158       3514.3721      -1.6982617       -3.7297014         2.0314397       3514.3721                           3086.0494                 23.433584                 396.10607                      8.7830368
              1       1755.2707      0.06109494         4.67549       3513.9379      -1.6982617       -3.7297014         2.0314397       3513.9379                           3085.6176                 23.433471                 396.10607                      8.7807585
              4        1755.378     0.055012433       4.9158163       3514.1525      -1.6982617       -3.7297014         2.0314397       3514.1525                           3085.8322                 23.433476                 396.10607                      8.7808233
              1       1755.6132     0.049539587       5.0000308       3514.6229      -1.6982617       -3.7297014         2.0314397       3514.6229                           3086.3005                  23.43357                 396.10607                      8.7827713
              3       1754.8834     0.070176826       4.7510244       3513.1634      -1.6982617       -3.7297014         2.0314397       3513.1634                           3084.8478                 23.433212                 396.10607                      8.7763502
              3       1754.8064      0.07363659       4.7148364       3513.0094      -1.6982617       -3.7297014         2.0314397       3513.0094                           3084.6946                 23.433157                 396.10607                       8.775613
              5       1755.2967     0.062285814       4.5768366         3513.99      -1.6982617       -3.7297014         2.0314397         3513.99                            3085.669                 23.433504                 396.10607                      8.7813931
              7       1755.1281     0.065912862       4.5966821       3513.6526      -1.6982617       -3.7297014         2.0314397       3513.6526                           3085.3335                 23.433412                 396.10607                      8.7796704
              9       1755.0282      0.06884746       4.5822324        3513.453      -1.6982617       -3.7297014         2.0314397        3513.453                           3085.1348                 23.433357                 396.10607                       8.778718
              1       1754.7596     0.070746301        5.081533       3512.9157      -1.6982617       -3.7297014         2.0314397       3512.9157                            3084.604                 23.432956                 396.10607                      8.7726596
              7       1754.7131     0.074542335        4.997978       3512.8226      -1.6982617       -3.7297014         2.0314397       3512.8226                           3084.5112                  23.43292                 396.10607                      8.7724364
             11       1754.8341     0.072042518       4.7453117       3513.0647      -1.6982617       -3.7297014         2.0314397       3513.0647                           3084.7496                 23.433172                 396.10607                      8.7757909
              7       1754.8041     0.073288274       4.7405879       3513.0048      -1.6982617       -3.7297014         2.0314397       3513.0048                           3084.6901                 23.433147                 396.10607                      8.7754462
              4       1754.8797     0.071445012       4.6865508       3513.1558      -1.6982617       -3.7297014         2.0314397       3513.1558                           3084.8399                 23.433228                 396.10607                        8.77663
              1       1754.7288     0.072806271       5.2248482        3512.854      -1.6982617       -3.7297014         2.0314397        3512.854                           3084.5445                 23.432787                 396.10607                      8.7706785
              2       1754.7321     0.074915117       5.2854103       3512.8607      -1.6982617       -3.7297014         2.0314397       3512.8607                           3084.5523                 23.432677                 396.10607                      8.7696377
              1       1755.0617     0.058049803       5.2146383       3513.5198      -1.6982617       -3.7297014         2.0314397       3513.5198                           3085.2046                 23.433213                 396.10607                      8.7759629
              1       1755.2484     0.060840307       4.7192645       3513.8934      -1.6982617       -3.7297014         2.0314397       3513.8934                           3085.5735                  23.43345                 396.10607                      8.7803628
             13       1755.9839     0.045051036       4.8939616       3515.3644      -1.6982617       -3.7297014         2.0314397       3515.3644                            3087.038                 23.433736                 396.10607                      8.7866114
              2       1755.2171     0.060612763       4.7753746       3513.8307      -1.6982617       -3.7297014         2.0314397       3513.8307                           3085.5114                 23.433422                 396.10607                      8.7798146
              1       1754.9203     0.067152693       4.8598327       3513.2372      -1.6982617       -3.7297014         2.0314397       3513.2372                           3084.9217                 23.433209                 396.10607                      8.7762199
              1       1755.1482     0.065959329       4.5676811       3513.6929      -1.6982617       -3.7297014         2.0314397       3513.6929                           3085.3734                 23.433429                 396.10607                      8.7799882
             17       1754.8847     0.073821777       4.5531922       3513.1659      -1.6982617       -3.7297014         2.0314397       3513.1659                           3084.8492                 23.433269                 396.10607                      8.7773208
              1       1754.7375     0.074748164       4.8421767       3512.8715      -1.6982617       -3.7297014         2.0314397       3512.8715                           3084.5585                 23.433036                 396.10607                      8.7739459
              2       1754.8006     0.071740244       4.8460662       3512.9977      -1.6982617       -3.7297014         2.0314397       3512.9977                           3084.6837                 23.433106                 396.10607                      8.7748073
              1       1755.6725     0.054564505       4.5894879       3514.7415      -1.6982617       -3.7297014         2.0314397       3514.7415                           3086.4169                 23.433665                 396.10607                      8.7848222
              2       1755.1733      0.05767454       5.0353537        3513.743      -1.6982617       -3.7297014         2.0314397        3513.743                           3085.4255                 23.433336                 396.10607                      8.7781674
              3       1755.1352     0.057150546       5.1404439        3513.667      -1.6982617       -3.7297014         2.0314397        3513.667                           3085.3504                 23.433285                 396.10607                      8.7772176
              2       1755.2741     0.055644334       5.0210559       3513.9448      -1.6982617       -3.7297014         2.0314397       3513.9448                            3085.626                 23.433398                 396.10607                      8.7793032
              1       1755.1286     0.057336363       5.1384494       3513.6537      -1.6982617       -3.7297014         2.0314397       3513.6537                           3085.3372                 23.433281                 396.10607                      8.7771526
              2       1754.9221     0.061485908       5.2762853       3513.2408      -1.6982617       -3.7297014         2.0314397       3513.2408                           3084.9279                 23.433074                 396.10607                      8.7738063
              7       1755.8747     0.051655241       4.5526313        3515.146      -1.6982617       -3.7297014         2.0314397        3515.146                           3086.8194                 23.433747                 396.10607                      8.7867353
             11       1755.2892     0.062154862       4.5930268        3513.975      -1.6982617       -3.7297014         2.0314397        3513.975                           3085.6541                 23.433497                 396.10607                        8.78126
              3       1755.6045     0.055941823       4.5818548       3514.6055      -1.6982617       -3.7297014         2.0314397       3514.6055                           3086.2816                 23.433639                 396.10607                      8.7842332
              2       1755.1875     0.062944275       4.6791614       3513.7716      -1.6982617       -3.7297014         2.0314397       3513.7716                           3085.4522                 23.433427                 396.10607                      8.7799235
              2       1755.0631     0.060936918       4.9965201       3513.5227      -1.6982617       -3.7297014         2.0314397       3513.5227                           3085.2062                 23.433275                 396.10607                      8.7771502
              1       1754.8375     0.068072195       4.9964379       3513.0715      -1.6982617       -3.7297014         2.0314397       3513.0715                           3084.7579                  23.43309                 396.10607                      8.7744067
              4       1754.8306     0.069911326        4.886476       3513.0578      -1.6982617       -3.7297014         2.0314397       3513.0578                           3084.7436                 23.433122                 396.10607                      8.7749679
              3       1754.7711     0.072499878       4.8836357       3512.9387      -1.6982617       -3.7297014         2.0314397       3512.9387                           3084.6254                  23.43306                 396.10607                      8.7741763
              4       1755.6437     0.051081443       4.8484768       3514.6839      -1.6982617       -3.7297014         2.0314397       3514.6839                           3086.3605                  23.43361                 396.10607                      8.7836465
              1       1755.2868     0.056423719       4.9471825       3513.9702      -1.6982617       -3.7297014         2.0314397       3513.9702                           3085.6509                 23.433422                 396.10607                      8.7797698
              3       1755.1162     0.064395679       4.6958917        3513.629      -1.6982617       -3.7297014         2.0314397        3513.629                           3085.3104                 23.433383                 396.10607                      8.7791327
              2       1754.7448     0.070978337       5.2095677       3512.8861      -1.6982617       -3.7297014         2.0314397       3512.8861                           3084.5759                 23.432851                 396.10607                      8.7713046
              1       1755.0858     0.058151371       5.1572743       3513.5681      -1.6982617       -3.7297014         2.0314397       3513.5681                           3085.2523                 23.433247                 396.10607                      8.7765639
              6       1755.1685     0.064584795       4.6138844       3513.7335      -1.6982617       -3.7297014         2.0314397       3513.7335                            3085.414                  23.43343                 396.10607                      8.7800028
              1       1754.7339     0.073139891       4.9949735       3512.8643      -1.6982617       -3.7297014         2.0314397       3512.8643                           3084.5524                 23.432959                 396.10607                      8.7728473
              9       1754.8406      0.06684974       5.0809003       3513.0778      -1.6982617       -3.7297014         2.0314397       3513.0778                           3084.7647                 23.433061                 396.10607                      8.7739229
             21       1754.8145     0.072611924       4.7561368       3513.0256      -1.6982617       -3.7297014         2.0314397       3513.0256                           3084.7109                 23.433151                 396.10607                       8.775492
              8       1754.7929     0.071285578       4.8992992       3512.9823      -1.6982617       -3.7297014         2.0314397       3512.9823                           3084.6688                 23.433078                 396.10607                       8.774387
              1       1754.7662     0.071650614       4.9659411        3512.929      -1.6982617       -3.7297014         2.0314397        3512.929                           3084.6163                  23.43302                 396.10607                      8.7735775
              1       1754.8987     0.064041427       5.1296538       3513.1939      -1.6982617       -3.7297014         2.0314397       3513.1939                           3084.8803                 23.433103                 396.10607                      8.7744155
              2       1755.7081      0.05120255       4.7638439       3514.8127      -1.6982617       -3.7297014         2.0314397       3514.8127                           3086.4885                 23.433651                 396.10607                        8.78455
              2        1755.716     0.051123675       4.7600899       3514.8285      -1.6982617       -3.7297014         2.0314397       3514.8285                           3086.5042                 23.433655                 396.10607                      8.7846356
             11        1755.574     0.055274416       4.6557271       3514.5445      -1.6982617       -3.7297014         2.0314397       3514.5445                           3086.2211                 23.433614                 396.10607                      8.7837001
             10       1755.6013     0.052648601       4.7918981       3514.5991      -1.6982617       -3.7297014         2.0314397       3514.5991                            3086.276                 23.433602                 396.10607                      8.7834602
              1       1755.6363     0.049744585       4.9546705       3514.6692      -1.6982617       -3.7297014         2.0314397       3514.6692                           3086.3464                 23.433588                 396.10607                      8.7831722
              7       1755.7968      0.04745578       4.9292388       3514.9901      -1.6982617       -3.7297014         2.0314397       3514.9901                           3086.6656                 23.433659                 396.10607                      8.7847749
              2       1755.3484      0.05522464       4.9422157       3514.0933      -1.6982617       -3.7297014         2.0314397       3514.0933                           3085.7733                 23.433455                 396.10607                      8.7804143
              3       1754.8669     0.068077265       4.9178824       3513.1303      -1.6982617       -3.7297014         2.0314397       3513.1303                           3084.8159                 23.433145                 396.10607                      8.7752531
              1        1755.157      0.06219804       4.7649843       3513.7105      -1.6982617       -3.7297014         2.0314397       3513.7105                           3085.3918                  23.43339                 396.10607                       8.779249
              2       1756.0186     0.049484329       4.5411988       3515.4337      -1.6982617       -3.7297014         2.0314397       3515.4337                           3087.1058                 23.433799                 396.10607                      8.7880218
              1       1755.1788     0.064826063       4.5875903       3513.7541      -1.6982617       -3.7297014         2.0314397       3513.7541                           3085.4344                 23.433442                 396.10607                        8.78021
              9       1754.9507     0.062327491         5.12843        3513.298      -1.6982617       -3.7297014         2.0314397        3513.298                           3084.9837                 23.433151                 396.10607                      8.7750976
              3       1754.7344     0.072002364       5.1588099       3512.8654      -1.6982617       -3.7297014         2.0314397       3512.8654                           3084.5549                 23.432862                 396.10607                      8.7715274
              3       1754.9074     0.065732006       4.9817987       3513.2114      -1.6982617       -3.7297014         2.0314397       3513.2114                           3084.8967                 23.433161                 396.10607                      8.7753992
              1       1755.8849      0.04824292        4.767989       3515.1662      -1.6982617       -3.7297014         2.0314397       3515.1662                           3086.8403                 23.433719                 396.10607                      8.7861398
              2       1755.8281     0.052273037       4.5630738       3515.0528      -1.6982617       -3.7297014         2.0314397       3515.0528                           3086.7267                 23.433729                 396.10607                      8.7862935
              2        1755.652     0.056259613       4.5126082       3514.7005      -1.6982617       -3.7297014         2.0314397       3514.7005                           3086.3759                 23.433669                 396.10607                      8.7848892
              1       1755.6701     0.055928101       4.5123755       3514.7368      -1.6982617       -3.7297014         2.0314397       3514.7368                            3086.412                 23.433677                 396.10607                      8.7850523
              3       1755.2118     0.058256078       4.9338669         3513.82      -1.6982617       -3.7297014         2.0314397         3513.82                           3085.5015                 23.433383                 396.10607                      8.7790561
              4       1754.9121     0.073590723       4.5199442       3513.2208      -1.6982617       -3.7297014         2.0314397       3513.2208                           3084.9036                 23.433298                 396.10607                      8.7777688
              8       1754.7169     0.073731764       5.1033207       3512.8303      -1.6982617       -3.7297014         2.0314397       3512.8303                           3084.5197                 23.432859                 396.10607                      8.7716163
              4        1754.735     0.074056688       4.9057143       3512.8666      -1.6982617       -3.7297014         2.0314397       3512.8666                           3084.5541                 23.433004                 396.10607                      8.7734931
              1       1755.1744     0.054888916       5.2473124       3513.7454      -1.6982617       -3.7297014         2.0314397       3513.7454                           3085.4289                 23.433283                 396.10607                      8.7770958
              1       1755.6274     0.047600576       5.1363538       3514.6512      -1.6982617       -3.7297014         2.0314397       3514.6512                           3086.3293                 23.433551                 396.10607                      8.7823504
              3       1755.3399     0.061276686       4.5801824       3514.0763      -1.6982617       -3.7297014         2.0314397       3514.0763                           3085.7549                 23.433524                 396.10607                      8.7817908
              2       1755.1546        0.062616       4.7436089       3513.7058      -1.6982617       -3.7297014         2.0314397       3513.7058                            3085.387                 23.433394                 396.10607                      8.7793182
              4       1755.1751     0.062807961       4.7037773       3513.7468      -1.6982617       -3.7297014         2.0314397       3513.7468                           3085.4276                 23.433414                 396.10607                      8.7796968
              1        1754.983     0.066335421       4.7923443       3513.3626      -1.6982617       -3.7297014         2.0314397       3513.3626                            3085.046                 23.433274                 396.10607                      8.7772762
              9       1755.5844     0.046748163       5.2715041       3514.5654      -1.6982617       -3.7297014         2.0314397       3514.5654                           3086.2444                 23.433504                 396.10607                      8.7813367
              1       1755.6109      0.04645261       5.2591273       3514.6183      -1.6982617       -3.7297014         2.0314397       3514.6183                            3086.297                 23.433519                 396.10607                      8.7816585
              3       1755.0322     0.061046881       5.0468239        3513.461      -1.6982617       -3.7297014         2.0314397        3513.461                           3085.1452                  23.43324                 396.10607                      8.7765365
              2       1755.3139     0.052234593       5.2207795       3514.0244      -1.6982617       -3.7297014         2.0314397       3514.0244                           3085.7062                 23.433375                 396.10607                      8.7787671
              9       1755.3884     0.050174389       5.2728047       3514.1733      -1.6982617       -3.7297014         2.0314397       3514.1733                           3085.8545                 23.433404                 396.10607                      8.7793056
              1       1755.4205     0.051408379       5.1212281       3514.2376      -1.6982617       -3.7297014         2.0314397       3514.2376                           3085.9177                 23.433454                 396.10607                      8.7803505
              2       1755.2415     0.052950299        5.285797       3513.8796      -1.6982617       -3.7297014         2.0314397       3513.8796                           3085.5626                 23.433316                 396.10607                      8.7776474
              1       1755.9096     0.048870643       4.6966827       3515.2157      -1.6982617       -3.7297014         2.0314397       3515.2157                           3086.8893                 23.433739                 396.10607                      8.7865935
              8       1754.9427     0.070882753       4.6070675        3513.282      -1.6982617       -3.7297014         2.0314397        3513.282                           3084.9649                 23.433296                 396.10607                       8.777707
             11        1754.822      0.07275052       4.7307461       3513.0406      -1.6982617       -3.7297014         2.0314397       3513.0406                           3084.7256                 23.433166                 396.10607                      8.7757212
              1       1755.3263     0.054203072       5.0476168        3514.049      -1.6982617       -3.7297014         2.0314397        3514.049                           3085.7298                 23.433421                 396.10607                      8.7797198
              1       1755.8836     0.047639542       4.8129518       3515.1638      -1.6982617       -3.7297014         2.0314397       3515.1638                            3086.838                 23.433711                 396.10607                      8.7859784
              3       1755.3644     0.057457673       4.7733187       3514.1254      -1.6982617       -3.7297014         2.0314397       3514.1254                           3085.8045                 23.433498                 396.10607                      8.7812786
              7       1755.0106     0.066193055       4.7542392       3513.4176      -1.6982617       -3.7297014         2.0314397       3513.4176                           3085.1005                 23.433303                 396.10607                      8.7777595
              3       1755.0481     0.067404504       4.6290171       3513.4927      -1.6982617       -3.7297014         2.0314397       3513.4927                           3085.1746                 23.433358                 396.10607                      8.7787217
              4       1755.0874     0.057389945        5.214083       3513.5714      -1.6982617       -3.7297014         2.0314397       3513.5714                           3085.2558                 23.433232                 396.10607                      8.7762718
              2       1755.5529     0.052657853       4.8503123       3514.5023      -1.6982617       -3.7297014         2.0314397       3514.5023                           3086.1799                  23.43357                 396.10607                      8.7827837
              2       1754.7726     0.068504667         5.28246       3512.9418      -1.6982617       -3.7297014         2.0314397       3512.9418                           3084.6316                 23.432866                 396.10607                      8.7712834
             14        1754.827     0.065459403        5.263248       3513.0506      -1.6982617       -3.7297014         2.0314397       3513.0506                           3084.7391                 23.432968                 396.10607                      8.7724639
              7       1755.0613     0.064698869       4.7602997       3513.5192      -1.6982617       -3.7297014         2.0314397       3513.5192                           3085.2015                 23.433334                 396.10607                      8.7782747
              1       1755.1069     0.061852001       4.8618383       3513.6104      -1.6982617       -3.7297014         2.0314397       3513.6104                           3085.2927                 23.433338                 396.10607                      8.7782882
              3       1755.6526     0.053003843       4.7085785       3514.7017      -1.6982617       -3.7297014         2.0314397       3514.7017                           3086.3778                 23.433638                 396.10607                      8.7842353
              7       1755.8722     0.047268525       4.8536641       3515.1409      -1.6982617       -3.7297014         2.0314397       3515.1409                           3086.8154                 23.433701                 396.10607                      8.7857357
              3        1755.327     0.057393317       4.8265573       3514.0505      -1.6982617       -3.7297014         2.0314397       3514.0505                           3085.7303                 23.433468                 396.10607                      8.7806945
              2       1755.6088       0.0570263       4.5150289       3514.6142      -1.6982617       -3.7297014         2.0314397       3514.6142                             3086.29                 23.433652                 396.10607                      8.7844949
             11       1755.7742     0.047085915       4.9859381        3514.945      -1.6982617       -3.7297014         2.0314397        3514.945                           3086.6209                  23.43364                 396.10607                      8.7843545
              2       1755.8641     0.046174745       4.9476133       3515.1247      -1.6982617       -3.7297014         2.0314397       3515.1247                           3086.7996                 23.433683                 396.10607                      8.7853303
              1       1754.7552      0.07106276       5.0755652       3512.9069      -1.6982617       -3.7297014         2.0314397       3512.9069                           3084.5953                 23.432952                 396.10607                      8.7726269
              1       1755.6697     0.053782048       4.6401548        3514.736      -1.6982617       -3.7297014         2.0314397        3514.736                           3086.4116                 23.433656                 396.10607                      8.7846278
              3       1755.6544     0.054236917       4.6290671       3514.7054      -1.6982617       -3.7297014         2.0314397       3514.7054                           3086.3811                 23.433651                 396.10607                      8.7845262
              9       1754.9438     0.065543165       4.9155085       3513.2841      -1.6982617       -3.7297014         2.0314397       3513.2841                           3084.9686                 23.433211                 396.10607                      8.7762018
              1       1754.7462     0.074210393       4.8483559        3512.889      -1.6982617       -3.7297014         2.0314397        3512.889                           3084.5758                 23.433044                 396.10607                      8.7740364
             13        1754.913     0.067453744       4.8558871       3513.2225      -1.6982617       -3.7297014         2.0314397       3513.2225                           3084.9071                 23.433204                 396.10607                      8.7761541
              1       1754.8809     0.068394809        4.864622       3513.1584      -1.6982617       -3.7297014         2.0314397       3513.1584                           3084.8434                 23.433175                 396.10607                      8.7757224
              4       1754.8537     0.073557241       4.6215992       3513.1039      -1.6982617       -3.7297014         2.0314397       3513.1039                            3084.788                 23.433226                 396.10607                      8.7766501
              2        1754.769     0.069253958       5.1920441       3512.9346      -1.6982617       -3.7297014         2.0314397       3512.9346                           3084.6237                 23.432913                 396.10607                      8.7719782
              1        1754.988     0.061868181       5.0778259       3513.3726      -1.6982617       -3.7297014         2.0314397       3513.3726                           3085.0575                 23.433197                 396.10607                      8.7758467
              1       1754.9405     0.065249075       4.9417171       3513.2775      -1.6982617       -3.7297014         2.0314397       3513.2775                           3084.9622                   23.4332                 396.10607                      8.7760227
              5        1754.795     0.070642988       4.9388116       3512.9865      -1.6982617       -3.7297014         2.0314397       3512.9865                           3084.6732                 23.433066                 396.10607                      8.7741733
              2       1754.9421     0.068576567       4.7334793       3513.2808      -1.6982617       -3.7297014         2.0314397       3513.2808                           3084.9643                 23.433261                 396.10607                      8.7771072
             10       1754.8637     0.067370533        4.974589       3513.1239      -1.6982617       -3.7297014         2.0314397       3513.1239                           3084.8098                 23.433123                 396.10607                      8.7748859
              1       1755.2026     0.061036536       4.7699513       3513.8017      -1.6982617       -3.7297014         2.0314397       3513.8017                           3085.4825                 23.433415                 396.10607                      8.7796913
              1       1755.2026     0.061184591       4.7610383       3513.8017      -1.6982617       -3.7297014         2.0314397       3513.8017                           3085.4825                 23.433417                 396.10607                      8.7797296
              1       1754.7424     0.073830688       4.8916361       3512.8813      -1.6982617       -3.7297014         2.0314397       3512.8813                           3084.5685                 23.433021                 396.10607                      8.7737011
              7       1754.7532     0.072068379       4.9888463       3512.9029      -1.6982617       -3.7297014         2.0314397       3512.9029                           3084.5907                 23.432992                 396.10607                      8.7732168
             11       1754.7798     0.068691615       5.1800621       3512.9561      -1.6982617       -3.7297014         2.0314397       3512.9561                           3084.6448                 23.432938                 396.10607                      8.7722734
              1       1756.2116     0.045183098       4.6325195       3515.8197      -1.6982617       -3.7297014         2.0314397       3515.8197                           3087.4904                 23.433852                 396.10607                      8.7894266
              4       1756.1776     0.045990748        4.610905       3515.7517      -1.6982617       -3.7297014         2.0314397       3515.7517                           3087.4226                 23.433843                 396.10607                      8.7891945
              3       1755.6982     0.053643536       4.6174631       3514.7929      -1.6982617       -3.7297014         2.0314397       3514.7929                           3086.4682                 23.433671                 396.10607                      8.7849612
              2        1755.042     0.065216222       4.7604172       3513.4805      -1.6982617       -3.7297014         2.0314397       3513.4805                           3085.1631                 23.433322                 396.10607                      8.7780684
              2       1755.5089     0.058564876       4.5371244       3514.4143      -1.6982617       -3.7297014         2.0314397       3514.4143                           3086.0911                 23.433607                 396.10607                       8.783515
              1       1755.1461     0.063896454       4.6820197       3513.6887      -1.6982617       -3.7297014         2.0314397       3513.6887                           3085.3697                 23.433403                 396.10607                      8.7794958
              7       1755.3668     0.056021591       4.8627147       3514.1302      -1.6982617       -3.7297014         2.0314397       3514.1302                           3085.8097                 23.433481                 396.10607                      8.7809367
              6       1755.4372     0.053914393       4.9120003        3514.271      -1.6982617       -3.7297014         2.0314397        3514.271                             3085.95                 23.433505                 396.10607                      8.7814231
              4       1755.4987     0.053598791       4.8539003        3514.394      -1.6982617       -3.7297014         2.0314397        3514.394                           3086.0721                 23.433545                 396.10607                      8.7822531
             12       1754.8253     0.067066684       5.1168208       3513.0471      -1.6982617       -3.7297014         2.0314397       3513.0471                           3084.7345                  23.43303                 396.10607                      8.7734652
              1       1755.1762     0.059001724       4.9384172        3513.749      -1.6982617       -3.7297014         2.0314397        3513.749                           3085.4309                 23.433361                 396.10607                      8.7786626
              8       1755.0688      0.06376042       4.8043454       3513.5342      -1.6982617       -3.7297014         2.0314397       3513.5342                           3085.2166                 23.433328                 396.10607                       8.778151
              5       1755.2567     0.058294002       4.8653907       3513.9099      -1.6982617       -3.7297014         2.0314397       3513.9099                           3085.5906                 23.433423                 396.10607                      8.7798248
              1       1755.2702     0.057811218       4.8776604        3513.937      -1.6982617       -3.7297014         2.0314397        3513.937                           3085.6176                 23.433428                 396.10607                      8.7799086
              7       1755.4366     0.055334705       4.8169116       3514.2697      -1.6982617       -3.7297014         2.0314397       3514.2697                           3085.9483                 23.433524                 396.10607                      8.7818029
             11        1754.934     0.072735724        4.527556       3513.2645      -1.6982617       -3.7297014         2.0314397       3513.2645                           3084.9471                  23.43331                 396.10607                      8.7779688
              3       1754.8584     0.065733817       5.1137087       3513.1134      -1.6982617       -3.7297014         2.0314397       3513.1134                           3084.8003                 23.433068                 396.10607                      8.7739642
              1       1755.0226     0.064338366       4.8452612       3513.4418      -1.6982617       -3.7297014         2.0314397       3513.4418                           3085.1249                 23.433288                 396.10607                      8.7774554
              2       1754.8413     0.070449391       4.8252463       3513.0792      -1.6982617       -3.7297014         2.0314397       3513.0792                           3084.7645                 23.433153                 396.10607                      8.7754491
              9       1754.8562     0.073174862       4.6370714        3513.109      -1.6982617       -3.7297014         2.0314397        3513.109                           3084.7931                 23.433224                 396.10607                      8.7766039
              3       1754.9434     0.068321966       4.7457098       3513.2834      -1.6982617       -3.7297014         2.0314397       3513.2834                            3084.967                 23.433259                 396.10607                      8.7770623
              2       1754.9231     0.069018447        4.742335       3513.2428      -1.6982617       -3.7297014         2.0314397       3513.2428                           3084.9266                 23.433245                 396.10607                      8.7768501
              4       1754.9162     0.071556691       4.6156739       3513.2289      -1.6982617       -3.7297014         2.0314397       3513.2289                           3084.9121                 23.433275                 396.10607                      8.7773787
              5       1754.8773     0.072173175       4.6512139       3513.1512      -1.6982617       -3.7297014         2.0314397       3513.1512                           3084.8351                 23.433236                 396.10607                      8.7767768
              4       1755.4428     0.051639581       5.0707575       3514.2822      -1.6982617       -3.7297014         2.0314397       3514.2822                           3085.9619                 23.433476                 396.10607                      8.7808016
              1       1755.7251     0.049958096        4.830318       3514.8467      -1.6982617       -3.7297014         2.0314397       3514.8467                           3086.5225                 23.433647                 396.10607                      8.7844696
              5       1754.8566     0.071370464        4.736234       3513.1098      -1.6982617       -3.7297014         2.0314397       3513.1098                           3084.7944                 23.433194                 396.10607                        8.77611
              1       1754.7747     0.071157894       4.9715222        3512.946      -1.6982617       -3.7297014         2.0314397        3512.946                           3084.6332                 23.433028                 396.10607                      8.7736697
              1        1755.526     0.051580978       4.9611803       3514.4485      -1.6982617       -3.7297014         2.0314397       3514.4485                           3086.1268                 23.433537                 396.10607                      8.7820863
             11        1755.102     0.056607515       5.2480045       3513.6005      -1.6982617       -3.7297014         2.0314397       3513.6005                           3085.2849                 23.433233                 396.10607                      8.7762542
              4       1754.7354     0.073026672       5.2901437       3512.8674      -1.6982617       -3.7297014         2.0314397       3512.8674                           3084.5586                 23.432728                 396.10607                      8.7700073
             13       1755.0948     0.057233312       5.2116719       3513.5862      -1.6982617       -3.7297014         2.0314397       3513.5862                           3085.2705                 23.433238                 396.10607                      8.7763716
              3       1755.0609     0.058076438       5.2140197       3513.5184      -1.6982617       -3.7297014         2.0314397       3513.5184                           3085.2032                 23.433213                 396.10607                      8.7759578
              3       1755.3437     0.051573091        5.226778        3514.084      -1.6982617       -3.7297014         2.0314397        3514.084                           3085.7654                  23.43339                 396.10607                      8.7790557
              7       1755.3087     0.052473778       5.2096889        3514.014      -1.6982617       -3.7297014         2.0314397        3514.014                           3085.6958                 23.433374                 396.10607                      8.7787667
              5       1754.9853       0.0596212       5.2617451       3513.3671      -1.6982617       -3.7297014         2.0314397       3513.3671                           3085.0531                 23.433138                 396.10607                      8.7747415
              5       1755.4739     0.049174093       5.2246926       3514.3444      -1.6982617       -3.7297014         2.0314397       3514.3444                           3086.0245                  23.43346                 396.10607                      8.7804243
              2       1755.5478      0.04706336       5.2979555       3514.4922      -1.6982617       -3.7297014         2.0314397       3514.4922                           3086.1718                 23.433481                 396.10607                      8.7808447
              1       1754.9625     0.068559282       4.6993702       3513.3216      -1.6982617       -3.7297014         2.0314397       3513.3216                           3085.0047                 23.433285                 396.10607                      8.7774952
              7        1755.592     0.051850974       4.8577194       3514.5806      -1.6982617       -3.7297014         2.0314397       3514.5806                           3086.2578                 23.433586                 396.10607                      8.7831266
              6       1755.7927     0.049324849       4.7962468       3514.9818      -1.6982617       -3.7297014         2.0314397       3514.9818                           3086.6569                 23.433679                 396.10607                      8.7852099
              6       1755.8821     0.048012745       4.7875595       3515.1608      -1.6982617       -3.7297014         2.0314397       3515.1608                           3086.8349                 23.433715                 396.10607                      8.7860505
              2       1755.8566     0.048608413       4.7739093       3515.1097      -1.6982617       -3.7297014         2.0314397       3515.1097                           3086.7841                 23.433707                 396.10607                      8.7858657
              1       1755.1018     0.056816371       5.2312708       3513.6001      -1.6982617       -3.7297014         2.0314397       3513.6001                           3085.2845                 23.433238                 396.10607                      8.7763454
              5       1755.3084     0.052385609       5.2174729       3514.0134      -1.6982617       -3.7297014         2.0314397       3514.0134                           3085.6952                 23.433372                 396.10607                      8.7787247
              1       1755.1478     0.061651959       4.8114928       3513.6921      -1.6982617       -3.7297014         2.0314397       3513.6921                           3085.3737                 23.433374                 396.10607                      8.7789486
              6       1754.8025     0.066910008       5.2408626       3513.0015      -1.6982617       -3.7297014         2.0314397       3513.0015                           3084.6902                 23.432943                 396.10607                      8.7722112
              3       1755.3604     0.056366861       4.8485879       3514.1172      -1.6982617       -3.7297014         2.0314397       3514.1172                           3085.7968                  23.43348                 396.10607                      8.7809315
              3       1754.7548     0.070053567       5.2395286       3512.9061      -1.6982617       -3.7297014         2.0314397       3512.9061                           3084.5959                 23.432854                 396.10607                      8.7712643
              1       1754.7563     0.069924828       5.2399228       3512.9091      -1.6982617       -3.7297014         2.0314397       3512.9091                           3084.5989                 23.432857                 396.10607                      8.7712972
              1       1755.1181     0.066672749       4.5701781       3513.6328      -1.6982617       -3.7297014         2.0314397       3513.6328                           3085.3136                 23.433412                 396.10607                      8.7796794
              4       1754.9534     0.068096262       4.7410473       3513.3034      -1.6982617       -3.7297014         2.0314397       3513.3034                           3084.9869                 23.433268                 396.10607                      8.7771964
              5       1755.1532     0.066192461       4.5491699       3513.7029      -1.6982617       -3.7297014         2.0314397       3513.7029                           3085.3833                 23.433436                 396.10607                      8.7801111
              2       1755.0913     0.065783577       4.6543879       3513.5791      -1.6982617       -3.7297014         2.0314397       3513.5791                           3085.2605                 23.433378                 396.10607                      8.7790561
              1       1755.1267     0.065358941       4.6280713         3513.65      -1.6982617       -3.7297014         2.0314397         3513.65                            3085.331                 23.433404                 396.10607                      8.7795269
              7       1754.9101     0.073996191       4.5036451       3513.2166      -1.6982617       -3.7297014         2.0314397       3513.2166                           3084.8995                   23.4333                 396.10607                      8.7778187
              1        1755.337     0.054203238        5.031655       3514.0705      -1.6982617       -3.7297014         2.0314397       3514.0705                           3085.7511                  23.43343                 396.10607                      8.7799023
              5       1755.2163     0.053555366       5.2806799        3513.829      -1.6982617       -3.7297014         2.0314397        3513.829                           3085.5123                 23.433301                 396.10607                      8.7773911
              5       1755.1658     0.059961502        4.891158       3513.7281      -1.6982617       -3.7297014         2.0314397       3513.7281                           3085.4099                 23.433366                 396.10607                      8.7787735
              4       1755.3841      0.05979791       4.6100526       3514.1647      -1.6982617       -3.7297014         2.0314397       3514.1647                            3085.843                 23.433539                 396.10607                      8.7820977
              3       1755.5581     0.057803912       4.5259218       3514.5126      -1.6982617       -3.7297014         2.0314397       3514.5126                           3086.1889                 23.433629                 396.10607                      8.7840005
              6       1755.2403     0.057662948       4.9310847        3513.877      -1.6982617       -3.7297014         2.0314397        3513.877                           3085.5582                   23.4334                 396.10607                      8.7793646
              1       1755.2331     0.058767297       4.8685077       3513.8627      -1.6982617       -3.7297014         2.0314397       3513.8627                           3085.5436                  23.43341                 396.10607                      8.7795712
              1       1754.8454     0.065838591       5.1487924       3513.0874      -1.6982617       -3.7297014         2.0314397       3513.0874                           3084.7747                  23.43304                 396.10607                      8.7735503
              8       1754.9846     0.059803514       5.2479613       3513.3658      -1.6982617       -3.7297014         2.0314397       3513.3658                           3085.0518                 23.433142                 396.10607                      8.7748169
              4       1755.1635     0.061134249       4.8201457       3513.7235      -1.6982617       -3.7297014         2.0314397       3513.7235                            3085.405                 23.433382                 396.10607                       8.779072
              5       1755.2158     0.061702774       4.7123551       3513.8281      -1.6982617       -3.7297014         2.0314397       3513.8281                           3085.5086                 23.433435                 396.10607                      8.7800677
              3       1755.3636     0.061841914        4.522198       3514.1237      -1.6982617       -3.7297014         2.0314397       3514.1237                           3085.8019                 23.433546                 396.10607                      8.7822262
              5       1755.0471     0.063739428       4.8410193       3513.4907      -1.6982617       -3.7297014         2.0314397       3513.4907                           3085.1735                 23.433305                 396.10607                      8.7777434
              2       1755.0664     0.065716792       4.6942957       3513.5293      -1.6982617       -3.7297014         2.0314397       3513.5293                           3085.2112                 23.433354                 396.10607                      8.7786256
              5       1754.7925     0.067752123       5.2059532       3512.9815      -1.6982617       -3.7297014         2.0314397       3512.9815                           3084.6702                 23.432945                 396.10607                       8.772302
              5       1754.8083     0.072948624       4.7509328        3513.013      -1.6982617       -3.7297014         2.0314397        3513.013                           3084.6984                 23.433147                 396.10607                      8.7754413
              5       1754.7874     0.073859766       4.7475883       3512.9714      -1.6982617       -3.7297014         2.0314397       3512.9714                            3084.657                 23.433128                 396.10607                      8.7751954
              2       1755.1131     0.061919254       4.8478203       3513.6228      -1.6982617       -3.7297014         2.0314397       3513.6228                           3085.3049                 23.433345                 396.10607                      8.7784193
              5       1755.4107     0.051816287       5.1036796       3514.2179      -1.6982617       -3.7297014         2.0314397       3514.2179                           3085.8981                 23.433453                 396.10607                      8.7803298
              4       1755.2818     0.054422241       5.0996583         3513.96      -1.6982617       -3.7297014         2.0314397         3513.96                           3085.6416                 23.433385                 396.10607                      8.7790134
              2       1755.4818       0.0579552       4.6017868       3514.3602      -1.6982617       -3.7297014         2.0314397       3514.3602                           3086.0375                 23.433584                 396.10607                      8.7830407
              3       1755.2088     0.062571331       4.6719104       3513.8141      -1.6982617       -3.7297014         2.0314397       3513.8141                           3085.4944                 23.433439                 396.10607                       8.780165
              2       1755.2828     0.058493765         4.81619       3513.9621      -1.6982617       -3.7297014         2.0314397       3513.9621                           3085.6423                 23.433448                 396.10607                      8.7802992
              5       1755.0681     0.065767348       4.6889033       3513.5327      -1.6982617       -3.7297014         2.0314397       3513.5327                           3085.2146                 23.433356                 396.10607                       8.778667
              1       1755.2672     0.055612433       5.0339963       3513.9309      -1.6982617       -3.7297014         2.0314397       3513.9309                           3085.6123                 23.433391                 396.10607                      8.7791704
              2       1755.2868     0.055284388        5.027795       3513.9702      -1.6982617       -3.7297014         2.0314397       3513.9702                           3085.6513                 23.433404                 396.10607                      8.7794034
              4       1754.7604     0.074510072       4.7813475       3512.9174      -1.6982617       -3.7297014         2.0314397       3512.9174                           3084.6036                 23.433088                 396.10607                      8.7746449
              1       1755.9131     0.045248126       4.9624727       3515.2227      -1.6982617       -3.7297014         2.0314397       3515.2227                           3086.8972                 23.433699                 396.10607                      8.7857285
              3         1754.93       0.0707044       4.6373254       3513.2565      -1.6982617       -3.7297014         2.0314397       3513.2565                           3084.9397                 23.433279                 396.10607                      8.7774297
              4       1754.8508     0.065182131       5.1869217       3513.0982      -1.6982617       -3.7297014         2.0314397       3513.0982                           3084.7857                 23.433031                 396.10607                      8.7733747
             11       1754.7963     0.067299707       5.2343916       3512.9892      -1.6982617       -3.7297014         2.0314397       3512.9892                            3084.678                 23.432937                 396.10607                      8.7721519
             13       1754.8235     0.067692369       5.0705721       3513.0436      -1.6982617       -3.7297014         2.0314397       3513.0436                           3084.7307                 23.433046                 396.10607                      8.7737446
              2       1755.1091     0.060132951       4.9710686       3513.6147      -1.6982617       -3.7297014         2.0314397       3513.6147                           3085.2976                 23.433312                 396.10607                      8.7777872
              2       1755.3325     0.055716112       4.9305652       3514.0615      -1.6982617       -3.7297014         2.0314397       3514.0615                           3085.7416                 23.433449                 396.10607                      8.7803049
              5       1755.3137     0.056406697       4.9097961        3514.024      -1.6982617       -3.7297014         2.0314397        3514.024                           3085.7043                 23.433444                 396.10607                      8.7802075
              2         1755.03     0.060212191        5.112509       3513.4566      -1.6982617       -3.7297014         2.0314397       3513.4566                           3085.1411                 23.433219                 396.10607                      8.7761557
              2       1755.0106     0.059656362       5.1977528       3513.4177      -1.6982617       -3.7297014         2.0314397       3513.4177                           3085.1031                 23.433179                 396.10607                      8.7754401
              1       1754.9417     0.063300846       5.0762937       3513.2799      -1.6982617       -3.7297014         2.0314397       3513.2799                           3084.9654                  23.43316                 396.10607                       8.775287
              4       1754.7319     0.074038308       5.2834046       3512.8603      -1.6982617       -3.7297014         2.0314397       3512.8603                           3084.5517                 23.432704                 396.10607                      8.7698416
              4       1754.8658     0.065989698       5.0710028       3513.1281      -1.6982617       -3.7297014         2.0314397       3513.1281                           3084.8146                 23.433091                 396.10607                      8.7743333
              1       1754.9848      0.06993823       4.5902596       3513.3661      -1.6982617       -3.7297014         2.0314397       3513.3661                           3085.0485                 23.433328                 396.10607                      8.7782306
              1       1754.8359     0.064965477        5.271257       3513.0683      -1.6982617       -3.7297014         2.0314397       3513.0683                           3084.7567                 23.432977                 396.10607                      8.7725511
              1       1754.8376     0.064888831       5.2709242       3513.0718      -1.6982617       -3.7297014         2.0314397       3513.0718                           3084.7601                 23.432979                 396.10607                      8.7725821
              3       1754.7917     0.067193056       5.2858256         3512.98      -1.6982617       -3.7297014         2.0314397         3512.98                           3084.6694                 23.432901                 396.10607                       8.771653
              2       1754.8486     0.066084756       5.1168622       3513.0938      -1.6982617       -3.7297014         2.0314397       3513.0938                           3084.7808                 23.433056                 396.10607                      8.7738057
              1       1754.8204     0.071255319       4.8251516       3513.0374      -1.6982617       -3.7297014         2.0314397       3513.0374                            3084.723                 23.433133                 396.10607                       8.775185
              4       1754.9149     0.068035373       4.8160764       3513.2263      -1.6982617       -3.7297014         2.0314397       3513.2263                           3084.9107                 23.433218                 396.10607                      8.7763836
              1       1754.8662     0.069371135       4.8357939       3513.1289      -1.6982617       -3.7297014         2.0314397       3513.1289                           3084.8139                 23.433171                 396.10607                      8.7756983
              3       1754.8927     0.066637515       4.9537594        3513.182      -1.6982617       -3.7297014         2.0314397        3513.182                           3084.8674                 23.433157                 396.10607                      8.7753747
              1       1754.8991     0.066211404        4.968091       3513.1947      -1.6982617       -3.7297014         2.0314397       3513.1947                           3084.8801                 23.433158                 396.10607                      8.7753732
             12       1754.9851     0.064109083       4.9279222       3513.3667      -1.6982617       -3.7297014         2.0314397       3513.3667                           3085.0508                 23.433239                 396.10607                      8.7766177
             11        1754.778     0.069326484       5.1209292       3512.9524      -1.6982617       -3.7297014         2.0314397       3512.9524                           3084.6407                 23.432965                 396.10607                      8.7726865
              5        1754.778     0.069337706       5.1193792       3512.9526      -1.6982617       -3.7297014         2.0314397       3512.9526                           3084.6408                 23.432966                 396.10607                       8.772699
              7       1754.8234     0.066511224       5.1745589       3513.0433      -1.6982617       -3.7297014         2.0314397       3513.0433                           3084.7312                 23.433003                 396.10607                      8.7730422
              2       1754.7249     0.073130332       5.2023818       3512.8462      -1.6982617       -3.7297014         2.0314397       3512.8462                           3084.5366                 23.432796                 396.10607                      8.7708129
              2       1754.8928     0.063515185       5.1901537       3513.1822      -1.6982617       -3.7297014         2.0314397       3513.1822                           3084.8691                 23.433076                 396.10607                      8.7739552
              2       1754.7162     0.074997283       5.2088849        3512.829      -1.6982617       -3.7297014         2.0314397        3512.829                           3084.5199                 23.432738                 396.10607                       8.770317
              1       1755.5242     0.047671282       5.2792793        3514.445      -1.6982617       -3.7297014         2.0314397        3514.445                           3086.1247                 23.433473                 396.10607                      8.7806884
              1       1755.9405     0.046239798       4.8521543       3515.2774      -1.6982617       -3.7297014         2.0314397       3515.2774                           3086.9513                 23.433727                 396.10607                      8.7863597
              4        1755.791      0.04568528       5.0789768       3514.9786      -1.6982617       -3.7297014         2.0314397       3514.9786                           3086.6547                 23.433632                 396.10607                      8.7841581
              4       1754.9316     0.062511231       5.1624698       3513.2597      -1.6982617       -3.7297014         2.0314397       3513.2597                           3084.9458                 23.433123                 396.10607                      8.7746486
              7       1754.8357     0.066248506       5.1487788       3513.0679      -1.6982617       -3.7297014         2.0314397       3513.0679                           3084.7554                 23.433029                 396.10607                      8.7734066
              4       1755.7763      0.04955703       4.7987798       3514.9491      -1.6982617       -3.7297014         2.0314397       3514.9491                           3086.6243                 23.433672                 396.10607                      8.7850516
              2       1755.5593     0.055018835       4.6883258       3514.5151      -1.6982617       -3.7297014         2.0314397       3514.5151                            3086.192                 23.433602                 396.10607                      8.7834478
              1       1755.5945     0.054521969       4.6787188       3514.5856      -1.6982617       -3.7297014         2.0314397       3514.5856                           3086.2621                 23.433619                 396.10607                      8.7838074
              4       1754.8207     0.065456388       5.2999903       3513.0379      -1.6982617       -3.7297014         2.0314397       3513.0379                           3084.7268                 23.432941                 396.10607                      8.7720768
              5        1754.767     0.072651919        4.886776       3512.9304      -1.6982617       -3.7297014         2.0314397       3512.9304                           3084.6172                 23.433054                 396.10607                      8.7740975
