#        weight    minuslogpost      fde_eps_mu  fde_lambda_mem   lambda_growth       chi2__CMB   minuslogprior minuslogprior__0 minuslogprior__SZ            chi2 chi2__planck_2018_highl_plik.TTTEEE chi2__planck_2018_lowl.TT chi2__planck_2018_lowl.EE chi2__planck_2018_lensing.clik
              3       1750.1241      0.05733095       5.2219955    0.0038624013       3513.5683      -6.6601069       -8.6915466         2.0314397       3513.5683                           3085.2528                 23.433229                 396.10607                      8.7762099
              1       1750.4023     0.052226091        5.141536    0.0045625093       3514.1248      -6.6601069       -8.6915466         2.0314397       3514.1248                           3085.8056                  23.43342                 396.10607                      8.7796768
              1       1750.3887     0.052370961       5.1510679    0.0047380731       3514.0976      -6.6601069       -8.6915466         2.0314397       3514.0976                           3085.7786                 23.433411                 396.10607                      8.7794908
              1       1750.2544     0.053756866       5.2636918    0.0063610999       3513.8291      -6.6601069       -8.6915466         2.0314397       3513.8291                           3085.5122                 23.433306                 396.10607                      8.7774807
              1        1750.189     0.055296099        5.258755    0.0063132099       3513.6982      -6.6601069       -8.6915466         2.0314397       3513.6982                           3085.3821                 23.433264                 396.10607                      8.7767644
              1       1750.1776     0.055328319       5.2784743    0.0061746556       3513.6755      -6.6601069       -8.6915466         2.0314397       3513.6755                           3085.3597                 23.433251                 396.10607                       8.776525
              1       1749.9814     0.062191423       5.1577986     0.004108882        3513.283      -6.6601069       -8.6915466         2.0314397        3513.283                           3084.9689                 23.433135                 396.10607                      8.7748276
              2       1749.9375     0.063796887       5.1475881     0.004501892       3513.1951      -6.6601069       -8.6915466         2.0314397       3513.1951                           3084.8816                 23.433097                 396.10607                      8.7743123
              2       1750.0635     0.059948865       5.1422342    0.0040537876       3513.4473      -6.6601069       -8.6915466         2.0314397       3513.4473                           3085.1321                 23.433207                 396.10607                      8.7759352
              1       1750.0911     0.061315436       4.9889098    0.0035035291       3513.5024      -6.6601069       -8.6915466         2.0314397       3513.5024                            3085.186                  23.43327                 396.10607                      8.7770747
              1       1750.1939     0.055554963       5.2281376    0.0041265387       3513.7079      -6.6601069       -8.6915466         2.0314397       3513.7079                           3085.3916                 23.433276                 396.10607                      8.7769853
              1       1750.2275     0.055032921       5.2079803    0.0045988718       3513.7752      -6.6601069       -8.6915466         2.0314397       3513.7752                           3085.4584                 23.433303                 396.10607                       8.777472
              1       1750.1082     0.057543904       5.2379246    0.0049001148       3513.5366      -6.6601069       -8.6915466         2.0314397       3513.5366                           3085.2214                 23.433213                 396.10607                      8.7759316
              3        1750.127     0.057220127       5.2248579    0.0049337047       3513.5743      -6.6601069       -8.6915466         2.0314397       3513.5743                           3085.2587                  23.43323                 396.10607                      8.7762291
              3       1750.0366     0.059874284       5.2083942     0.006051525       3513.3934      -6.6601069       -8.6915466         2.0314397       3513.3934                            3085.079                 23.433166                 396.10607                      8.7752274
              1       1750.1124     0.057746774       5.2126448    0.0059773859        3513.545      -6.6601069       -8.6915466         2.0314397        3513.545                           3085.2295                 23.433223                 396.10607                      8.7761237
              1       1750.1745     0.057454343       5.1153501    0.0059440437       3513.6692      -6.6601069       -8.6915466         2.0314397       3513.6692                           3085.3525                 23.433293                 396.10607                      8.7773598
              1       1750.2525     0.055755363       5.1082391    0.0089504138       3513.8252      -6.6601069       -8.6915466         2.0314397       3513.8252                           3085.5075                 23.433343                 396.10607                      8.7782523
              1       1750.1974     0.056857077        5.119604    0.0085742183       3513.7149      -6.6601069       -8.6915466         2.0314397       3513.7149                            3085.398                 23.433306                 396.10607                      8.7775924
              1       1750.1264     0.058144197        5.152986    0.0089106541       3513.5731      -6.6601069       -8.6915466         2.0314397       3513.5731                           3085.2571                  23.43325                 396.10607                      8.7766157
              1       1750.0148     0.063705526        4.971603    0.0093806162       3513.3498      -6.6601069       -8.6915466         2.0314397       3513.3498                           3085.0342                  23.43322                 396.10607                      8.7762896
              5       1750.2331     0.056877571       5.0570851    0.0092698556       3513.7864      -6.6601069       -8.6915466         2.0314397       3513.7864                           3085.4687                 23.433344                 396.10607                      8.7782949
              1       1750.3669     0.056471929        4.884576    0.0087194831       3514.0539      -6.6601069       -8.6915466         2.0314397       3514.0539                           3085.7339                 23.433457                 396.10607                      8.7804659
              1       1750.6672     0.051456576       4.8400008    0.0095952165       3514.6545      -6.6601069       -8.6915466         2.0314397       3514.6545                           3086.3313                 23.433605                 396.10607                      8.7835412
              2       1750.6524     0.052491637       4.7869849    0.0096958527        3514.625      -6.6601069       -8.6915466         2.0314397        3514.625                           3086.3017                 23.433608                 396.10607                      8.7835992
              2       1750.6559     0.052303621       4.7954292    0.0097644159        3514.632      -6.6601069       -8.6915466         2.0314397        3514.632                           3086.3088                 23.433608                 396.10607                      8.7836011
              1       1750.5855     0.053376122       4.8084415    0.0097879702       3514.4912      -6.6601069       -8.6915466         2.0314397       3514.4912                           3086.1686                 23.433575                 396.10607                      8.7828916
              2       1750.4428     0.056067524       4.8101458    0.0081837382       3514.2058      -6.6601069       -8.6915466         2.0314397       3514.2058                           3085.8846                  23.43351                 396.10607                      8.7815206
              1       1750.4434     0.056041767       4.8110249    0.0081811308        3514.207      -6.6601069       -8.6915466         2.0314397        3514.207                           3085.8859                  23.43351                 396.10607                      8.7815232
              1       1750.4788     0.055719529       4.7867879    0.0075472591       3514.2779      -6.6601069       -8.6915466         2.0314397       3514.2779                           3085.9563                 23.433531                 396.10607                      8.7819612
              1        1750.465     0.055846306       4.7961044    0.0075076083       3514.2502      -6.6601069       -8.6915466         2.0314397       3514.2502                           3085.9288                 23.433523                 396.10607                       8.781791
              1       1750.3028     0.059747253       4.7630338    0.0075101146       3513.9258      -6.6601069       -8.6915466         2.0314397       3513.9258                            3085.606                  23.43345                 396.10607                      8.7803419
              1        1750.093     0.063653229       4.8335149    0.0073571949       3513.5062      -6.6601069       -8.6915466         2.0314397       3513.5062                           3085.1889                 23.433312                 396.10607                      8.7778635
              1       1750.0892     0.063936687       4.8222969    0.0072926726       3513.4986      -6.6601069       -8.6915466         2.0314397       3513.4986                           3085.1814                 23.433312                 396.10607                      8.7778762
              1       1750.1718     0.060780024       4.8880318    0.0052830609       3513.6639      -6.6601069       -8.6915466         2.0314397       3513.6639                            3085.346                 23.433348                 396.10607                      8.7784493
              1       1750.2659     0.061528353       4.7064475    0.0056535002       3513.8521      -6.6601069       -8.6915466         2.0314397       3513.8521                           3085.5324                 23.433442                 396.10607                      8.7802113
              1       1749.9642     0.069599863       4.7041428    0.0045214404       3513.2487      -6.6601069       -8.6915466         2.0314397       3513.2487                           3084.9323                 23.433258                 396.10607                      8.7770697
              1       1749.9132     0.070999396       4.7204029    0.0051417907       3513.1466      -6.6601069       -8.6915466         2.0314397       3513.1466                           3084.8309                 23.433214                 396.10607                      8.7764076
              1        1749.833     0.071147807       4.9031189    0.0044201189       3512.9861      -6.6601069       -8.6915466         2.0314397       3512.9861                           3084.6726                 23.433079                 396.10607                        8.77439
              1       1749.8358     0.071216038       4.8898401    0.0040847992       3512.9918      -6.6601069       -8.6915466         2.0314397       3512.9918                           3084.6781                 23.433087                 396.10607                      8.7745087
              1       1750.1162     0.062147783       4.8898822    0.0039693074       3513.5526      -6.6601069       -8.6915466         2.0314397       3513.5526                           3085.2354                 23.433313                 396.10607                      8.7778447
              1       1750.2455     0.059936595       4.8309141    0.0041058937       3513.8113      -6.6601069       -8.6915466         2.0314397       3513.8113                           3085.4923                 23.433404                 396.10607                       8.779475
              1       1750.1661     0.062230313       4.8058463    0.0053444528       3513.6524      -6.6601069       -8.6915466         2.0314397       3513.6524                           3085.3342                 23.433364                 396.10607                      8.7787666
              2       1750.3657     0.054635623       5.0139551    0.0066447035       3514.0517      -6.6601069       -8.6915466         2.0314397       3514.0517                           3085.7323                 23.433429                 396.10607                      8.7798863
              1       1750.3396     0.055269163       5.0068418    0.0074346747       3513.9995      -6.6601069       -8.6915466         2.0314397       3513.9995                           3085.6803                 23.433416                 396.10607                      8.7796508
              1       1750.2545     0.055752477       5.1050808    0.0074989081       3513.8292      -6.6601069       -8.6915466         2.0314397       3513.8292                           3085.5115                 23.433345                 396.10607                      8.7782895
              2       1750.1839     0.057289344       5.1108847    0.0095776101        3513.688      -6.6601069       -8.6915466         2.0314397        3513.688                           3085.3712                   23.4333                 396.10607                      8.7774877
              1       1750.2576     0.058129712       4.9308078    0.0095890567       3513.8353      -6.6601069       -8.6915466         2.0314397       3513.8353                           3085.5167                 23.433388                 396.10607                      8.7791497
              1       1750.2909     0.057614483       4.9159719    0.0096956229        3513.902      -6.6601069       -8.6915466         2.0314397        3513.902                           3085.5829                  23.43341                 396.10607                      8.7795604
              1       1750.2876     0.057493917       4.9289252    0.0098395237       3513.8954      -6.6601069       -8.6915466         2.0314397       3513.8954                           3085.5764                 23.433405                 396.10607                      8.7794684
              1       1750.6362     0.049605066       5.0148954    0.0086525552       3514.5925      -6.6601069       -8.6915466         2.0314397       3514.5925                           3086.2703                  23.43356                 396.10607                      8.7825652
              1       1750.7778     0.046667019       5.0637529    0.0086652755       3514.8759      -6.6601069       -8.6915466         2.0314397       3514.8759                           3086.5525                 23.433613                 396.10607                      8.7837292
              3       1750.8866     0.045436984       5.0266496    0.0051597712       3515.0934      -6.6601069       -8.6915466         2.0314397       3515.0934                           3086.7688                 23.433664                 396.10607                      8.7848967
              1        1750.626     0.048164555       5.1441063    0.0050334467       3514.5722      -6.6601069       -8.6915466         2.0314397       3514.5722                           3086.2507                 23.433531                 396.10607                      8.7819283
              2       1750.5811     0.049364656        5.108575    0.0033492612       3514.4824      -6.6601069       -8.6915466         2.0314397       3514.4824                           3086.1612                 23.433517                 396.10607                       8.781636
              1       1750.7086     0.047734096       5.0672208    0.0047058777       3514.7375      -6.6601069       -8.6915466         2.0314397       3514.7375                           3086.4148                 23.433582                 396.10607                       8.783053
              1       1750.5155     0.049230061       5.2148194    0.0052681857       3514.3512      -6.6601069       -8.6915466         2.0314397       3514.3512                           3086.0311                 23.433463                 396.10607                      8.7805044
              1       1750.2971     0.052606966       5.2838463    0.0059719423       3513.9143      -6.6601069       -8.6915466         2.0314397       3513.9143                           3085.5971                 23.433327                 396.10607                      8.7778502
              2       1750.2821     0.053006596       5.2767121    0.0059220684       3513.8844      -6.6601069       -8.6915466         2.0314397       3513.8844                           3085.5673                  23.43332                 396.10607                      8.7777212
              1       1750.5785     0.049604181       5.0930263    0.0060067918       3514.4771      -6.6601069       -8.6915466         2.0314397       3514.4771                           3086.1559                 23.433519                 396.10607                       8.781676
              2       1750.5994       0.0491392       5.1013184    0.0066375002        3514.519      -6.6601069       -8.6915466         2.0314397        3514.519                           3086.1975                 23.433527                 396.10607                      8.7818477
              1       1750.4669     0.051993139       5.0637567     0.006534279       3514.2541      -6.6601069       -8.6915466         2.0314397       3514.2541                           3085.9339                  23.43347                 396.10607                       8.780691
              1       1750.3268     0.053740225       5.1411475    0.0067371099       3513.9739      -6.6601069       -8.6915466         2.0314397       3513.9739                           3085.6555                 23.433379                 396.10607                       8.778887
              1       1750.3471     0.053766835       5.1069933    0.0080259496       3514.0144      -6.6601069       -8.6915466         2.0314397       3514.0144                           3085.6956                 23.433398                 396.10607                       8.779264
              1       1750.3307     0.052827525       5.2075971    0.0079756211       3513.9817      -6.6601069       -8.6915466         2.0314397       3513.9817                           3085.6636                 23.433366                 396.10607                      8.7786037
              2       1750.3584     0.052313311       5.2039191    0.0078402212       3514.0371      -6.6601069       -8.6915466         2.0314397       3514.0371                           3085.7187                 23.433382                 396.10607                      8.7789178
              1       1750.3747     0.052952896         5.12696    0.0079846903       3514.0697      -6.6601069       -8.6915466         2.0314397       3514.0697                           3085.7507                 23.433409                 396.10607                      8.7794581
              1       1750.3735      0.05297577       5.1269984    0.0079804066       3514.0673      -6.6601069       -8.6915466         2.0314397       3514.0673                           3085.7484                 23.433408                 396.10607                      8.7794456
              2       1750.2972     0.054337853       5.1428742    0.0084492284       3513.9145      -6.6601069       -8.6915466         2.0314397       3513.9145                           3085.5965                 23.433361                 396.10607                      8.7785625
              2       1750.1763     0.055717694       5.2487136    0.0085362478       3513.6728      -6.6601069       -8.6915466         2.0314397       3513.6728                           3085.3568                 23.433258                 396.10607                      8.7766725
              1       1749.9706     0.061490364       5.2449827    0.0089365919       3513.2614      -6.6601069       -8.6915466         2.0314397       3513.2614                           3084.9481                 23.433095                 396.10607                      8.7741488
              2       1749.8986     0.064091473       5.2511479    0.0065982068       3513.1174      -6.6601069       -8.6915466         2.0314397       3513.1174                           3084.8052                 23.433016                 396.10607                      8.7730799
              1       1749.8527     0.066215429       5.2479016    0.0070352945       3513.0257      -6.6601069       -8.6915466         2.0314397       3513.0257                           3084.7143                 23.432958                 396.10607                      8.7723681
              1       1749.8895     0.064634639       5.2356821    0.0075063178       3513.0992      -6.6601069       -8.6915466         2.0314397       3513.0992                           3084.7871                 23.433012                 396.10607                      8.7730487
              1        1749.897     0.064788865       5.1929122    0.0074277118       3513.1141      -6.6601069       -8.6915466         2.0314397       3513.1141                           3084.8016                 23.433038                 396.10607                      8.7734525
              1       1749.9484     0.063422228       5.1470018    0.0067064547        3513.217      -6.6601069       -8.6915466         2.0314397        3513.217                           3084.9034                 23.433108                 396.10607                      8.7744623
              1       1749.7899     0.072669725       4.9443139    0.0069014955          3512.9      -6.6601069       -8.6915466         2.0314397          3512.9                           3084.5874                  23.43301                 396.10607                      8.7734973
              2       1749.8887     0.069512402       4.8628688    0.0077938253       3513.0976      -6.6601069       -8.6915466         2.0314397       3513.0976                            3084.783                 23.433149                 396.10607                      8.7753563
              1       1749.8798     0.069921931       4.8579977    0.0077110523       3513.0798      -6.6601069       -8.6915466         2.0314397       3513.0798                           3084.7653                 23.433142                 396.10607                      8.7752711
              1       1749.9909     0.065235528       4.9174494    0.0059120223       3513.3021      -6.6601069       -8.6915466         2.0314397       3513.3021                           3084.9865                 23.433217                 396.10607                      8.7762972
              1       1749.9191     0.067648986       4.9130185    0.0058773617       3513.1585      -6.6601069       -8.6915466         2.0314397       3513.1585                           3084.8438                  23.43316                 396.10607                      8.7754571
              1       1750.1498     0.066608176       4.5821553    0.0055775129       3513.6199      -6.6601069       -8.6915466         2.0314397       3513.6199                           3085.3009                 23.433406                 396.10607                       8.779566
              1        1750.151      0.06632302       4.5955097    0.0041658115       3513.6222      -6.6601069       -8.6915466         2.0314397       3513.6222                           3085.3032                 23.433404                 396.10607                      8.7795229
              1       1750.1311     0.067179018       4.5778309    0.0040346118       3513.5824      -6.6601069       -8.6915466         2.0314397       3513.5824                           3085.2635                 23.433396                 396.10607                      8.7793956
              1       1749.9835     0.069589543       4.6714811    0.0037556551       3513.2872      -6.6601069       -8.6915466         2.0314397       3513.2872                           3084.9704                 23.433281                 396.10607                      8.7774382
              1       1749.8982     0.072554657       4.6631428      0.00507711       3513.1166      -6.6601069       -8.6915466         2.0314397       3513.1166                           3084.8008                 23.433219                 396.10607                      8.7765195
              2       1750.0142     0.069707523       4.6156554    0.0045499023       3513.3486      -6.6601069       -8.6915466         2.0314397       3513.3486                           3085.0312                 23.433316                 396.10607                      8.7780253
              1        1750.145     0.066380237       4.6006427    0.0058081697       3513.6102      -6.6601069       -8.6915466         2.0314397       3513.6102                           3085.2913                 23.433399                 396.10607                      8.7794414
              3       1749.9623     0.072722642       4.5434861    0.0054177634       3513.2448      -6.6601069       -8.6915466         2.0314397       3513.2448                           3084.9277                   23.4333                 396.10607                      8.7777937
              3       1749.9573     0.071993049       4.5881236    0.0044734929       3513.2349      -6.6601069       -8.6915466         2.0314397       3513.2349                            3084.918                 23.433284                 396.10607                      8.7775387
              1       1749.9041     0.072827489       4.6373045     0.005066952       3513.1284      -6.6601069       -8.6915466         2.0314397       3513.1284                           3084.8124                 23.433231                 396.10607                      8.7767146
              1        1749.904     0.072832018       4.6373585    0.0050661065       3513.1281      -6.6601069       -8.6915466         2.0314397       3513.1281                           3084.8121                 23.433231                 396.10607                      8.7767129
              1       1749.9415     0.070141856       4.7148494    0.0046603356       3513.2033      -6.6601069       -8.6915466         2.0314397       3513.2033                           3084.8872                 23.433238                 396.10607                      8.7767617
              2        1750.041     0.067289464       4.7043137    0.0048455039       3513.4021      -6.6601069       -8.6915466         2.0314397       3513.4021                           3085.0848                 23.433311                 396.10607                      8.7779082
              1       1750.0982     0.068494205       4.5555236    0.0051588025       3513.5165      -6.6601069       -8.6915466         2.0314397       3513.5165                           3085.1979                 23.433382                 396.10607                      8.7791553
              3       1750.1039     0.067564233       4.5953457    0.0053607864        3513.528      -6.6601069       -8.6915466         2.0314397        3513.528                           3085.2095                 23.433377                 396.10607                      8.7790472
              2       1750.0832     0.067971974       4.6033911    0.0051869643       3513.4867      -6.6601069       -8.6915466         2.0314397       3513.4867                           3085.1685                 23.433362                 396.10607                       8.778801
              1       1750.0848     0.067880647       4.6060058    0.0051856772       3513.4897      -6.6601069       -8.6915466         2.0314397       3513.4897                           3085.1715                 23.433363                 396.10607                      8.7788055
              1       1750.1936     0.063070373       4.7159974     0.004889675       3513.7075      -6.6601069       -8.6915466         2.0314397       3513.7075                           3085.3885                 23.433401                 396.10607                      8.7794457
              1       1750.1758       0.0634146       4.7214084    0.0047411211       3513.6717      -6.6601069       -8.6915466         2.0314397       3513.6717                            3085.353                 23.433389                 396.10607                      8.7792408
              3       1750.6199     0.057509344       4.5169412    0.0031411318       3514.5599      -6.6601069       -8.6915466         2.0314397       3514.5599                            3086.236                 23.433641                 396.10607                      8.7842442
              1       1750.3424     0.062160287       4.5745295     0.003921865       3514.0051      -6.6601069       -8.6915466         2.0314397       3514.0051                            3085.684                 23.433508                 396.10607                      8.7814742
              1       1750.3482     0.061254374       4.6172471    0.0043284435       3514.0167      -6.6601069       -8.6915466         2.0314397       3514.0167                           3085.6957                 23.433502                 396.10607                      8.7813674
              1       1750.1752     0.064777998        4.645591    0.0045213405       3513.6706      -6.6601069       -8.6915466         2.0314397       3513.6706                           3085.3515                 23.433406                 396.10607                      8.7795575
              1       1750.1253     0.064492736       4.7328579    0.0035647361       3513.5708      -6.6601069       -8.6915466         2.0314397       3513.5708                           3085.2527                 23.433357                 396.10607                      8.7786703
              1       1750.1258     0.064497183       4.7318235    0.0035151408       3513.5719      -6.6601069       -8.6915466         2.0314397       3513.5719                           3085.2537                 23.433358                 396.10607                      8.7786798
              1       1750.4394     0.058825509       4.6453219    0.0036637732       3514.1991      -6.6601069       -8.6915466         2.0314397       3514.1991                           3085.8773                  23.43354                 396.10607                      8.7821282
              5       1750.4637     0.057353773       4.7034095    0.0035343694       3514.2477      -6.6601069       -8.6915466         2.0314397       3514.2477                           3085.9259                  23.43354                 396.10607                      8.7821395
              4       1750.5955     0.054054655        4.751743    0.0037540851       3514.5112      -6.6601069       -8.6915466         2.0314397       3514.5112                           3086.1883                  23.43359                 396.10607                      8.7831986
              1       1751.0074     0.049231011       4.6085914    0.0037236633       3515.3351      -6.6601069       -8.6915466         2.0314397       3515.3351                           3087.0079                 23.433773                 396.10607                      8.7873939
              2       1750.9802     0.051241044        4.509187    0.0045087087       3515.2806      -6.6601069       -8.6915466         2.0314397       3515.2806                           3086.9533                 23.433777                 396.10607                       8.787452
              1       1750.7883     0.053781605       4.5534255    0.0046623138       3514.8969      -6.6601069       -8.6915466         2.0314397       3514.8969                           3086.5715                 23.433701                 396.10607                      8.7856336
              2       1751.0188     0.049354382       4.5886205    0.0049565626       3515.3579      -6.6601069       -8.6915466         2.0314397       3515.3579                           3087.0305                  23.43378                 396.10607                      8.7875533
              1       1750.9073     0.050201594       4.6512386      0.00500428       3515.1347      -6.6601069       -8.6915466         2.0314397       3515.1347                           3086.8086                 23.433731                 396.10607                      8.7863788
              1       1750.6665     0.056466911       4.5258384     0.004149732       3514.6533      -6.6601069       -8.6915466         2.0314397       3514.6533                           3086.3289                 23.433658                 396.10607                      8.7846347
              1       1750.4019     0.059410575       4.6565509    0.0035804825       3514.1241      -6.6601069       -8.6915466         2.0314397       3514.1241                           3085.8028                  23.43352                 396.10607                      8.7817301
              1       1750.1697     0.064394233       4.6744319    0.0056017669       3513.6595      -6.6601069       -8.6915466         2.0314397       3513.6595                           3085.3407                 23.433397                 396.10607                      8.7793802
              1        1750.406     0.061325771       4.5448912     0.005722551       3514.1321      -6.6601069       -8.6915466         2.0314397       3514.1321                           3085.8103                 23.433543                 396.10607                      8.7821835
              2       1750.3741     0.062123832       4.5391067    0.0063693186       3514.0684      -6.6601069       -8.6915466         2.0314397       3514.0684                           3085.7469                  23.43353                 396.10607                      8.7819056
              1       1750.2778     0.062389072       4.6419418    0.0057841838       3513.8759      -6.6601069       -8.6915466         2.0314397       3513.8759                           3085.5558                 23.433462                 396.10607                      8.7805902
              1       1750.7058     0.053802282       4.6411894    0.0055276884       3514.7319      -6.6601069       -8.6915466         2.0314397       3514.7319                           3086.4075                 23.433655                 396.10607                      8.7846054
              1       1750.6904     0.053591319       4.6715854    0.0061494733        3514.701      -6.6601069       -8.6915466         2.0314397        3514.701                           3086.3769                 23.433644                 396.10607                      8.7843609
              5       1750.8113     0.049724147       4.7906999    0.0078925735       3514.9427      -6.6601069       -8.6915466         2.0314397       3514.9427                           3086.6179                 23.433672                 396.10607                      8.7850506
              4       1750.8071     0.049732204       4.7949215    0.0079704598       3514.9344      -6.6601069       -8.6915466         2.0314397       3514.9344                           3086.6097                  23.43367                 396.10607                      8.7849979
              3        1750.723     0.050563166        4.835332    0.0076090031       3514.7663      -6.6601069       -8.6915466         2.0314397       3514.7663                           3086.4425                 23.433629                 396.10607                      8.7840789
              1       1750.5906     0.048626518        5.155648    0.0090474679       3514.5014      -6.6601069       -8.6915466         2.0314397       3514.5014                           3086.1802                 23.433512                 396.10607                       8.781527
              2       1750.7264     0.045374721       5.2451018     0.004043802        3514.773      -6.6601069       -8.6915466         2.0314397        3514.773                           3086.4508                 23.433558                 396.10607                      8.7824892
              2       1750.7963     0.049888816       4.7965152    0.0037100161       3514.9127      -6.6601069       -8.6915466         2.0314397       3514.9127                           3086.5881                 23.433665                 396.10607                      8.7848934
              1       1750.7658     0.050342052       4.8003426    0.0037876996       3514.8517      -6.6601069       -8.6915466         2.0314397       3514.8517                           3086.5274                 23.433653                 396.10607                      8.7846002
              2       1750.7445      0.05047219       4.8162156    0.0041941251       3514.8092      -6.6601069       -8.6915466         2.0314397       3514.8092                           3086.4851                 23.433641                 396.10607                      8.7843471
              7       1750.8138     0.053209383       4.5610316    0.0046011439       3514.9478      -6.6601069       -8.6915466         2.0314397       3514.9478                           3086.6222                 23.433709                 396.10607                      8.7858357
              3         1750.64     0.056410046       4.5575543    0.0092362247       3514.6002      -6.6601069       -8.6915466         2.0314397       3514.6002                           3086.2762                 23.433642                 396.10607                      8.7842908
              4       1750.0262     0.067280911       4.7287512    0.0080988132       3513.3727      -6.6601069       -8.6915466         2.0314397       3513.3727                           3085.0557                 23.433295                 396.10607                      8.7776354
              1       1750.3245     0.060721748       4.6770072    0.0073773276       3513.9692      -6.6601069       -8.6915466         2.0314397       3513.9692                           3085.6487                 23.433478                 396.10607                      8.7809052
              1       1750.4255     0.061247561       4.5267146    0.0081574903       3514.1713      -6.6601069       -8.6915466         2.0314397       3514.1713                           3085.8492                 23.433556                 396.10607                      8.7824315
              5       1749.8563     0.070212776       4.8996581      0.00804457       3513.0329      -6.6601069       -8.6915466         2.0314397       3513.0329                           3084.7189                 23.433105                 396.10607                      8.7747274
              2       1749.8541     0.070306424       4.8995741    0.0080801394       3513.0283      -6.6601069       -8.6915466         2.0314397       3513.0283                           3084.7145                 23.433103                 396.10607                      8.7746977
              1       1749.9761     0.065513271       4.9295236    0.0099653321       3513.2724      -6.6601069       -8.6915466         2.0314397       3513.2724                            3084.957                 23.433202                 396.10607                      8.7760579
              1       1750.0189     0.063176665       4.9995727    0.0095072009        3513.358      -6.6601069       -8.6915466         2.0314397        3513.358                           3085.0426                 23.433215                 396.10607                      8.7761882
              2       1750.0202     0.063085109       5.0032814     0.009552844       3513.3606      -6.6601069       -8.6915466         2.0314397       3513.3606                           3085.0452                 23.433215                 396.10607                      8.7761836
              3       1749.8231     0.067936613       5.2374851    0.0083681138       3512.9665      -6.6601069       -8.6915466         2.0314397       3512.9665                           3084.6556                 23.432916                 396.10607                      8.7719171
              1       1749.8227     0.067891412       5.2478736    0.0085104187       3512.9656      -6.6601069       -8.6915466         2.0314397       3512.9656                           3084.6548                  23.43291                 396.10607                      8.7718244
              2       1749.8126      0.06879947       5.2079172     0.008380787       3512.9454      -6.6601069       -8.6915466         2.0314397       3512.9454                           3084.6344                 23.432914                 396.10607                      8.7719536
              1       1749.7853     0.070732178       5.2416103    0.0095406921       3512.8909      -6.6601069       -8.6915466         2.0314397       3512.8909                           3084.5809                 23.432833                 396.10607                      8.7710548
              3       1749.7688     0.072333071       5.1766434    0.0054993412       3512.8579      -6.6601069       -8.6915466         2.0314397       3512.8579                           3084.5477                 23.432839                 396.10607                      8.7712645
              1       1749.9244     0.065168804       5.0762686    0.0080747893        3513.169      -6.6601069       -8.6915466         2.0314397        3513.169                           3084.8552                  23.43311                 396.10607                      8.7745752
              2       1749.9733     0.063690405       5.0628696    0.0075792558       3513.2669      -6.6601069       -8.6915466         2.0314397       3513.2669                           3084.9523                 23.433159                 396.10607                      8.7752831
              1       1749.9132     0.065482298       5.0834315    0.0080736525       3513.1466      -6.6601069       -8.6915466         2.0314397       3513.1466                           3084.8331                 23.433096                 396.10607                      8.7743826
              7        1749.917     0.065104953       5.1021825    0.0081550631       3513.1541      -6.6601069       -8.6915466         2.0314397       3513.1541                           3084.8406                 23.433093                 396.10607                      8.7743172
              2       1749.9062     0.065412294       5.1098171    0.0079661417       3513.1325      -6.6601069       -8.6915466         2.0314397       3513.1325                           3084.8193                  23.43308                 396.10607                      8.7741223
              2       1749.8797     0.064992108       5.2422888    0.0089057541       3513.0796      -6.6601069       -8.6915466         2.0314397       3513.0796                           3084.7677                 23.432997                 396.10607                      8.7728499
              3       1749.7582     0.073981787       5.0041282     0.003715029       3512.8366      -6.6601069       -8.6915466         2.0314397       3512.8366                           3084.5251                  23.43293                 396.10607                      8.7725247
             15       1749.7512     0.074979891       4.9459242    0.0037447799       3512.8226      -6.6601069       -8.6915466         2.0314397       3512.8226                           3084.5107                  23.43295                 396.10607                      8.7728357
              3       1749.8142     0.073918799       4.7741137    0.0097624487       3512.9486      -6.6601069       -8.6915466         2.0314397       3512.9486                           3084.6345                 23.433107                 396.10607                      8.7748965
             10       1749.7899      0.07288524       4.9270414    0.0097598168       3512.8999      -6.6601069       -8.6915466         2.0314397       3512.8999                           3084.5872                 23.433018                 396.10607                      8.7736118
              3       1749.8359     0.070552094       4.9363471    0.0071649072       3512.9921      -6.6601069       -8.6915466         2.0314397       3512.9921                           3084.6787                  23.43307                 396.10607                      8.7742278
              1       1749.9028     0.066725237       5.0185638    0.0068071134       3513.1259      -6.6601069       -8.6915466         2.0314397       3513.1259                            3084.812                 23.433109                 396.10607                      8.7746378
              2       1749.8839     0.067589393       5.0080551    0.0062120793        3513.088      -6.6601069       -8.6915466         2.0314397        3513.088                           3084.7744                 23.433094                 396.10607                      8.7744482
              1       1750.0265     0.064757276       4.8799016    0.0046459814       3513.3732      -6.6601069       -8.6915466         2.0314397       3513.3732                            3085.057                 23.433254                 396.10607                      8.7769011
              1       1750.0066     0.063106358       5.0302745    0.0037503524       3513.3334      -6.6601069       -8.6915466         2.0314397       3513.3334                           3085.0183                 23.433196                 396.10607                      8.7758744
              3       1749.7992     0.070437568       5.1056516    0.0043697203       3512.9186      -6.6601069       -8.6915466         2.0314397       3512.9186                           3084.6071                 23.432946                 396.10607                      8.7725053
              5       1750.0271     0.060053093       5.2165778    0.0098930379       3513.3744      -6.6601069       -8.6915466         2.0314397       3513.3744                           3085.0601                 23.433155                 396.10607                      8.7750597
             13       1750.1224     0.056703637          5.2772    0.0084632657       3513.5651      -6.6601069       -8.6915466         2.0314397       3513.5651                           3085.2499                 23.433212                 396.10607                      8.7758794
              1       1750.1556     0.056058337       5.2617648    0.0083215073       3513.6315      -6.6601069       -8.6915466         2.0314397       3513.6315                           3085.3158                 23.433241                 396.10607                      8.7763605
              1       1750.0742     0.058698337       5.2177612    0.0073567166       3513.4686      -6.6601069       -8.6915466         2.0314397       3513.4686                           3085.1537                 23.433193                 396.10607                      8.7756364
              3       1750.0802     0.061115326       5.0231099     0.008526999       3513.4806      -6.6601069       -8.6915466         2.0314397       3513.4806                           3085.1645                 23.433253                 396.10607                      8.7767744
              3        1750.316     0.060716163       4.6882149      0.00504553       3513.9522      -6.6601069       -8.6915466         2.0314397       3513.9522                           3085.6318                 23.433472                 396.10607                      8.7807775
              2        1750.193     0.065392272        4.588757    0.0036437714       3513.7062      -6.6601069       -8.6915466         2.0314397       3513.7062                           3085.3867                 23.433428                 396.10607                      8.7799691
              1       1750.1804     0.066027456       4.5718758    0.0030540661       3513.6811      -6.6601069       -8.6915466         2.0314397       3513.6811                           3085.3616                 23.433425                 396.10607                      8.7799123
              1       1749.7528      0.07402456       5.0687196    0.0032422779       3512.8258      -6.6601069       -8.6915466         2.0314397       3512.8258                           3084.5149                 23.432878                 396.10607                       8.771878
              1       1750.1374     0.059227572       5.0516837    0.0039962966        3513.595      -6.6601069       -8.6915466         2.0314397        3513.595                           3085.2784                 23.433285                 396.10607                       8.777273
              1       1750.1562     0.060287785       4.9456178    0.0064699786       3513.6326      -6.6601069       -8.6915466         2.0314397       3513.6326                           3085.3152                 23.433324                 396.10607                       8.778008
              2       1750.1087     0.059574186       5.0797177    0.0073804138       3513.5376      -6.6601069       -8.6915466         2.0314397       3513.5376                           3085.2214                 23.433258                 396.10607                      8.7768024
              3        1750.171       0.0585067       5.0440617     0.006547988       3513.6623      -6.6601069       -8.6915466         2.0314397       3513.6623                           3085.3452                 23.433309                 396.10607                      8.7776845
              3       1750.1541     0.058926536       5.0435561    0.0065689835       3513.6284      -6.6601069       -8.6915466         2.0314397       3513.6284                           3085.3115                 23.433298                 396.10607                      8.7775001
              2       1750.1105     0.062832594       4.8558306    0.0097988221       3513.5412      -6.6601069       -8.6915466         2.0314397       3513.5412                           3085.2239                 23.433318                 396.10607                      8.7779462
              1       1750.1166     0.061503769        4.931234    0.0067966357       3513.5534      -6.6601069       -8.6915466         2.0314397       3513.5534                           3085.2363                 23.433302                 396.10607                      8.7776474
              2       1749.8924     0.069399811       4.8613574    0.0059243015        3513.105      -6.6601069       -8.6915466         2.0314397        3513.105                           3084.7904                 23.433153                 396.10607                      8.7754106
              2       1749.9265     0.068481619       4.8431443    0.0057494361       3513.1731      -6.6601069       -8.6915466         2.0314397       3513.1731                           3084.8579                 23.433188                 396.10607                      8.7759271
              1       1749.9048     0.065992949       5.0682863    0.0045240129       3513.1297      -6.6601069       -8.6915466         2.0314397       3513.1297                           3084.8162                 23.433093                 396.10607                      8.7743618
              1       1749.7982     0.070622452       5.0920798    0.0041429512       3512.9166      -6.6601069       -8.6915466         2.0314397       3512.9166                           3084.6049                 23.432952                 396.10607                      8.7725888
              3        1749.795     0.071800551       4.9950163    0.0042013296       3512.9102      -6.6601069       -8.6915466         2.0314397       3512.9102                           3084.5979                 23.432994                 396.10607                       8.773233
              2       1749.8704     0.067468662       5.0588771    0.0044822197        3513.061      -6.6601069       -8.6915466         2.0314397        3513.061                            3084.748                 23.433061                 396.10607                       8.773945
              4          1749.9     0.069635849       4.8288797    0.0060622961       3513.1203      -6.6601069       -8.6915466         2.0314397       3513.1203                           3084.8053                  23.43317                 396.10607                      8.7756834
              4       1750.0659     0.062787565       4.9354747    0.0084043866       3513.4521      -6.6601069       -8.6915466         2.0314397       3513.4521                           3085.1357                 23.433267                 396.10607                      8.7770642
              1       1749.9541     0.065455107        4.981344     0.008448963       3513.2284      -6.6601069       -8.6915466         2.0314397       3513.2284                           3084.9137                 23.433168                 396.10607                      8.7755078
              1       1750.2155      0.06494217       4.5832942    0.0079035944       3513.7512      -6.6601069       -8.6915466         2.0314397       3513.7512                           3085.4315                 23.433442                 396.10607                      8.7802131
              3       1749.9306     0.074563872       4.5043467    0.0039095488       3513.1813      -6.6601069       -8.6915466         2.0314397       3513.1813                           3084.8643                 23.433288                 396.10607                      8.7776261
              2       1750.0071     0.069536907       4.6357888    0.0045722057       3513.3344      -6.6601069       -8.6915466         2.0314397       3513.3344                           3085.0172                 23.433306                 396.10607                      8.7778586
              2       1750.1021     0.067509436       4.6007773    0.0033092543       3513.5244      -6.6601069       -8.6915466         2.0314397       3513.5244                           3085.2059                 23.433374                 396.10607                      8.7790054
              1       1750.1174     0.063973753       4.7751969    0.0037889503       3513.5551      -6.6601069       -8.6915466         2.0314397       3513.5551                           3085.2373                 23.433342                 396.10607                      8.7783964
              3       1750.0855     0.066100919       4.7013487    0.0034723325       3513.4913      -6.6601069       -8.6915466         2.0314397       3513.4913                           3085.1735                  23.43334                 396.10607                      8.7783953
              1       1750.1566     0.064480866       4.6879452    0.0044241649       3513.6334      -6.6601069       -8.6915466         2.0314397       3513.6334                           3085.3148                 23.433386                 396.10607                      8.7791896
              3       1750.2327     0.061165123       4.7734962    0.0043583429       3513.7856      -6.6601069       -8.6915466         2.0314397       3513.7856                           3085.4665                  23.43341                 396.10607                      8.7795947
              2       1750.5204     0.051228161       5.0468366    0.0038218271        3514.361      -6.6601069       -8.6915466         2.0314397        3514.361                           3086.0401                   23.4335                 396.10607                      8.7812985
              1       1750.5113     0.049361092       5.2099761     0.004095798       3514.3429      -6.6601069       -8.6915466         2.0314397       3514.3429                           3086.0229                 23.433462                 396.10607                      8.7804843
              3       1750.4883     0.049729764       5.2138358    0.0042415779       3514.2967      -6.6601069       -8.6915466         2.0314397       3514.2967                            3085.977                  23.43345                 396.10607                      8.7802295
              2        1750.468     0.050348713       5.1930268    0.0046394119       3514.2562      -6.6601069       -8.6915466         2.0314397       3514.2562                           3085.9366                 23.433444                 396.10607                       8.780117
              3       1750.4527     0.050403851       5.2119452    0.0047097437       3514.2256      -6.6601069       -8.6915466         2.0314397       3514.2256                           3085.9062                 23.433432                 396.10607                      8.7798702
              1       1750.4321     0.051798533       5.1300544     0.006138533       3514.1844      -6.6601069       -8.6915466         2.0314397       3514.1844                           3085.8648                 23.433439                 396.10607                      8.7800381
              2       1749.8797     0.064967449       5.2445034       0.0056976       3513.0797      -6.6601069       -8.6915466         2.0314397       3513.0797                           3084.7678                 23.432996                 396.10607                      8.7728355
              2       1750.0906     0.063233665       4.8635825    0.0083445502       3513.5014      -6.6601069       -8.6915466         2.0314397       3513.5014                           3085.1844                 23.433303                 396.10607                      8.7776934
              2       1750.5309       0.0553706       4.7449411    0.0060807636        3514.382      -6.6601069       -8.6915466         2.0314397        3514.382                           3086.0598                 23.433563                 396.10607                      8.7826175
              2       1750.5096     0.055350768       4.7722721    0.0064118795       3514.3393      -6.6601069       -8.6915466         2.0314397       3514.3393                           3086.0174                 23.433548                 396.10607                      8.7823108
              1        1750.115     0.061093522       4.9614258    0.0055608986       3513.5501      -6.6601069       -8.6915466         2.0314397       3513.5501                           3085.2333                 23.433293                 396.10607                      8.7774798
              1       1750.0412     0.061064987       5.1052986    0.0090891254       3513.4026      -6.6601069       -8.6915466         2.0314397       3513.4026                           3085.0874                 23.433201                 396.10607                      8.7758733
              1       1749.8551     0.070438861       4.8877214    0.0091337815       3513.0304      -6.6601069       -8.6915466         2.0314397       3513.0304                           3084.7164                 23.433108                 396.10607                       8.774781
              1        1749.784     0.071082139       5.1570636    0.0057175107       3512.8882      -6.6601069       -8.6915466         2.0314397       3512.8882                           3084.5774                 23.432889                 396.10607                      8.7717986
              5       1749.7924     0.070411401       5.1672977    0.0058131607        3512.905      -6.6601069       -8.6915466         2.0314397        3512.905                           3084.5942                   23.4329                 396.10607                      8.7718873
              2         1749.81     0.070119437       5.0748474    0.0050955917       3512.9403      -6.6601069       -8.6915466         2.0314397       3512.9403                           3084.6283                 23.432978                 396.10607                      8.7729173
              1        1749.784     0.071841845       5.0528262    0.0051873606       3512.8883      -6.6601069       -8.6915466         2.0314397       3512.8883                           3084.5766                 23.432949                 396.10607                      8.7726309
              6       1749.7723      0.07247923       5.0694012    0.0094215137       3512.8649      -6.6601069       -8.6915466         2.0314397       3512.8649                           3084.5536                 23.432919                 396.10607                      8.7722844
              1       1750.1518     0.057362213       5.1644719    0.0072727889       3513.6239      -6.6601069       -8.6915466         2.0314397       3513.6239                           3085.3077                 23.433264                 396.10607                      8.7768457
              2       1750.1688     0.055714268       5.2637964    0.0085060465       3513.6579      -6.6601069       -8.6915466         2.0314397       3513.6579                           3085.3421                 23.433249                 396.10607                      8.7765032
              1       1750.6813     0.046942202       5.1702806    0.0068731962       3514.6828      -6.6601069       -8.6915466         2.0314397       3514.6828                           3086.3608                 23.433551                 396.10607                      8.7823621
              1       1750.5678     0.050022407       5.0746077    0.0057156622       3514.4559      -6.6601069       -8.6915466         2.0314397       3514.4559                           3086.1347                 23.433517                 396.10607                      8.7816496
              4       1750.5741     0.049998317       5.0679275    0.0057694482       3514.4683      -6.6601069       -8.6915466         2.0314397       3514.4683                            3086.147                 23.433521                 396.10607                      8.7817396
              2       1750.5315     0.050752612       5.0680243    0.0055457301       3514.3832      -6.6601069       -8.6915466         2.0314397       3514.3832                           3086.0623                 23.433501                 396.10607                      8.7813181
              1       1750.2753     0.055437355       5.0946331    0.0072835916       3513.8707      -6.6601069       -8.6915466         2.0314397       3513.8707                           3085.5527                  23.43336                 396.10607                      8.7785637
              1       1750.4299     0.052384993       5.0874883    0.0075284841       3514.1801      -6.6601069       -8.6915466         2.0314397       3514.1801                           3085.8604                 23.433447                 396.10607                      8.7802096
              5       1750.4282     0.053143527       5.0326882    0.0081343058       3514.1766      -6.6601069       -8.6915466         2.0314397       3514.1766                           3085.8566                 23.433457                 396.10607                      8.7804369
              1       1749.8353     0.067977696       5.1552069    0.0085713145       3512.9908      -6.6601069       -8.6915466         2.0314397       3512.9908                           3084.6789                 23.432976                 396.10607                      8.7727579
              1        1749.835     0.068092066       5.1453355    0.0085844266       3512.9901      -6.6601069       -8.6915466         2.0314397       3512.9901                           3084.6783                 23.432981                 396.10607                      8.7728241
              2       1749.7868     0.072248677       4.9959053    0.0034962825       3512.8937      -6.6601069       -8.6915466         2.0314397       3512.8937                           3084.5816                 23.432982                 396.10607                      8.7730922
              1        1749.897     0.066184955       5.0763264    0.0055545811       3513.1142      -6.6601069       -8.6915466         2.0314397       3513.1142                           3084.8009                 23.433082                 396.10607                      8.7742059
              1       1750.0993     0.065326466       4.7242456    0.0057978913       3513.5188      -6.6601069       -8.6915466         2.0314397       3513.5188                            3085.201                 23.433343                 396.10607                      8.7784371
              2       1750.1321     0.064927009       4.6980561    0.0066595904       3513.5844      -6.6601069       -8.6915466         2.0314397       3513.5844                           3085.2661                 23.433369                 396.10607                      8.7788943
              1       1750.0814     0.059619619       5.1300996    0.0090602388        3513.483      -6.6601069       -8.6915466         2.0314397        3513.483                           3085.1675                 23.433224                 396.10607                      8.7762146
              6       1750.0904     0.059072576       5.1536651    0.0093292987       3513.5009      -6.6601069       -8.6915466         2.0314397       3513.5009                           3085.1854                 23.433224                 396.10607                      8.7761903
              1        1750.207     0.055730365       5.1895248    0.0032771405       3513.7343      -6.6601069       -8.6915466         2.0314397       3513.7343                           3085.4176                 23.433295                 396.10607                      8.7773387
              4       1750.3801     0.052746578       5.1348259     0.003392059       3514.0803      -6.6601069       -8.6915466         2.0314397       3514.0803                           3085.7614                  23.43341                 396.10607                      8.7794771
              1       1750.3346      0.05415381        5.096933    0.0052874014       3513.9894      -6.6601069       -8.6915466         2.0314397       3513.9894                           3085.6708                 23.433393                 396.10607                      8.7791808
              5       1750.4461     0.052743852       5.0368635    0.0040568261       3514.2123      -6.6601069       -8.6915466         2.0314397       3514.2123                           3085.8922                 23.433465                 396.10607                      8.7805986
              1       1750.2205     0.055369345       5.1937949    0.0061970876       3513.7612      -6.6601069       -8.6915466         2.0314397       3513.7612                           3085.4443                 23.433302                 396.10607                      8.7774669
              1        1749.829     0.068517892       5.1333452    0.0031453558       3512.9782      -6.6601069       -8.6915466         2.0314397       3512.9782                           3084.6664                 23.432978                 396.10607                      8.7728123
              4       1749.8285     0.068632786       5.1246012    0.0031839078       3512.9772      -6.6601069       -8.6915466         2.0314397       3512.9772                           3084.6653                 23.432981                 396.10607                      8.7728666
              1         1750.23     0.062856228       4.6782779    0.0058757368       3513.7803      -6.6601069       -8.6915466         2.0314397       3513.7803                           3085.4608                 23.433429                 396.10607                      8.7799706
              4       1750.0867     0.065690583       4.7227164    0.0054956441       3513.4937      -6.6601069       -8.6915466         2.0314397       3513.4937                            3085.176                 23.433336                 396.10607                      8.7783113
              2       1750.1837     0.064543384       4.6467752    0.0057386852       3513.6877      -6.6601069       -8.6915466         2.0314397       3513.6877                           3085.3686                 23.433411                 396.10607                      8.7796389
              2       1749.9845     0.067641898       4.7801542    0.0093079154       3513.2892      -6.6601069       -8.6915466         2.0314397       3513.2892                           3084.9729                 23.433252                 396.10607                      8.7769254
              6       1749.9359     0.064343184       5.1084576    0.0089656654       3513.1921      -6.6601069       -8.6915466         2.0314397       3513.1921                           3084.8783                  23.43311                 396.10607                      8.7745323
              1       1750.0549     0.066431053       4.7305666    0.0057273841       3513.4299      -6.6601069       -8.6915466         2.0314397       3513.4299                           3085.1126                 23.433313                 396.10607                      8.7779363
              2       1750.1422     0.059024677       5.0576826    0.0042817763       3513.6046      -6.6601069       -8.6915466         2.0314397       3513.6046                            3085.288                 23.433286                 396.10607                      8.7772956
              1        1749.828     0.069085318       5.0843118    0.0041227782       3512.9762      -6.6601069       -8.6915466         2.0314397       3512.9762                            3084.664                 23.432999                 396.10607                      8.7731421
              4       1749.8019     0.070740284       5.0580449    0.0042616397        3512.924      -6.6601069       -8.6915466         2.0314397        3512.924                            3084.612                 23.432974                 396.10607                      8.7729023
              1       1749.8794      0.06650642       5.1067909    0.0049613799       3513.0791      -6.6601069       -8.6915466         2.0314397       3513.0791                           3084.7662                 23.433052                 396.10607                       8.773765
              2        1749.854     0.066341901       5.2271875    0.0051930815       3513.0282      -6.6601069       -8.6915466         2.0314397       3513.0282                           3084.7166                 23.432969                 396.10607                      8.7725436
              3       1749.7667     0.072558609       5.1768415     0.006261559       3512.8536      -6.6601069       -8.6915466         2.0314397       3512.8536                           3084.5434                 23.432833                 396.10607                      8.7712039
             13       1749.7888     0.070407383       5.2596495    0.0036558998       3512.8978      -6.6601069       -8.6915466         2.0314397       3512.8978                           3084.5879                 23.432828                 396.10607                      8.7709655
              7       1749.8453      0.06637967       5.2747593    0.0038987933       3513.0108      -6.6601069       -8.6915466         2.0314397       3513.0108                           3084.6997                 23.432933                 396.10607                      8.7720319
              7       1749.7834     0.071234398       5.2969801    0.0041573812        3512.887      -6.6601069       -8.6915466         2.0314397        3512.887                           3084.5778                 23.432775                 396.10607                      8.7703798
              2        1749.814     0.068534194       5.2342879    0.0050300422       3512.9481      -6.6601069       -8.6915466         2.0314397       3512.9481                           3084.6374                 23.432902                 396.10607                      8.7717649
              5       1749.8616     0.065521766       5.2760431    0.0055472621       3513.0433      -6.6601069       -8.6915466         2.0314397       3513.0433                            3084.732                 23.432957                 396.10607                       8.772307
              2       1749.9518     0.067788802       4.8338071    0.0060214451       3513.2237      -6.6601069       -8.6915466         2.0314397       3513.2237                           3084.9082                 23.433211                 396.10607                      8.7762764
              3       1750.1872     0.059485733        4.949009    0.0083399906       3513.6946      -6.6601069       -8.6915466         2.0314397       3513.6946                           3085.3769                 23.433342                 396.10607                      8.7783248
              5       1750.1995      0.05911356       4.9544634    0.0093188975       3513.7192      -6.6601069       -8.6915466         2.0314397       3513.7192                           3085.4013                 23.433349                 396.10607                      8.7784292
              1       1749.9612     0.067142301       4.8549709    0.0067161939       3513.2427      -6.6601069       -8.6915466         2.0314397       3513.2427                           3084.9271                 23.433212                 396.10607                      8.7762777
              2       1750.0645     0.067177586       4.6736571     0.006190247       3513.4493      -6.6601069       -8.6915466         2.0314397       3513.4493                           3085.1316                 23.433334                 396.10607                      8.7782984
              3       1750.0303     0.066890678       4.7443083    0.0052316165       3513.3808      -6.6601069       -8.6915466         2.0314397       3513.3808                           3085.0639                 23.433293                 396.10607                      8.7776065
              2       1750.2436     0.064016358        4.596628    0.0045287584       3513.8074      -6.6601069       -8.6915466         2.0314397       3513.8074                           3085.4875                 23.433454                 396.10607                      8.7804354
              4       1750.2743     0.062915022       4.6174115    0.0047669049       3513.8687      -6.6601069       -8.6915466         2.0314397       3513.8687                           3085.5486                 23.433465                 396.10607                      8.7806523
              1       1750.7228     0.051834407       4.7484659    0.0061121558       3514.7658      -6.6601069       -8.6915466         2.0314397       3514.7658                           3086.4417                 23.433644                 396.10607                      8.7843888
              5       1750.7157      0.05599684       4.5007665    0.0080253842       3514.7516      -6.6601069       -8.6915466         2.0314397       3514.7516                           3086.4266                 23.433681                 396.10607                       8.785155
              3       1750.6526     0.056452861       4.5414732    0.0083994613       3514.6255      -6.6601069       -8.6915466         2.0314397       3514.6255                           3086.3013                  23.43365                 396.10607                      8.7844587
              2       1750.6524     0.057122043       4.5039348    0.0065957735       3514.6251      -6.6601069       -8.6915466         2.0314397       3514.6251                           3086.3007                 23.433656                 396.10607                      8.7845796
              5       1750.3524     0.052348824       5.2109606    0.0079798324       3514.0249      -6.6601069       -8.6915466         2.0314397       3514.0249                           3085.7066                 23.433377                 396.10607                      8.7788183
              4       1749.8874     0.064963939       5.2128139    0.0091508296       3513.0951      -6.6601069       -8.6915466         2.0314397       3513.0951                           3084.7828                 23.433019                 396.10607                      8.7731756
             10       1749.8968     0.063914711       5.2756729    0.0090269005       3513.1138      -6.6601069       -8.6915466         2.0314397       3513.1138                           3084.8018                 23.433004                 396.10607                      8.7728807
              1        1749.913     0.063704293       5.2330069    0.0076360741       3513.1463      -6.6601069       -8.6915466         2.0314397       3513.1463                           3084.8337                  23.43304                 396.10607                      8.7734186
              1       1749.8744     0.074916008       4.5839004     0.007139821        3513.069      -6.6601069       -8.6915466         2.0314397        3513.069                           3084.7531                 23.433224                 396.10607                      8.7766328
             12       1750.3832     0.061553135       4.5590701    0.0072875993       3514.0866      -6.6601069       -8.6915466         2.0314397       3514.0866                           3085.7651                  23.43353                 396.10607                       8.781918
              4       1749.8936      0.07231324       4.6852817    0.0076745464       3513.1075      -6.6601069       -8.6915466         2.0314397       3513.1075                           3084.7918                 23.433209                 396.10607                      8.7763564
              1       1750.2342     0.055447044       5.1632265    0.0061960117       3513.7886      -6.6601069       -8.6915466         2.0314397       3513.7886                           3085.4714                 23.433318                 396.10607                      8.7777765
              3       1750.0681     0.061117105       5.0463792    0.0033473122       3513.4563      -6.6601069       -8.6915466         2.0314397       3513.4563                           3085.1405                 23.433238                 396.10607                       8.776512
              1       1750.0573     0.061048091       5.0728261    0.0034428308       3513.4349      -6.6601069       -8.6915466         2.0314397       3513.4349                           3085.1193                 23.433223                 396.10607                      8.7762443
              1       1750.0013     0.062825526       5.0621167    0.0044896134       3513.3228      -6.6601069       -8.6915466         2.0314397       3513.3228                           3085.0079                 23.433182                 396.10607                      8.7756328
              8       1749.9598     0.062221111       5.2136468     0.003072243       3513.2399      -6.6601069       -8.6915466         2.0314397       3513.2399                           3084.9265                 23.433096                 396.10607                       8.774201
              2       1749.9683     0.062057788       5.2032875    0.0030761829       3513.2569      -6.6601069       -8.6915466         2.0314397       3513.2569                           3084.9433                 23.433108                 396.10607                        8.77438
              7       1750.6581     0.050069474       4.9512285    0.0037004019       3514.6364      -6.6601069       -8.6915466         2.0314397       3514.6364                           3086.3138                 23.433581                 396.10607                      8.7830298
              6       1749.8897     0.064145008       5.2830196    0.0046067071       3513.0997      -6.6601069       -8.6915466         2.0314397       3513.0997                           3084.7879                 23.432992                 396.10607                      8.7727187
              6       1749.8374     0.067344997       5.2107243    0.0046651533        3512.995      -6.6601069       -8.6915466         2.0314397        3512.995                           3084.6836                 23.432953                 396.10607                      8.7723838
              2       1749.7816     0.071106873       5.2058945    0.0040941405       3512.8833      -6.6601069       -8.6915466         2.0314397       3512.8833                           3084.5731                  23.43285                 396.10607                      8.7713055
              4       1749.9545     0.061930827       5.2546073    0.0091756943       3513.2292      -6.6601069       -8.6915466         2.0314397       3513.2292                           3084.9162                 23.433076                 396.10607                      8.7738666
              1       1749.9467     0.062071962       5.2666403    0.0070455915       3513.2136      -6.6601069       -8.6915466         2.0314397       3513.2136                           3084.9008                 23.433064                 396.10607                      8.7736794
              1       1750.0834     0.057610664       5.2874639    0.0060491225       3513.4869      -6.6601069       -8.6915466         2.0314397       3513.4869                           3085.1723                 23.433179                 396.10607                      8.7753436
              5       1750.1825     0.055847051       5.2260974    0.0063758345       3513.6852      -6.6601069       -8.6915466         2.0314397       3513.6852                            3085.369                 23.433269                 396.10607                      8.7768665
              3       1749.9369      0.06270635       5.2417593    0.0064006914        3513.194      -6.6601069       -8.6915466         2.0314397        3513.194                           3084.8811                 23.433063                 396.10607                      8.7737034
              2       1749.8041     0.069125563       5.2532742    0.0038569627       3512.9283      -6.6601069       -8.6915466         2.0314397       3512.9283                            3084.618                  23.43287                 396.10607                      8.7713946
              1       1749.7709     0.072575237       5.0702105    0.0033370609        3512.862      -6.6601069       -8.6915466         2.0314397        3512.862                           3084.5508                 23.432916                 396.10607                      8.7722499
              4        1749.812     0.068426315       5.2793476    0.0033019485       3512.9443      -6.6601069       -8.6915466         2.0314397       3512.9443                            3084.634                  23.43287                 396.10607                      8.7713384
              5       1749.8058      0.06889305       5.2801367    0.0035679498       3512.9319      -6.6601069       -8.6915466         2.0314397       3512.9319                           3084.6218                 23.432856                 396.10607                      8.7711912
              4       1749.7747     0.071818509       5.2269937    0.0032539317       3512.8696      -6.6601069       -8.6915466         2.0314397       3512.8696                           3084.5598                 23.432814                 396.10607                      8.7709081
              9       1749.7853     0.070739649       5.2283022    0.0031292066       3512.8908      -6.6601069       -8.6915466         2.0314397       3512.8908                           3084.5807                 23.432843                 396.10607                      8.7711843
              1       1749.8134     0.068405682       5.2631941    0.0045859741        3512.947      -6.6601069       -8.6915466         2.0314397        3512.947                           3084.6365                 23.432883                 396.10607                       8.771509
              4       1749.9777     0.063877485        5.039027    0.0033865771       3513.2756      -6.6601069       -8.6915466         2.0314397       3513.2756                           3084.9609                  23.43317                 396.10607                      8.7754733
              5       1749.9974     0.063572928       5.0170379    0.0036321171        3513.315      -6.6601069       -8.6915466         2.0314397        3513.315                           3084.9999                 23.433193                 396.10607                      8.7758366
              2       1749.9592     0.063504604       5.1118155    0.0036816854       3513.2385      -6.6601069       -8.6915466         2.0314397       3513.2385                           3084.9245                  23.43313                 396.10607                      8.7748163
              5       1749.8884     0.065437715       5.1663782    0.0039413298        3513.097      -6.6601069       -8.6915466         2.0314397        3513.097                           3084.7844                 23.433039                 396.10607                      8.7735039
              1       1749.9333     0.063550361       5.1800829    0.0044729966       3513.1868      -6.6601069       -8.6915466         2.0314397       3513.1868                           3084.8736                 23.433082                 396.10607                      8.7740516
              6       1749.8835     0.067341853       5.0277421    0.0046716379       3513.0872      -6.6601069       -8.6915466         2.0314397       3513.0872                           3084.7737                 23.433086                 396.10607                      8.7743217
              4       1749.8706     0.068567654       4.9747673    0.0047279447       3513.0615      -6.6601069       -8.6915466         2.0314397       3513.0615                           3084.7478                 23.433092                 396.10607                       8.774471
              3       1750.5323     0.049803293       5.1424397    0.0044954334       3514.3848      -6.6601069       -8.6915466         2.0314397       3514.3848                           3086.0642                 23.433487                 396.10607                      8.7810007
             12       1750.7502     0.047382567       5.0413429    0.0045280416       3514.8205      -6.6601069       -8.6915466         2.0314397       3514.8205                           3086.4973                 23.433605                 396.10607                      8.7835535
              1       1750.8851     0.048997612       4.7573611    0.0054842348       3515.0905      -6.6601069       -8.6915466         2.0314397       3515.0905                           3086.7649                 23.433706                 396.10607                      8.7858343
              2       1750.7052     0.053666074       4.6503728    0.0045483694       3514.7305      -6.6601069       -8.6915466         2.0314397       3514.7305                           3086.4063                 23.433653                 396.10607                      8.7845682
              1       1750.5035     0.056575755       4.7028478     0.005299646       3514.3272      -6.6601069       -8.6915466         2.0314397       3514.3272                           3086.0051                 23.433558                 396.10607                      8.7825175
              1       1749.9191     0.066932929       4.9616336    0.0063895411       3513.1584      -6.6601069       -8.6915466         2.0314397       3513.1584                            3084.844                 23.433144                 396.10607                      8.7751822
              3       1749.9156     0.067158474       4.9546954    0.0062487435       3513.1514      -6.6601069       -8.6915466         2.0314397       3513.1514                            3084.837                 23.433143                 396.10607                      8.7751769
              2       1750.1267     0.063421428        4.793918    0.0066301078       3513.5735      -6.6601069       -8.6915466         2.0314397       3513.5735                           3085.2557                 23.433343                 396.10607                      8.7784078
              3       1749.9646     0.066430962       4.8934193    0.0066578434       3513.2493      -6.6601069       -8.6915466         2.0314397       3513.2493                           3084.9339                 23.433204                 396.10607                      8.7761137
              1       1750.1224     0.062077793       4.8841871     0.009488996       3513.5649      -6.6601069       -8.6915466         2.0314397       3513.5649                           3085.2476                 23.433318                 396.10607                      8.7779383
              3       1749.9095     0.073080782       4.6141417    0.0093941573       3513.1392      -6.6601069       -8.6915466         2.0314397       3513.1392                            3084.823                 23.433242                 396.10607                      8.7768873
              2       1749.9832     0.061933228         5.17368    0.0095710558       3513.2867      -6.6601069       -8.6915466         2.0314397       3513.2867                           3084.9727                 23.433131                 396.10607                      8.7747559
              1       1749.9345     0.062450241       5.2729616    0.0088394567       3513.1891      -6.6601069       -8.6915466         2.0314397       3513.1891                           3084.8766                 23.433048                 396.10607                      8.7734623
              1       1749.8686     0.066114636        5.181628     0.008194839       3513.0575      -6.6601069       -8.6915466         2.0314397       3513.0575                           3084.7453                 23.433009                 396.10607                      8.7731033
              1       1750.0476     0.060832746       5.1089506    0.0066063174       3513.4155      -6.6601069       -8.6915466         2.0314397       3513.4155                           3085.1003                 23.433205                 396.10607                      8.7759305
              1        1750.443     0.054186005       4.9365687    0.0047727248       3514.2063      -6.6601069       -8.6915466         2.0314397       3514.2063                           3085.8857                 23.433485                 396.10607                       8.781002
              1       1750.4036     0.055461724       4.9023026    0.0046793167       3514.1273      -6.6601069       -8.6915466         2.0314397       3514.1273                            3085.807                 23.433472                 396.10607                      8.7807558
              2       1750.6744     0.051695305       4.8147145    0.0083816452       3514.6691      -6.6601069       -8.6915466         2.0314397       3514.6691                           3086.3457                 23.433613                 396.10607                      8.7837031
              3       1750.7262     0.051479079       4.7684244    0.0075861198       3514.7725      -6.6601069       -8.6915466         2.0314397       3514.7725                           3086.4485                 23.433642                 396.10607                       8.784349
              1       1750.0338     0.062073461       5.0469025    0.0097843238       3513.3878      -6.6601069       -8.6915466         2.0314397       3513.3878                           3085.0724                 23.433212                 396.10607                      8.7761075
              1       1750.0283     0.062349524       5.0383921    0.0098095428       3513.3769      -6.6601069       -8.6915466         2.0314397       3513.3769                           3085.0615                 23.433211                 396.10607                      8.7760896
              1       1750.1732     0.062790268       4.7616158    0.0084299666       3513.6666      -6.6601069       -8.6915466         2.0314397       3513.6666                           3085.3481                 23.433379                 396.10607                      8.7790386
              1       1750.2122     0.061155424       4.8033324    0.0062475318       3513.7447      -6.6601069       -8.6915466         2.0314397       3513.7447                            3085.426                 23.433391                 396.10607                      8.7792558
              3       1750.0637     0.065507268       4.7698565    0.0060723647       3513.4476      -6.6601069       -8.6915466         2.0314397       3513.4476                           3085.1303                 23.433309                 396.10607                      8.7778478
              2       1750.0008     0.061523132       5.1622983      0.00541042       3513.3218      -6.6601069       -8.6915466         2.0314397       3513.3218                           3085.0075                  23.43315                 396.10607                      8.7750491
              3       1750.0253     0.063960698       4.9338789    0.0034475713       3513.3707      -6.6601069       -8.6915466         2.0314397       3513.3707                           3085.0548                 23.433238                 396.10607                      8.7766097
              2        1750.026     0.063949441       4.9332255    0.0034522468       3513.3722      -6.6601069       -8.6915466         2.0314397       3513.3722                           3085.0563                 23.433239                 396.10607                      8.7766215
              1       1750.4364     0.058229125       4.6840145    0.0039611101        3514.193      -6.6601069       -8.6915466         2.0314397        3514.193                           3085.8715                 23.433531                 396.10607                      8.7819534
              1       1750.2061     0.063433878       4.6780663    0.0058077552       3513.7324      -6.6601069       -8.6915466         2.0314397       3513.7324                           3085.4131                 23.433416                 396.10607                       8.779732
              5        1750.728     0.046223233       5.1676427     0.009434373       3514.7763      -6.6601069       -8.6915466         2.0314397       3514.7763                           3086.4538                 23.433573                 396.10607                       8.782831
              3       1750.7272     0.046179346       5.1726429    0.0094597626       3514.7746      -6.6601069       -8.6915466         2.0314397       3514.7746                           3086.4521                 23.433571                 396.10607                      8.7828018
              1       1750.3572     0.056562953       4.8919299     0.009543709       3514.0345      -6.6601069       -8.6915466         2.0314397       3514.0345                           3085.7147                  23.43345                 396.10607                      8.7803375
              5       1749.9628     0.065750459       4.9419484    0.0065049228       3513.2458      -6.6601069       -8.6915466         2.0314397       3513.2458                           3084.9307                 23.433188                 396.10607                      8.7758314
              3        1750.005     0.065004921       4.9047572    0.0092174536       3513.3301      -6.6601069       -8.6915466         2.0314397       3513.3301                           3085.0143                 23.433232                 396.10607                      8.7765273
              4       1749.9904     0.066596289       4.8321711    0.0085445483        3513.301      -6.6601069       -8.6915466         2.0314397        3513.301                            3084.985                 23.433241                 396.10607                      8.7767325
              5          1750.1     0.058230766       5.1996612    0.0057893059       3513.5203      -6.6601069       -8.6915466         2.0314397       3513.5203                           3085.2049                 23.433218                 396.10607                      8.7760497
              1       1750.1557     0.056745593       5.2056312    0.0061081977       3513.6316      -6.6601069       -8.6915466         2.0314397       3513.6316                           3085.3156                 23.433256                 396.10607                      8.7766688
              1       1749.9683     0.069166383       4.7213253    0.0068810108       3513.2567      -6.6601069       -8.6915466         2.0314397       3513.2567                           3084.9404                 23.433256                 396.10607                      8.7770314
              3       1749.9141     0.072736752        4.623907    0.0064940978       3513.1483      -6.6601069       -8.6915466         2.0314397       3513.1483                           3084.8321                 23.433243                 396.10607                      8.7768921
              5        1749.908      0.06356467       5.2647952    0.0096224125       3513.1361      -6.6601069       -8.6915466         2.0314397       3513.1361                           3084.8239                 23.433022                 396.10607                      8.7731274
              3        1750.018     0.062081544       5.0798339    0.0081032879       3513.3563      -6.6601069       -8.6915466         2.0314397       3513.3563                           3085.0413                  23.43319                 396.10607                      8.7757367
              2       1749.9574     0.065500005       4.9707677    0.0069507561        3513.235      -6.6601069       -8.6915466         2.0314397        3513.235                           3084.9202                 23.433174                 396.10607                      8.7756068
              1        1750.018     0.061005495       5.1618639    0.0081705838       3513.3562      -6.6601069       -8.6915466         2.0314397       3513.3562                           3085.0417                 23.433165                 396.10607                      8.7752675
              2       1750.2921     0.052949463       5.2636512    0.0042883999       3513.9045      -6.6601069       -8.6915466         2.0314397       3513.9045                           3085.5872                 23.433329                 396.10607                      8.7778999
              4       1750.8107     0.052375239       4.6156623    0.0045978145       3514.9416      -6.6601069       -8.6915466         2.0314397       3514.9416                           3086.6162                   23.4337                 396.10607                      8.7856335
              3       1750.7138     0.055205554       4.5481702     0.005424428       3514.7479      -6.6601069       -8.6915466         2.0314397       3514.7479                           3086.4231                 23.433673                 396.10607                      8.7849862
              1       1750.2934     0.059631594       4.7828251    0.0050708592        3513.907      -6.6601069       -8.6915466         2.0314397        3513.907                           3085.5874                  23.43344                 396.10607                      8.7801656
              3       1749.9331     0.071462854       4.6574609    0.0042959816       3513.1864      -6.6601069       -8.6915466         2.0314397       3513.1864                           3084.8701                 23.433248                 396.10607                      8.7769456
              2       1749.8567     0.074434155       4.6439927    0.0046465785       3513.0336      -6.6601069       -8.6915466         2.0314397       3513.0336                           3084.7182                 23.433191                 396.10607                       8.776129
              3       1749.8082     0.068934945       5.2315619    0.0075580027       3512.9366      -6.6601069       -8.6915466         2.0314397       3512.9366                            3084.626                 23.432892                 396.10607                      8.7716714
              1       1750.1357     0.056746996       5.2456042    0.0075893928       3513.5917      -6.6601069       -8.6915466         2.0314397       3513.5917                           3085.2761                 23.433231                 396.10607                      8.7762158
              1       1750.0664     0.062921401       4.9257386    0.0073954302       3513.4531      -6.6601069       -8.6915466         2.0314397       3513.4531                           3085.1366                  23.43327                 396.10607                      8.7771188
              3        1750.406      0.05597394       4.8645161    0.0062853026       3514.1322      -6.6601069       -8.6915466         2.0314397       3514.1322                           3085.8117                 23.433481                 396.10607                      8.7809392
              3       1750.1077     0.060858539       4.9902784    0.0060045268       3513.5356      -6.6601069       -8.6915466         2.0314397       3513.5356                            3085.219                 23.433281                 396.10607                      8.7772542
              4       1750.3368     0.054184051       5.0912649    0.0078835543       3513.9938      -6.6601069       -8.6915466         2.0314397       3513.9938                           3085.6751                 23.433396                 396.10607                      8.7792302
             10       1750.3327     0.052510108       5.2303001    0.0078417071       3513.9857      -6.6601069       -8.6915466         2.0314397       3513.9857                           3085.6677                 23.433361                 396.10607                      8.7785122
              7       1750.2691     0.054020511       5.2157474    0.0073300237       3513.8584      -6.6601069       -8.6915466         2.0314397       3513.8584                           3085.5411                 23.433327                 396.10607                      8.7778923
              4       1750.0237     0.068256003       4.6783407    0.0084804018       3513.3677      -6.6601069       -8.6915466         2.0314397       3513.3677                           3085.0505                 23.433306                 396.10607                      8.7778431
              3       1750.6565     0.055247301        4.607705    0.0079625754       3514.6333      -6.6601069       -8.6915466         2.0314397       3514.6333                           3086.3093                  23.43364                 396.10607                      8.7842717
              2       1751.0411     0.050275561       4.5072449    0.0090424124       3515.4024      -6.6601069       -8.6915466         2.0314397       3515.4024                           3087.0745                 23.433799                 396.10607                      8.7879843
              6       1750.8556     0.047463307       4.9037191     0.009306067       3515.0314      -6.6601069       -8.6915466         2.0314397       3515.0314                           3086.7066                 23.433671                 396.10607                      8.7850581
              1       1750.9981     0.047385731       4.7453832    0.0077415799       3515.3164      -6.6601069       -8.6915466         2.0314397       3515.3164                           3086.9897                  23.43375                 396.10607                      8.7868854
              7       1750.9383     0.050015782       4.6301828    0.0086918606       3515.1968      -6.6601069       -8.6915466         2.0314397       3515.1968                           3086.8703                 23.433745                 396.10607                      8.7867197
             10       1750.6403     0.057317488       4.5058775    0.0089432498       3514.6008      -6.6601069       -8.6915466         2.0314397       3514.6008                           3086.2766                 23.433651                 396.10607                      8.7844646
              1        1749.892      0.06785176       4.9665095    0.0069722197       3513.1043      -6.6601069       -8.6915466         2.0314397       3513.1043                           3084.7903                 23.433117                 396.10607                      8.7748049
              2       1750.7729     0.045185839       5.1971901    0.0033259499        3514.866      -6.6601069       -8.6915466         2.0314397        3514.866                           3086.5432                 23.433587                 396.10607                      8.7831456
              1       1750.6858     0.047876773       5.0859573    0.0062218151       3514.6919      -6.6601069       -8.6915466         2.0314397       3514.6919                           3086.3695                 23.433569                 396.10607                      8.7827567
              2       1750.3465     0.054885982        5.024231    0.0053625408       3514.0133      -6.6601069       -8.6915466         2.0314397       3514.0133                           3085.6942                 23.433416                 396.10607                       8.779643
              1        1750.239     0.055601802       5.1428178    0.0073334722       3513.7982      -6.6601069       -8.6915466         2.0314397       3513.7982                           3085.4809                 23.433327                 396.10607                      8.7779329
              2       1749.8008     0.071569523       4.9880514     0.007080059       3512.9218      -6.6601069       -8.6915466         2.0314397       3512.9218                           3084.6094                 23.433005                 396.10607                      8.7733735
              4       1749.8515     0.068530286        5.038557    0.0074490554       3513.0232      -6.6601069       -8.6915466         2.0314397       3513.0232                           3084.7103                 23.433047                 396.10607                       8.773804
              2       1749.8156     0.070670572        5.000334    0.0079656083       3512.9514      -6.6601069       -8.6915466         2.0314397       3512.9514                           3084.6387                 23.433019                 396.10607                        8.77352
              3       1750.0589     0.065356894        4.786531    0.0073542138       3513.4381      -6.6601069       -8.6915466         2.0314397       3513.4381                            3085.121                 23.433302                 396.10607                      8.7777176
              1       1750.2847     0.058182665       4.8871488    0.0092338691       3513.8897      -6.6601069       -8.6915466         2.0314397       3513.8897                           3085.5706                 23.433413                 396.10607                      8.7796264
              3       1750.3087     0.058367331       4.8411575    0.0094787227       3513.9376      -6.6601069       -8.6915466         2.0314397       3513.9376                            3085.618                 23.433436                 396.10607                      8.7800701
              1       1750.1907     0.062268459       4.7672562    0.0086779259       3513.7015      -6.6601069       -8.6915466         2.0314397       3513.7015                           3085.3829                 23.433387                 396.10607                      8.7791934
              2       1750.2826     0.053056389       5.2715163    0.0088110229       3513.8855      -6.6601069       -8.6915466         2.0314397       3513.8855                           3085.5684                 23.433321                 396.10607                      8.7777543
              2       1750.2115     0.054356511       5.2939946    0.0091261996       3513.7432      -6.6601069       -8.6915466         2.0314397       3513.7432                            3085.427                  23.43327                 396.10607                      8.7768315
              1       1749.8254     0.068331489       5.1730641    0.0057684025        3512.971      -6.6601069       -8.6915466         2.0314397        3512.971                           3084.6595                 23.432953                 396.10607                      8.7724584
              1       1749.8394     0.067366279       5.1968566    0.0053935029        3512.999      -6.6601069       -8.6915466         2.0314397        3512.999                           3084.6874                 23.432963                 396.10607                      8.7725217
              7       1749.8264     0.068222065       5.1790348     0.006301188        3512.973      -6.6601069       -8.6915466         2.0314397        3512.973                           3084.6615                 23.432952                 396.10607                      8.7724314
              1       1750.1602     0.060057833       4.9545469    0.0067239093       3513.6405      -6.6601069       -8.6915466         2.0314397       3513.6405                           3085.3231                 23.433324                 396.10607                      8.7780074
              3       1750.2334     0.056245354       5.1034642    0.0086474563       3513.7869      -6.6601069       -8.6915466         2.0314397       3513.7869                           3085.4695                 23.433333                 396.10607                      8.7780687
              1       1749.9647     0.064020213        5.059128    0.0096106927       3513.2496      -6.6601069       -8.6915466         2.0314397       3513.2496                           3084.9352                 23.433152                 396.10607                      8.7751964
              8       1749.8163     0.068517058       5.2145909    0.0073747546       3512.9529      -6.6601069       -8.6915466         2.0314397       3512.9529                           3084.6419                 23.432917                 396.10607                      8.7719719
              4        1749.777     0.071803493       5.2657052    0.0085625297       3512.8741      -6.6601069       -8.6915466         2.0314397       3512.8741                           3084.5647                 23.432783                 396.10607                      8.7705368
              1       1749.9002      0.06929038       4.8502073    0.0042131011       3513.1206      -6.6601069       -8.6915466         2.0314397       3513.1206                           3084.8058                 23.433163                 396.10607                      8.7755689
             16       1749.8963     0.069380173       4.8535544    0.0041764707       3513.1127      -6.6601069       -8.6915466         2.0314397       3513.1127                            3084.798                 23.433159                 396.10607                       8.775502
              4       1750.0411     0.062057579       5.0329451     0.005982067       3513.4025      -6.6601069       -8.6915466         2.0314397       3513.4025                           3085.0869                 23.433222                 396.10607                      8.7762698
             13       1750.9821     0.050113507       4.5777358    0.0043554051       3515.2845      -6.6601069       -8.6915466         2.0314397       3515.2845                           3086.9574                 23.433768                 396.10607                      8.7872656
              7         1750.08     0.067265827        4.645584    0.0050296376       3513.4803      -6.6601069       -8.6915466         2.0314397       3513.4803                           3085.1622                  23.43335                 396.10607                      8.7785849
              5       1750.2718     0.062128584       4.6643066    0.0063261418       3513.8639      -6.6601069       -8.6915466         2.0314397       3513.8639                           3085.5439                 23.433454                 396.10607                      8.7804413
              1        1749.955      0.06584777       4.9525038    0.0057286807       3513.2301      -6.6601069       -8.6915466         2.0314397       3513.2301                           3084.9152                 23.433178                 396.10607                      8.7756785
              1       1750.0049     0.064361852       4.9471571    0.0049668606       3513.3301      -6.6601069       -8.6915466         2.0314397       3513.3301                           3085.0145                 23.433219                 396.10607                      8.7763039
              2       1749.8428      0.06949384       4.9928163    0.0042238532       3513.0059      -6.6601069       -8.6915466         2.0314397       3513.0059                           3084.6928                 23.433055                 396.10607                       8.773972
              1       1749.8577     0.069220817       4.9654952    0.0038365971       3513.0357      -6.6601069       -8.6915466         2.0314397       3513.0357                           3084.7222                 23.433082                 396.10607                      8.7743515
              8       1750.2661     0.059386831       4.8361169    0.0033638738       3513.8525      -6.6601069       -8.6915466         2.0314397       3513.8525                           3085.5333                 23.433414                 396.10607                      8.7796616
              7       1750.4219     0.052468993       5.0929821    0.0055027276       3514.1639      -6.6601069       -8.6915466         2.0314397       3514.1639                           3085.8443                 23.433441                 396.10607                      8.7801025
              5       1749.8354     0.067098208       5.2536107     0.006267315       3512.9909      -6.6601069       -8.6915466         2.0314397       3512.9909                           3084.6799                 23.432928                 396.10607                       8.772017
              3       1750.5489     0.055432166       4.7194456    0.0045718339       3514.4181      -6.6601069       -8.6915466         2.0314397       3514.4181                           3086.0956                 23.433576                 396.10607                       8.782882
              6       1750.3519     0.061241943       4.6134835    0.0085933101        3514.024      -6.6601069       -8.6915466         2.0314397        3514.024                            3085.703                 23.433505                 396.10607                      8.7814165
              1       1750.4535     0.058275362       4.6606854    0.0087656688       3514.2272      -6.6601069       -8.6915466         2.0314397       3514.2272                           3085.9054                 23.433543                 396.10607                      8.7822035
              6       1750.4904     0.056594845       4.7174314    0.0089387411       3514.3011      -6.6601069       -8.6915466         2.0314397       3514.3011                           3085.9791                  23.43355                 396.10607                      8.7823389
              4       1749.9239     0.074362489       4.5248533    0.0086805361        3513.168      -6.6601069       -8.6915466         2.0314397        3513.168                           3084.8512                 23.433278                 396.10607                      8.7774618
              3       1749.9691     0.066867712        4.856417    0.0094164529       3513.2584      -6.6601069       -8.6915466         2.0314397       3513.2584                           3084.9428                 23.433218                 396.10607                      8.7763619
              3       1749.9397     0.068104512       4.8387807    0.0092925317       3513.1997      -6.6601069       -8.6915466         2.0314397       3513.1997                           3084.8843                   23.4332                 396.10607                      8.7761087
              1       1749.9811     0.068307632       4.7474482    0.0082833397       3513.2824      -6.6601069       -8.6915466         2.0314397       3513.2824                            3084.966                 23.433258                 396.10607                      8.7770482
              7       1749.9664     0.069785619        4.690002    0.0087162544        3513.253      -6.6601069       -8.6915466         2.0314397        3513.253                           3084.9365                 23.433263                 396.10607                      8.7771618
              1       1749.8051     0.074489467       4.7638352    0.0082344705       3512.9304      -6.6601069       -8.6915466         2.0314397       3512.9304                           3084.6164                 23.433101                 396.10607                      8.7748339
              4       1749.7843     0.074148756       4.8530511     0.009558072       3512.8888      -6.6601069       -8.6915466         2.0314397       3512.8888                           3084.5757                 23.433042                 396.10607                      8.7740058
              6       1749.9248     0.067303275       4.9230415    0.0066903727       3513.1697      -6.6601069       -8.6915466         2.0314397       3513.1697                            3084.855                 23.433161                 396.10607                      8.7754708
              1       1750.3886     0.055352209       4.9304478    0.0064345569       3514.0974      -6.6601069       -8.6915466         2.0314397       3514.0974                           3085.7774                 23.433459                 396.10607                      8.7804864
              2       1750.3793     0.056180957       4.8868948    0.0069018298       3514.0789      -6.6601069       -8.6915466         2.0314397       3514.0789                           3085.7587                 23.433463                 396.10607                      8.7805802
              1       1750.5634     0.055614302       4.6910602    0.0053591071       3514.4471      -6.6601069       -8.6915466         2.0314397       3514.4471                           3086.1243                 23.433587                 396.10607                      8.7831218
              5       1750.0699      0.06046582        5.090128    0.0035120185         3513.46      -6.6601069       -8.6915466         2.0314397         3513.46                           3085.1444                 23.433227                 396.10607                      8.7762973
              1       1750.2876     0.055058051       5.1031049     0.003626889       3513.8955      -6.6601069       -8.6915466         2.0314397       3513.8955                           3085.5774                 23.433365                 396.10607                      8.7786549
              6       1749.7604     0.074705089       5.2389883    0.0053276985       3512.8409      -6.6601069       -8.6915466         2.0314397       3512.8409                            3084.532                 23.432722                 396.10607                      8.7701039
              1       1750.0212     0.063766377        4.954673    0.0076312085       3513.3627      -6.6601069       -8.6915466         2.0314397       3513.3627                           3085.0469                  23.43323                 396.10607                      8.7764545
              1       1750.0584     0.061111481       5.0660018    0.0081326952        3513.437      -6.6601069       -8.6915466         2.0314397        3513.437                           3085.1215                 23.433225                 396.10607                       8.776294
              6       1750.1824     0.058119634       5.0523855    0.0069025788        3513.685      -6.6601069       -8.6915466         2.0314397        3513.685                           3085.3678                 23.433314                 396.10607                       8.777767
              3       1750.1811      0.05845209       5.0307195    0.0069294955       3513.6824      -6.6601069       -8.6915466         2.0314397       3513.6824                           3085.3652                 23.433318                 396.10607                      8.7778612
              1        1750.634     0.054051688       4.7067367    0.0056826011       3514.5882      -6.6601069       -8.6915466         2.0314397       3514.5882                           3086.2648                 23.433614                 396.10607                      8.7837207
              2       1750.6684     0.048265281       5.0777754    0.0056690597        3514.657      -6.6601069       -8.6915466         2.0314397        3514.657                           3086.3348                 23.433563                 396.10607                      8.7826211
              1       1750.5781     0.049537522       5.0989179    0.0060593235       3514.4763      -6.6601069       -8.6915466         2.0314397       3514.4763                           3086.1551                 23.433517                 396.10607                      8.7816472
              1       1750.2098     0.054460792       5.2884001    0.0067433109       3513.7398      -6.6601069       -8.6915466         2.0314397       3513.7398                           3085.4236                  23.43327                 396.10607                      8.7768425
              2       1749.9541     0.064986851       5.0142386    0.0073733005       3513.2285      -6.6601069       -8.6915466         2.0314397       3513.2285                           3084.9139                 23.433158                 396.10607                      8.7753218
              3       1749.9182     0.067522273       4.9237174    0.0095335842       3513.1566      -6.6601069       -8.6915466         2.0314397       3513.1566                            3084.842                 23.433155                 396.10607                      8.7753853
              6       1749.7564     0.074202353       5.2009434    0.0055458168        3512.833      -6.6601069       -8.6915466         2.0314397        3512.833                           3084.5236                 23.432767                 396.10607                      8.7705699
             18       1749.8592     0.065583412       5.2826773    0.0033727952       3513.0386      -6.6601069       -8.6915466         2.0314397       3513.0386                           3084.7273                  23.43295                 396.10607                       8.772216
              3       1750.0304     0.060147555       5.2009035    0.0060088249       3513.3811      -6.6601069       -8.6915466         2.0314397       3513.3811                           3085.0666                 23.433163                 396.10607                      8.7751939
              1        1750.268     0.055312962       5.1158947    0.0061379778       3513.8563      -6.6601069       -8.6915466         2.0314397       3513.8563                           3085.5385                 23.433351                 396.10607                      8.7783821
              6       1750.3152     0.053632094       5.1685252    0.0041787311       3513.9507      -6.6601069       -8.6915466         2.0314397       3513.9507                           3085.6326                 23.433366                 396.10607                      8.7786301
              6       1750.0106      0.06218536       5.0885316    0.0037926629       3513.3415      -6.6601069       -8.6915466         2.0314397       3513.3415                           3085.0266                 23.433182                 396.10607                      8.7755978
              2       1749.8311     0.067983398       5.1774586    0.0030621424       3512.9823      -6.6601069       -8.6915466         2.0314397       3512.9823                           3084.6708                  23.43296                 396.10607                      8.7725238
              1       1749.8538     0.065797947       5.2902379    0.0044493591       3513.0278      -6.6601069       -8.6915466         2.0314397       3513.0278                           3084.7167                 23.432939                 396.10607                      8.7720639
              3       1749.8626      0.06623217       5.1965379    0.0051651606       3513.0454      -6.6601069       -8.6915466         2.0314397       3513.0454                           3084.7335                 23.432995                 396.10607                      8.7729045
              4       1749.9738     0.061574493       5.2286703    0.0065067656       3513.2678      -6.6601069       -8.6915466         2.0314397       3513.2678                           3084.9544                 23.433104                 396.10607                      8.7742944
              9       1749.9972     0.061534655       5.1703753    0.0074865519       3513.3145      -6.6601069       -8.6915466         2.0314397       3513.3145                           3085.0003                 23.433145                 396.10607                      8.7749548
              1       1750.0802     0.059102182       5.1726526    0.0069256639       3513.4805      -6.6601069       -8.6915466         2.0314397       3513.4805                           3085.1653                 23.433211                 396.10607                      8.7759641
              2       1750.8402       0.0457482       5.0595697    0.0051245746       3515.0006      -6.6601069       -8.6915466         2.0314397       3515.0006                           3086.6765                 23.433639                 396.10607                      8.7843364
              7       1750.6361     0.049901146       4.9923647    0.0032452132       3514.5923      -6.6601069       -8.6915466         2.0314397       3514.5923                             3086.27                 23.433564                 396.10607                      8.7826548
              1       1750.6028     0.050345545       5.0022499    0.0032650741       3514.5259      -6.6601069       -8.6915466         2.0314397       3514.5259                            3086.204                 23.433547                 396.10607                      8.7822938
              3       1750.5796     0.051265619       4.9640351    0.0034240611       3514.4795      -6.6601069       -8.6915466         2.0314397       3514.4795                           3086.1576                 23.433544                 396.10607                      8.7822246
              2        1750.869     0.045751699       5.0227848    0.0038641994       3515.0581      -6.6601069       -8.6915466         2.0314397       3515.0581                           3086.7337                 23.433657                 396.10607                      8.7847463
              4        1750.809     0.048130198        4.909374    0.0040617959       3514.9382      -6.6601069       -8.6915466         2.0314397       3514.9382                           3086.6138                 23.433652                 396.10607                      8.7846057
              1       1750.2946     0.053861397       5.1846894     0.006361737       3513.9094      -6.6601069       -8.6915466         2.0314397       3513.9094                           3085.5917                  23.43335                 396.10607                      8.7783279
              3       1750.2693     0.055408323        5.106621    0.0068430214       3513.8588      -6.6601069       -8.6915466         2.0314397       3513.8588                           3085.5409                 23.433354                 396.10607                      8.7784409
              3       1750.4114     0.052984793       5.0690514    0.0080504121        3514.143      -6.6601069       -8.6915466         2.0314397        3514.143                           3085.8234                 23.433441                 396.10607                      8.7801043
              2       1750.5088     0.056988723       4.6715381    0.0094100038       3514.3378      -6.6601069       -8.6915466         2.0314397       3514.3378                           3086.0155                 23.433566                 396.10607                      8.7826834
              5        1750.467     0.057344963       4.7000089    0.0091564895       3514.2541      -6.6601069       -8.6915466         2.0314397       3514.2541                           3085.9323                 23.433542                 396.10607                      8.7821829
              3       1749.7876     0.070643177       5.2936934    0.0092158095       3512.8955      -6.6601069       -8.6915466         2.0314397       3512.8955                            3084.586                 23.432795                 396.10607                      8.7705667
              4        1749.794     0.069930131       5.2904055    0.0092421884       3512.9082      -6.6601069       -8.6915466         2.0314397       3512.9082                           3084.5985                 23.432818                 396.10607                      8.7707926
              1        1750.576     0.055555938       4.6800581    0.0082956865       3514.4721      -6.6601069       -8.6915466         2.0314397       3514.4721                           3086.1492                 23.433594                 396.10607                      8.7832786
              3       1750.4315     0.058990853       4.6452191    0.0052648344       3514.1832      -6.6601069       -8.6915466         2.0314397       3514.1832                           3085.8615                 23.433536                 396.10607                      8.7820535
              3       1750.3288     0.057363692       4.8783432    0.0036329085       3513.9778      -6.6601069       -8.6915466         2.0314397       3513.9778                           3085.6582                 23.433439                 396.10607                       8.780111
              3       1750.3228     0.057093685       4.9048021    0.0038506935       3513.9658      -6.6601069       -8.6915466         2.0314397       3513.9658                           3085.6463                  23.43343                 396.10607                      8.7799351
              1       1750.3573     0.057365869        4.838926    0.0044567969       3514.0348      -6.6601069       -8.6915466         2.0314397       3514.0348                           3085.7147                 23.433462                 396.10607                      8.7805645
              4       1749.8257     0.069928623       5.0208974    0.0099572998       3512.9716      -6.6601069       -8.6915466         2.0314397       3512.9716                            3084.659                 23.433023                 396.10607                      8.7735375
             10       1749.8253     0.069955671       5.0201379    0.0099645247       3512.9709      -6.6601069       -8.6915466         2.0314397       3512.9709                           3084.6582                 23.433023                 396.10607                      8.7735369
             14       1749.9178     0.072133554       4.6490387    0.0054208569       3513.1559      -6.6601069       -8.6915466         2.0314397       3513.1559                           3084.8398                 23.433239                 396.10607                      8.7768139
              1       1750.3147     0.058569933       4.8199836    0.0047227441       3513.9496      -6.6601069       -8.6915466         2.0314397       3513.9496                           3085.6298                 23.433444                 396.10607                      8.7802203
              3       1750.0199     0.060208838       5.2214024    0.0082640078         3513.36      -6.6601069       -8.6915466         2.0314397         3513.36                           3085.0459                 23.433148                 396.10607                      8.7749399
              2       1750.0373     0.060451205       5.1609189    0.0080264341       3513.3947      -6.6601069       -8.6915466         2.0314397       3513.3947                             3085.08                 23.433181                 396.10607                      8.7755111
              1       1750.0359     0.061058343       5.1171406    0.0067664936       3513.3921      -6.6601069       -8.6915466         2.0314397       3513.3921                           3085.0771                 23.433193                 396.10607                       8.775744
              1       1750.3286     0.059182673       4.7630912    0.0075548345       3513.9774      -6.6601069       -8.6915466         2.0314397       3513.9774                           3085.6573                 23.433463                 396.10607                      8.7805966
              6       1750.0465     0.065863735        4.777211     0.007115779       3513.4132      -6.6601069       -8.6915466         2.0314397       3513.4132                           3085.0962                 23.433296                 396.10607                      8.7776266
              2       1750.0669     0.060608248       5.0856739    0.0090230888        3513.454      -6.6601069       -8.6915466         2.0314397        3513.454                           3085.1384                 23.433226                 396.10607                      8.7762869
              1        1750.095     0.059504855       5.1114386    0.0083313782       3513.5102      -6.6601069       -8.6915466         2.0314397       3513.5102                           3085.1944                 23.433239                 396.10607                       8.776475
              2       1750.0375     0.060927138       5.1237578     0.008140622       3513.3952      -6.6601069       -8.6915466         2.0314397       3513.3952                           3085.0802                 23.433192                 396.10607                      8.7757252
              1       1750.0811     0.063689271       4.8511211    0.0074442527       3513.4823      -6.6601069       -8.6915466         2.0314397       3513.4823                           3085.1653                   23.4333                 396.10607                       8.777649
              8       1750.1079     0.064553548       4.7557658    0.0052423041        3513.536      -6.6601069       -8.6915466         2.0314397        3513.536                           3085.2182                 23.433341                 396.10607                      8.7783845
              4       1750.1596     0.059464736       4.9960605     0.004634356       3513.6394      -6.6601069       -8.6915466         2.0314397       3513.6394                           3085.3223                 23.433314                 396.10607                      8.7777982
              3       1750.1415     0.060139897       4.9804776    0.0045183352       3513.6031      -6.6601069       -8.6915466         2.0314397       3513.6031                           3085.2861                 23.433306                 396.10607                      8.7776771
             16       1750.0931     0.057365414       5.2860737    0.0092688856       3513.5064      -6.6601069       -8.6915466         2.0314397       3513.5064                           3085.1916                 23.433187                 396.10607                      8.7754713
              1       1750.2792     0.053510735       5.2397725    0.0099162213       3513.8786      -6.6601069       -8.6915466         2.0314397       3513.8786                           3085.5613                 23.433327                 396.10607                        8.77788
              2       1750.2654     0.054330808       5.1971816    0.0099232723        3513.851      -6.6601069       -8.6915466         2.0314397        3513.851                           3085.5336                 23.433329                 396.10607                      8.7779463
              4       1749.8283     0.072150582       4.8485384    0.0035932744       3512.9767      -6.6601069       -8.6915466         2.0314397       3512.9767                           3084.6629                 23.433094                 396.10607                       8.774652
              4       1749.7796      0.07329422       4.9391594     0.005705789       3512.8795      -6.6601069       -8.6915466         2.0314397       3512.8795                            3084.567                 23.432998                 396.10607                      8.7733686
              2       1750.2058      0.06465191       4.6114328    0.0041755119       3513.7318      -6.6601069       -8.6915466         2.0314397       3513.7318                           3085.4123                  23.43343                 396.10607                      8.7800041
              1       1750.4251     0.061576655       4.5097257    0.0079097989       3514.1704      -6.6601069       -8.6915466         2.0314397       3514.1704                           3085.8483                 23.433558                 396.10607                      8.7824879
              1       1750.0689     0.061696538       5.0038853    0.0078409463        3513.458      -6.6601069       -8.6915466         2.0314397        3513.458                            3085.142                  23.43325                 396.10607                      8.7767458
              1       1749.8482     0.069007917       5.0122905    0.0052939688       3513.0165      -6.6601069       -8.6915466         2.0314397       3513.0165                           3084.7035                 23.433054                 396.10607                      8.7739244
              1       1749.9189     0.066346077       5.0036277    0.0046964237        3513.158      -6.6601069       -8.6915466         2.0314397        3513.158                           3084.8438                 23.433129                 396.10607                      8.7749358
              3        1750.008     0.063611817       4.9919539    0.0051763874       3513.3361      -6.6601069       -8.6915466         2.0314397       3513.3361                           3085.0208                 23.433209                 396.10607                      8.7760998
              4       1750.0114      0.06651365        4.798912    0.0033937618        3513.343      -6.6601069       -8.6915466         2.0314397        3513.343                           3085.0265                 23.433266                 396.10607                      8.7771349
              1       1750.0979      0.05934001       5.1179443    0.0038493651       3513.5161      -6.6601069       -8.6915466         2.0314397       3513.5161                           3085.2003                  23.43324                 396.10607                      8.7764747
              1       1749.8001     0.069347547       5.2951013    0.0081229179       3512.9205      -6.6601069       -8.6915466         2.0314397       3512.9205                           3084.6107                 23.432831                 396.10607                      8.7709097
              1       1749.8293     0.068065911       5.1789791    0.0089437435       3512.9787      -6.6601069       -8.6915466         2.0314397       3512.9787                           3084.6672                 23.432956                 396.10607                      8.7724817
              2       1749.8407     0.067739382       5.1518834    0.0085952102       3513.0016      -6.6601069       -8.6915466         2.0314397       3513.0016                           3084.6896                 23.432985                 396.10607                      8.7728702
              1       1750.1396     0.061298525        4.906193    0.0089735212       3513.5994      -6.6601069       -8.6915466         2.0314397       3513.5994                            3085.282                 23.433323                 396.10607                      8.7780193
              5       1750.0774       0.0642045       4.8253404    0.0081962587       3513.4751      -6.6601069       -8.6915466         2.0314397       3513.4751                            3085.158                 23.433304                 396.10607                      8.7777339
              1       1750.0952      0.06475438       4.7637798    0.0078285101       3513.5105      -6.6601069       -8.6915466         2.0314397       3513.5105                           3085.1929                 23.433331                 396.10607                      8.7782129
              1         1750.36     0.057903895        4.800844    0.0062176214       3514.0403      -6.6601069       -8.6915466         2.0314397       3514.0403                             3085.72                 23.433471                 396.10607                      8.7807508
              1       1750.1449     0.061352958         4.89408    0.0053203506       3513.6099      -6.6601069       -8.6915466         2.0314397       3513.6099                           3085.2924                  23.43333                 396.10607                      8.7781336
              8       1750.2354     0.065660677       4.5210745    0.0040370076       3513.7909      -6.6601069       -8.6915466         2.0314397       3513.7909                           3085.4707                 23.433465                 396.10607                      8.7806499
              2        1750.161     0.056497802       5.2150499    0.0033785576       3513.6423      -6.6601069       -8.6915466         2.0314397       3513.6423                           3085.3263                 23.433257                 396.10607                      8.7766798
              4       1750.2432     0.054702753       5.2063727    0.0034355999       3513.8066      -6.6601069       -8.6915466         2.0314397       3513.8066                           3085.4895                 23.433313                 396.10607                      8.7776544
              3       1750.1677     0.058697034       5.0361557    0.0038327429       3513.6557      -6.6601069       -8.6915466         2.0314397       3513.6557                           3085.3386                 23.433309                 396.10607                       8.777688
              3       1750.0191     0.060000764       5.2407136    0.0040919609       3513.3584      -6.6601069       -8.6915466         2.0314397       3513.3584                           3085.0444                 23.433141                 396.10607                      8.7748129
