#        weight    minuslogpost              As              ns              H0           ombh2           omch2             tau       chi2__CMB   minuslogprior minuslogprior__0 minuslogprior__SZ            chi2 chi2__planck_2018_highl_plik.TTTEEE chi2__planck_2018_lowl.TT chi2__planck_2018_lowl.EE chi2__planck_2018_lensing.clik
             13       1736.5432    2.068569e-09      0.96768716        66.83271     0.022386554       0.1218275     0.045220105        3523.767      -25.340299       -27.371739         2.0314397        3523.767                           3095.6356                 22.599324                 396.05351                       9.478589
             21       1732.6399    2.068569e-09      0.96768716       66.745536      0.02238289      0.12121026     0.044362642       3515.9603      -25.340299       -27.371739         2.0314397       3515.9603                           3087.5944                 22.721492                 396.22487                      9.4195196
              3       1731.9525    2.068569e-09      0.96768716        66.80031     0.022334348       0.1209996      0.04448219       3514.5857      -25.340299       -27.371739         2.0314397       3514.5857                           3086.3496                 22.728615                 396.18566                      9.3218377
              2       1731.0532    2.068569e-09      0.96768716       66.856589     0.022333805      0.12092086     0.044731889        3512.787      -25.340299       -27.371739         2.0314397        3512.787                           3084.6602                 22.716318                 396.17366                      9.2368131
             15       1731.5621   2.0705493e-09      0.96723848       66.856589     0.022333805      0.12092086     0.044731889       3513.8048      -25.340299       -27.371739         2.0314397       3513.8048                           3085.4759                 22.869409                 396.14626                      9.3132193
              9       1730.8381   2.0706996e-09      0.96560783       66.856589     0.022333805      0.12092086     0.044731889       3512.3567      -25.340299       -27.371739         2.0314397       3512.3567                           3083.7905                 23.208058                 396.11908                      9.2390479
              8       1730.9506   2.0710922e-09      0.96446253       66.856589     0.022333805      0.12092086     0.044731889       3512.5819      -25.340299       -27.371739         2.0314397       3512.5819                           3083.7613                 23.467494                 396.14859                      9.2044986
             22       1731.2215   2.0710922e-09      0.96446253       67.107444     0.022358907      0.12027815     0.045252342       3513.1237      -25.340299       -27.371739         2.0314397       3513.1237                           3084.6959                 23.512482                 396.06349                      8.8518248
             17       1733.1321   2.0710922e-09      0.96446253       67.291012     0.022421434      0.12075496     0.044608544       3516.9448      -25.340299       -27.371739         2.0314397       3516.9448                           3088.1915                  23.59528                 396.17891                      8.9791096
             13       1732.9425   2.0701756e-09      0.96497915       67.291012     0.022421434      0.12075496     0.044608544       3516.5655      -25.340299       -27.371739         2.0314397       3516.5655                           3087.9607                 23.447086                 396.17611                      8.9816082
              1       1733.0808   2.0701756e-09      0.96497915       67.278886     0.022422811      0.12076992      0.04483801       3516.8422      -25.340299       -27.371739         2.0314397       3516.8422                           3088.3245                 23.416834                 396.12588                      8.9749319
              4       1731.9526   2.0720039e-09      0.96585985       67.278886     0.022422811      0.12076992      0.04483801       3514.5858      -25.340299       -27.371739         2.0314397       3514.5858                           3086.1237                 23.293192                 396.11403                      9.0548829
              8         1729.78   2.0720039e-09      0.96585985       67.230102     0.022434468      0.12052049     0.045127311       3510.2405      -25.340299       -27.371739         2.0314397       3510.2405                           3081.9289                 23.271484                 396.08026                      8.9598879
              4       1729.7729   2.0718217e-09       0.9657069       67.230102     0.022434468      0.12052049     0.045127311       3510.2265      -25.340299       -27.371739         2.0314397       3510.2265                           3081.9093                 23.297549                 396.07164                       8.948024
             17       1729.9036   2.0718217e-09       0.9657069       67.221498     0.022426002      0.12056279     0.045464969       3510.4877      -25.340299       -27.371739         2.0314397       3510.4877                           3082.2695                 23.251542                 396.02388                      8.9427721
              2       1729.8412   2.0690218e-09      0.96798655       67.221498     0.022426002      0.12056279     0.045464969       3510.3629      -25.340299       -27.371739         2.0314397       3510.3629                           3082.6298                 22.694949                 396.03466                       9.003538
             18       1729.4768   2.0690218e-09      0.96798655       67.256522     0.022411134      0.12019233     0.045846525       3509.6342      -25.340299       -27.371739         2.0314397       3509.6342                           3082.0615                 22.685822                 395.98417                      8.9027608
             34       1730.2795   2.0670429e-09       0.9680017       67.256522     0.022411134      0.12019233     0.045846525       3511.2395      -25.340299       -27.371739         2.0314397       3511.2395                           3083.7025                 22.618736                 395.99127                      8.9269977
              9       1729.9363   2.0670429e-09       0.9680017       67.249377     0.022416061      0.12022902     0.045647667       3510.5531      -25.340299       -27.371739         2.0314397       3510.5531                           3082.9867                 22.636622                 396.00745                      8.9223322
             17       1729.7437   2.0674225e-09      0.96811776       67.249377     0.022416061      0.12022902     0.045647667        3510.168      -25.340299       -27.371739         2.0314397        3510.168                           3082.6037                 22.626709                 396.01572                      8.9219192
              4       1729.7441   2.0674202e-09      0.96811784       67.249377     0.022416061      0.12022902     0.045647667       3510.1688      -25.340299       -27.371739         2.0314397       3510.1688                           3082.6054                 22.625737                 396.01572                      8.9219491
              4       1732.0237   2.0674202e-09      0.96811784       67.514978     0.022364473      0.11974186     0.046168458        3514.728      -25.340299       -27.371739         2.0314397        3514.728                            3087.111                 22.647555                 395.97281                      8.9966365
              2       1731.7482   2.0674202e-09      0.96811784       67.639349     0.022397039      0.11950632     0.044805367        3514.177      -25.340299       -27.371739         2.0314397        3514.177                           3086.3414                 22.841115                 396.16447                      8.8299656
              9       1731.7901    2.067491e-09      0.96810567       67.639349     0.022397039      0.11950632     0.044805367       3514.2609      -25.340299       -27.371739         2.0314397       3514.2609                           3086.4212                 22.847461                 396.16447                      8.8276743
             11       1731.7761    2.067491e-09      0.96810567       67.670648     0.022477103      0.11914523     0.047185541       3514.2327      -25.340299       -27.371739         2.0314397       3514.2327                           3086.7319                 22.630043                  395.8437                      9.0270617
              1       1732.2574   2.0712729e-09      0.97316983       67.670648     0.022477103      0.11914523     0.047185541       3515.1953      -25.340299       -27.371739         2.0314397       3515.1953                           3088.4689                  21.84976                 395.92721                      8.9494383
              9       1731.1057   2.0712729e-09      0.97316983       68.061828     0.022571693      0.11876432     0.048841141        3512.892      -25.340299       -27.371739         2.0314397        3512.892                           3085.8258                 21.790354                 395.74835                        9.52752
              3       1730.9851   2.0715815e-09      0.97440027       68.061828     0.022571693      0.11876432     0.048841141       3512.6508      -25.340299       -27.371739         2.0314397       3512.6508                           3085.7511                 21.607765                 395.77078                      9.5212103
             10       1730.8027   2.0715815e-09      0.97440027       67.962395     0.022573163      0.11883067     0.048176276       3512.2859      -25.340299       -27.371739         2.0314397       3512.2859                           3085.5975                 21.646943                 395.80887                      9.2325793
              7       1729.3298   2.0743607e-09      0.97168076       67.962395     0.022573163      0.11883067     0.048176276       3509.3402      -25.340299       -27.371739         2.0314397       3509.3402                           3082.4427                 22.168495                 395.75905                      8.9699564
             90       1729.1668   2.0743607e-09      0.97168076       67.963451     0.022565202      0.11889835     0.048422743       3509.0142      -25.340299       -27.371739         2.0314397       3509.0142                           3082.0555                 22.139124                 395.77257                      9.0469402
              4       1730.1859   2.0743607e-09      0.97168076       67.915676     0.022610055      0.11909392     0.048944284       3511.0525      -25.340299       -27.371739         2.0314397       3511.0525                           3084.1175                 22.072649                 395.73795                      9.1243548
              4       1729.8176   2.0743607e-09      0.97168076       67.855811     0.022607382      0.11901585     0.048735812       3510.3158      -25.340299       -27.371739         2.0314397       3510.3158                           3083.4629                  22.08801                 395.76791                      8.9970089
              4       1729.7774   2.0744284e-09      0.97158098       67.855811     0.022607382      0.11901585     0.048735812       3510.2355      -25.340299       -27.371739         2.0314397       3510.2355                           3083.3756                 22.107681                 395.76197                      8.9902736
             50       1729.6969   2.0748416e-09      0.97156826       67.855811     0.022607382      0.11901585     0.048735812       3510.0744      -25.340299       -27.371739         2.0314397       3510.0744                            3083.227                  22.12123                 395.76197                      8.9641786
              2       1730.6505   2.0733641e-09      0.96981351       67.855811     0.022607382      0.11901585     0.048735812       3511.9816      -25.340299       -27.371739         2.0314397       3511.9816                           3084.8235                  22.38934                 395.74822                      9.0205686
              4       1729.9409   2.0733641e-09      0.96981351       67.571616     0.022588532      0.11967275     0.047594486       3510.5624      -25.340299       -27.371739         2.0314397       3510.5624                           3083.5068                 22.409439                 395.81801                       8.828198
              6       1729.5053   2.0751819e-09      0.96818757       67.571616     0.022588532      0.11967275     0.047594486       3509.6913      -25.340299       -27.371739         2.0314397       3509.6913                           3082.3938                 22.776214                 395.78769                      8.7335738
              2       1729.4565   2.0751819e-09      0.96818757       67.582202     0.022587792      0.11965885      0.04764684       3509.5935      -25.340299       -27.371739         2.0314397       3509.5935                           3082.3018                 22.773408                 395.78096                      8.7373316
              8       1730.7207   2.0721264e-09      0.96850966       67.582202     0.022587792      0.11965885      0.04764684       3512.1221      -25.340299       -27.371739         2.0314397       3512.1221                           3084.8686                 22.612417                 395.80298                      8.8380434
              7       1730.4862   2.0717504e-09      0.96992834       67.582202     0.022587792      0.11965885      0.04764684        3511.653      -25.340299       -27.371739         2.0314397        3511.653                           3084.6134                 22.336267                 395.80742                       8.895917
              8       1730.9367   2.0710418e-09      0.96978697       67.582202     0.022587792      0.11965885      0.04764684       3512.5541      -25.340299       -27.371739         2.0314397       3512.5541                           3085.4864                 22.339856                 395.80543                      8.9223636
             19       1730.2436   2.0710418e-09      0.96978697       67.605869     0.022610443       0.1196696     0.047124724       3511.1678      -25.340299       -27.371739         2.0314397       3511.1678                           3084.0319                 22.398935                 395.87682                      8.8602127
             40       1729.8619   2.0725752e-09      0.96814493       67.605869     0.022610443       0.1196696     0.047124724       3510.4044      -25.340299       -27.371739         2.0314397       3510.4044                           3083.0411                  22.75906                 395.84436                      8.7598187
             13       1729.8868   2.0725752e-09      0.96814493       67.734824      0.02263282      0.11975378     0.046179465       3510.4542      -25.340299       -27.371739         2.0314397       3510.4542                           3082.8371                 22.882256                 395.97246                      8.7623559
              7       1729.9387   2.0728911e-09      0.96821383       67.734824      0.02263282      0.11975378     0.046179465       3510.5581      -25.340299       -27.371739         2.0314397       3510.5581                            3082.948                 22.879115                 395.97246                      8.7584738
             12       1734.7737   2.0728911e-09      0.96821383       68.269727     0.022739418      0.11798794     0.049297017       3520.2279      -25.340299       -27.371739         2.0314397       3520.2279                           3092.4112                 22.786868                 395.67947                      9.3503909
              6       1734.2468   2.0728911e-09      0.96821383       68.352918     0.022755708      0.11783268     0.049090543       3519.1741      -25.340299       -27.371739         2.0314397       3519.1741                           3091.2715                 22.838624                 395.70563                      9.3583839
             12       1734.8615   2.0728911e-09      0.96821383       68.291323     0.022777999      0.11792972     0.048980944       3520.4036      -25.340299       -27.371739         2.0314397       3520.4036                           3092.6394                 22.833748                 395.69989                      9.2305314
              9       1731.2318   2.0728911e-09      0.96821383       68.206185     0.022723474      0.11840121     0.048040483       3513.1442      -25.340299       -27.371739         2.0314397       3513.1442                           3085.5042                  22.87731                 395.75882                      9.0039144
              5       1732.4605   2.0760644e-09      0.97137838       68.206185     0.022723474      0.11840121     0.048040483       3515.6015      -25.340299       -27.371739         2.0314397       3515.6015                           3088.6096                 22.374234                 395.79692                      8.8207389
              4       1732.1839   2.0695843e-09      0.96928591       68.206185     0.022723474      0.11840121     0.048040483       3515.0483      -25.340299       -27.371739         2.0314397       3515.0483                           3087.3506                  22.55966                 395.79619                      9.3419079
             26       1731.4595   2.0683744e-09      0.97187761       68.206185     0.022723474      0.11840121     0.048040483       3513.5996      -25.340299       -27.371739         2.0314397       3513.5996                            3086.227                 22.056728                 395.80651                      9.5093787
              5       1730.2238   2.0683744e-09      0.97187761       68.188903     0.022684787      0.11845326     0.047276421       3511.1283      -25.340299       -27.371739         2.0314397       3511.1283                            3083.815                 22.120544                  395.8951                       9.297601
              8       1730.3004   2.0676604e-09      0.97097998       68.188903     0.022684787      0.11845326     0.047276421       3511.2814      -25.340299       -27.371739         2.0314397       3511.2814                           3083.8021                 22.256368                  395.8663                      9.3565699
             11       1730.1966   2.0706676e-09      0.97072567       68.188903     0.022684787      0.11845326     0.047276421       3511.0739      -25.340299       -27.371739         2.0314397       3511.0739                           3083.7209                 22.393745                 395.89161                      9.0676427
              1       1730.0898   2.0706676e-09      0.97072567       68.185298      0.02268786      0.11846695     0.047410408       3510.8602      -25.340299       -27.371739         2.0314397       3510.8602                           3083.4901                 22.379373                 395.89245                      9.0982656
              6       1731.4986   2.0706676e-09      0.97072567       68.129409     0.022692415      0.11835321      0.04736679       3513.6778      -25.340299       -27.371739         2.0314397       3513.6778                           3086.4182                 22.382901                 395.89245                      8.9842625
              5        1735.226   2.0706676e-09      0.97072567       68.499937     0.022782821      0.11768718     0.049664777       3521.1326      -25.340299       -27.371739         2.0314397       3521.1326                           3093.0643                 22.271522                 395.69579                      10.100947
              1       1735.4429   2.0706676e-09      0.97072567       68.460582     0.022792202      0.11770539     0.049649929       3521.5664      -25.340299       -27.371739         2.0314397       3521.5664                           3093.5973                 22.265915                 395.69361                      10.009648
              9       1732.9887   2.0776334e-09      0.96876651       68.460582     0.022792202      0.11770539     0.049649929       3516.6579      -25.340299       -27.371739         2.0314397       3516.6579                           3088.9864                 22.860412                 395.68736                      9.1237294
              8       1733.0767   2.0791128e-09      0.96862233       68.460582     0.022792202      0.11770539     0.049649929       3516.8339      -25.340299       -27.371739         2.0314397       3516.8339                           3089.2523                 22.939322                 395.66562                       8.976658
              3       1733.3242   2.0791128e-09      0.96862233       68.442056     0.022789923      0.11769496     0.049732696       3517.3289      -25.340299       -27.371739         2.0314397       3517.3289                           3089.7574                 22.927026                 395.66946                      8.9749709
             16       1734.9687   2.0791128e-09      0.96862233       68.357729     0.022792437      0.11779156     0.049224989        3520.618      -25.340299       -27.371739         2.0314397        3520.618                           3093.2203                 22.960106                 395.67177                      8.7658964
             10        1735.139   2.0785125e-09      0.97014422       68.357729     0.022792437      0.11779156     0.049224989       3520.9585      -25.340299       -27.371739         2.0314397       3520.9585                           3093.7493                 22.639324                 395.73768                      8.8321944
              1       1733.9107   2.0740548e-09       0.9717736       68.357729     0.022792437      0.11779156     0.049224989       3518.5021      -25.340299       -27.371739         2.0314397       3518.5021                           3091.3223                 22.200493                 395.71082                      9.2683985
             11       1732.6982   2.0740548e-09       0.9717736       68.343734     0.022838602      0.11827476     0.049009293        3516.077      -25.340299       -27.371739         2.0314397        3516.077                           3088.8879                 22.190492                 395.73414                      9.2644676
             15       1731.8315   2.0740548e-09       0.9717736       68.337602     0.022785163       0.1182343     0.049398193       3514.3436      -25.340299       -27.371739         2.0314397       3514.3436                           3087.0688                 22.148434                 395.70788                      9.4184648
              8       1732.2036   2.0732843e-09       0.9735518       68.337602     0.022785163       0.1182343     0.049398193       3515.0878      -25.340299       -27.371739         2.0314397       3515.0878                           3088.0159                 21.828974                 395.71526                      9.5276192
             10       1732.4213   2.0727811e-09      0.97365615       68.337602     0.022785163       0.1182343     0.049398193       3515.5231      -25.340299       -27.371739         2.0314397       3515.5231                           3088.4174                 21.798058                 395.72044                      9.5872528
              7       1734.4205   2.0727811e-09      0.97365615       68.618301     0.022917037      0.11787523     0.048926149       3519.5217      -25.340299       -27.371739         2.0314397       3519.5217                           3092.1869                 21.920308                 395.76211                      9.6524172
              7        1734.396   2.0732453e-09      0.97357293       68.618301     0.022917037      0.11787523     0.048926149       3519.4727      -25.340299       -27.371739         2.0314397       3519.4727                           3092.1632                 21.947106                 395.76861                      9.5937644
              3       1734.2146   2.0732453e-09      0.97357293       68.626125     0.022916051      0.11791213     0.048938539       3519.1097      -25.340299       -27.371739         2.0314397       3519.1097                           3091.7989                 21.944619                 395.74255                      9.6236377
              7        1734.495   2.0732453e-09      0.97357293       68.544658     0.022886205      0.11791493     0.048577905       3519.6705      -25.340299       -27.371739         2.0314397       3519.6705                           3092.5275                 21.962487                 395.78727                       9.393319
              9       1734.2505   2.0732453e-09      0.97357293       68.566311     0.022880738      0.11793391     0.048410114       3519.1816      -25.340299       -27.371739         2.0314397       3519.1816                           3092.0291                 21.979719                 395.79009                      9.3827032
              3       1736.0451   2.0732453e-09      0.97357293       68.558696     0.022880066      0.11786871     0.048023978       3522.7708      -25.340299       -27.371739         2.0314397       3522.7708                           3095.6702                  22.01923                  395.8492                       9.232178
              7        1736.165   2.0732453e-09      0.97357293       68.687101     0.022880764      0.11814481     0.047512135       3523.0105      -25.340299       -27.371739         2.0314397       3523.0105                           3095.7179                 22.069634                 395.87258                      9.3504094
             10       1737.9039   2.0668876e-09      0.97037325       68.687101     0.022880764      0.11814481     0.047512135       3526.4883      -25.340299       -27.371739         2.0314397       3526.4883                           3098.0307                 22.445994                 395.87804                      10.133665
              5       1734.6923   2.0735246e-09      0.97029155       68.687101     0.022880764      0.11814481     0.047512135       3520.0653      -25.340299       -27.371739         2.0314397       3520.0653                           3092.2865                 22.673292                 395.82328                      9.2822448
              1       1734.6266   2.0716739e-09      0.97232097       68.687101     0.022880764      0.11814481     0.047512135       3519.9337      -25.340299       -27.371739         2.0314397       3519.9337                           3092.2746                 22.240183                  395.9093                      9.5096746
              2       1735.4635   2.0716739e-09      0.97232097       67.914475     0.022777392       0.1193093     0.048694341       3521.6076      -25.340299       -27.371739         2.0314397       3521.6076                           3094.7282                 21.916179                 395.76586                      9.1973503
              1       1735.3914   2.0716739e-09      0.97232097       67.914983     0.022776899      0.11930756     0.048682909       3521.4634      -25.340299       -27.371739         2.0314397       3521.4634                           3094.5956                 21.917384                 395.75527                      9.1951552
              4       1733.7151   2.0741569e-09      0.97233716       67.914983     0.022776899      0.11930756     0.048682909       3518.1109      -25.340299       -27.371739         2.0314397       3518.1109                           3091.3486                 21.984757                 395.76105                      9.0164848
              6       1733.2542   2.0741569e-09      0.97233716       67.927034     0.022769594      0.11918745     0.048559375        3517.189      -25.340299       -27.371739         2.0314397        3517.189                           3090.4339                 22.005633                 395.77446                      8.9750099
             38       1730.1876   2.0741569e-09      0.97233716       67.833168     0.022585532      0.11901891     0.048249053       3511.0559      -25.340299       -27.371739         2.0314397       3511.0559                           3084.3208                 22.012285                 395.78416                      8.9385766
              4       1729.9784   2.0720945e-09      0.97222267       67.833168     0.022585532      0.11901891     0.048249053       3510.6374      -25.340299       -27.371739         2.0314397       3510.6374                            3083.823                 21.972963                  395.7805                      9.0609049
              2       1730.1339   2.0720945e-09      0.97222267       67.794288     0.022586924       0.1191114      0.04809205       3510.9484      -25.340299       -27.371739         2.0314397       3510.9484                           3084.1573                  21.97576                   395.796                       9.019374
              8       1730.0693   2.0720945e-09      0.97222267       67.802196     0.022585863      0.11912664     0.048243023       3510.8192      -25.340299       -27.371739         2.0314397       3510.8192                           3084.0159                 21.961637                  395.7805                      9.0612057
             42       1729.7606   2.0740897e-09      0.97187755       67.802196     0.022585863      0.11912664     0.048243023       3510.2017      -25.340299       -27.371739         2.0314397       3510.2017                           3083.4338                 22.076639                 395.75649                      8.9347399
             24       1729.2606   2.0752654e-09      0.96869411       67.802196     0.022585863      0.11912664     0.048243023       3509.2018      -25.340299       -27.371739         2.0314397       3509.2018                           3081.9827                 22.693429                 395.73507                      8.7905134
             18       1730.5608   2.0760208e-09      0.96651848       67.802196     0.022585863      0.11912664     0.048243023       3511.8023      -25.340299       -27.371739         2.0314397       3511.8023                           3084.1753                 23.158492                 395.76856                      8.6999162
             15       1730.4885   2.0760208e-09      0.96651848       67.809077     0.022584999      0.11912127     0.048207684       3511.6577      -25.340299       -27.371739         2.0314397       3511.6577                           3084.0484                 23.164228                 395.74558                      8.6994044
              5       1730.7295   2.0760208e-09      0.96651848       67.813567      0.02259235      0.11919066     0.048245879       3512.1396      -25.340299       -27.371739         2.0314397       3512.1396                           3084.4937                 23.155844                 395.76856                      8.7215231
             17       1732.3319   2.0786125e-09      0.96422785       67.813567      0.02259235      0.11919066     0.048245879       3515.3443      -25.340299       -27.371739         2.0314397       3515.3443                           3087.2983                 23.752011                 395.72993                      8.5640483
              5       1732.2463   2.0786125e-09      0.96422785        67.88685      0.02264748      0.11926534     0.046926525       3515.1733      -25.340299       -27.371739         2.0314397       3515.1733                           3086.8899                 23.932025                 395.84866                      8.5027389
             39       1731.6181   2.0755111e-09      0.96472865        67.88685      0.02264748      0.11926534     0.046926525       3513.9169      -25.340299       -27.371739         2.0314397       3513.9169                           3085.7664                 23.698606                 395.87494                      8.5769326
              2       1732.5333   2.0755111e-09      0.96472865       67.954444     0.022636339      0.11927485     0.046702658       3515.7472      -25.340299       -27.371739         2.0314397       3515.7472                           3087.5091                 23.739907                 395.89484                      8.6033436
              2        1732.023   2.0755111e-09      0.96472865       67.904379     0.022633165      0.11913789     0.046419546       3514.7265      -25.340299       -27.371739         2.0314397       3514.7265                           3086.5278                 23.776414                 395.89831                      8.5240299
             17       1731.8556   2.0755111e-09      0.96472865       67.342648     0.022555233      0.11993849     0.047296315       3514.3917      -25.340299       -27.371739         2.0314397       3514.3917                           3086.4884                 23.471439                 395.78748                      8.6443901
              1       1731.8185   2.0797038e-09      0.96451383       67.342648     0.022555233      0.11993849     0.047296315       3514.3175      -25.340299       -27.371739         2.0314397       3514.3175                           3086.1281                 23.674111                  395.7997                      8.7156095
             16       1731.0895   2.0797038e-09      0.96451383       67.404589     0.022533085      0.12017587      0.04635395       3512.8596      -25.340299       -27.371739         2.0314397       3512.8596                           3084.2795                 23.780555                 395.93159                      8.8679196
              7       1730.2555    2.076008e-09      0.96413585       67.404589     0.022533085      0.12017587      0.04635395       3511.1916      -25.340299       -27.371739         2.0314397       3511.1916                           3082.8282                 23.726935                 395.90244                      8.7340308
             14       1730.2521    2.076008e-09      0.96413585       67.380401     0.022543903      0.12034011     0.045956457       3511.1848      -25.340299       -27.371739         2.0314397       3511.1848                           3082.6769                 23.757779                 395.94558                      8.8044579
              5       1730.3475    2.076008e-09      0.96413585       67.382555     0.022544076      0.12029399     0.046403452       3511.3755      -25.340299       -27.371739         2.0314397       3511.3755                           3083.0157                 23.706884                 395.89294                      8.7600178
              6       1730.6297    2.076008e-09      0.96413585       67.321906     0.022562719      0.12023057     0.046286169         3511.94      -25.340299       -27.371739         2.0314397         3511.94                           3083.5762                 23.716635                 395.89437                      8.7527998
             36       1730.3732    2.076008e-09      0.96413585       67.326025     0.022517867      0.12026723     0.045879276       3511.4269      -25.340299       -27.371739         2.0314397       3511.4269                            3082.878                   23.7579                 395.97499                      8.8160737
              1       1730.4185    2.076008e-09      0.96413585       67.260355     0.022522924      0.12036203     0.045916462       3511.5176      -25.340299       -27.371739         2.0314397       3511.5176                           3082.9906                 23.731311                 395.93975                      8.8558587
              7       1730.0809    2.076008e-09      0.96413585       67.270524     0.022518378      0.12040703     0.046086831       3510.8424      -25.340299       -27.371739         2.0314397       3510.8424                           3082.3526                 23.707777                 395.93395                      8.8480314
             20       1730.2924    2.077284e-09      0.96399954       67.270524     0.022518378      0.12040703     0.046086831       3511.2655      -25.340299       -27.371739         2.0314397       3511.2655                           3082.6754                 23.787042                 395.91035                      8.8927135
             22       1730.5019    2.077311e-09      0.96352706       67.270524     0.022518378      0.12040703     0.046086831       3511.6844      -25.340299       -27.371739         2.0314397       3511.6844                           3082.9885                 23.896817                 395.92524                      8.8737822
              5       1730.2224    2.075686e-09      0.96388731       67.270524     0.022518378      0.12040703     0.046086831       3511.1254      -25.340299       -27.371739         2.0314397       3511.1254                           3082.6452                 23.752065                 395.90141                      8.8267522
              5       1730.2587   2.0753384e-09      0.96391645       67.270524     0.022518378      0.12040703     0.046086831        3511.198      -25.340299       -27.371739         2.0314397        3511.198                           3082.7171                 23.732199                 395.93176                      8.8169293
              7       1730.2742   2.0753384e-09      0.96391645       67.266043     0.022518612      0.12044286     0.046123591       3511.2291      -25.340299       -27.371739         2.0314397       3511.2291                           3082.7689                 23.724444                 395.91131                       8.824378
             30       1731.0114   2.0753384e-09      0.96391645       67.344856      0.02253579      0.12058693     0.045158047       3512.7034      -25.340299       -27.371739         2.0314397       3512.7034                           3083.8499                 23.851285                 396.06896                      8.9332705
              2       1732.2481    2.066544e-09      0.96678028       67.344856      0.02253579      0.12058693     0.045158047       3515.1767      -25.340299       -27.371739         2.0314397       3515.1767                           3087.2273                 22.916867                  396.1056                      8.9269607
              4       1732.0257   2.0715528e-09      0.96349042       67.344856      0.02253579      0.12058693     0.045158047       3514.7321      -25.340299       -27.371739         2.0314397       3514.7321                           3086.0569                 23.804018                 396.06665                      8.8044923
             12       1731.0594   2.0715528e-09      0.96349042        67.24396     0.022492581      0.12069954     0.044756535       3512.7995      -25.340299       -27.371739         2.0314397       3512.7995                           3083.9656                 23.817699                 396.11915                      8.8969711
             10       1730.4151   2.0720729e-09      0.96430945        67.24396     0.022492581      0.12069954     0.044756535       3511.5109      -25.340299       -27.371739         2.0314397       3511.5109                            3082.782                 23.651989                 396.12706                      8.9498049
             27        1730.046   2.0720729e-09      0.96430945       67.159348     0.022455619      0.12063448     0.045134253       3510.7725      -25.340299       -27.371739         2.0314397       3510.7725                           3082.1742                 23.588995                 396.07548                      8.9338474
             10        1730.024   2.0723968e-09      0.96431749       67.159348     0.022455619      0.12063448     0.045134253       3510.7286      -25.340299       -27.371739         2.0314397       3510.7286                           3082.1077                  23.59974                 396.07548                      8.9457125
              8        1730.295   2.0743004e-09      0.96490617       67.159348     0.022455619      0.12063448     0.045134253       3511.2706      -25.340299       -27.371739         2.0314397       3511.2706                           3082.5982                 23.539065                 396.07794                      9.0553429
              2       1730.1189   2.0743004e-09      0.96490617       67.069853     0.022482869      0.12087958     0.045174879       3510.9183      -25.340299       -27.371739         2.0314397       3510.9183                           3082.1893                 23.498987                   396.074                      9.1560117
              9       1730.0331   2.0739596e-09      0.96501065       67.069853     0.022482869      0.12087958     0.045174879       3510.7469      -25.340299       -27.371739         2.0314397       3510.7469                           3082.0743                 23.463952                 396.06689                      9.1417066
              2       1730.5432   2.0739596e-09      0.96501065       67.095037     0.022419133      0.12043864     0.045698735       3511.7671      -25.340299       -27.371739         2.0314397       3511.7671                            3083.399                 23.434856                 395.97852                        8.95471
              3       1730.5065   2.0682873e-09      0.96707597       67.095037     0.022419133      0.12043864     0.045698735       3511.6936      -25.340299       -27.371739         2.0314397       3511.6936                           3083.9583                 22.808342                 396.01859                      8.9083562
             17       1730.8414   2.0682873e-09      0.96707597       67.117036     0.022421245      0.12085841     0.045220837       3512.3633      -25.340299       -27.371739         2.0314397       3512.3633                           3084.3894                 22.833606                 396.08671                      9.0536612
              3       1731.1759   2.0669389e-09      0.96976758       67.117036     0.022421245      0.12085841     0.045220837       3513.0325      -25.340299       -27.371739         2.0314397       3513.0325                           3085.4473                 22.285042                 396.13737                      9.1627637
              7       1730.5017   2.0669389e-09      0.96976758       67.143105     0.022424666      0.12068158     0.045181177       3511.6841      -25.340299       -27.371739         2.0314397       3511.6841                           3084.1032                 22.306192                 396.17146                      9.1032095
              1       1730.5415   2.0669389e-09      0.96976758       67.234826     0.022437364      0.12010059     0.045825083       3511.7636      -25.340299       -27.371739         2.0314397       3511.7636                           3084.5163                 22.297324                 396.01283                      8.9371367
             25       1731.1647   2.0669389e-09      0.96976758       67.253602     0.022403461      0.12012371     0.046518235         3513.01      -25.340299       -27.371739         2.0314397         3513.01                           3085.8328                 22.225309                 395.92535                      9.0264653
             11       1730.3441   2.0684703e-09      0.96923791       67.253602     0.022403461      0.12012371     0.046518235       3511.3687      -25.340299       -27.371739         2.0314397       3511.3687                           3084.0872                 22.366832                 395.94716                      8.9675454
             38       1730.6778   2.0676336e-09      0.97029961       67.253602     0.022403461      0.12012371     0.046518235       3512.0362      -25.340299       -27.371739         2.0314397       3512.0362                           3084.8956                 22.152918                 395.96113                      9.0265427
              1       1730.7625   2.0676336e-09      0.97029961        67.29409     0.022408441        0.120152     0.046542259       3512.2056      -25.340299       -27.371739         2.0314397       3512.2056                            3085.063                 22.155608                 395.93078                      9.0561534
              3        1729.388   2.0728254e-09      0.96912173        67.29409     0.022408441        0.120152     0.046542259       3509.4566      -25.340299       -27.371739         2.0314397       3509.4566                           3082.0714                 22.527055                 395.91247                      8.9456706
             18       1729.6393   2.0731462e-09      0.96948987        67.29409     0.022408441        0.120152     0.046542259       3509.9592      -25.340299       -27.371739         2.0314397       3509.9592                           3082.6162                 22.469047                 395.91119                      8.9627225
              1        1731.186   2.0702794e-09       0.9664841        67.29409     0.022408441        0.120152     0.046542259       3513.0525      -25.340299       -27.371739         2.0314397       3513.0525                           3085.3285                 22.957328                 395.90965                      8.8570101
              6       1732.2188   2.0702794e-09       0.9664841        67.31013      0.02240429      0.12018231     0.046704562       3515.1183      -25.340299       -27.371739         2.0314397       3515.1183                           3087.4151                 22.939787                 395.87857                      8.8847714
              4       1730.2983   2.0772627e-09      0.96820159        67.31013      0.02240429      0.12018231     0.046704562       3511.2772      -25.340299       -27.371739         2.0314397       3511.2772                            3083.554                 22.830867                 395.90835                      8.9839793
             21        1729.835   2.0772627e-09      0.96820159       67.523292     0.022488205      0.12011865     0.047111121       3510.3505      -25.340299       -27.371739         2.0314397       3510.3505                           3082.7636                 22.840272                 395.85392                      8.8927641
              3       1731.2714    2.081686e-09      0.96519441       67.523292     0.022488205      0.12011865     0.047111121       3513.2234      -25.340299       -27.371739         2.0314397       3513.2234                           3084.9335                  23.63158                 395.80758                      8.8507486
             12        1729.722    2.081686e-09      0.96519441       67.249672     0.022447779      0.12033888     0.047403137       3510.1247      -25.340299       -27.371739         2.0314397       3510.1247                           3081.8021                 23.514866                 395.81814                      8.9895124
             19        1729.457   2.0802449e-09      0.96516398       67.249672     0.022447779      0.12033888     0.047403137       3509.5945      -25.340299       -27.371739         2.0314397       3509.5945                           3081.3878                 23.468038                 395.81291                      8.9257387
              5       1729.8896   2.0740539e-09       0.9683302       67.249672     0.022447779      0.12033888     0.047403137       3510.4597      -25.340299       -27.371739         2.0314397       3510.4597                           3083.0824                 22.607554                 395.82929                      8.9404646
             23       1729.1555   2.0759892e-09      0.96845101       67.249672     0.022447779      0.12033888     0.047403137       3508.9916      -25.340299       -27.371739         2.0314397       3508.9916                           3081.5966                 22.646993                 395.79022                      8.9578309
              3       1729.6371   2.0759892e-09      0.96845101       67.488784      0.02249116      0.11971687     0.047083304       3509.9548      -25.340299       -27.371739         2.0314397       3509.9548                           3082.5587                 22.776591                 395.84746                      8.7720453
             10       1729.1117   2.0749079e-09      0.96768842       67.488784      0.02249116      0.11971687     0.047083304        3508.904      -25.340299       -27.371739         2.0314397        3508.904                            3081.417                 22.891247                 395.84877                       8.746936
              6       1729.5067   2.0749079e-09      0.96768842       67.453266     0.022496843      0.11973676     0.047751165        3509.694      -25.340299       -27.371739         2.0314397        3509.694                           3082.3354                 22.810891                 395.78633                       8.761391
             15       1729.5957   2.0790596e-09      0.96648759       67.453266     0.022496843      0.11973676     0.047751165        3509.872      -25.340299       -27.371739         2.0314397        3509.872                           3082.1592                  23.19882                 395.80687                      8.7071167
             14       1729.5194   2.0790596e-09      0.96648759       67.466055     0.022497221      0.11971461     0.047799957       3509.7193      -25.340299       -27.371739         2.0314397       3509.7193                           3082.0413                 23.196958                  395.7808                      8.7002275
             32       1729.1571   2.0790596e-09      0.96648759       67.485192     0.022506419      0.11976801     0.047941469       3508.9948      -25.340299       -27.371739         2.0314397       3508.9948                           3081.3405                 23.181572                 395.76352                       8.709169
             15       1729.1125   2.0797013e-09      0.96713052       67.485192     0.022506419      0.11976801     0.047941469       3508.9056      -25.340299       -27.371739         2.0314397       3508.9056                           3081.3347                 23.070002                 395.76379                      8.7370878
             19       1730.0284   2.0797013e-09      0.96713052       67.630478     0.022513109       0.1195458     0.047511705       3510.7375      -25.340299       -27.371739         2.0314397       3510.7375                           3083.0856                 23.165855                 395.79432                       8.691681
             13       1729.7091   2.0790916e-09      0.96720453       67.630478     0.022513109       0.1195458     0.047511705       3510.0989      -25.340299       -27.371739         2.0314397       3510.0989                           3082.4833                 23.129301                 395.79432                       8.691921
             29       1729.8161   2.0790916e-09      0.96720453       67.631461     0.022513786      0.11952904     0.047489205       3510.3128      -25.340299       -27.371739         2.0314397       3510.3128                           3082.7045                 23.133403                  395.7876                      8.6872435
             53       1728.9578   2.0731807e-09      0.97017773       67.631461     0.022513786      0.11952904     0.047489205       3508.5962      -25.340299       -27.371739         2.0314397       3508.5962                           3081.5118                  22.35984                 395.84261                       8.881924
              2       1729.0064   2.0731807e-09      0.97017773       67.617841     0.022515705      0.11952254     0.047471106       3508.6934      -25.340299       -27.371739         2.0314397       3508.6934                           3081.6234                 22.360116                 395.84148                      8.8683243
             25       1729.1991   2.0720347e-09      0.97064348       67.617841     0.022515705      0.11952254     0.047471106       3509.0789      -25.340299       -27.371739         2.0314397       3509.0789                           3082.0872                 22.241646                 395.82518                      8.9248403
              8       1729.4391   2.0749351e-09      0.97041876       67.617841     0.022515705      0.11952254     0.047471106       3509.5587      -25.340299       -27.371739         2.0314397       3509.5587                           3082.5194                 22.368579                 395.84148                      8.8293041
             15       1729.2613   2.0749351e-09      0.97041876       67.421869     0.022454361      0.11991043      0.04775353       3509.2032      -25.340299       -27.371739         2.0314397       3509.2032                            3082.207                 22.274287                 395.79261                       8.929329
              6       1729.6888   2.0749632e-09      0.97118506       67.421869     0.022454361      0.11991043      0.04775353       3510.0581      -25.340299       -27.371739         2.0314397       3510.0581                           3083.1437                 22.140536                 395.81558                      8.9583207
             29       1729.5592    2.079104e-09      0.96910506       67.421869     0.022454361      0.11991043      0.04775353       3509.7989      -25.340299       -27.371739         2.0314397       3509.7989                           3082.4926                 22.647567                 395.77867                      8.8801445
             43       1729.7329   2.0791725e-09      0.96928996       67.421869     0.022454361      0.11991043      0.04775353       3510.1464      -25.340299       -27.371739         2.0314397       3510.1464                           3082.8524                 22.614393                 395.79087                      8.8886979
              4       1729.9819   2.0789635e-09       0.9697487       67.421869     0.022454361      0.11991043      0.04775353       3510.6445      -25.340299       -27.371739         2.0314397       3510.6445                           3083.4324                 22.521069                 395.78637                      8.9046332
              3       1729.8458   2.0789635e-09       0.9697487       67.444633     0.022451046      0.11988769     0.047770457       3510.3723      -25.340299       -27.371739         2.0314397       3510.3723                           3083.1552                 22.524472                 395.79309                      8.8995052
             38       1729.1562   2.0746598e-09       0.9699957       67.444633     0.022451046      0.11988769     0.047770457        3508.993      -25.340299       -27.371739         2.0314397        3508.993                           3081.9075                 22.345279                 395.81804                      8.9221928
             25       1729.2984   2.0767017e-09      0.97027429       67.444633     0.022451046      0.11988769     0.047770457       3509.2775      -25.340299       -27.371739         2.0314397       3509.2775                           3082.1904                 22.357382                 395.81804                      8.9116229
              1       1729.3715   2.0767017e-09      0.97027429       67.462159     0.022447486      0.11990489     0.047662832       3509.4236      -25.340299       -27.371739         2.0314397       3509.4236                           3082.3039                 22.370272                 395.82723                      8.9221281
             13       1729.3118   2.0790278e-09      0.96862675       67.462159     0.022447486      0.11990489     0.047662832       3509.3041      -25.340299       -27.371739         2.0314397       3509.3041                           3081.9133                 22.754965                 395.77002                      8.8657972
             14       1729.1385   2.0786377e-09       0.9685403       67.462159     0.022447486      0.11990489     0.047662832       3508.9576      -25.340299       -27.371739         2.0314397       3508.9576                           3081.5699                 22.759071                 395.77002                      8.8585603
              3       1729.5387   2.0795493e-09      0.96858812       67.462159     0.022447486      0.11990489     0.047662832       3509.7581      -25.340299       -27.371739         2.0314397       3509.7581                           3082.3286                 22.779553                 395.77899                      8.8708868
              7        1729.475   2.0795493e-09      0.96858812       67.501366      0.02244999      0.11987543     0.047720472       3509.6305      -25.340299       -27.371739         2.0314397       3509.6305                           3082.1945                 22.782871                 395.79352                       8.859689
             30       1729.3709   2.0795493e-09      0.96858812       67.510173     0.022451131      0.11990013     0.047798727       3509.4224      -25.340299       -27.371739         2.0314397       3509.4224                           3081.9914                 22.774177                 395.79162                      8.8652356
             11       1730.7897   2.0795493e-09      0.96858812       67.701402      0.02240008      0.11931447     0.048153767       3512.2599      -25.340299       -27.371739         2.0314397       3512.2599                           3084.8952                 22.810165                 395.78303                      8.7715071
              4       1730.4914   2.0785606e-09       0.9685798       67.701402      0.02240008      0.11931447     0.048153767       3511.6634      -25.340299       -27.371739         2.0314397       3511.6634                           3084.3197                 22.779133                 395.77449                      8.7901417
              8       1731.0068   2.0800288e-09      0.96866558       67.701402      0.02240008      0.11931447     0.048153767       3512.6942      -25.340299       -27.371739         2.0314397       3512.6942                           3085.3331                 22.810699                 395.78303                      8.7673727
             40       1731.1301   2.0782823e-09       0.9712852       67.701402      0.02240008      0.11931447     0.048153767       3512.9407      -25.340299       -27.371739         2.0314397       3512.9407                           3086.0143                 22.262959                 395.77465                      8.8888506
              5       1729.4958   2.0782823e-09       0.9712852       67.750626     0.022409543      0.11905878     0.049388334       3509.6723      -25.340299       -27.371739         2.0314397       3509.6723                            3082.837                 22.167935                 395.70475                      8.9626368
             13       1729.8907   2.0781288e-09       0.9727093       67.750626     0.022409543      0.11905878     0.049388334       3510.4619      -25.340299       -27.371739         2.0314397       3510.4619                           3083.8073                 21.921773                 395.71949                      9.0133351
              5       1731.1296   2.0816516e-09      0.97226286       67.750626     0.022409543      0.11905878     0.049388334       3512.9397      -25.340299       -27.371739         2.0314397       3512.9397                           3086.2572                 22.097164                 395.71686                       8.868443
              4       1730.5905   2.0816516e-09      0.97226286       67.760565     0.022407744      0.11932066     0.049952465       3511.8615      -25.340299       -27.371739         2.0314397       3511.8615                           3085.1293                 22.027021                 395.68881                       9.016363
              7       1730.3458   2.0816516e-09      0.97226286       67.591402     0.022408208      0.11970147      0.04978866       3511.3723      -25.340299       -27.371739         2.0314397       3511.3723                           3084.6352                 21.990503                 395.71719                      9.0293967
              9       1730.6746   2.0816516e-09      0.97226286       67.672686     0.022405847      0.11944775     0.050515626       3512.0299      -25.340299       -27.371739         2.0314397       3512.0299                           3085.3121                 21.951558                 395.70081                      9.0654021
              8        1731.903   2.0798858e-09      0.97220632       67.672686     0.022405847      0.11944775     0.050515626       3514.4867      -25.340299       -27.371739         2.0314397       3514.4867                           3087.7147                 21.911271                 395.71207                      9.1486027
              5       1731.3517   2.0798858e-09      0.97220632       67.627533     0.022398474      0.11935485     0.050747019        3513.384      -25.340299       -27.371739         2.0314397        3513.384                           3086.6736                 21.887767                 395.70287                      9.1197917
             12       1729.1075   2.0866796e-09      0.96994481       67.627533     0.022398474      0.11935485     0.050747019       3508.8957      -25.340299       -27.371739         2.0314397       3508.8957                           3081.8591                 22.486072                 395.73217                      8.8183509
              1       1730.5377   2.0863811e-09      0.96738267       67.627533     0.022398474      0.11935485     0.050747019        3511.756      -25.340299       -27.371739         2.0314397        3511.756                           3084.3158                 22.978301                 395.72915                      8.7328134
              2       1731.3897   2.0863811e-09      0.96738267       67.663663     0.022390529      0.11933922     0.050811826         3513.46      -25.340299       -27.371739         2.0314397         3513.46                           3085.9782                 22.978932                  395.7508                      8.7520945
             10       1731.0473   2.0920755e-09      0.96772869       67.663663     0.022390529      0.11933922     0.050811826       3512.7751      -25.340299       -27.371739         2.0314397       3512.7751                            3085.204                  23.10337                 395.71179                      8.7559326
              9       1730.5099    2.084526e-09      0.97357013       67.663663     0.022390529      0.11933922     0.050811826       3511.7003      -25.340299       -27.371739         2.0314397       3511.7003                           3085.1997                 21.794263                 395.69351                      9.0128076
             18       1730.3851   2.0834815e-09      0.97353006       67.663663     0.022390529      0.11933922     0.050811826       3511.4507      -25.340299       -27.371739         2.0314397       3511.4507                           3084.9485                 21.772438                 395.68649                      9.0432943
             24       1730.4325   2.0834815e-09      0.97353006       67.611443     0.022381446      0.11938843     0.050975523       3511.5455      -25.340299       -27.371739         2.0314397       3511.5455                           3084.9933                 21.745773                 395.75534                      9.0511629
              2        1730.853   2.0820927e-09       0.9717792       67.611443     0.022381446      0.11938843     0.050975523       3512.3866      -25.340299       -27.371739         2.0314397       3512.3866                           3085.6102                 21.993322                 395.73898                      9.0441703
             22       1729.7245   2.0873067e-09      0.97173784       67.611443     0.022381446      0.11938843     0.050975523       3510.1296      -25.340299       -27.371739         2.0314397       3510.1296                           3083.3517                 22.150464                 395.72455                      8.9028733
             37       1729.9088   2.0873067e-09      0.97173784       67.511511     0.022377369      0.11931106     0.051997008       3510.4981      -25.340299       -27.371739         2.0314397       3510.4981                           3083.8132                 22.041235                  395.7522                      8.8914623
              2       1729.7411   2.0906097e-09      0.96832919       67.511511     0.022377369      0.11931106     0.051997008       3510.1629      -25.340299       -27.371739         2.0314397       3510.1629                           3082.8969                 22.771511                 395.76371                      8.7307236
              3       1729.8568   2.0906097e-09      0.96832919       67.448615     0.022413952       0.1194132     0.052053037       3510.3942      -25.340299       -27.371739         2.0314397       3510.3942                           3083.1426                 22.750203                 395.77147                      8.7298772
              1       1730.6968   2.0934624e-09       0.9700995       67.448615     0.022413952       0.1194132     0.052053037       3512.0743      -25.340299       -27.371739         2.0314397       3512.0743                           3084.9347                 22.500835                 395.80106                       8.837645
             10       1730.4946   2.0934624e-09       0.9700995       67.438478      0.02241058      0.11952421     0.051803187       3511.6699      -25.340299       -27.371739         2.0314397       3511.6699                           3084.4771                 22.515933                 395.78609                      8.8907584
              2       1730.8465   2.0934624e-09       0.9700995       68.032769     0.022574343      0.11896863     0.053372541       3512.3735      -25.340299       -27.371739         2.0314397       3512.3735                           3085.1708                 22.521127                 395.84574                      8.8358157
             17       1731.5783   2.0992518e-09      0.97321812       68.032769     0.022574343      0.11896863     0.053372541       3513.8372      -25.340299       -27.371739         2.0314397       3513.8372                           3087.0847                 22.129938                 395.83085                       8.791742
              1       1732.5189   2.0992518e-09      0.97321812       68.084457     0.022574368      0.11920126     0.053739731       3515.7184      -25.340299       -27.371739         2.0314397       3515.7184                           3088.8787                 22.087532                 395.85723                      8.8949244
              8       1731.8233   2.0992518e-09      0.97321812       68.061504     0.022561518      0.11917344     0.054015433       3514.3272      -25.340299       -27.371739         2.0314397       3514.3272                            3087.473                 22.057032                  395.8961                      8.9011266
             15       1732.3068   2.1020266e-09      0.97284065       68.061504     0.022561518      0.11917344     0.054015433       3515.2941      -25.340299       -27.371739         2.0314397       3515.2941                           3088.2906                  22.20337                 395.94672                       8.853493
              6       1732.1886   2.1039684e-09      0.96830871       68.061504     0.022561518      0.11917344     0.054015433       3515.0578      -25.340299       -27.371739         2.0314397       3515.0578                           3087.2672                 23.143824                 395.95932                      8.6874885
              8       1729.0274   2.1039684e-09      0.96830871        67.87877     0.022524119      0.11915254      0.05431396       3508.7354      -25.340299       -27.371739         2.0314397       3508.7354                           3080.9746                 23.071979                 396.00356                        8.68525
              3       1728.6819   2.1039684e-09      0.96830871       67.804519     0.022541929       0.1193392     0.054670136       3508.0445      -25.340299       -27.371739         2.0314397       3508.0445                           3080.2793                 23.004577                 396.04523                       8.715349
             12       1728.8262   2.1070049e-09      0.96776418       67.804519     0.022541929       0.1193392     0.054670136       3508.3329      -25.340299       -27.371739         2.0314397       3508.3329                            3080.294                 23.223698                 396.04831                      8.7669577
             27       1729.2992   2.1070049e-09      0.96776418       67.787998     0.022533092      0.11929532     0.054378039        3509.279      -25.340299       -27.371739         2.0314397        3509.279                           3081.2059                 23.256221                 396.02093                      8.7959026
              5       1729.1093   2.1032488e-09      0.96715487       67.787998     0.022533092      0.11929532     0.054378039       3508.8993      -25.340299       -27.371739         2.0314397       3508.8993                           3080.9506                 23.254603                 396.02715                      8.6669355
             16       1728.9201   2.1039593e-09      0.96719701       67.787998     0.022533092      0.11929532     0.054378039       3508.5208      -25.340299       -27.371739         2.0314397       3508.5208                            3080.536                 23.270421                 396.03321                       8.681159
             16       1729.4996   2.1051676e-09      0.96622033       67.787998     0.022533092      0.11929532     0.054378039       3509.6799      -25.340299       -27.371739         2.0314397       3509.6799                           3081.4756                 23.527643                 396.00353                      8.6731373
             16         1729.68   2.1051676e-09      0.96622033       67.774298      0.02253201      0.11925658     0.054784119       3510.0407      -25.340299       -27.371739         2.0314397       3510.0407                           3081.8117                 23.480016                 396.11111                      8.6378483
              6       1730.4525   2.1051676e-09      0.96622033       67.861934     0.022537641      0.11883412     0.055333509       3511.5857      -25.340299       -27.371739         2.0314397       3511.5857                           3083.4085                  23.47183                  396.1938                      8.5115709
              6       1730.3445   2.1093216e-09      0.96643409       67.861934     0.022537641      0.11883412     0.055333509       3511.3695      -25.340299       -27.371739         2.0314397       3511.3695                           3083.0243                 23.575604                 396.17819                      8.5914527
              2       1729.9964   2.1093216e-09      0.96643409       67.883925     0.022551496      0.11886623     0.055369593       3510.6734      -25.340299       -27.371739         2.0314397       3510.6734                            3082.323                 23.574866                 396.19084                      8.5846888
              6       1732.2078   2.1086284e-09       0.9641505       67.883925     0.022551496      0.11886623     0.055369593       3515.0961      -25.340299       -27.371739         2.0314397       3515.0961                           3086.3043                 24.077724                 396.22482                      8.4893145
              4       1734.1672   2.1003749e-09      0.96663298       67.883925     0.022551496      0.11886623     0.055369593       3519.0151      -25.340299       -27.371739         2.0314397       3519.0151                           3091.0116                 23.211228                 396.19839                      8.5938285
              6       1734.5929   2.1003749e-09      0.96663298       67.904936     0.022588394      0.11881159     0.055506946       3519.8663      -25.340299       -27.371739         2.0314397       3519.8663                            3091.884                 23.207471                 396.19382                      8.5810391
              1       1730.2957   2.1061734e-09      0.96622944       67.904936     0.022588394      0.11881159     0.055506946        3511.272      -25.340299       -27.371739         2.0314397        3511.272                           3083.0739                  23.50273                 396.20579                      8.4896388
             21       1730.2667   2.1061734e-09      0.96622944       67.923763     0.022583914      0.11884411     0.055470787       3511.2141      -25.340299       -27.371739         2.0314397       3511.2141                           3082.9915                 23.507224                 396.21411                      8.5012163
             21       1729.0788   2.1073791e-09      0.96730611       67.923763     0.022583914      0.11884411     0.055470787       3508.8383      -25.340299       -27.371739         2.0314397       3508.8383                            3080.778                  23.31432                 396.19988                       8.546046
              8       1730.2191   2.1073791e-09      0.96730611       67.797267     0.022556412      0.11936672     0.055847658       3511.1188      -25.340299       -27.371739         2.0314397       3511.1188                           3082.9391                 23.199159                   396.301                      8.6795433
              9       1730.1919   2.1148874e-09      0.96581168       67.797267     0.022556412      0.11936672     0.055847658       3511.0645      -25.340299       -27.371739         2.0314397       3511.0645                           3082.0027                 23.802275                 396.35591                       8.903597
              6       1729.1707    2.109934e-09      0.96702868       67.797267     0.022556412      0.11936672     0.055847658       3509.0219      -25.340299       -27.371739         2.0314397       3509.0219                           3080.6595                 23.348562                 396.28836                      8.7254721
             11       1729.7645    2.109934e-09      0.96702868       67.814869     0.022528154      0.11903976     0.056577195       3510.2096      -25.340299       -27.371739         2.0314397       3510.2096                           3081.8523                 23.293416                 396.46054                      8.6033696
              4       1730.4333    2.109934e-09      0.96702868       67.828565     0.022529504      0.11907729     0.056743918       3511.5472      -25.340299       -27.371739         2.0314397       3511.5472                           3083.1739                 23.274285                 396.49274                      8.6062805
             15       1733.5524    2.109934e-09      0.96702868       68.265546     0.022797174      0.11808254      0.05706325       3517.7854      -25.340299       -27.371739         2.0314397       3517.7854                           3089.5276                 23.446852                 396.45655                      8.3543393
              2       1733.8606   2.1083986e-09      0.96731458       68.265546     0.022797174      0.11808254      0.05706325       3518.4018      -25.340299       -27.371739         2.0314397       3518.4018                           3090.2117                 23.329514                 396.45952                      8.4011042
             12       1733.0493   2.1078001e-09      0.96848569       68.265546     0.022797174      0.11808254      0.05706325       3516.7792      -25.340299       -27.371739         2.0314397       3516.7792                           3088.8182                  23.05914                 396.45653                      8.4453133
             20       1732.8463   2.1078001e-09      0.96848569       68.263886     0.022798872      0.11808276       0.0568487       3516.3733      -25.340299       -27.371739         2.0314397       3516.3733                           3088.4807                 23.082714                  396.3867                      8.4231259
              2       1732.5791   2.1078001e-09      0.96848569       68.341711     0.022777543      0.11783948     0.056730187       3515.8388      -25.340299       -27.371739         2.0314397       3515.8388                           3087.9297                 23.129241                 396.36597                      8.4139783
              3       1732.4037   2.1046279e-09      0.96978968       68.341711     0.022777543      0.11783948     0.056730187        3515.488      -25.340299       -27.371739         2.0314397        3515.488                           3087.8267                 22.755799                 396.32759                      8.5779144
              4       1732.9964   2.1046279e-09      0.96978968       68.269229     0.022762645      0.11787386       0.0565762       3516.6734      -25.340299       -27.371739         2.0314397       3516.6734                           3089.1092                  22.75408                 396.29217                      8.5178849
             12       1733.0495   2.1040508e-09      0.96996396       68.269229     0.022762645      0.11787386       0.0565762       3516.7797      -25.340299       -27.371739         2.0314397       3516.7797                           3089.2283                 22.700874                 396.30213                      8.5483656
             21       1733.2385   2.1018883e-09      0.97181956       68.269229     0.022762645      0.11787386       0.0565762       3517.1577      -25.340299       -27.371739         2.0314397       3517.1577                           3089.8996                 22.282686                 396.27289                      8.7025418
             19       1730.4875   2.1018883e-09      0.97181956        68.46903     0.022727167      0.11785579     0.056591057       3511.6556      -25.340299       -27.371739         2.0314397       3511.6556                           3084.1356                  22.31375                 396.27106                      8.9351832
              3       1730.7868   2.1018883e-09      0.97181956       68.610224     0.022679256      0.11711364     0.056640137       3512.2542      -25.340299       -27.371739         2.0314397       3512.2542                           3084.6121                 22.383551                 396.28329                      8.9752327
              6       1730.2591   2.1018883e-09      0.97181956       68.670925     0.022670321      0.11722067      0.05618034       3511.1989      -25.340299       -27.371739         2.0314397       3511.1989                           3083.6017                 22.430992                 396.20225                       8.963902
             12       1730.1534   2.1018883e-09      0.97181956       68.662233     0.022670849          0.1173     0.056103019       3510.9875      -25.340299       -27.371739         2.0314397       3510.9875                           3083.4105                 22.431235                 396.19315                      8.9526097
              2       1731.0438   2.1018883e-09      0.97181956       68.112142     0.022642729      0.11806893     0.056037331       3512.7682      -25.340299       -27.371739         2.0314397       3512.7682                           3085.6615                  22.28131                 396.20189                      8.6235524
              2       1731.1109   2.1005312e-09      0.97175334       68.112142     0.022642729      0.11806893     0.056037331       3512.9023      -25.340299       -27.371739         2.0314397       3512.9023                           3085.7694                 22.252533                 396.19541                      8.6849779
              3       1730.9044    2.101652e-09       0.9720263       68.124139     0.022630123      0.11803208     0.056446904       3512.4895      -25.340299       -27.371739         2.0314397       3512.4895                           3085.3113                 22.200702                 396.27176                      8.7056649
              2       1730.9531   2.1034573e-09      0.97247358       68.124139     0.022630123      0.11803208     0.056446904       3512.5868      -25.340299       -27.371739         2.0314397       3512.5868                           3085.5138                 22.174506                 396.26608                      8.6324139
              1       1730.7494     2.10367e-09      0.97365325        68.10745     0.022562469      0.11795394     0.056959925       3512.1794      -25.340299       -27.371739         2.0314397       3512.1794                           3085.1464                 21.925166                 396.37277                      8.7351112
              3       1730.7728   2.1036755e-09      0.97366396       68.111514     0.022563885      0.11794439     0.056971986       3512.2262      -25.340299       -27.371739         2.0314397       3512.2262                           3085.1932                 21.923866                 396.37277                      8.7364206
              2       1730.1746   2.1033919e-09      0.97369376       68.056093     0.022534528      0.11810471     0.056718869       3511.0298      -25.340299       -27.371739         2.0314397       3511.0298                           3084.0437                 21.912536                 396.33461                      8.7389638
              1       1730.2927   2.1029519e-09      0.97373474       68.036958     0.022525701      0.11812167     0.056625803        3511.266      -25.340299       -27.371739         2.0314397        3511.266                           3084.3109                  21.89682                 396.31366                      8.7445842
              7       1731.9091   2.1094418e-09      0.97367404       67.850498     0.022426832      0.11822953     0.058752137       3514.4989      -25.340299       -27.371739         2.0314397       3514.4989                           3087.0573                    21.847                 396.86819                       8.726413
              3       1729.8955   2.1189756e-09      0.97225386       68.219967     0.022626191      0.11792919     0.060654743       3510.4716      -25.340299       -27.371739         2.0314397       3510.4716                            3082.146                 22.294591                 397.46978                      8.5611464
              1       1728.9627   2.1174281e-09       0.9724004        68.34837     0.022674012      0.11793888     0.059841766       3508.6059      -25.340299       -27.371739         2.0314397       3508.6059                           3080.5278                 22.326923                 397.17157                      8.5795982
              2       1730.5914   2.1236533e-09      0.96816074        68.34837     0.022674012      0.11793888     0.059841766       3511.8635      -25.340299       -27.371739         2.0314397       3511.8635                           3082.8291                 23.386611                 397.27117                      8.3766113
              1       1730.5585   2.1237765e-09      0.96827896        68.34837     0.022674012      0.11793888     0.059841766       3511.7977      -25.340299       -27.371739         2.0314397       3511.7977                           3082.7949                 23.364997                  397.2574                      8.3804206
              2       1729.1051   2.1205653e-09      0.97074239        68.34837     0.022674012      0.11793888     0.059841766       3508.8909      -25.340299       -27.371739         2.0314397       3508.8909                              3080.5                 22.742182                 397.18572                      8.4630047
              5       1729.6136   2.1190798e-09      0.97141357       68.378161     0.022665635      0.11769676     0.059996857       3509.9077      -25.340299       -27.371739         2.0314397       3509.9077                            3081.632                  22.57085                 397.22311                      8.4816893
              1       1729.0703    2.120785e-09      0.97057405       68.339984     0.022667529      0.11819946     0.059328624       3508.8213      -25.340299       -27.371739         2.0314397       3508.8213                           3080.4107                 22.813669                  397.0912                      8.5056436
              1       1729.7068   2.1195495e-09      0.97134275       68.528257     0.022718536      0.11788017     0.059258736       3510.0942      -25.340299       -27.371739         2.0314397       3510.0942                           3081.9374                 22.695357                 396.96564                      8.4957875
              2       1729.6191   2.1182803e-09      0.97126651       68.480895      0.02270487      0.11796967     0.058839796       3509.9188      -25.340299       -27.371739         2.0314397       3509.9188                           3081.8389                 22.695306                 396.88155                      8.5030397
              1       1729.5091   2.1178919e-09      0.97140251       68.480895      0.02270487      0.11796967     0.058839796       3509.6988      -25.340299       -27.371739         2.0314397       3509.6988                           3081.6465                 22.656147                 396.88155                      8.5146175
              1       1730.2675   2.1140337e-09      0.97136794       68.560026      0.02275736      0.11785236     0.057773735       3511.2156      -25.340299       -27.371739         2.0314397       3511.2156                           3083.4369                 22.679374                 396.58882                      8.5105175
              5        1729.691   2.1125832e-09      0.97148517       68.465551     0.022715778      0.11793388     0.057503098       3510.0626      -25.340299       -27.371739         2.0314397       3510.0626                           3082.4271                  22.60934                 396.50007                      8.5261099
              2       1729.9759   2.1158871e-09      0.97211696       68.610017     0.022736154      0.11770299     0.058610444       3510.6325      -25.340299       -27.371739         2.0314397       3510.6325                           3082.7869                 22.526703                 396.76103                      8.5577925
              1       1729.9504   2.1144081e-09      0.97287998       68.647819     0.022722251      0.11754452     0.058579323       3510.5813      -25.340299       -27.371739         2.0314397       3510.5813                           3082.8358                 22.358313                 396.75406                      8.6331444
              2       1730.5348   2.1168105e-09      0.97235856       68.708363     0.022779149      0.11722803      0.05964884       3511.7502      -25.340299       -27.371739         2.0314397       3511.7502                           3083.6695                 22.464383                 397.01265                      8.6036606
              1       1729.6657   2.1169955e-09      0.97227122       68.545331     0.022708161      0.11747885     0.059633242        3510.012      -25.340299       -27.371739         2.0314397        3510.012                           3081.9165                 22.431771                 397.10031                      8.5633806
              3       1729.6628   2.1216074e-09      0.97186788       67.850702     0.022390226      0.11861314     0.060482157       3510.0063      -25.340299       -27.371739         2.0314397       3510.0063                           3081.3803                 22.320473                 397.56677                      8.7387191
              3       1729.9743    2.122281e-09      0.97259459       67.947135     0.022390194      0.11852422      0.06071359       3510.6291      -25.340299       -27.371739         2.0314397       3510.6291                            3082.068                 22.209194                 397.60515                      8.7467342
              1       1730.0863   2.1211813e-09      0.97336964       67.947135     0.022390194      0.11852422      0.06071359       3510.8532      -25.340299       -27.371739         2.0314397       3510.8532                           3082.4955                 22.040887                 397.54265                      8.7740838
              2       1730.7823   2.1306498e-09      0.97052492       67.659478     0.022359991      0.11933533     0.061897117       3512.2453      -25.340299       -27.371739         2.0314397       3512.2453                           3082.3285                 22.619996                 398.17341                      9.1233472
              1       1730.3528    2.131777e-09      0.97049676       67.720856     0.022389185      0.11915823     0.062403744       3511.3863      -25.340299       -27.371739         2.0314397       3511.3863                           3081.3686                 22.638794                 398.36955                      9.0093655
              2       1734.1472    2.132606e-09      0.97234652       67.599988     0.022237678      0.11918135     0.063317292       3518.9751      -25.340299       -27.371739         2.0314397       3518.9751                           3088.9131                 22.185828                 398.74624                       9.129899
              2       1734.4395   2.1320016e-09      0.97254087       67.599988     0.022237678      0.11918135     0.063317292       3519.5596      -25.340299       -27.371739         2.0314397       3519.5596                           3089.5721                 22.133529                 398.73978                      9.1141134
              1       1734.0837   2.1318498e-09      0.97258131       67.628848     0.022250188      0.11911766     0.063333792        3518.848      -25.340299       -27.371739         2.0314397        3518.848                           3088.9201                 22.131776                 398.72343                      9.0726649
              1       1734.1269   2.1315009e-09      0.97258879       67.619924     0.022246601      0.11914001       0.0632167       3518.9344      -25.340299       -27.371739         2.0314397       3518.9344                           3089.0297                 22.127809                 398.69254                      9.0842983
              2       1731.5693   2.1340903e-09      0.96879749       67.400324     0.022330529      0.11971059     0.062614596       3513.8191      -25.340299       -27.371739         2.0314397       3513.8191                           3082.8892                 22.919582                 398.56717                      9.4431531
              5       1730.9492   2.1321976e-09      0.96897267       67.520293     0.022391894      0.11933149     0.062582047        3512.579      -25.340299       -27.371739         2.0314397        3512.579                            3082.108                 22.886374                 398.48759                      9.0969695
              1       1730.7322   2.1370553e-09      0.96686012       67.520293     0.022391894      0.11933149     0.062582047        3512.145      -25.340299       -27.371739         2.0314397        3512.145                           3080.6838                 23.506526                 398.57592                      9.3787339
              2       1730.8229   2.1379135e-09      0.96664542       67.520293     0.022391894      0.11933149     0.062582047       3512.3265      -25.340299       -27.371739         2.0314397       3512.3265                           3080.6928                 23.585975                 398.59694                      9.4507718
              1       1730.7702   2.1378805e-09      0.96669787       67.500911     0.022378082      0.11941087      0.06246955       3512.2211      -25.340299       -27.371739         2.0314397       3512.2211                           3080.5593                 23.571907                 398.56243                      9.5274378
              2       1729.9011   2.1350039e-09      0.97101061       67.500911     0.022378082      0.11941087      0.06246955       3510.4828      -25.340299       -27.371739         2.0314397       3510.4828                           3080.0313                 22.571119                 398.40323                      9.4770813
              2       1729.9173   2.1364609e-09      0.97107076       67.517794     0.022378177      0.11936179     0.062942346       3510.5152      -25.340299       -27.371739         2.0314397       3510.5152                           3079.8999                 22.564369                 398.59641                      9.4544441
              1        1730.604   2.1325498e-09      0.97124998       67.406922     0.022332982      0.11951184     0.061900055       3511.8885      -25.340299       -27.371739         2.0314397       3511.8885                           3081.6656                 22.476603                 398.19156                       9.554767
              5       1730.2879   2.1323414e-09      0.97055459       67.406922     0.022332982      0.11951184     0.061900055       3511.2564      -25.340299       -27.371739         2.0314397       3511.2564                           3080.9451                 22.603331                 398.20853                      9.4994612
              2       1730.2812   2.1329238e-09      0.97014338       67.406922     0.022332982      0.11951184     0.061900055       3511.2429      -25.340299       -27.371739         2.0314397       3511.2429                           3080.7698                  22.70268                 398.24104                      9.5293741
              2       1730.2408    2.134535e-09      0.97001223       67.422127     0.022341671      0.11947434     0.062357841       3511.1622      -25.340299       -27.371739         2.0314397       3511.1622                           3080.4924                 22.741067                 398.41077                       9.517969
              1       1730.5051    2.135198e-09      0.97052607       67.422127     0.022341671      0.11947434     0.062357841       3511.6908      -25.340299       -27.371739         2.0314397       3511.6908                            3081.024                 22.660558                 398.39914                      9.6070219
              1       1731.8963   2.1397188e-09       0.9681914       67.422127     0.022341671      0.11947434     0.062357841       3514.4731      -25.340299       -27.371739         2.0314397       3514.4731                           3082.6886                 23.293978                 398.51741                      9.9731461
              1       1732.0478     2.14824e-09      0.96698003       67.452172      0.02239339      0.11933168     0.064708604       3514.7762      -25.340299       -27.371739         2.0314397       3514.7762                           3081.5679                 23.623846                 399.56592                      10.018477
              2       1733.7158   2.1576491e-09      0.96832575       68.415561     0.022701625      0.11846756     0.066544136       3518.1122      -25.340299       -27.371739         2.0314397       3518.1122                           3085.1028                 23.782832                 400.16067                      9.0659307
              2       1733.8595   2.1571352e-09      0.96937543       68.848702     0.022864096      0.11739284     0.067628699       3518.3995      -25.340299       -27.371739         2.0314397       3518.3995                           3085.9558                 23.615853                 400.45325                      8.3746756
              2       1732.9386   2.1550238e-09      0.96949879       68.758722     0.022827837      0.11744203     0.067231995       3516.5579      -25.340299       -27.371739         2.0314397       3516.5579                            3084.409                 23.527182                 400.22708                      8.3945853
              2       1733.1791   2.1550855e-09      0.96911584       68.736446     0.022837108      0.11749774     0.067120019       3517.0389      -25.340299       -27.371739         2.0314397       3517.0389                           3084.8157                 23.619947                 400.18925                      8.4139534
              3       1731.9151   2.1564028e-09      0.96859138        68.48899     0.022741646      0.11799256     0.067059272       3514.5108      -25.340299       -27.371739         2.0314397       3514.5108                           3081.7977                 23.681551                  400.3192                      8.7123487
              1       1731.6584   2.1521226e-09      0.97105279        68.65956     0.022727967      0.11716504     0.067635349       3513.9975      -25.340299       -27.371739         2.0314397       3513.9975                           3082.2219                 23.035761                 400.40781                       8.331998
              2       1731.5278   2.1547193e-09      0.97308327       68.918491     0.022725052      0.11682656     0.068708473       3513.7362      -25.340299       -27.371739         2.0314397       3513.7362                           3081.9436                 22.676523                 400.77954                      8.3364901
              8       1731.2295   2.1518026e-09      0.97612925       68.918491     0.022725052      0.11682656     0.068708473       3513.1395      -25.340299       -27.371739         2.0314397       3513.1395                           3082.0043                 22.022125                 400.65396                      8.4591862
              1       1731.2863    2.152152e-09      0.97668945       68.891659     0.022691914      0.11662276     0.069441043       3513.2533      -25.340299       -27.371739         2.0314397       3513.2533                           3081.9374                  21.87732                 400.95441                      8.4841601
              2       1731.3125   2.1544187e-09      0.97492671       68.891659     0.022691914      0.11662276     0.069441043       3513.3057      -25.340299       -27.371739         2.0314397       3513.3057                           3081.5933                 22.252006                 401.07857                      8.3817463
              1       1731.8412   2.1550748e-09      0.97577762       69.060953     0.022722994      0.11632562     0.069923383        3514.363      -25.340299       -27.371739         2.0314397        3514.363                           3082.5513                 22.129071                  401.2526                      8.4300354
              5       1731.7257   2.1559187e-09      0.97570126       69.043818     0.022715037      0.11637579     0.070086153        3514.132      -25.340299       -27.371739         2.0314397        3514.132                           3082.2139                 22.144511                 401.35241                      8.4211038
              2       1731.5679    2.155742e-09      0.97587645        68.98326     0.022679143      0.11645128     0.070091535       3513.8163      -25.340299       -27.371739         2.0314397       3513.8163                           3081.9429                 22.087697                  401.3523                      8.4334492
              1       1731.3844   2.1611827e-09      0.97370848       68.816996     0.022698548      0.11672835     0.071079951       3513.4494      -25.340299       -27.371739         2.0314397       3513.4494                            3080.559                 22.508752                 402.05446                      8.3271597
              6       1730.6771   2.1594695e-09      0.97405695       68.649004     0.022603589      0.11710549      0.07036276       3512.0348      -25.340299       -27.371739         2.0314397       3512.0348                           3079.4774                 22.386872                 401.73121                      8.4394064
              2        1731.068   2.1607204e-09      0.97430802       68.649004     0.022603589      0.11710549      0.07036276       3512.8167      -25.340299       -27.371739         2.0314397       3512.8167                           3080.2688                  22.37732                 401.70757                        8.46301
              6        1730.863   2.1627878e-09      0.97339113        68.53461     0.022592696      0.11728345     0.070717591       3512.4067      -25.340299       -27.371739         2.0314397       3512.4067                           3079.3363                 22.544839                 402.00555                      8.5199811
              5       1730.5444   2.1595317e-09      0.97508447        68.53461     0.022592696      0.11728345     0.070717591       3511.7694      -25.340299       -27.371739         2.0314397       3511.7694                           3079.2484                 22.131141                  401.8823                      8.5075881
              2       1731.4282   2.1603009e-09      0.97582289        68.59649     0.022587389      0.11698385     0.071540932        3513.537      -25.340299       -27.371739         2.0314397        3513.537                           3080.8187                  21.98119                 402.27752                      8.4596425
              1       1731.4745   2.1587786e-09      0.97609189       68.516337     0.022541221        0.117117     0.071124591       3513.6297      -25.340299       -27.371739         2.0314397       3513.6297                           3081.1268                 21.901252                 402.09179                      8.5098649
              4       1732.8718   2.1570901e-09      0.97863405       68.516337     0.022541221        0.117117     0.071124591       3516.4241      -25.340299       -27.371739         2.0314397       3516.4241                           3084.4796                 21.448999                 401.89769                      8.5978166
              1       1732.9323   2.1556534e-09      0.97872716       68.516337     0.022541221        0.117117     0.071124591       3516.5451      -25.340299       -27.371739         2.0314397       3516.5451                           3084.6332                 21.400117                 401.89343                      8.6183102
              3       1733.2803   2.1594718e-09       0.9781941       68.489398     0.022545736      0.11710484     0.072190163       3517.2412      -25.340299       -27.371739         2.0314397       3517.2412                           3084.6599                 21.487951                  402.5132                      8.5801192
              2       1733.0321   2.1585904e-09      0.97871101       68.555712     0.022549745      0.11704509     0.071975426       3516.7448      -25.340299       -27.371739         2.0314397       3516.7448                           3084.3639                 21.418946                 402.35853                       8.603391
              2       1733.3655   2.1588106e-09      0.97897833       68.556799     0.022536392      0.11701126     0.072159823       3517.4115      -25.340299       -27.371739         2.0314397       3517.4115                           3084.9603                 21.371162                 402.46241                      8.6176624
              2       1732.8478   2.1662429e-09      0.97778891       68.487406     0.022523536      0.11751457     0.073109847       3516.3761      -25.340299       -27.371739         2.0314397       3516.3761                           3082.8893                 21.619993                 403.17446                      8.6923887
              2       1735.2599   2.1680043e-09      0.98138392        69.14855     0.022645926      0.11606514     0.075452635       3521.2004      -25.340299       -27.371739         2.0314397       3521.2004                           3087.2337                 21.148747                 404.00183                      8.8160856
              1       1735.4458   2.1763155e-09      0.98012497       69.325512     0.022757734      0.11594337     0.077243678       3521.5722      -25.340299       -27.371739         2.0314397       3521.5722                           3086.3875                 21.438098                 405.07374                      8.6728596
              1       1735.0454   2.1778928e-09      0.97819961       69.325512     0.022757734      0.11594337     0.077243678       3520.7715      -25.340299       -27.371739         2.0314397       3520.7715                           3085.2175                  21.78612                 405.22058                      8.5472264
              3       1733.6125   2.1817408e-09      0.97762311       69.325512     0.022757734      0.11594337     0.077243678       3517.9056      -25.340299       -27.371739         2.0314397       3517.9056                           3082.2755                 21.989532                 405.26161                       8.378936
              2       1732.8675   2.1821192e-09      0.97681074       69.064568     0.022682649      0.11628809     0.077231972       3516.4156      -25.340299       -27.371739         2.0314397       3516.4156                           3080.5512                 22.064559                 405.43825                      8.3615664
              2        1733.081   2.1825211e-09      0.97683052       69.114647     0.022705998      0.11614571     0.077505055       3516.8425      -25.340299       -27.371739         2.0314397       3516.8425                           3080.8713                 22.070681                 405.55982                       8.340669
              6       1733.1976   2.1815386e-09      0.97767777       69.114647     0.022705998      0.11614571     0.077505055       3517.0759      -25.340299       -27.371739         2.0314397       3517.0759                           3081.2911                 21.894977                 405.51118                      8.3785694
              3       1733.5846   2.1831199e-09      0.97739675       69.184214     0.022748625       0.1160084      0.07797665       3517.8498      -25.340299       -27.371739         2.0314397       3517.8498                           3081.7402                 21.973535                 405.78831                      8.3477587
              2       1734.4001    2.174526e-09      0.97791421       69.447359     0.022855296      0.11602463     0.074852269       3519.4807      -25.340299       -27.371739         2.0314397       3519.4807                           3085.3833                 21.970468                 403.71279                      8.4141118
              2       1734.3605   2.1772019e-09      0.97603464       69.379653     0.022909103      0.11627924     0.074877573       3519.4015      -25.340299       -27.371739         2.0314397       3519.4015                           3084.8287                  22.35936                 403.91022                      8.3032537
              5        1733.623   2.1727398e-09      0.97667433       69.176237     0.022795189      0.11664683     0.073581322       3517.9265      -25.340299       -27.371739         2.0314397       3517.9265                           3084.1496                  22.15106                 403.22781                      8.3979907
              1       1731.0366   2.1736789e-09      0.97448434       68.675296     0.022690015       0.1171793     0.073774434       3512.7538      -25.340299       -27.371739         2.0314397       3512.7538                           3078.1968                 22.421401                 403.61758                      8.5180821
              3       1731.0311   2.1733225e-09      0.97471762       68.686184     0.022684027      0.11715622     0.073738457       3512.7428      -25.340299       -27.371739         2.0314397       3512.7428                           3078.2618                 22.373038                  403.5963                      8.5116178
              2       1730.8903   2.1705954e-09      0.97399718       68.506328     0.022634894      0.11778486     0.072017031       3512.4613      -25.340299       -27.371739         2.0314397       3512.4613                           3078.3846                 22.502758                 402.74276                      8.8310947
              2       1731.2343   2.1624517e-09       0.9739612       68.601801     0.022721079      0.11741294      0.07026182       3513.1492      -25.340299       -27.371739         2.0314397       3513.1492                           3080.4806                 22.485868                 401.63531                       8.547462
              4       1731.2594   2.1620796e-09      0.97399097       68.598711     0.022719676      0.11741228     0.070174961       3513.1995      -25.340299       -27.371739         2.0314397       3513.1995                           3080.5884                 22.476436                 401.58877                      8.5458638
              1       1730.3842   2.1598535e-09      0.97331894       68.598711     0.022719676      0.11741228     0.070174961        3511.449      -25.340299       -27.371739         2.0314397        3511.449                           3078.8426                 22.537216                 401.60893                      8.4602987
              4       1730.2551   2.1631524e-09      0.97254802       68.276435      0.02258422      0.11828317     0.070026796       3511.1909      -25.340299       -27.371739         2.0314397       3511.1909                           3077.7374                 22.659653                 401.82295                      8.9708939
              1       1730.5805   2.1605152e-09      0.97354868       68.276435      0.02258422      0.11828317     0.070026796       3511.8417      -25.340299       -27.371739         2.0314397       3511.8417                           3078.9029                 22.385277                 401.68898                      8.8645153
              1       1731.7129   2.1616366e-09      0.97074162       68.276435      0.02258422      0.11828317     0.070026796       3514.1064      -25.340299       -27.371739         2.0314397       3514.1064                           3080.4499                 22.977877                  401.8735                      8.8050978
              2       1732.0235   2.1627855e-09      0.97025971       68.190614     0.022563989      0.11847189       0.0701018       3514.7276      -25.340299       -27.371739         2.0314397       3514.7276                           3080.7311                  23.07332                 401.97713                      8.9460494
              2       1732.0069   2.1628864e-09      0.97021638       68.190614     0.022563989      0.11847189       0.0701018       3514.6943      -25.340299       -27.371739         2.0314397       3514.6943                           3080.6741                 23.085916                 401.98348                      8.9507891
              3       1730.5915   2.1560053e-09      0.96804784       67.894524     0.022560612      0.11915499     0.067172769       3511.8637      -25.340299       -27.371739         2.0314397       3511.8637                           3078.2487                 23.517323                 400.63252                      9.4650896
              4       1730.0494    2.151202e-09      0.96843735       68.008081      0.02262272      0.11868557     0.066588335       3510.7794      -25.340299       -27.371739         2.0314397       3510.7794                            3078.195                 23.398741                 400.20227                      8.9834309
              2       1729.7988   2.1489596e-09      0.96836231       67.765285     0.022523348      0.11906092     0.065871307       3510.2782      -25.340299       -27.371739         2.0314397       3510.2782                           3077.6973                 23.319188                 399.95565                      9.3060537
              2        1729.639   2.1457389e-09      0.96821815       67.555823     0.022439083      0.11955809     0.064502216       3509.9587      -25.340299       -27.371739         2.0314397       3509.9587                           3077.4942                 23.291344                 399.40441                      9.7686922
             10       1729.7441   2.1423284e-09      0.97102993       67.815153     0.022425081      0.11902532     0.064479143       3510.1687      -25.340299       -27.371739         2.0314397       3510.1687                           3079.0732                 22.691447                 399.21279                      9.1912819
              1        1729.679   2.1474917e-09      0.97253295        68.30955     0.022560479      0.11807366     0.066779706       3510.0386      -25.340299       -27.371739         2.0314397       3510.0386                           3078.8115                 22.514234                 400.06976                      8.6431088
              1       1729.6585   2.1484348e-09      0.97227616        68.30955     0.022560479      0.11807366     0.066779706       3509.9976      -25.340299       -27.371739         2.0314397       3509.9976                           3078.6238                 22.593221                  400.1207                      8.6599078
              2       1729.7276   2.1487071e-09      0.97215373       68.317862     0.022567737      0.11811009     0.066726797       3510.1357      -25.340299       -27.371739         2.0314397       3510.1357                           3078.7848                 22.630578                 400.04702                      8.6732705
              1       1730.9692   2.1460499e-09      0.97638561       68.317862     0.022567737      0.11811009     0.066726797       3512.6189      -25.340299       -27.371739         2.0314397       3512.6189                           3082.1934                 21.790389                 399.86737                      8.7677331
              2       1731.0892    2.148184e-09      0.97675237       68.460212      0.02260688      0.11785859     0.067507391       3512.8591      -25.340299       -27.371739         2.0314397       3512.8591                           3082.2321                   21.7634                 400.17726                       8.686334
              1       1731.1347   2.1480469e-09      0.97683227       68.460212      0.02260688      0.11785859     0.067507391       3512.9499      -25.340299       -27.371739         2.0314397       3512.9499                           3082.3376                 21.746911                 400.17726                      8.6881622
              5       1731.0154   2.1543757e-09      0.97381405        68.29123      0.02264903      0.11856328     0.067653512       3512.7114      -25.340299       -27.371739         2.0314397       3512.7114                           3080.9028                 22.365874                 400.46862                      8.9741314
              3        1730.951   2.1539612e-09      0.97441852        68.38696     0.022666265      0.11831819      0.06789957       3512.5827      -25.340299       -27.371739         2.0314397       3512.5827                           3080.9461                 22.255751                 400.55661                      8.8241858
              3       1730.7531   2.1531812e-09      0.97385479        68.38696     0.022666265      0.11831819      0.06789957       3512.1868      -25.340299       -27.371739         2.0314397       3512.1868                           3080.5301                 22.336621                 400.54963                      8.7704124
              1       1730.5801    2.154587e-09      0.97223757        68.38696     0.022666265      0.11831819      0.06789957       3511.8409      -25.340299       -27.371739         2.0314397       3511.8409                           3079.7673                 22.690598                 400.62079                      8.7621688
              3       1731.5409   2.1528827e-09      0.97265775         68.4331     0.022666251      0.11835855     0.067280414       3513.7623      -25.340299       -27.371739         2.0314397       3513.7623                           3082.0906                 22.621886                 400.27433                       8.775493
              1       1731.4251   2.1501423e-09      0.97396132        68.26417     0.022536219      0.11843865     0.067114756       3513.5309      -25.340299       -27.371739         2.0314397       3513.5309                           3082.1785                 22.255636                 400.22534                       8.871414
              1       1730.6614   2.1473728e-09      0.97487293       68.482625     0.022605456      0.11792896      0.06696837       3512.0033      -25.340299       -27.371739         2.0314397       3512.0033                             3081.24                 22.107203                 400.01054                      8.6455228
              3       1730.1005   2.1491517e-09      0.97258445       68.289303     0.022648084      0.11789576     0.067670569       3510.8816      -25.340299       -27.371739         2.0314397       3510.8816                           3079.3989                 22.487749                 400.44625                      8.5487203
              2       1729.5544   2.1460694e-09      0.97214951       68.141124     0.022610606      0.11822158     0.066468772       3509.7894      -25.340299       -27.371739         2.0314397       3509.7894                           3078.6228                 22.536485                 399.95255                      8.6774909
              2       1729.1953   2.1477502e-09      0.97122798       68.122122     0.022635704      0.11847081     0.066270257       3509.0713      -25.340299       -27.371739         2.0314397       3509.0713                           3077.5627                 22.770826                 399.93124                      8.8065334
              5       1729.3707   2.1487006e-09       0.9715161       68.239067     0.022671535      0.11826504     0.066683662       3509.4221      -25.340299       -27.371739         2.0314397       3509.4221                            3077.958                 22.744979                 400.03064                      8.6884477
              4       1728.8923   2.1461515e-09       0.9712351        67.98516     0.022573362      0.11879297     0.065542636       3508.4651      -25.340299       -27.371739         2.0314397       3508.4651                           3077.0956                 22.733568                 399.61341                       9.022512
              7       1728.9122   2.1462554e-09      0.97124371       68.035432     0.022594782      0.11873513     0.065546202       3508.5049      -25.340299       -27.371739         2.0314397       3508.5049                           3077.1705                 22.751617                 399.60843                      8.9743608
              4       1729.6729   2.1492451e-09      0.97420064       68.431835     0.022622497      0.11775557      0.06788777       3510.0265      -25.340299       -27.371739         2.0314397       3510.0265                           3078.7769                 22.201983                 400.48682                       8.560756
              3       1731.6734   2.1491112e-09      0.97382237       68.760364      0.02280394      0.11703813     0.068336939       3514.0275      -25.340299       -27.371739         2.0314397       3514.0275                           3082.7277                 22.358613                 400.56395                      8.3772637
              2       1730.7551   2.1476465e-09      0.97434681       68.732754     0.022766333      0.11712671     0.067924353       3512.1909      -25.340299       -27.371739         2.0314397       3512.1909                           3081.2146                  22.24095                  400.3144                      8.4209453
              2       1730.1888     2.15427e-09      0.97343039       68.586056      0.02271086      0.11764246      0.06891114       3511.0583      -25.340299       -27.371739         2.0314397       3511.0583                           3079.1407                 22.445325                 400.98077                       8.491474
              4       1730.3605   2.1556771e-09      0.97307737       68.589517     0.022724092      0.11768677     0.069126088       3511.4015      -25.340299       -27.371739         2.0314397       3511.4015                           3079.2706                 22.534242                 401.10173                      8.4949036
              1       1730.8865   2.1533086e-09      0.96955731       67.837765     0.022579242      0.11879812     0.067639432       3512.4537      -25.340299       -27.371739         2.0314397       3512.4537                           3079.5336                 23.064107                 400.71977                      9.1362357
              3        1730.864   2.1561272e-09      0.96830239       67.837765     0.022579242      0.11879812     0.067639432       3512.4087      -25.340299       -27.371739         2.0314397       3512.4087                           3078.8342                 23.433436                 400.80734                      9.3337443
              5       1729.6655   2.1524871e-09      0.97127475       67.916046     0.022466006      0.11872808     0.067128512       3510.0116      -25.340299       -27.371739         2.0314397       3510.0116                           3077.6015                 22.745559                 400.46568                      9.1988776
              4       1729.6722   2.1526298e-09      0.97148755       67.916046     0.022466006      0.11872808     0.067128512       3510.0251      -25.340299       -27.371739         2.0314397       3510.0251                           3077.6549                 22.707865                 400.44222                      9.2201151
              2       1729.4916   2.1568462e-09      0.97026886       67.996737     0.022546924       0.1187477     0.067773119       3509.6637      -25.340299       -27.371739         2.0314397       3509.6637                           3076.5673                 23.051666                 400.77665                      9.2681331
              2       1729.6469   2.1577469e-09      0.97057018       68.173315     0.022607408      0.11850148     0.068082003       3509.9744      -25.340299       -27.371739         2.0314397       3509.9744                           3077.0075                 23.051019                  400.8676                      9.0483301
              1       1729.8438   2.1536839e-09      0.96917514       68.120653     0.022669296      0.11868337     0.066440009       3510.3682      -25.340299       -27.371739         2.0314397       3510.3682                           3077.7722                 23.370284                 400.08323                      9.1424523
              1       1730.2838    2.146283e-09      0.97249969       68.120653     0.022669296      0.11868337     0.066440009       3511.2482      -25.340299       -27.371739         2.0314397       3511.2482                           3080.0683                 22.446576                 399.92346                      8.8099112
              2       1730.2948   2.1463129e-09      0.97235263       68.120653     0.022669296      0.11868337     0.066440009       3511.2702      -25.340299       -27.371739         2.0314397       3511.2702                           3080.0527                 22.475453                 399.93696                      8.8051071
              1       1731.2513   2.1515654e-09      0.97327915        68.22306     0.022646631      0.11852821     0.068111103       3513.1833      -25.340299       -27.371739         2.0314397       3513.1833                           3081.3751                 22.327552                 400.69588                       8.784722
              4       1732.1399   2.1498874e-09      0.97444947        68.22306     0.022646631      0.11852821     0.068111103       3514.9603      -25.340299       -27.371739         2.0314397       3514.9603                            3083.476                 22.067227                 400.63576                      8.7812972
              2        1732.099   2.1493802e-09      0.97440452       68.152523     0.022618038      0.11864717     0.067916818       3514.8786      -25.340299       -27.371739         2.0314397       3514.8786                           3083.4082                 22.054766                 400.57412                      8.8415678
              1       1732.2754    2.149355e-09      0.97384602       68.152523     0.022618038      0.11864717     0.067916818       3515.2314      -25.340299       -27.371739         2.0314397       3515.2314                           3083.6603                 22.152689                  400.6011                      8.8173099
              1       1731.3014   2.1455712e-09      0.97306044       68.103259     0.022647139      0.11883228     0.066455731       3513.2835      -25.340299       -27.371739         2.0314397       3513.2835                           3082.2233                 22.301932                 399.90105                      8.8572472
              1       1729.8332   2.1495876e-09      0.97097819       68.103259     0.022647139      0.11883228     0.066455731        3510.347      -25.340299       -27.371739         2.0314397        3510.347                            3078.549                 22.830385                 399.99934                      8.9683171
              3       1729.5623   2.1452827e-09      0.97286913       68.220578     0.022622554       0.1184803     0.066040227       3509.8052      -25.340299       -27.371739         2.0314397       3509.8052                           3078.9479                 22.413843                 399.68409                      8.7593793
              1       1729.6899   2.1448173e-09      0.97304429       68.201586      0.02260499      0.11853445     0.065885317       3510.0604      -25.340299       -27.371739         2.0314397       3510.0604                            3079.276                 22.372347                 399.61826                      8.7937723
              1       1729.6704   2.1446696e-09      0.97229662       68.108781     0.022598141      0.11879313     0.065416067       3510.0214      -25.340299       -27.371739         2.0314397       3510.0214                           3079.1308                 22.517629                 399.44928                      8.9236757
              5       1729.0007    2.136868e-09      0.97276385       68.133652     0.022618845       0.1186326     0.063610616       3508.6821      -25.340299       -27.371739         2.0314397       3508.6821                           3078.8749                 22.386062                 398.64024                      8.7808469
              1       1731.5089   2.1238363e-09      0.97265829       67.869072     0.022533191      0.11945474     0.058979746       3513.6984      -25.340299       -27.371739         2.0314397       3513.6984                           3085.1041                 22.347108                 397.06602                       9.181223
              5       1730.3176   2.1225591e-09       0.9717942       67.869072     0.022533191      0.11945474     0.058979746       3511.3159      -25.340299       -27.371739         2.0314397       3511.3159                           3082.7169                 22.468878                 397.05774                      9.0723712
              3        1730.683   2.1224953e-09      0.97064409       67.823433     0.022566831      0.11970104     0.058337822       3512.0466      -25.340299       -27.371739         2.0314397       3512.0466                            3083.225                 22.731451                 396.88495                      9.2052411
              2       1731.4238   2.1227317e-09      0.97191696       67.977953     0.022571448      0.11939095     0.058859822       3513.5281      -25.340299       -27.371739         2.0314397       3513.5281                           3085.0492                 22.491619                 396.96591                      9.0213723
              1       1731.2947   2.1246116e-09      0.96955205       67.977953     0.022571448      0.11939095     0.058859822         3513.27      -25.340299       -27.371739         2.0314397         3513.27                           3084.1818                 23.020666                 397.06253                      9.0050507
              6       1732.0663   2.1215142e-09      0.96992054       67.862984     0.022508505      0.11960628     0.057951957       3514.8132      -25.340299       -27.371739         2.0314397       3514.8132                           3085.9794                 22.892429                 396.79745                      9.1439124
              1       1730.3771   2.1221013e-09       0.9683013       67.780659     0.022555415       0.1197448     0.057744196       3511.4348      -25.340299       -27.371739         2.0314397       3511.4348                           3082.1846                 23.251124                 396.76808                      9.2310158
              2       1729.6138   2.1367487e-09      0.96823795       68.015456      0.02263422      0.11888306     0.062967932       3509.9082      -25.340299       -27.371739         2.0314397       3509.9082                           3079.2404                 23.323265                 398.56149                      8.7830206
              1       1729.5417   2.1351761e-09      0.96835648       68.060093     0.022656215      0.11876918     0.062665617       3509.7639      -25.340299       -27.371739         2.0314397       3509.7639                           3079.3494                 23.297877                 398.41589                      8.7007379
              4       1728.8696   2.1334345e-09      0.97093742       68.060093     0.022656215      0.11876918     0.062665617       3508.4198      -25.340299       -27.371739         2.0314397       3508.4198                           3078.6883                 22.704184                 398.29681                      8.7304948
              1       1729.9924   2.1244385e-09      0.96865328       67.261474     0.022419161      0.12060227      0.05815235       3510.6653      -25.340299       -27.371739         2.0314397       3510.6653                           3080.4673                  23.01909                 396.96835                      10.210607
              5       1730.0644   2.1136374e-09      0.97139863       67.329757     0.022362227      0.12005007     0.056682124       3510.8094      -25.340299       -27.371739         2.0314397       3510.8094                           3082.4525                 22.339927                 396.51793                      9.4989987
              1       1731.0883   2.1149971e-09      0.97171764       67.329757     0.022362227      0.12005007     0.056682124       3512.8571      -25.340299       -27.371739         2.0314397       3512.8571                           3084.3927                 22.322794                 396.51793                      9.6237064
              1       1731.2825   2.1221189e-09       0.9687547       67.013946     0.022332523      0.12094303     0.057096832       3513.2456      -25.340299       -27.371739         2.0314397       3513.2456                           3082.7446                 22.950355                 396.73259                      10.818053
              3       1730.1897   2.1256624e-09      0.96707482       67.316365     0.022559218      0.12025082     0.058336563       3511.0599      -25.340299       -27.371739         2.0314397       3511.0599                           3080.5834                 23.435719                 397.02626                      10.014554
              1       1729.9778   2.1221964e-09      0.96860914       67.316365     0.022559218      0.12025082     0.058336563       3510.6361      -25.340299       -27.371739         2.0314397       3510.6361                           3080.9613                 22.988332                  396.9798                      9.7066931
              1       1731.1246   2.1233779e-09      0.96867306       67.185147     0.022500181      0.12024353     0.059092612       3512.9299      -25.340299       -27.371739         2.0314397       3512.9299                             3083.05                  22.90126                 397.21536                      9.7633104
              4       1730.9119   2.1237722e-09      0.96770127       67.185147     0.022500181      0.12024353     0.059092612       3512.5044      -25.340299       -27.371739         2.0314397       3512.5044                           3082.3879                 23.116006                 397.24875                      9.7517588
              2       1731.6086   2.1296596e-09      0.96548236       67.185147     0.022500181      0.12024353     0.059092612       3513.8979      -25.340299       -27.371739         2.0314397       3513.8979                           3082.3551                  23.81761                 397.36148                      10.363698
              2       1730.9842   2.1257501e-09      0.96558308       67.185147     0.022500181      0.12024353     0.059092612        3512.649      -25.340299       -27.371739         2.0314397        3512.649                           3081.8229                 23.649552                 397.31796                       9.858649
              1       1731.3065   2.1262546e-09      0.96555203       67.217221     0.022516206      0.12016075     0.059309352       3513.2935      -25.340299       -27.371739         2.0314397       3513.2935                           3082.4627                 23.665761                 397.39002                      9.7750408
              5       1730.5612   2.1278225e-09      0.96535704       67.471014      0.02262857      0.11997704     0.059335269       3511.8029      -25.340299       -27.371739         2.0314397       3511.8029                           3081.0142                 23.853586                 397.38226                      9.5528528
              7       1729.5138   2.1268418e-09      0.96597753        67.21606     0.022479885      0.12040336     0.059033048       3509.7082      -25.340299       -27.371739         2.0314397       3509.7082                           3078.7523                 23.596781                 397.32341                      10.035687
              1       1729.4088   2.1282348e-09      0.96608369       67.237369     0.022476488      0.12042203     0.059336388       3509.4982      -25.340299       -27.371739         2.0314397       3509.4982                             3078.41                 23.590596                 397.41991                      10.077676
              4       1730.2084   2.1234991e-09      0.96911709       67.237369     0.022476488      0.12042203     0.059336388       3511.0974      -25.340299       -27.371739         2.0314397       3511.0974                           3081.2759                 22.783108                 397.31071                      9.7277346
              1       1730.3453   2.1252272e-09      0.96924855       67.270016     0.022478879      0.12035078     0.059898976       3511.3712      -25.340299       -27.371739         2.0314397       3511.3712                           3081.4322                 22.766326                  397.4876                       9.685026
              6       1730.3518   2.1242113e-09      0.96993907       67.280883     0.022446474      0.12042226      0.05956439       3511.3842      -25.340299       -27.371739         2.0314397       3511.3842                           3081.6368                 22.625053                 397.38667                      9.7356863
              6       1730.3997   2.1241202e-09      0.96992555       67.280883     0.022446474      0.12042226      0.05956439       3511.4799      -25.340299       -27.371739         2.0314397       3511.4799                           3081.7419                 22.624783                 397.38667                      9.7265571
              1       1730.7394   2.1275105e-09      0.96945962       67.274933     0.022460265      0.12034036     0.060611924       3512.1595      -25.340299       -27.371739         2.0314397       3512.1595                           3082.0055                 22.722979                 397.72128                      9.7097394
              4       1729.4275   2.1308521e-09      0.96851878       67.274933     0.022460265      0.12034036     0.060611924       3509.5356      -25.340299       -27.371739         2.0314397       3509.5356                           3078.7032                 23.023622                 397.80368                      10.005047
              2       1729.3491   2.1357206e-09      0.96931118       67.722406     0.022604724      0.11966195     0.062238471       3509.3788      -25.340299       -27.371739         2.0314397       3509.3788                           3078.7568                 23.009404                 398.28243                      9.3301985
              1       1729.3722   2.1352481e-09      0.96930661       67.785562     0.022640311       0.1194622     0.062348396       3509.4249      -25.340299       -27.371739         2.0314397       3509.4249                            3078.968                 23.016626                  398.2899                      9.1503908
              3       1729.2375     2.13463e-09      0.96958883       67.797775     0.022633558      0.11943045     0.062264068       3509.1556      -25.340299       -27.371739         2.0314397       3509.1556                           3078.8548                  22.95085                 398.22941                      9.1205397
              1       1729.7815   2.1292502e-09      0.96920672       67.361628     0.022481809      0.11991508     0.060963174       3510.2436      -25.340299       -27.371739         2.0314397       3510.2436                           3079.9966                 22.845068                 397.86658                      9.5353335
              8       1729.5273   2.1305596e-09      0.96861042       67.361628     0.022481809      0.11991508     0.060963174       3509.7352      -25.340299       -27.371739         2.0314397       3509.7352                           3079.2043                 23.010527                 397.89079                      9.6295354
              1       1729.6872   2.1198865e-09      0.96930297       67.140901      0.02237657      0.12039319     0.057761134       3510.0549      -25.340299       -27.371739         2.0314397       3510.0549                           3080.4729                 22.767256                 396.85511                      9.9596428
              4       1729.6433   2.1199382e-09      0.96934143       67.156062     0.022381548      0.12036366     0.057801266       3509.9672      -25.340299       -27.371739         2.0314397       3509.9672                           3080.3978                 22.762781                 396.88028                      9.9263216
              1       1729.2228   2.1236306e-09      0.96810546       67.196181     0.022445123      0.12048123      0.05820699       3509.1262      -25.340299       -27.371739         2.0314397       3509.1262                           3078.8863                 23.099922                 397.02421                      10.115818
              4       1729.2369   2.1231598e-09      0.96837362       67.196181     0.022445123      0.12048123      0.05820699       3509.1543      -25.340299       -27.371739         2.0314397       3509.1543                             3079.04                  23.02777                 397.01092                      10.075591
              3       1729.0791   2.1234993e-09       0.9668651       67.196181     0.022445123      0.12048123      0.05820699       3508.8387      -25.340299       -27.371739         2.0314397       3508.8387                           3078.4229                 23.360411                 397.02775                      10.027668
              3       1729.8986   2.1208686e-09      0.97016101       67.196181     0.022445123      0.12048123      0.05820699       3510.4777      -25.340299       -27.371739         2.0314397       3510.4777                           3081.0047                 22.595693                 396.95078                      9.9265402
             10       1729.6924   2.1212694e-09      0.97021542       67.272824     0.022474434      0.12039783     0.058277675       3510.0654      -25.340299       -27.371739         2.0314397       3510.0654                           3080.6667                 22.614804                 396.95681                      9.8270154
              2        1732.504   2.1249881e-09      0.97106653       67.272824     0.022474434      0.12039783     0.058277675       3515.6886      -25.340299       -27.371739         2.0314397       3515.6886                           3085.8738                 22.568382                 396.95058                      10.295784
              2       1732.2981   2.1288609e-09      0.97196396       67.410054     0.022472539      0.12023401     0.059472072       3515.2768      -25.340299       -27.371739         2.0314397       3515.2768                           3085.3935                  22.43414                 397.30026                      10.148894
              3       1731.7468   2.1305455e-09      0.97143677       67.418719      0.02249875      0.12022015     0.059840434       3514.1742      -25.340299       -27.371739         2.0314397       3514.1742                           3084.0403                 22.555277                 397.40979                      10.168783
              2        1731.453   2.1311679e-09      0.97115645       67.363013     0.022488241      0.12025364     0.060054729       3513.5867      -25.340299       -27.371739         2.0314397       3513.5867                           3083.2611                 22.591594                 397.49281                       10.24113
              1         1730.79   2.1368008e-09      0.97159775       67.558439     0.022533883      0.11993937     0.061798971       3512.2606      -25.340299       -27.371739         2.0314397       3512.2606                           3081.6379                  22.57176                 398.09549                      9.9553917
              3       1731.0851   2.1390264e-09       0.9699224       67.493469     0.022576515      0.12025972     0.061588108       3512.8509      -25.340299       -27.371739         2.0314397       3512.8509                           3081.4144                 22.966589                 398.07497                      10.394936
              2       1731.2852   2.1452966e-09      0.97060492       68.004911     0.022766663      0.11912964     0.064370514        3513.251      -25.340299       -27.371739         2.0314397        3513.251                           3082.0419                 22.953697                 399.02286                      9.2325683
              2       1730.6282   2.1434567e-09      0.97165646        67.96558     0.022706261      0.11901626     0.064432374       3511.9369      -25.340299       -27.371739         2.0314397       3511.9369                           3081.1112                 22.670659                 399.02151                      9.1335132
              1       1731.2109   2.1428483e-09      0.97192963       67.852276     0.022652596      0.11894155     0.064823816       3513.1024      -25.340299       -27.371739         2.0314397       3513.1024                           3082.2793                 22.537787                 399.18816                      9.0970955
              1       1731.3823   2.1390385e-09      0.97446197       67.633289     0.022422524      0.11943028     0.063867339       3513.4452      -25.340299       -27.371739         2.0314397       3513.4452                           3083.1527                 21.957627                 398.80729                      9.5275422
              2       1732.7671   2.1267404e-09      0.97623243       67.802482     0.022459079      0.11897767     0.061264531       3516.2148      -25.340299       -27.371739         2.0314397       3516.2148                           3087.8167                 21.627324                  397.6866                      9.0842004
              4       1730.5482   2.1274953e-09      0.97444348       67.802482     0.022459079      0.11897767     0.061264531        3511.777      -25.340299       -27.371739         2.0314397        3511.777                           3083.0981                 21.937409                 397.70926                      9.0322083
              1       1730.4312   2.1310772e-09      0.97232154       67.802482     0.022459079      0.11897767     0.061264531        3511.543      -25.340299       -27.371739         2.0314397        3511.543                           3082.1524                 22.419346                 397.84628                      9.1249525
              7       1730.7449   2.1319539e-09      0.97197828        67.76513     0.022449651      0.11920593     0.061057932       3512.1705      -25.340299       -27.371739         2.0314397       3512.1705                            3082.589                 22.506571                 397.76786                       9.307029
              2       1730.8051   2.1308251e-09       0.9734476       68.279009     0.022620287      0.11820246     0.061654089       3512.2908      -25.340299       -27.371739         2.0314397       3512.2908                           3083.4903                 22.325047                 397.82022                      8.6552285
              1       1731.8006   2.1243066e-09      0.97424873       68.043289     0.022496095      0.11849176     0.060085809       3514.2817      -25.340299       -27.371739         2.0314397       3514.2817                           3086.1353                 22.064534                 397.27573                      8.8062041
              2       1732.6956   2.1252717e-09       0.9772982       68.462764     0.022540283      0.11740175     0.062052204       3516.0719      -25.340299       -27.371739         2.0314397       3516.0719                           3088.0455                 21.562342                 397.77675                      8.6872386
              2       1734.5046   2.1244662e-09      0.97817497       68.519495     0.022512612      0.11752806      0.06155443       3519.6898      -25.340299       -27.371739         2.0314397       3519.6898                           3091.8626                 21.448908                 397.59822                      8.7800206
              9       1734.5749   2.1252391e-09      0.97815416       68.458585     0.022482518      0.11762872     0.061731709       3519.8303      -25.340299       -27.371739         2.0314397       3519.8303                           3091.9347                 21.439237                 397.66762                      8.7888033
              1       1733.5697   2.1250379e-09      0.97787653       68.399905     0.022477331      0.11758134     0.061902108         3517.82      -25.340299       -27.371739         2.0314397         3517.82                           3089.8835                 21.455511                 397.72344                      8.7575307
              3       1734.8227   2.1316096e-09      0.97733334       68.048847     0.022315164      0.11824528     0.063247175       3520.3259      -25.340299       -27.371739         2.0314397       3520.3259                           3091.5086                 21.484644                 398.41185                      8.9208054
              2       1736.0209   2.1316517e-09      0.97757436       67.956511     0.022260956      0.11835414     0.063350509       3522.7225      -25.340299       -27.371739         2.0314397       3522.7225                           3093.8142                 21.415977                 398.49889                      8.9933543
              2       1734.9305   2.1362508e-09      0.97309918       67.956511     0.022260956      0.11835414     0.063350509       3520.5417      -25.340299       -27.371739         2.0314397       3520.5417                           3090.6685                 22.279465                 398.67554                      8.9181342
              1       1733.3673   2.1526713e-09      0.97296598       68.449333     0.022433836      0.11759085     0.068055736       3517.4152      -25.340299       -27.371739         2.0314397       3517.4152                           3085.5827                 22.515879                 400.71948                      8.5971184
              1       1733.1925   2.1527222e-09      0.97293188       68.450633     0.022436812       0.1175724     0.068099331       3517.0656      -25.340299       -27.371739         2.0314397       3517.0656                           3085.2334                 22.521775                   400.722                      8.5884396
              9       1732.1827   2.1478836e-09      0.97419909       69.011776     0.022657371      0.11641892     0.067805497        3515.046      -25.340299       -27.371739         2.0314397        3515.046                           3083.9355                 22.380015                 400.27721                      8.4533231
              2       1732.2039   2.1468411e-09      0.97413252       68.842236     0.022582144      0.11678665     0.067218022       3515.0884      -25.340299       -27.371739         2.0314397       3515.0884                           3084.2216                 22.348805                 400.06405                      8.4539492
              1       1731.5634    2.141935e-09      0.97602546       68.842236     0.022582144      0.11678665     0.067218022       3513.8074      -25.340299       -27.371739         2.0314397       3513.8074                           3083.2628                 21.871771                 399.97337                      8.6995088
              3       1731.5063    2.144156e-09      0.97526787       68.911837      0.02265668      0.11645552     0.068194652       3513.6932      -25.340299       -27.371739         2.0314397       3513.6932                           3082.6378                 22.020513                 400.37846                      8.6564602
              2       1730.8341   2.1417447e-09       0.9738358       68.460435     0.022531179      0.11724513     0.066895672       3512.3489      -25.340299       -27.371739         2.0314397       3512.3489                           3081.6758                 22.173463                 399.99165                      8.5079771
              1       1731.7616   2.1409598e-09      0.97472853       68.434026     0.022479828      0.11714684     0.067147694       3514.2038      -25.340299       -27.371739         2.0314397       3514.2038                           3083.6086                  21.96835                 400.05846                       8.568363
              1       1732.5718   2.1369959e-09      0.97478383       68.206028     0.022388235      0.11746338     0.066060194       3515.8242      -25.340299       -27.371739         2.0314397       3515.8242                            3085.708                 21.876479                 399.62533                      8.6144118
              4       1732.6355   2.1415072e-09      0.97281559       68.206028     0.022388235      0.11746338     0.066060194       3515.9515      -25.340299       -27.371739         2.0314397       3515.9515                            3085.338                 22.356383                 399.73952                      8.5175903
              2       1731.9527   2.1367102e-09      0.97371741       68.422382     0.022454131      0.11719486     0.064829727        3514.586      -25.340299       -27.371739         2.0314397        3514.586                           3084.7771                 22.228835                 399.08502                      8.4950637
              2       1731.9116   2.1401946e-09      0.97293441       68.408022     0.022479196      0.11716316      0.06575716       3514.5038      -25.340299       -27.371739         2.0314397       3514.5038                           3084.1594                  22.39229                 399.51176                      8.4403508
              7       1732.3021   2.1398814e-09      0.97320689        68.45722      0.02249196      0.11700381     0.065920771       3515.2849      -25.340299       -27.371739         2.0314397       3515.2849                           3084.9488                 22.338394                 399.56641                      8.4312489
              4       1732.9163   2.1308617e-09      0.97409613       68.288965     0.022397466      0.11732388     0.063401896       3516.5133      -25.340299       -27.371739         2.0314397       3516.5133                           3087.4136                  22.08589                 398.46808                      8.5457728
              3       1733.0896   2.1295369e-09      0.97563022       68.288965     0.022397466      0.11732388     0.063401896       3516.8597      -25.340299       -27.371739         2.0314397       3516.8597                           3088.0284                 21.788445                 398.42569                      8.6172006
              1       1732.9269   2.1297611e-09      0.97522134        68.28165     0.022416335      0.11731297     0.063429364       3516.5343      -25.340299       -27.371739         2.0314397       3516.5343                           3087.6623                 21.861015                 398.42662                       8.584372
              2       1733.1223   2.1305838e-09      0.97417049       68.244318      0.02245507      0.11732052     0.063547563       3516.9252      -25.340299       -27.371739         2.0314397       3516.9252                           3087.8619                 22.050409                 398.50159                      8.5113281
              1       1734.9486   2.1300026e-09      0.97462937       68.137384     0.022390529      0.11731935     0.063804063       3520.5777      -25.340299       -27.371739         2.0314397       3520.5777                           3091.4882                 21.906044                 398.63813                      8.5453433
              3       1735.8349   2.1236142e-09      0.97449231       68.137384     0.022390529      0.11731935     0.063804063       3522.3505      -25.340299       -27.371739         2.0314397       3522.3505                           3093.2234                 21.754836                 398.59517                      8.7770707
              1       1735.0085   2.1246115e-09      0.97597112       68.137384     0.022390529      0.11731935     0.063804063       3520.6977      -25.340299       -27.371739         2.0314397       3520.6977                           3091.8007                 21.546552                 398.58963                      8.7608085
              1       1734.8649   2.1247928e-09      0.97594367       68.145356     0.022394626      0.11731568     0.063832847       3520.4104      -25.340299       -27.371739         2.0314397       3520.4104                           3091.5085                 21.554763                  398.5896                      8.7575104
              3       1734.9193   2.1246791e-09      0.97607509       68.179314     0.022404447       0.1172436     0.063880686       3520.5192      -25.340299       -27.371739         2.0314397       3520.5192                           3091.6202                 21.540019                 398.58438                      8.7745802
              1       1735.2846   2.1238242e-09      0.97661826       68.179314     0.022404447       0.1172436     0.063880686       3521.2497      -25.340299       -27.371739         2.0314397       3521.2497                           3092.4154                 21.436644                 398.56186                      8.8358954
              2        1731.873    2.122117e-09      0.97613347       68.063223     0.022359517      0.11796939     0.062084741       3514.4266      -25.340299       -27.371739         2.0314397       3514.4266                           3086.1096                 21.546536                 397.95176                       8.818681
              7       1731.9294   2.1225291e-09      0.97590213       68.013842     0.022347082      0.11806073     0.062105155       3514.5393      -25.340299       -27.371739         2.0314397       3514.5393                           3086.1829                 21.576662                 397.96633                      8.8134589
              1       1732.2414   2.1255744e-09      0.97787858       68.474624     0.022443622      0.11729057      0.06361747       3515.1635      -25.340299       -27.371739         2.0314397       3515.1635                            3086.429                 21.356892                 398.40441                      8.9732206
              2       1731.6634   2.1205546e-09      0.97725543       68.915027     0.022705972      0.11644747      0.06259162       3514.0073      -25.340299       -27.371739         2.0314397       3514.0073                           3085.4221                  21.54741                 397.84318                      9.1946305
              2       1731.3863   2.1224145e-09      0.97411533       68.915027     0.022705972      0.11644747      0.06259162       3513.4532      -25.340299       -27.371739         2.0314397       3513.4532                           3084.4326                 22.116019                 397.92663                      8.9779769
              1       1731.4293    2.122489e-09      0.97412328       68.923174     0.022709082      0.11643337     0.062619846       3513.5391      -25.340299       -27.371739         2.0314397       3513.5391                           3084.4921                 22.116931                 397.94597                      8.9841165
              1       1732.7532    2.127587e-09      0.97263817       68.923174     0.022709082      0.11643337     0.062619846        3516.187      -25.340299       -27.371739         2.0314397        3516.187                            3087.089                 22.545184                  397.9864                      8.5664186
              1       1733.2843   2.1285805e-09      0.97548784       69.010152      0.02258757      0.11638647      0.06329747       3517.2493      -25.340299       -27.371739         2.0314397       3517.2493                            3088.207                 21.996958                 398.19279                      8.8524905
              1        1734.544   2.1323094e-09      0.97363242       68.893694     0.022599581      0.11703704     0.062908016       3519.7686      -25.340299       -27.371739         2.0314397       3519.7686                           3090.6146                 22.409783                  398.1722                      8.5720283
              1       1734.8797    2.132842e-09      0.97371451       68.893694     0.022599581      0.11703704     0.062908016         3520.44      -25.340299       -27.371739         2.0314397         3520.44                           3091.3046                 22.410638                 398.17197                      8.5528428
              1       1733.4548   2.1326647e-09      0.97441848       69.104621     0.022673484      0.11638925     0.063765099       3517.5901      -25.340299       -27.371739         2.0314397       3517.5901                           3088.2031                  22.28755                  398.4186                       8.680887
              1       1734.3395   2.1334172e-09      0.97511355       69.215891     0.022684087      0.11622318      0.06413485       3519.3596      -25.340299       -27.371739         2.0314397       3519.3596                           3089.8689                 22.182326                  398.5161                      8.7923515
              1       1734.3201   2.1325337e-09      0.97540573       69.164521      0.02264915      0.11627515     0.063989858       3519.3208      -25.340299       -27.371739         2.0314397       3519.3208                            3089.953                 22.101887                 398.45435                      8.8116014
              2       1732.8295   2.1443865e-09      0.97421436       69.001488     0.022600665      0.11638051     0.067319415       3516.3396      -25.340299       -27.371739         2.0314397       3516.3396                           3085.3962                 22.312853                 400.06011                      8.5704217
              1         1732.25   2.1437929e-09      0.97289324       68.795147     0.022571838      0.11686819     0.066459876       3515.1807      -25.340299       -27.371739         2.0314397       3515.1807                           3084.4027                 22.548053                 399.78456                      8.4453938
              1       1731.5189    2.142468e-09      0.97482524       68.795147     0.022571838      0.11686819     0.066459876       3513.7184      -25.340299       -27.371739         2.0314397       3513.7184                           3083.3861                 22.148058                  399.6497                      8.5344572
              4       1731.4251   2.1495578e-09       0.9733338       68.905408     0.022682134      0.11657513     0.068440072       3513.5308      -25.340299       -27.371739         2.0314397       3513.5308                           3081.9653                 22.504963                 400.66245                      8.3980649
              2       1732.5878   2.1439272e-09      0.97957738       68.905408     0.022682134      0.11657513     0.068440072       3515.8561      -25.340299       -27.371739         2.0314397       3515.8561                           3085.4463                 21.303129                 400.30172                      8.8049891
              1       1733.0617   2.1436235e-09      0.97994408       69.092649     0.022742302      0.11645305      0.06812446        3516.804      -25.340299       -27.371739         2.0314397        3516.804                           3086.5073                 21.306752                 400.10505                      8.8849065
              3       1732.8201   2.1433851e-09      0.97958632       69.063963     0.022748138      0.11652417     0.067919936       3516.3209      -25.340299       -27.371739         2.0314397       3516.3209                           3086.1056                 21.360471                 400.02116                      8.8336348
              1       1733.0969   2.1438347e-09      0.97809318       69.146937     0.022855898      0.11661082     0.067309252       3516.8744      -25.340299       -27.371739         2.0314397       3516.8744                           3086.7849                 21.665493                 399.74392                      8.6800851
              7       1732.7206    2.146193e-09      0.97650945       69.146937     0.022855898      0.11661082     0.067309252       3516.1217      -25.340299       -27.371739         2.0314397       3516.1217                           3085.7969                 21.991722                 399.80762                      8.5255228
              5       1731.8168   2.1533231e-09      0.97675441        68.98363     0.022738876      0.11690794     0.069192431       3514.3142      -25.340299       -27.371739         2.0314397       3514.3142                           3083.0616                 21.920773                 400.81385                      8.5179551
              2       1731.9134   2.1563819e-09      0.97607995       69.064278     0.022800695      0.11679111      0.06991922       3514.5073      -25.340299       -27.371739         2.0314397       3514.5073                           3082.7228                 22.087959                  401.2406                      8.4559123
              4       1730.4017   2.1566009e-09        0.974639       68.697363     0.022705998      0.11742189     0.069439047        3511.484      -25.340299       -27.371739         2.0314397        3511.484                           3079.5413                 22.275893                 401.17732                       8.489522
              1       1730.3495   2.1550579e-09      0.97434121        68.26041      0.02252412      0.11815486     0.068685228       3511.3797      -25.340299       -27.371739         2.0314397       3511.3797                           3079.3534                  22.20256                 400.99858                      8.8250952
              3       1730.2437   2.1557336e-09      0.97375101        68.26041      0.02252412      0.11815486     0.068685228       3511.1679      -25.340299       -27.371739         2.0314397       3511.1679                           3078.9876                 22.331217                 401.02001                      8.8290892
             10       1730.4713     2.16309e-09      0.96901766       68.001986     0.022611019      0.11906409     0.068605363       3511.6232      -25.340299       -27.371739         2.0314397       3511.6232                           3077.2353                 23.430016                 401.30913                      9.6487434
              1        1730.623   2.1632718e-09      0.96863637       68.001986     0.022611019      0.11906409     0.068605363       3511.9265      -25.340299       -27.371739         2.0314397       3511.9265                           3077.4479                 23.521769                 401.30729                      9.6495878
              2       1730.1025   2.1605911e-09      0.96947526       67.939405     0.022551891       0.1190469     0.068252764       3510.8856      -25.340299       -27.371739         2.0314397       3510.8856                           3076.9113                 23.261748                 401.11972                      9.5928835
              3       1729.8462   2.1611652e-09      0.96974319       68.062902     0.022598829       0.1187039     0.068835856       3510.3731      -25.340299       -27.371739         2.0314397       3510.3731                           3076.5471                 23.221542                 401.34392                       9.260558
              1       1730.1752   2.1638397e-09      0.96952141       68.059362     0.022598821      0.11871796     0.069516514        3511.031      -25.340299       -27.371739         2.0314397        3511.031                           3076.6884                 23.286049                 401.74163                      9.3149581
              3       1730.5883   2.1648152e-09      0.96857319       68.088699     0.022656693      0.11874615      0.06945008       3511.8571      -25.340299       -27.371739         2.0314397       3511.8571                           3077.2451                 23.549702                 401.70503                      9.3572981
              2       1730.5978   2.1583945e-09      0.97334783       68.303082     0.022533653      0.11813531     0.069283701       3511.8763      -25.340299       -27.371739         2.0314397       3511.8763                           3079.2668                 22.440883                 401.34427                      8.8243404
              1       1730.9565   2.1587319e-09      0.97199394       68.303082     0.022533653      0.11813531     0.069283701       3512.5937      -25.340299       -27.371739         2.0314397       3512.5937                            3079.682                 22.715526                 401.41194                      8.7841835
              3       1729.9477   2.1543505e-09      0.97186765        68.26893     0.022544846      0.11810322     0.068212911       3510.5761      -25.340299       -27.371739         2.0314397       3510.5761                           3078.2877                 22.704244                 400.85447                      8.7296115
              2       1730.2683   2.1506786e-09      0.97457436        68.26893     0.022544846      0.11810322     0.068212911       3511.2172      -25.340299       -27.371739         2.0314397       3511.2172                           3079.7161                 22.084599                 400.70068                      8.7158072
              1        1730.048   2.1487096e-09      0.97471167       68.297986     0.022557644      0.11806993     0.067676155       3510.7767      -25.340299       -27.371739         2.0314397       3510.7767                            3079.639                 22.062811                 400.37907                      8.6957675
              2       1730.1476   2.1483239e-09      0.97447958       68.297986     0.022557644      0.11806993     0.067676155       3510.9758      -25.340299       -27.371739         2.0314397       3510.9758                           3079.8151                 22.092561                 400.38778                      8.6803645
              3        1730.152   2.1482501e-09      0.97446094       68.290725     0.022555396      0.11808542     0.067640323       3510.9847      -25.340299       -27.371739         2.0314397       3510.9847                           3079.8164                 22.094382                 400.38803                        8.68582
              4       1729.6626   2.1467709e-09      0.97336892       68.466765     0.022697396      0.11789499     0.066891697       3510.0058      -25.340299       -27.371739         2.0314397       3510.0058                           3079.0945                 22.380222                  399.9923                      8.5387752
              1       1729.6175   2.1476433e-09      0.97325323       68.341518     0.022638612      0.11818194     0.066868426       3509.9157      -25.340299       -27.371739         2.0314397       3509.9157                           3078.8364                 22.379408                 400.04097                      8.6588824
              5       1729.5307   2.1432288e-09      0.97405637        68.19388     0.022548574      0.11829963     0.065991491        3509.742      -25.340299       -27.371739         2.0314397        3509.742                            3079.243                 22.140016                 399.62075                      8.7382458
              1       1729.4609    2.142091e-09      0.97399173       68.295072     0.022599619      0.11821801     0.065531972       3509.6024      -25.340299       -27.371739         2.0314397       3509.6024                           3079.3189                 22.190401                 399.40925                       8.683798
              6       1729.6933    2.146432e-09      0.97351162       68.488129      0.02270163      0.11784284     0.066874038       3510.0672      -25.340299       -27.371739         2.0314397       3510.0672                           3079.2105                 22.353336                 399.97666                      8.5267724
              3       1732.3461   2.1393643e-09      0.97662573       69.107227     0.022847701      0.11681987     0.065865268       3515.3727      -25.340299       -27.371739         2.0314397       3515.3727                           3085.6626                 21.887772                  399.1441                      8.6782576
              1        1732.768   2.1406003e-09      0.97730602       69.144085     0.022823591      0.11675615     0.066370278       3516.2165      -25.340299       -27.371739         2.0314397       3516.2165                           3086.2861                 21.772994                 399.40999                      8.7474076
              1       1732.5282   2.1403176e-09      0.97682141       69.097355     0.022827257      0.11687522     0.066078929        3515.737      -25.340299       -27.371739         2.0314397        3515.737                           3085.9254                 21.854964                  399.2722                      8.6844236
              4       1733.0451   2.1374662e-09      0.97732608       69.071535     0.022796751      0.11696033     0.065278615       3516.7709      -25.340299       -27.371739         2.0314397       3516.7709                           3087.3667                 21.751327                  398.9127                      8.7401831
              1       1732.1075   2.1367049e-09      0.97724216       68.900219      0.02272699      0.11718549     0.065081287       3514.8956      -25.340299       -27.371739         2.0314397       3514.8956                           3085.5805                 21.712605                 398.89197                      8.7104859
              1        1732.128   2.1363501e-09      0.97740742       68.875371     0.022708517      0.11721085     0.065035615       3514.9366      -25.340299       -27.371739         2.0314397       3514.9366                           3085.6632                 21.673362                 398.87476                      8.7251977
              1       1731.3582   2.1360121e-09      0.97679706       68.759216     0.022688848       0.1174002     0.064762199       3513.3971      -25.340299       -27.371739         2.0314397       3513.3971                           3084.1609                 21.753142                 398.81339                      8.6695832
              1       1730.8897   2.1403159e-09      0.97659649        68.78482     0.022699377      0.11727043     0.066124629         3512.46      -25.340299       -27.371739         2.0314397         3512.46                            3082.593                 21.797589                 399.43606                      8.6332923
              2       1730.9279   2.1454063e-09      0.97297206        68.78482     0.022699377      0.11727043     0.066124629       3512.5364      -25.340299       -27.371739         2.0314397       3512.5364                           3081.9438                 22.597247                 399.57537                      8.4199755
              6       1731.4986   2.1463499e-09      0.97366823        68.78482     0.022699377      0.11727043     0.066124629       3513.6777      -25.340299       -27.371739         2.0314397       3513.6777                           3083.2095                 22.492155                 399.54155                      8.4344902
              2        1730.674   2.1437483e-09       0.9746323        68.78482     0.022699377      0.11727043     0.066124629       3512.0286      -25.340299       -27.371739         2.0314397       3512.0286                           3081.8214                 22.233749                 399.48654                      8.4868442
              6       1730.5239   2.1443185e-09      0.97400703       68.639424     0.022659284      0.11760438      0.06587554       3511.7284      -25.340299       -27.371739         2.0314397       3511.7284                           3081.4221                 22.333868                 399.45183                      8.5205729
              3       1730.4721   2.1437307e-09      0.97408415       68.648164     0.022662306      0.11756882     0.065777958       3511.6247      -25.340299       -27.371739         2.0314397       3511.6247                           3081.3765                 22.315752                 399.41815                      8.5143561
              1       1729.8089    2.145867e-09      0.97103695       68.194654     0.022619997      0.11804681     0.066109025       3510.2983      -25.340299       -27.371739         2.0314397       3510.2983                           3079.0873                  22.81143                 399.79361                      8.6060214
              1       1730.1688   2.1442873e-09      0.97048034       68.194654     0.022619997      0.11804681     0.066109025       3511.0181      -25.340299       -27.371739         2.0314397       3511.0181                           3079.8208                 22.872934                 399.79029                      8.5341506
              1       1729.5552   2.1435516e-09      0.97117907       68.373707     0.022662948      0.11787186     0.065878623        3509.791      -25.340299       -27.371739         2.0314397        3509.791                           3078.9098                 22.785701                 399.61959                      8.4758942
              1       1729.1571   2.1367516e-09      0.97243088       68.088938     0.022488375      0.11833903     0.064083521       3508.9948      -25.340299       -27.371739         2.0314397       3508.9948                            3079.014                 22.397387                 398.87613                      8.7073379
              1       1729.3312   2.1352284e-09      0.97365661       68.088938     0.022488375      0.11833903     0.064083521        3509.343      -25.340299       -27.371739         2.0314397        3509.343                           3079.6777                 22.128455                 398.81273                      8.7241031
              2       1729.4202   2.1350491e-09      0.97128331       67.771285     0.022451308      0.11927823     0.062487937       3509.5211      -25.340299       -27.371739         2.0314397       3509.5211                            3079.358                 22.588247                 398.36757                      9.2072694
              4       1729.4156    2.134855e-09      0.97121541       67.771285     0.022451308      0.11927823     0.062487937       3509.5119      -25.340299       -27.371739         2.0314397       3509.5119                            3079.358                 22.595364                 398.36757                      9.1909523
              1       1728.8457   2.1365937e-09      0.97187386       68.015534     0.022538329      0.11852286     0.064001832       3508.3721      -25.340299       -27.371739         2.0314397       3508.3721                           3078.2875                 22.484911                 398.86779                      8.7318621
              1       1728.8806   2.1371853e-09      0.97140368       67.983814     0.022546406      0.11858364     0.064037785       3508.4418      -25.340299       -27.371739         2.0314397       3508.4418                           3078.2122                 22.580309                 398.89684                      8.7524923
              1       1728.8819   2.1373113e-09      0.97128447       67.983814     0.022546406      0.11858364     0.064037785       3508.4444      -25.340299       -27.371739         2.0314397       3508.4444                           3078.1704                  22.60744                 398.91405                      8.7524688
              7        1728.791   2.1380472e-09      0.97102633       67.995967     0.022560574      0.11862462     0.064065557       3508.2625      -25.340299       -27.371739         2.0314397       3508.2625                           3077.8935                 22.680071                 398.91961                      8.7693647
              1       1730.6049   2.1441663e-09      0.97096475       68.569025     0.022797289      0.11791229     0.065563371       3511.8905      -25.340299       -27.371739         2.0314397       3511.8905                           3081.0961                  22.93344                 399.42063                      8.4402667
              1       1730.7028   2.1452047e-09      0.97122399       68.606928     0.022800014      0.11778196     0.066071783       3512.0863      -25.340299       -27.371739         2.0314397       3512.0863                           3081.1678                 22.880188                 399.62377                      8.4144925
              1       1730.7945   2.1472668e-09      0.97042815       68.606928     0.022800014      0.11778196     0.066071783       3512.2696      -25.340299       -27.371739         2.0314397       3512.2696                           3081.0761                  23.11477                 399.66158                      8.4171018
              4       1730.6871   2.1469147e-09      0.97137003       68.576243     0.022730695      0.11795672     0.065873369       3512.0549      -25.340299       -27.371739         2.0314397       3512.0549                           3081.0527                 22.898626                 399.58719                      8.5163775
             10       1730.7211   2.1475309e-09      0.97136152       68.622584      0.02275194      0.11784539      0.06614436       3512.1228      -25.340299       -27.371739         2.0314397       3512.1228                           3081.0562                 22.913354                 399.67862                      8.4746205
              1       1732.8018   2.1410865e-09      0.97085928        68.80047     0.022878022      0.11773011     0.063961566       3516.2842      -25.340299       -27.371739         2.0314397       3516.2842                           3086.1359                 23.094301                 398.66824                      8.3857408
              1       1733.1643   2.1423856e-09      0.97026969       68.813898     0.022912483      0.11768059     0.064273384       3517.0092      -25.340299       -27.371739         2.0314397       3517.0092                           3086.5897                    23.242                 398.82678                      8.3507912
              1       1732.9231   2.1384294e-09      0.97090344       68.813898     0.022912483      0.11768059     0.064273384       3516.5267      -25.340299       -27.371739         2.0314397       3516.5267                           3086.4313                 22.973233                 398.74081                      8.3813367
              1       1732.8105    2.129117e-09      0.97262176       68.693843     0.022832151       0.1171155     0.063614728       3516.3015      -25.340299       -27.371739         2.0314397       3516.3015                            3086.974                 22.415269                  398.3936                      8.5186662
              1       1729.7768   2.1245406e-09      0.96981789         67.8614     0.022601738      0.11875936     0.060742859       3510.2343      -25.340299       -27.371739         2.0314397       3510.2343                            3081.168                 22.794861                 397.61692                        8.65447
              2       1731.6326   2.1277382e-09      0.96584637         67.8614     0.022601738      0.11875936     0.060742859       3513.9459      -25.340299       -27.371739         2.0314397       3513.9459                           3083.7838                  23.76371                 397.76642                      8.6319811
              2       1729.8341    2.127389e-09       0.9676469       68.073519     0.022600255      0.11850321     0.060913908       3510.3488      -25.340299       -27.371739         2.0314397       3510.3488                           3080.6936                 23.393889                 397.72734                      8.5339696
              1       1729.2423   2.1272503e-09       0.9683744       68.073519     0.022600255      0.11850321     0.060913908       3509.1651      -25.340299       -27.371739         2.0314397       3509.1651                            3079.681                 23.231066                 397.69761                       8.555463
              2        1729.293   2.1236184e-09      0.97002114       68.073519     0.022600255      0.11850321     0.060913908       3509.2665      -25.340299       -27.371739         2.0314397       3509.2665                           3080.2964                 22.767348                 397.64499                      8.5577858
              4       1729.3701   2.1239238e-09      0.97010359       68.097155     0.022606347      0.11844838     0.061062584       3509.4208      -25.340299       -27.371739         2.0314397       3509.4208                           3080.4453                 22.755062                 397.67398                      8.5463878
              1       1728.6991   2.1250476e-09      0.97046907       68.097155     0.022606347      0.11844838     0.061062584       3508.0787      -25.340299       -27.371739         2.0314397       3508.0787                            3079.126                 22.718647                 397.66982                      8.5641855
              3       1728.5834   2.1247064e-09      0.97072677        68.13359     0.022609205      0.11842083     0.060967743       3507.8474      -25.340299       -27.371739         2.0314397       3507.8474                           3078.9721                 22.676195                 397.63297                      8.5660575
              3       1730.5868    2.131482e-09      0.96991267        68.13359     0.022609205      0.11842083     0.060967743       3511.8541      -25.340299       -27.371739         2.0314397       3511.8541                           3082.4083                 23.064778                 397.66034                      8.7206869
              6       1730.1876   2.1345933e-09      0.96889225       67.858877     0.022528825      0.11878674     0.061671262       3511.0559      -25.340299       -27.371739         2.0314397       3511.0559                           3080.7706                 23.213846                 398.04821                      9.0232072
              8       1729.5351   2.1259457e-09      0.97341003       67.858877     0.022528825      0.11878674     0.061671262       3509.7508      -25.340299       -27.371739         2.0314397       3509.7508                           3081.0242                 22.063277                 397.86601                      8.7973451
              2       1730.4972   2.1271419e-09      0.97353857       67.573837     0.022378001      0.11941277     0.061534925       3511.6749      -25.340299       -27.371739         2.0314397       3511.6749                           3082.5711                 21.980987                 397.92041                      9.2024238
              7       1730.5685   2.1268211e-09      0.97129992       67.573837     0.022378001      0.11941277     0.061534925       3511.8176      -25.340299       -27.371739         2.0314397       3511.8176                             3082.37                 22.370808                 397.99844                      9.0783631
              1       1730.1469   2.1272568e-09      0.97213811       67.573837     0.022378001      0.11941277     0.061534925       3510.9745      -25.340299       -27.371739         2.0314397       3510.9745                           3081.6432                 22.229721                 397.96203                      9.1395342
              1       1731.0019   2.1295421e-09      0.97375216       67.813289     0.022394123      0.11900579     0.062647148       3512.6844      -25.340299       -27.371739         2.0314397       3512.6844                           3083.4571                 21.979791                 398.27916                      8.9683957
              6       1730.8152   2.1234228e-09      0.97510944       67.962401     0.022417216      0.11866319     0.061504108       3512.3111      -25.340299       -27.371739         2.0314397       3512.3111                           3083.9009                 21.737183                 397.80056                      8.8723929
              2       1730.3286   2.1233935e-09      0.97382361       67.801753     0.022406048      0.11906585     0.060854569       3511.3378      -25.340299       -27.371739         2.0314397       3511.3378                           3082.8246                 21.953419                 397.59807                      8.9617893
              3       1730.3452   2.1239314e-09      0.97372255        67.76961     0.022396072      0.11908439     0.061041643        3511.371      -25.340299       -27.371739         2.0314397        3511.371                           3082.7521                 21.961144                 397.68562                      8.9722183
              1       1731.3821   2.1403268e-09      0.97247982       68.306871     0.022636568      0.11854553     0.064897569       3513.4447      -25.340299       -27.371739         2.0314397       3513.4447                           3083.1298                 22.459737                 399.15703                      8.6981818
              1       1731.2084   2.1384956e-09       0.9690709       67.623707     0.022496516      0.11997733     0.062677408       3513.0973      -25.340299       -27.371739         2.0314397       3513.0973                           3081.8373                 23.046992                 398.55834                       9.654751
              1       1730.6774   2.1395702e-09      0.96953014       67.623707     0.022496516      0.11997733     0.062677408       3512.0355      -25.340299       -27.371739         2.0314397       3512.0355                           3080.7302                 22.987489                 398.53075                      9.7869945
              2       1731.5062    2.135026e-09      0.97014555       67.618281     0.022474279      0.12006404     0.061362423        3513.693      -25.340299       -27.371739         2.0314397        3513.693                           3083.0823                 22.840782                  397.9807                      9.7891723
              1       1730.7099   2.1267789e-09      0.97141069       67.281393     0.022314194      0.11984377     0.060819968       3512.1003      -25.340299       -27.371739         2.0314397       3512.1003                           3082.4084                 22.328111                 397.79581                      9.5680429
              1       1730.0167    2.126709e-09      0.97087644       67.369839     0.022385772      0.11966798     0.060808258        3510.714      -25.340299       -27.371739         2.0314397        3510.714                           3081.0901                  22.46475                 397.77188                       9.387285
              1       1729.9887   2.1129297e-09      0.97212259       67.729702     0.022538884      0.11903656     0.057498801       3510.6579      -25.340299       -27.371739         2.0314397       3510.6579                           3082.9825                  22.26864                 396.59768                      8.8091017
              2        1730.018   2.1156524e-09      0.97215699       67.953043     0.022630465      0.11867394     0.058372934       3510.7165      -25.340299       -27.371739         2.0314397       3510.7165                           3082.9332                 22.333459                 396.79986                       8.650072
             10       1730.3102   2.1169406e-09      0.97177607       67.953043     0.022630465      0.11867394     0.058372934        3511.301      -25.340299       -27.371739         2.0314397        3511.301                           3083.3648                 22.443753                 396.83307                      8.6594566
              1       1730.1415   2.1180444e-09      0.97124346       67.975789     0.022660454      0.11875569     0.058327995       3510.9636      -25.340299       -27.371739         2.0314397       3510.9636                           3082.9079                 22.584947                 396.79476                      8.6760084
              4       1729.8861   2.1192007e-09      0.97074739       67.855757     0.022626807      0.11896095     0.058470232       3510.4528      -25.340299       -27.371739         2.0314397       3510.4528                           3082.1499                 22.660397                 396.86078                      8.7817355
              1       1730.5547   2.1181951e-09      0.97031845       67.846834     0.022650041      0.11896549     0.058122811         3511.79      -25.340299       -27.371739         2.0314397         3511.79                           3083.4956                 22.750902                 396.78062                      8.7628901
              1       1730.5256   2.1213871e-09      0.96697846        67.40351      0.02257965      0.12044225     0.056487645       3511.7317      -25.340299       -27.371739         2.0314397       3511.7317                            3081.637                 23.524035                 396.49076                      10.080005
              1       1729.2705   2.1183254e-09      0.96676991        67.40351      0.02257965      0.12044225     0.056487645       3509.2216      -25.340299       -27.371739         2.0314397       3509.2216                            3079.553                 23.459811                 396.49175                       9.717065
              4       1729.6169   2.1214247e-09      0.96624532       67.471771     0.022629667      0.12029566     0.057357691       3509.9144      -25.340299       -27.371739         2.0314397       3509.9144                           3079.9625                 23.620364                 396.71131                      9.6202333
              3       1729.5634   2.1202814e-09      0.96717098       67.471771     0.022629667      0.12029566     0.057357691       3509.8074      -25.340299       -27.371739         2.0314397       3509.8074                           3080.1897                 23.373948                 396.68987                       9.553945
              3        1729.365   2.1195323e-09        0.967407       67.448595     0.022611674       0.1202716     0.057318605       3509.4106      -25.340299       -27.371739         2.0314397       3509.4106                           3079.8964                 23.295903                 396.69175                      9.5264953
              1       1730.1267    2.122973e-09      0.96678485       67.541751     0.022675143      0.12013217     0.058173155        3510.934      -25.340299       -27.371739         2.0314397        3510.934                           3081.1021                 23.495701                 396.89918                      9.4369246
              1       1729.6725    2.124783e-09      0.96713621       67.478193     0.022617025      0.12030099     0.058572541       3510.0257      -25.340299       -27.371739         2.0314397       3510.0257                           3079.9212                 23.401344                 397.06415                      9.6390089
              1       1729.8705   2.1251524e-09      0.96669685       67.306588      0.02256733      0.12040817     0.058876934       3510.4216      -25.340299       -27.371739         2.0314397       3510.4216                           3080.0341                 23.423736                 397.15981                      9.8039069
              1       1730.6301   2.1245747e-09      0.96477824       66.996226     0.022516781      0.12119418     0.057571266       3511.9408      -25.340299       -27.371739         2.0314397       3511.9408                           3080.3011                 23.848734                 396.95036                       10.84055
              2       1730.5113    2.124644e-09      0.96513878       66.996226     0.022516781      0.12119418     0.057571266       3511.7032      -25.340299       -27.371739         2.0314397       3511.7032                           3080.1472                  23.76796                 396.91369                      10.874341
              1       1731.6076   2.1125487e-09      0.96825174       66.760836     0.022287502      0.12150857     0.054852545       3513.8958      -25.340299       -27.371739         2.0314397       3513.8958                           3083.7813                 22.881163                 396.25585                      10.977446
              1       1731.5688   2.1159945e-09      0.96978145       66.876905     0.022259968      0.12099853     0.056870041       3513.8182      -25.340299       -27.371739         2.0314397       3513.8182                           3084.2168                 22.536399                 396.66265                      10.402276
              2       1730.5583   2.1121447e-09      0.97015554       67.153835     0.022399277      0.12016977     0.056832631       3511.7972      -25.340299       -27.371739         2.0314397       3511.7972                           3083.2758                 22.474269                 396.59363                       9.453489
              3       1730.6877   2.1120127e-09       0.9704024       67.153835     0.022399277      0.12016977     0.056832631        3512.056      -25.340299       -27.371739         2.0314397        3512.056                           3083.5935                 22.424108                 396.58185                      9.4565218
              1       1729.1517   2.1121139e-09      0.97120127       67.493568     0.022506468      0.11977393     0.056846839        3508.984      -25.340299       -27.371739         2.0314397        3508.984                           3080.9723                 22.378845                 396.51205                      9.1208124
              6       1729.2573   2.1153823e-09      0.97008871       67.493568     0.022506468      0.11977393     0.056846839       3509.1952      -25.340299       -27.371739         2.0314397       3509.1952                           3080.7071                 22.692789                 396.52457                      9.2708199
              2       1729.4271   2.1155052e-09      0.97021318       67.493568     0.022506468      0.11977393     0.056846839       3509.5347      -25.340299       -27.371739         2.0314397       3509.5347                           3081.0514                 22.672373                 396.52491                       9.286004
              2       1729.4189   2.1153722e-09      0.97025864       67.506549     0.022510219      0.11975992     0.056809825       3509.5185      -25.340299       -27.371739         2.0314397       3509.5185                           3081.0797                 22.666997                 396.50034                      9.2714322
              5       1729.3285   2.1176905e-09      0.96994819       67.393276      0.02246193      0.12003164     0.057147177       3509.3376      -25.340299       -27.371739         2.0314397       3509.3376                           3080.4246                 22.718636                 396.64307                      9.5513055
              4       1729.2757   2.1217875e-09      0.97287013       67.718551     0.022452358      0.11921408     0.059653961        3509.232      -25.340299       -27.371739         2.0314397        3509.232                            3080.812                 22.165116                  397.2316                      9.0232663
              1       1729.3632   2.1214275e-09      0.97296757       67.719381     0.022448444       0.1192213     0.059554835        3509.407      -25.340299       -27.371739         2.0314397        3509.407                           3081.0366                 22.146011                 397.19623                      9.0282191
              3       1728.6467   2.1238213e-09      0.96967241       67.719381     0.022448444       0.1192213     0.059554835       3507.9741      -25.340299       -27.371739         2.0314397       3507.9741                           3078.8296                 22.843832                 397.30726                      8.9933444
              1       1730.9615   2.1185596e-09      0.96696274       67.029954     0.022277629      0.12072867     0.056372991       3512.6035      -25.340299       -27.371739         2.0314397       3512.6035                           3082.3037                 23.298919                 396.59021                      10.410676
              3       1731.0407   2.1170294e-09      0.96728239       67.078208     0.022287181      0.12067921     0.055971194       3512.7619      -25.340299       -27.371739         2.0314397       3512.7619                           3082.7529                 23.237738                 396.47385                      10.297469
              1         1729.88   2.1158806e-09      0.96602329       67.092907     0.022375454      0.12044809     0.055860247       3510.4406      -25.340299       -27.371739         2.0314397       3510.4406                           3080.4601                 23.517743                 396.43391                      10.028839
              1       1728.8557   2.1171672e-09      0.96835788       67.720554      0.02254642      0.11918418     0.057520136       3508.3919      -25.340299       -27.371739         2.0314397       3508.3919                           3079.7166                 23.127021                 396.68533                      8.8629606
              2       1728.5344    2.115194e-09      0.96835097       67.720554      0.02254642      0.11918418     0.057520136       3507.7494      -25.340299       -27.371739         2.0314397       3507.7494                           3079.2423                 23.060659                 396.67549                      8.7709213
              4       1728.6902    2.115361e-09      0.96754515       67.816512     0.022623047      0.11927401     0.056920391       3508.0611      -25.340299       -27.371739         2.0314397       3508.0611                           3079.4162                 23.326383                 396.53843                      8.7801043
              1       1728.6489   2.1228128e-09       0.9686215       67.744768     0.022513768      0.11916351     0.059665342       3507.9784      -25.340299       -27.371739         2.0314397       3507.9784                           3078.7861                 23.030965                 397.32783                      8.8335315
              3       1728.4949    2.124892e-09       0.9685195       67.744768     0.022513768      0.11916351     0.059665342       3507.6705      -25.340299       -27.371739         2.0314397       3507.6705                           3078.2653                  23.12354                 397.34498                       8.936682
              2       1728.5157   2.1253734e-09      0.96863487       67.779715     0.022523345        0.119075     0.059908336       3507.7121      -25.340299       -27.371739         2.0314397       3507.7121                           3078.3122                 23.104516                 397.41243                      8.8829798
              2       1729.9614   2.1292039e-09      0.96749764       68.135344     0.022723561       0.1187682     0.060335693       3510.6035      -25.340299       -27.371739         2.0314397       3510.6035                           3080.8785                 23.563586                 397.50036                      8.6610634
              2       1729.8234   2.1305299e-09      0.96784642        68.13007     0.022693231      0.11886957     0.060569356       3510.3274      -25.340299       -27.371739         2.0314397       3510.3274                           3080.5012                 23.492684                 397.59722                      8.7362733
              1       1730.4835   2.1322149e-09       0.9692178        68.13007     0.022693231      0.11886957     0.060569356       3511.6476      -25.340299       -27.371739         2.0314397       3511.6476                           3081.9513                 23.252304                 397.55787                       8.886064
              4       1731.0904   2.1287292e-09      0.96972277       67.944885     0.022587721      0.11929133     0.059345062       3512.8615      -25.340299       -27.371739         2.0314397       3512.8615                           3083.4288                 23.075059                 397.17798                      9.1795909
              5       1732.4106   2.1204379e-09      0.97552848       67.944885     0.022587721      0.11929133     0.059345062       3515.5019      -25.340299       -27.371739         2.0314397       3515.5019                           3087.6874                 21.752711                 397.03439                      9.0273905
              3       1729.5921   2.1260652e-09      0.96950245       67.944885     0.022587721      0.11929133     0.059345062       3509.8648      -25.340299       -27.371739         2.0314397       3509.8648                           3080.6723                 23.030518                   397.169                      8.9929581
              2       1729.4734   2.1230307e-09      0.96997113       67.944885     0.022587721      0.11929133     0.059345062       3509.6274      -25.340299       -27.371739         2.0314397       3509.6274                           3080.7606                 22.833754                 397.16526                      8.8678216
              7       1728.8719   2.1234904e-09      0.97010946       67.736914     0.022493564      0.11936753     0.059966712       3508.4244      -25.340299       -27.371739         2.0314397       3508.4244                           3079.3552                 22.699896                 397.41487                      8.9543875
              2       1728.9707    2.124658e-09      0.97150229          68.136     0.022602923      0.11863188     0.060953503        3508.622      -25.340299       -27.371739         2.0314397        3508.622                           3079.8476                 22.509546                 397.61382                       8.651022
              4       1729.0507   2.1291136e-09      0.96926365          68.136     0.022602923      0.11863188     0.060953503       3508.7821      -25.340299       -27.371739         2.0314397       3508.7821                            3079.352                 23.104479                 397.67298                      8.6525851
              2       1729.0884   2.1281637e-09      0.96902119       67.997905     0.022552905      0.11891533     0.060444672       3508.8574      -25.340299       -27.371739         2.0314397       3508.8574                           3079.3735                 23.120294                 397.56429                      8.7992642
              4       1730.2136   2.1278797e-09      0.96985233       68.395341     0.022690904      0.11832707     0.060601011       3511.1079      -25.340299       -27.371739         2.0314397       3511.1079                           3082.0225                 23.065505                 397.49592                      8.5239389
              2       1730.2163   2.1279219e-09       0.9698132       68.394797     0.022692534      0.11832965     0.060601063       3511.1131      -25.340299       -27.371739         2.0314397       3511.1131                            3082.019                 23.075018                 397.49592                      8.5231663
              2       1733.5582   2.1333255e-09      0.96932855       68.394797     0.022692534      0.11832965     0.060601063        3517.797      -25.340299       -27.371739         2.0314397        3517.797                           3088.2473                 23.366054                 397.51427                      8.6693652
              5        1733.135   2.1321595e-09      0.97063205       68.394797     0.022692534      0.11832965     0.060601063       3516.9506      -25.340299       -27.371739         2.0314397       3516.9506                           3087.7549                  23.04756                 397.48168                      8.6664487
              2       1732.9728   2.1253499e-09      0.97593286       68.394797     0.022692534      0.11832965     0.060601063       3516.6262      -25.340299       -27.371739         2.0314397       3516.6262                           3088.7625                 21.851328                 397.29831                      8.7140298
              1       1730.2826   2.1222173e-09      0.97457671       68.394797     0.022692534      0.11832965     0.060601063       3511.2459      -25.340299       -27.371739         2.0314397       3511.2459                           3083.2237                 21.992127                 397.33519                      8.6948532
              5       1729.4977   2.1193993e-09      0.97414469       67.883111     0.022497481      0.11896863     0.059897278       3509.6759      -25.340299       -27.371739         2.0314397       3509.6759                           3081.6775                 21.904021                  397.2236                      8.8708515
              1       1729.4258   2.1172518e-09      0.97227184       67.507103     0.022429093      0.11965165     0.058587155       3509.5322      -25.340299       -27.371739         2.0314397       3509.5322                           3081.2339                 22.170726                 396.96572                      9.1619227
              1       1730.7256   2.1126049e-09      0.97350481       67.432142     0.022352226      0.11961005     0.057855931       3512.1318      -25.340299       -27.371739         2.0314397       3512.1318                           3084.3467                 21.878783                 396.74434                      9.1619413
              1       1731.3733   2.1101702e-09      0.97367956       67.432142     0.022352226      0.11961005     0.057855931       3513.4272      -25.340299       -27.371739         2.0314397       3513.4272                            3085.788                 21.784006                 396.75941                      9.0957771
              1       1730.9907   2.1085943e-09      0.97267227       67.435437     0.022417989      0.11951575     0.057413144       3512.6621      -25.340299       -27.371739         2.0314397       3512.6621                           3085.1218                 21.959577                 396.60667                      8.9740031
              2       1731.1152   2.1087148e-09      0.97303372       67.435437     0.022417989      0.11951575     0.057413144       3512.9109      -25.340299       -27.371739         2.0314397       3512.9109                           3085.3993                 21.902243                 396.61661                      8.9927622
              4       1730.9994   2.1100619e-09      0.97268747       67.430259     0.022428398      0.11954394     0.057674036       3512.6793      -25.340299       -27.371739         2.0314397       3512.6793                           3085.0448                 21.972655                 396.66497                      8.9968748
              3       1731.6118   2.1183787e-09      0.97507148       68.123808     0.022602096       0.1181485     0.061385922       3513.9042      -25.340299       -27.371739         2.0314397       3513.9042                           3085.8457                 21.696039                 397.61112                      8.7513698
              1       1729.5631   2.1245835e-09      0.97065203       68.123808     0.022602096       0.1181485     0.061385922       3509.8068      -25.340299       -27.371739         2.0314397       3509.8068                           3080.8714                 22.662503                 397.77616                      8.4967406
              2       1730.0795   2.1269048e-09      0.97236109       68.123808     0.022602096       0.1181485     0.061385922       3510.8397      -25.340299       -27.371739         2.0314397       3510.8397                           3082.1412                  22.40768                 397.72393                      8.5668272
              2       1730.1924   2.1256488e-09      0.97232534       68.048946     0.022574544      0.11825745     0.061019952       3511.0655      -25.340299       -27.371739         2.0314397       3511.0655                           3082.4344                 22.387142                 397.63812                      8.6057794
              2       1730.6154   2.1296068e-09       0.9722095       67.880266      0.02249369      0.11839701     0.062307799       3511.9114      -25.340299       -27.371739         2.0314397       3511.9114                            3082.685                 22.353855                 398.17092                      8.7016884
              4       1729.6309    2.130809e-09      0.97104986       67.716202     0.022465035      0.11890713     0.061802716       3509.9425      -25.340299       -27.371739         2.0314397       3509.9425                           3080.3294                 22.589162                 398.03716                       8.986773
              4       1729.7822   2.1279076e-09      0.97098436        67.65123     0.022447754      0.11904701     0.060875651       3510.2451      -25.340299       -27.371739         2.0314397       3510.2451                           3080.9026                 22.578969                 397.70592                      9.0575239
              3       1730.4924   2.1265406e-09      0.97083048       67.387708     0.022329817      0.11968191     0.059885404       3511.6654      -25.340299       -27.371739         2.0314397       3511.6654                           3082.0379                 22.555914                 397.47378                      9.5977699
              1       1730.1796   2.1274046e-09      0.97118184       67.534676     0.022371078      0.11955011     0.060035229       3511.0398      -25.340299       -27.371739         2.0314397       3511.0398                           3081.5632                 22.541544                 397.47249                      9.4625139
              1       1729.8991   2.1305749e-09      0.97081123       67.527794      0.02237561      0.11957189     0.060817856       3510.4788      -25.340299       -27.371739         2.0314397       3510.4788                            3080.549                 22.630667                 397.77111                       9.527976
              2       1729.9791   2.1307542e-09      0.97080359       67.527794      0.02237561      0.11957189     0.060817856       3510.6388      -25.340299       -27.371739         2.0314397       3510.6388                           3080.6701                 22.637857                 397.78748                      9.5433783
              1       1730.4191   2.1209831e-09      0.97229679        67.73622     0.022434798      0.11908092     0.058827655       3511.5189      -25.340299       -27.371739         2.0314397       3511.5189                           3083.1219                 22.335216                 397.02963                      9.0320837
              3       1730.9125   2.1204061e-09      0.97167408       67.678665     0.022434167      0.11939561      0.05803475       3512.5056      -25.340299       -27.371739         2.0314397       3512.5056                           3083.9872                 22.478524                 396.81026                      9.2296699
              2       1731.6251   2.1112703e-09      0.97059873       67.678665     0.022434167      0.11939561      0.05803475       3513.9309      -25.340299       -27.371739         2.0314397       3513.9309                           3085.8482                   22.3984                 396.83045                      8.8538527
              2       1731.5428   2.1135924e-09       0.9701926       67.751407     0.022482305      0.11925217     0.058691449       3513.7663      -25.340299       -27.371739         2.0314397       3513.7663                           3085.5073                 22.510456                  396.9702                      8.7782983
              2       1733.4565   2.1117374e-09      0.97176078       67.825638     0.022461898      0.11860958     0.059656602       3517.5937      -25.340299       -27.371739         2.0314397       3517.5937                           3089.5339                 22.129582                 397.17979                      8.7504546
              1       1733.4995   2.1148462e-09      0.97169794       68.016475     0.022541203      0.11832269     0.060553118       3517.6797      -25.340299       -27.371739         2.0314397       3517.6797                           3089.2742                 22.209521                 397.47955                      8.7163835
              2       1732.0529    2.108566e-09      0.96840163       68.033965      0.02273134      0.11873868     0.057195991       3514.7865      -25.340299       -27.371739         2.0314397       3514.7865                           3086.7781                 22.980292                 396.51642                      8.5116452
              9        1732.433   2.1054108e-09       0.9715887       68.033965      0.02273134      0.11873868     0.057195991       3515.5466      -25.340299       -27.371739         2.0314397       3515.5466                           3088.1522                 22.263639                 396.45075                      8.6799663
              2       1732.6872   2.1107608e-09       0.9711441       68.265571     0.022822802      0.11881768     0.057721443        3516.055      -25.340299       -27.371739         2.0314397        3516.055                           3088.3207                 22.503016                 396.58854                      8.6427712
              2       1731.8318    2.105731e-09      0.97188545       68.077237     0.022707306      0.11927902      0.05603763       3514.3442      -25.340299       -27.371739         2.0314397       3514.3442                             3087.02                 22.299086                 396.23867                      8.7864815
              1       1733.7797    2.103273e-09      0.97214725       68.077237     0.022707306      0.11927902      0.05603763       3518.2399      -25.340299       -27.371739         2.0314397       3518.2399                           3090.9931                 22.178955                 396.21511                      8.8527262
              4         1733.85     2.09886e-09      0.96906512       67.944696     0.022818687      0.11972533      0.05363257       3518.3807      -25.340299       -27.371739         2.0314397       3518.3807                           3091.0019                 22.822194                 395.85354                      8.7030919
              1       1733.4596   2.0958117e-09      0.97032558       68.045496     0.022811076      0.11950796     0.053199652       3517.5997      -25.340299       -27.371739         2.0314397       3517.5997                           3090.5275                 22.558234                 395.77236                      8.7416489
              3       1733.1575   2.0990477e-09      0.97165433       68.001647     0.022711263      0.11947879     0.054559676       3516.9957      -25.340299       -27.371739         2.0314397       3516.9957                           3089.8981                 22.258771                 395.99287                      8.8459229
              1       1732.9903   2.0987881e-09      0.97183013       67.977517      0.02269307      0.11948317     0.054585989       3516.6612      -25.340299       -27.371739         2.0314397       3516.6612                           3089.5753                 22.210707                 396.01276                      8.8624074
              3       1732.1623   2.1004109e-09       0.9705508       67.977517      0.02269307      0.11948317     0.054585989       3515.0051      -25.340299       -27.371739         2.0314397       3515.0051                            3087.725                 22.494353                 396.00078                      8.7850578
              2       1731.9737   2.1030883e-09      0.96912461        67.80434     0.022679966      0.11976085     0.054971757        3514.628      -25.340299       -27.371739         2.0314397        3514.628                           3087.0057                 22.760209                 396.08709                      8.7750533
              1       1731.9713   2.1030891e-09      0.96885372       67.773556     0.022679523      0.11982899     0.054863844       3514.6232      -25.340299       -27.371739         2.0314397       3514.6232                           3086.9539                 22.815305                 396.06868                      8.7853147
              3       1735.2978    2.110923e-09       0.9679854       68.012658     0.022819105       0.1191911     0.057532444       3521.2762      -25.340299       -27.371739         2.0314397       3521.2762                           3093.0418                   23.0796                 396.61021                      8.5445636
              1       1732.3251   2.1157177e-09      0.96682561       68.012658     0.022819105       0.1191911     0.057532444       3515.3309      -25.340299       -27.371739         2.0314397       3515.3309                           3086.6708                 23.498577                 396.60344                      8.5580171
              1       1731.9776   2.1125418e-09      0.96682732       67.887521     0.022778221      0.11927157     0.056854245       3514.6358      -25.340299       -27.371739         2.0314397       3514.6358                           3086.1619                 23.423855                 396.46541                      8.5846056
              1       1733.2965   2.1078124e-09        0.969885       67.887521     0.022778221      0.11927157     0.056854245       3517.2735      -25.340299       -27.371739         2.0314397       3517.2735                           3089.6015                 22.631516                 396.41411                      8.6264322
              1       1736.4914   2.1060085e-09      0.96791965       67.984974     0.022926562      0.11933623     0.055526891       3523.6634      -25.340299       -27.371739         2.0314397       3523.6634                           3095.8401                 23.141877                 396.15674                       8.524614
              4       1733.4586   2.0979211e-09      0.97090703       68.200275     0.022889415      0.11911789      0.05368717       3517.5977      -25.340299       -27.371739         2.0314397       3517.5977                           3090.5872                 22.529017                 395.82303                      8.6585066
              1       1733.4631   2.0990382e-09      0.96859584       68.200275     0.022889415      0.11911789      0.05368717       3517.6067      -25.340299       -27.371739         2.0314397       3517.6067                           3090.1645                 23.022062                 395.85301                      8.5671339
              1        1732.474   2.1010712e-09      0.96860905       68.040599     0.022801641      0.11949981     0.053910595       3515.6285      -25.340299       -27.371739         2.0314397       3515.6285                           3088.0491                 22.992019                   395.936                      8.6513765
              2       1732.2207   2.0914864e-09      0.97187268       68.026981     0.022657237      0.11946516     0.052005151        3515.122      -25.340299       -27.371739         2.0314397        3515.122                           3088.2686                 22.243846                 395.71131                      8.8982414
              5       1730.4831   2.0927887e-09      0.97275644       68.034494     0.022624579      0.11907859     0.053359868       3511.6469      -25.340299       -27.371739         2.0314397       3511.6469                           3084.8695                 22.021918                 395.81842                      8.9369991
              3       1730.5011   2.0927582e-09      0.97271399       68.034494     0.022624579      0.11907859     0.053359868       3511.6829      -25.340299       -27.371739         2.0314397       3511.6829                              3084.9                 22.028243                 395.81753                      8.9371292
              2       1730.3436    2.093327e-09      0.97176919       68.034494     0.022624579      0.11907859     0.053359868       3511.3678      -25.340299       -27.371739         2.0314397       3511.3678                           3084.4417                 22.208939                  395.8337                      8.8834528
              1       1730.6124   2.0920007e-09      0.97219654        68.07054     0.022622161      0.11904272     0.053043679       3511.9054      -25.340299       -27.371739         2.0314397       3511.9054                           3085.0444                 22.133454                 395.79475                      8.9328131
              1       1730.3456   2.0912337e-09      0.97175577        68.07746     0.022651648      0.11904071     0.052726397       3511.3718      -25.340299       -27.371739         2.0314397       3511.3718                           3084.4569                 22.223736                 395.79957                      8.8916034
              1       1729.4666   2.0941465e-09      0.97092206        68.07746     0.022651648      0.11904071     0.052726397       3509.6138      -25.340299       -27.371739         2.0314397       3509.6138                           3082.5935                 22.464629                 395.80034                       8.755387
              3       1730.7761   2.0955789e-09       0.9704643       67.833038     0.022547595       0.1196661     0.052417802       3512.2328      -25.340299       -27.371739         2.0314397       3512.2328                           3085.0483                 22.526208                 395.78405                      8.8742728
              1       1731.0506    2.094491e-09      0.97157685       67.833038     0.022547595       0.1196661     0.052417802       3512.7818      -25.340299       -27.371739         2.0314397       3512.7818                           3085.7873                 22.287383                 395.78692                      8.9201452
              3       1729.4962   2.1013979e-09      0.96954944       67.815471     0.022625838      0.11963516      0.05405977        3509.673      -25.340299       -27.371739         2.0314397        3509.673                           3082.2067                 22.724873                 395.94942                      8.7920598
              2       1729.7282   2.1005638e-09      0.97117568       67.815471     0.022625838      0.11963516      0.05405977        3510.137      -25.340299       -27.371739         2.0314397        3510.137                           3082.9598                 22.389034                 395.93993                       8.848246
              1       1729.8788    2.100438e-09      0.97107385       67.831595     0.022637813      0.11964258     0.053939475       3510.4382      -25.340299       -27.371739         2.0314397       3510.4382                           3083.2274                 22.419802                 395.94857                       8.842441
              4       1730.3216   2.1054483e-09      0.96615684       67.236868     0.022601641      0.12077405     0.053709269       3511.3237      -25.340299       -27.371739         2.0314397       3511.3237                           3082.4296                 23.394824                  396.0001                      9.4991452
             12       1730.2806   2.1056851e-09      0.96598779       67.236868     0.022601641      0.12077405     0.053709269       3511.2418      -25.340299       -27.371739         2.0314397       3511.2418                           3082.3018                 23.440319                 395.98838                      9.5112969
              2       1730.3464   2.1059477e-09      0.96773989       67.236868     0.022601641      0.12077405     0.053709269       3511.3734      -25.340299       -27.371739         2.0314397       3511.3734                           3082.7147                 23.075639                 395.95324                      9.6298151
              1       1731.6212   2.1025632e-09      0.96957667       67.236868     0.022601641      0.12077405     0.053709269        3513.923      -25.340299       -27.371739         2.0314397        3513.923                           3085.9272                 22.598171                 395.94897                      9.4486044
              2       1731.5861   2.1030335e-09       0.9697457       67.306538     0.022621281      0.12070157     0.053819407       3513.8529      -25.340299       -27.371739         2.0314397       3513.8529                           3085.9355                 22.589436                 395.93961                      9.3883601
              1        1730.665   2.1043807e-09      0.96783502       67.306538     0.022621281      0.12070157     0.053819407       3512.0106      -25.340299       -27.371739         2.0314397       3512.0106                           3083.6361                 23.012109                   395.977                      9.3853879
              2       1731.5443   2.1030773e-09      0.96855896       67.413114     0.022652423      0.12016595     0.054440305       3513.7692      -25.340299       -27.371739         2.0314397       3513.7692                           3085.9044                 22.821714                 396.04724                      8.9957801
              5       1731.1133   2.1090625e-09      0.96719849       67.413114     0.022652423      0.12016595     0.054440305       3512.9073      -25.340299       -27.371739         2.0314397       3512.9073                           3084.2192                 23.308019                 396.04408                      9.3359547
              4       1730.8675     2.10775e-09      0.96758553       67.413114     0.022652423      0.12016595     0.054440305       3512.4156      -25.340299       -27.371739         2.0314397       3512.4156                           3083.9515                 23.179708                 396.03786                        9.24659
             10       1730.9395   2.1086276e-09      0.96718999       67.413114     0.022652423      0.12016595     0.054440305       3512.5595      -25.340299       -27.371739         2.0314397       3512.5595                             3083.92                 23.294429                 396.04661                      9.2984795
              1       1731.7201   2.1081672e-09       0.9685386       67.413114     0.022652423      0.12016595     0.054440305       3514.1208      -25.340299       -27.371739         2.0314397       3514.1208                           3085.7557                 22.995484                 396.04267                      9.3269386
              2       1729.9847   2.1109512e-09      0.96990975       67.417779     0.022571129      0.12013487     0.055539658       3510.6501      -25.340299       -27.371739         2.0314397       3510.6501                           3082.3537                 22.688565                 396.24178                      9.3660654
              1       1731.1903    2.109317e-09      0.96907141       67.145611     0.022477786      0.12099695     0.053872133       3513.0612      -25.340299       -27.371739         2.0314397       3513.0612                           3083.9696                 22.850193                 396.03248                      10.208876
              4       1731.7248    2.105617e-09      0.96970963       67.036032     0.022409818      0.12109443     0.053089699       3514.1303      -25.340299       -27.371739         2.0314397       3514.1303                           3085.3245                 22.653345                  395.8821                      10.270295
              5       1731.6824   2.1065003e-09      0.96969667       67.103532     0.022436811      0.12102395     0.053281031       3514.0454      -25.340299       -27.371739         2.0314397       3514.0454                            3085.217                 22.684171                 395.95261                      10.191657
              1       1733.0341   2.1034215e-09      0.96902374       67.091688     0.022470471        0.121241     0.051855276       3516.7487      -25.340299       -27.371739         2.0314397       3516.7487                           3087.7429                 22.854794                 395.79487                      10.356115
              1       1732.9904   2.1041084e-09      0.96930058       67.207455     0.022506691      0.12105206     0.052160121       3516.6615      -25.340299       -27.371739         2.0314397       3516.6615                           3087.8878                 22.829556                 395.81686                      10.127231
              2       1733.0036   2.1040556e-09      0.96934105       67.207455     0.022506691      0.12105206     0.052160121       3516.6879      -25.340299       -27.371739         2.0314397       3516.6879                           3087.9274                  22.81981                 395.81686                      10.123847
              1         1732.16   2.0982271e-09       0.9665499       67.207455     0.022506691      0.12105206     0.052160121       3515.0005      -25.340299       -27.371739         2.0314397       3515.0005                           3086.5606                 23.193853                 395.80989                      9.4361552
              1       1731.8571   2.0971653e-09      0.96684357       67.221429     0.022503413      0.12098062     0.052035517       3514.3949      -25.340299       -27.371739         2.0314397       3514.3949                           3086.0945                 23.117712                 395.80906                      9.3736091
              1       1732.2583   2.0983407e-09      0.96532242       67.221429     0.022503413      0.12098062     0.052035517       3515.1971      -25.340299       -27.371739         2.0314397       3515.1971                            3086.555                 23.485918                 395.78285                      9.3733471
              3       1732.7499   2.0938472e-09      0.96552823        67.33838     0.022555191       0.1209754     0.050481592       3516.1803      -25.340299       -27.371739         2.0314397       3516.1803                           3087.7017                  23.49289                 395.70191                      9.2838627
              1       1732.0032   2.0977251e-09      0.96481789        67.33838     0.022555191       0.1209754     0.050481592        3514.687      -25.340299       -27.371739         2.0314397        3514.687                           3085.6276                 23.795922                 395.72436                      9.5391097
              1       1731.5584   2.0982534e-09      0.96546618       67.506348     0.022600221      0.12060912     0.051042634       3513.7974      -25.340299       -27.371739         2.0314397       3513.7974                           3085.1928                 23.674495                 395.70038                       9.229657
              6       1731.0893   2.0989314e-09      0.96554713        67.49042     0.022588602      0.12057418     0.051371672       3512.8591      -25.340299       -27.371739         2.0314397       3512.8591                           3084.2232                 23.639683                 395.77641                        9.21979
              1       1730.9867   2.0950912e-09      0.96616066       67.586832      0.02261609      0.12038172     0.050549653       3512.6539      -25.340299       -27.371739         2.0314397       3512.6539                           3084.4118                 23.501506                 395.70016                      9.0404319
              5       1730.2839   2.0933685e-09       0.9667094       67.467714     0.022541563       0.1204853     0.050315546       3511.2485      -25.340299       -27.371739         2.0314397       3511.2485                           3083.1107                 23.305536                 395.70506                       9.127211
              1       1729.1668   2.0986074e-09      0.96667043        67.53394     0.022580094      0.11980379     0.053046104       3509.0142      -25.340299       -27.371739         2.0314397       3509.0142                           3081.1408                 23.258296                  395.8332                        8.78187
              4       1729.2149    2.100562e-09      0.96711732       67.701222     0.022625718      0.11954418     0.053734443       3509.1104      -25.340299       -27.371739         2.0314397       3509.1104                           3081.2832                 23.214359                  395.9316                      8.6812063
              3       1729.5465   2.1013107e-09      0.96668108       67.702024      0.02264555      0.11957285     0.053791785       3509.7736      -25.340299       -27.371739         2.0314397       3509.7736                           3081.8429                 23.327779                 395.92605                       8.676869
              1        1730.297   2.1011049e-09      0.96642886       67.733862     0.022677754      0.11945219      0.05385019       3511.2746      -25.340299       -27.371739         2.0314397       3511.2746                           3083.3283                 23.389233                 395.94574                      8.6113017
              3       1730.3859   2.1017563e-09       0.9665633       67.722435     0.022665453      0.11940947     0.054185683       3511.4525      -25.340299       -27.371739         2.0314397       3511.4525                            3083.507                 23.344151                 395.99493                      8.6063948
              4       1728.5628   2.0907712e-09      0.96738553       67.351765     0.022479827      0.12024432     0.050602621       3507.8063      -25.340299       -27.371739         2.0314397       3507.8063                           3080.0447                 23.028718                 395.73096                       9.001938
              3       1728.9911   2.0916337e-09      0.96599103       67.311654     0.022524908      0.12050148     0.050129775       3508.6629      -25.340299       -27.371739         2.0314397       3508.6629                           3080.4369                 23.384467                 395.71803                      9.1234807
              2       1729.1916   2.0919617e-09      0.96529408       67.311654     0.022524908      0.12050148     0.050129775       3509.0637      -25.340299       -27.371739         2.0314397       3509.0637                           3080.7056                 23.549236                 395.69906                      9.1098492
              2       1729.1737   2.0909342e-09      0.96671236       67.678431     0.022633356      0.11965345     0.050853176        3509.028      -25.340299       -27.371739         2.0314397        3509.028                           3081.3844                 23.278905                 395.69608                      8.6686159
              1       1729.9755   2.1005983e-09      0.96693329       67.780886     0.022643049      0.11925566     0.054139819       3510.6316      -25.340299       -27.371739         2.0314397       3510.6316                           3082.8025                 23.251166                 396.00194                      8.5760209
              2       1729.4126   2.1020955e-09       0.9677863       67.470479     0.022442174      0.11987767     0.054316306       3509.5059      -25.340299       -27.371739         2.0314397       3509.5059                           3081.5571                 22.966578                  396.0655                      8.9167021
              8        1728.886    2.105778e-09      0.96951417       67.470479     0.022442174      0.11987767     0.054316306       3508.4526      -25.340299       -27.371739         2.0314397       3508.4526                           3080.4988                 22.742071                  396.0491                      9.1626771
              7       1728.7809   2.1076165e-09      0.96970819       67.643378     0.022502977      0.11965596     0.054825302       3508.2425      -25.340299       -27.371739         2.0314397       3508.2425                           3080.3598                 22.766105                 396.10059                      9.0160041
              1       1728.6279   2.1082459e-09      0.96778393       67.643378     0.022502977      0.11965596     0.054825302       3507.9364      -25.340299       -27.371739         2.0314397       3507.9364                           3079.6475                 23.181236                 396.14714                       8.960469
              4       1729.6129   2.1011523e-09      0.96574682       67.038653     0.022374336       0.1209189     0.051894952       3509.9063      -25.340299       -27.371739         2.0314397       3509.9063                           3080.7727                 23.462364                 395.80338                      9.8679299
              3       1729.7865   2.0992107e-09      0.96561958       67.030267     0.022380752      0.12100198     0.051279099       3510.2535      -25.340299       -27.371739         2.0314397       3510.2535                           3081.1007                 23.485233                 395.78887                      9.8787543
              4       1729.2136   2.1187258e-09      0.96728666       67.368645     0.022403016      0.11977468      0.05769477       3509.1077      -25.340299       -27.371739         2.0314397       3509.1077                           3079.6851                 23.251103                 396.84425                      9.3273216
              1       1729.2285   2.1187352e-09      0.96725882       67.368645     0.022403016      0.11977468      0.05769477       3509.1376      -25.340299       -27.371739         2.0314397       3509.1376                           3079.6937                 23.257377                 396.85977                      9.3267177
              4       1729.2454   2.1204818e-09      0.96778362       67.422577     0.022391269      0.11964101     0.058280919       3509.1714      -25.340299       -27.371739         2.0314397       3509.1714                           3079.7288                 23.160999                 397.00971                       9.271911
              1       1728.8735   2.0965966e-09      0.96975656       67.962767     0.022532372      0.11888488     0.052886327       3508.4276      -25.340299       -27.371739         2.0314397       3508.4276                           3081.2498                  22.72687                 395.78843                      8.6625002
              5       1728.8892   2.0966514e-09      0.96974025       67.962767     0.022532372      0.11888488     0.052886327        3508.459      -25.340299       -27.371739         2.0314397        3508.459                           3081.2773                 22.731859                 395.78843                      8.6613833
              3       1728.8901   2.0966432e-09      0.96972779       67.962767     0.022532372      0.11888488     0.052886327       3508.4609      -25.340299       -27.371739         2.0314397       3508.4609                           3081.2688                 22.733677                 395.79737                      8.6610607
              3       1728.9361     2.09572e-09      0.96970813       67.922363     0.022516979      0.11895969     0.052605291       3508.5529      -25.340299       -27.371739         2.0314397       3508.5529                           3081.3641                 22.722811                 395.78721                      8.6787812
             11        1728.755   2.0948973e-09       0.9695569       67.922363     0.022516979      0.11895969     0.052605291       3508.1906      -25.340299       -27.371739         2.0314397       3508.1906                           3080.9947                 22.725672                 395.78721                      8.6830241
              1       1729.1344   2.0948012e-09      0.97137041       67.922363     0.022516979      0.11895969     0.052605291       3508.9494      -25.340299       -27.371739         2.0314397       3508.9494                           3082.0136                 22.378064                 395.81296                      8.7448248
              4       1729.1054   2.0961836e-09      0.97135443       67.887234     0.022500847       0.1190076     0.052922174       3508.8915      -25.340299       -27.371739         2.0314397       3508.8915                           3081.9465                 22.380175                 395.81135                      8.7534648
              1       1728.9163   2.0952696e-09      0.97165606       67.887234     0.022500847       0.1190076     0.052922174       3508.5131      -25.340299       -27.371739         2.0314397       3508.5131                           3081.6287                 22.297841                 395.81286                      8.7737059
              1       1729.5207   2.0890905e-09       0.9721791       67.932061     0.022495036      0.11893548     0.051493258        3509.722      -25.340299       -27.371739         2.0314397        3509.722                           3083.0012                 22.172203                 395.71509                      8.8334325
              1       1729.3421   2.0898662e-09      0.96918759       67.932061     0.022495036      0.11893548     0.051493258       3509.3649      -25.340299       -27.371739         2.0314397       3509.3649                           3082.1942                 22.753881                 395.69938                      8.7174342
              2        1729.206   2.0829779e-09      0.96853497       67.844871     0.022509191      0.11882972     0.050184701       3509.0926      -25.340299       -27.371739         2.0314397       3509.0926                           3081.9174                 22.790827                 395.67796                      8.7063726
              3       1729.1934   2.0842382e-09      0.96856903       67.846866     0.022506354      0.11881554     0.050513857       3509.0675      -25.340299       -27.371739         2.0314397       3509.0675                           3081.8862                 22.791293                 395.69402                       8.695943
              4       1729.0467   2.0816114e-09      0.96756828        67.66435      0.02249047      0.11950613     0.048904949        3508.774      -25.340299       -27.371739         2.0314397        3508.774                           3081.3448                   22.9903                 395.71408                      8.7248135
              1       1729.2252   2.0802961e-09      0.97112078        67.66435      0.02249047      0.11950613     0.048904949       3509.1311      -25.340299       -27.371739         2.0314397       3509.1311                           3082.2722                  22.26847                  395.7227                       8.867746
              6       1729.3079   2.0777096e-09      0.97188429        67.66435      0.02249047      0.11950613     0.048904949       3509.2964      -25.340299       -27.371739         2.0314397       3509.2964                           3082.5528                 22.059335                 395.72394                      8.9603765
              1       1729.1233   2.0773938e-09      0.97103958        67.66435      0.02249047      0.11950613     0.048904949       3508.9271      -25.340299       -27.371739         2.0314397       3508.9271                           3082.0737                 22.196044                 395.71394                      8.9433891
              3       1728.9803   2.0826906e-09      0.96851191        67.66435      0.02249047      0.11950613     0.048904949       3508.6411      -25.340299       -27.371739         2.0314397       3508.6411                            3081.319                 22.836451                  395.7364                      8.7492453
              1       1729.1498   2.0920733e-09      0.96709145       67.324849      0.02241826      0.12028282     0.050351223       3508.9803      -25.340299       -27.371739         2.0314397       3508.9803                            3080.983                 23.147661                 395.71983                      9.1297447
              1       1729.2402   2.0924723e-09      0.96674305       67.324849      0.02241826      0.12028282     0.050351223        3509.161      -25.340299       -27.371739         2.0314397        3509.161                           3081.0918                 23.234995                 395.69921                      9.1349399
              3        1729.223   2.0956846e-09      0.96507607       67.290734     0.022506225      0.12027841     0.051134754       3509.1266      -25.340299       -27.371739         2.0314397       3509.1266                           3080.6372                 23.626204                 395.75471                      9.1085066
              1       1729.8797   2.1281813e-09      0.96807604       68.256979     0.022699139      0.11848814     0.060490274       3510.4401      -25.340299       -27.371739         2.0314397       3510.4401                             3080.97                 23.428112                 397.51207                      8.5299164
              1       1730.2259   2.1300515e-09       0.9690317       68.256979     0.022699139      0.11848814     0.060490274       3511.1324      -25.340299       -27.371739         2.0314397       3511.1324                           3081.7326                 23.285616                 397.48767                      8.6264933
              1       1729.2659   2.1245255e-09      0.97269241       68.256979     0.022699139      0.11848814     0.060490274       3509.2123      -25.340299       -27.371739         2.0314397       3509.2123                           3080.8073                 22.370719                 397.41013                      8.6242397
              5       1729.2834   2.1239485e-09      0.97292489        68.27541     0.022693228      0.11844329      0.06040744       3509.2473      -25.340299       -27.371739         2.0314397       3509.2473                           3080.9377                 22.324411                 397.36297                      8.6222065
              1       1729.1339   2.1238145e-09      0.97267997        68.27541     0.022693228      0.11844329      0.06040744       3508.9484      -25.340299       -27.371739         2.0314397       3508.9484                           3080.6033                 22.365528                 397.36617                      8.6133618
              2       1729.0845   2.1218155e-09      0.97249752       68.249391     0.022695972      0.11849274     0.059876765       3508.8495      -25.340299       -27.371739         2.0314397       3508.8495                           3080.6609                 22.382617                 397.19183                      8.6141749
              3       1730.1008   2.1270034e-09      0.96986803       68.249391     0.022695972      0.11849274     0.059876765       3510.8822      -25.340299       -27.371739         2.0314397       3510.8822                           3081.9208                 23.068074                 397.27701                      8.6162682
              2       1729.6491   2.1190402e-09      0.97394452       68.249391     0.022695972      0.11849274     0.059876765       3509.9788      -25.340299       -27.371739         2.0314397       3509.9788                           3082.1327                 22.041116                 397.12716                       8.677818
              5       1729.6433   2.1169516e-09      0.97368871       68.221833     0.022703504      0.11845893     0.059483132       3509.9672      -25.340299       -27.371739         2.0314397       3509.9672                           3082.2245                  22.06153                  397.0221                      8.6590744
              4       1729.6891   2.1163978e-09      0.97382686       68.242149     0.022704812      0.11836068     0.059499504       3510.0588      -25.340299       -27.371739         2.0314397       3510.0588                           3082.3874                 22.030715                 396.98447                      8.6561972
              1       1730.5946   2.1316799e-09       0.9738566       68.468928     0.022781515      0.11818524     0.063050295       3511.8699      -25.340299       -27.371739         2.0314397       3511.8699                            3082.859                 22.194479                 398.23682                      8.5795853
              3       1731.1213   2.1303377e-09      0.97460334       68.468928     0.022781515      0.11818524     0.063050295       3512.9232      -25.340299       -27.371739         2.0314397       3512.9232                           3084.0888                 22.024883                 398.18937                      8.6201211
              3       1731.0995   2.1302877e-09      0.97463024       68.467306     0.022779145      0.11818784     0.063037885       3512.8796      -25.340299       -27.371739         2.0314397       3512.8796                           3084.0599                 22.019264                 398.17774                       8.622642
              2       1730.6885   2.1250516e-09      0.97568867        68.51309     0.022740903      0.11777355     0.062511025       3512.0576      -25.340299       -27.371739         2.0314397       3512.0576                           3083.6365                 21.775959                 397.94514                      8.7000406
              7       1729.5428   2.1304384e-09      0.97269611        68.51309     0.022740903      0.11777355     0.062511025       3509.7662      -25.340299       -27.371739         2.0314397       3509.7662                           3080.7681                 22.456975                 398.06829                      8.4728901
              2       1729.6304   2.1299239e-09      0.97233177       68.501061     0.022759041      0.11786371     0.062224025       3509.9415      -25.340299       -27.371739         2.0314397       3509.9415                           3081.0086                 22.531641                 397.93329                      8.4679301
              2       1730.8425   2.1626314e-09      0.97360328        68.33098     0.022565196      0.11757539      0.07110238       3512.3657      -25.340299       -27.371739         2.0314397       3512.3657                           3079.1126                  22.39836                 402.23172                      8.6230201
              2       1731.3374   2.1687729e-09       0.9745303       68.594981     0.022614728       0.1170637     0.073044163       3513.3555      -25.340299       -27.371739         2.0314397       3513.3555                           3079.3254                 22.319095                 403.24847                      8.4625018
              1       1732.4673   2.1683964e-09      0.97712448       68.594981     0.022614728       0.1170637     0.073044163       3515.6152      -25.340299       -27.371739         2.0314397       3515.6152                           3082.1702                  21.84739                  403.0562                      8.5414493
              3       1732.7686   2.1660341e-09      0.97680643       68.297694     0.022507222       0.1175672     0.072129826       3516.2178      -25.340299       -27.371739         2.0314397       3516.2178                           3082.9208                 21.820666                 402.68808                      8.7882855
              1       1731.7171   2.1641061e-09      0.97420763       68.297694     0.022507222       0.1175672     0.072129826       3514.1148      -25.340299       -27.371739         2.0314397       3514.1148                           3080.4495                 22.221559                 402.82636                      8.6173421
              1       1731.5528   2.1651283e-09      0.97365933       68.297694     0.022507222       0.1175672     0.072129826       3513.7861      -25.340299       -27.371739         2.0314397       3513.7861                           3079.9215                 22.353803                 402.88102                      8.6298119
              1       1730.4193    2.098203e-09      0.96622281       66.849557      0.02242309      0.12110221     0.051946332       3511.5191      -25.340299       -27.371739         2.0314397       3511.5191                           3082.6725                  23.20206                 395.80157                      9.8429989
              2       1730.0969   2.1067226e-09      0.96661741       66.807956     0.022367648      0.12129457     0.053746249       3510.8743      -25.340299       -27.371739         2.0314397       3510.8743                           3081.2909                 23.179186                 396.04078                      10.363508
              1       1730.0812   2.1068316e-09      0.96659548       66.807956     0.022367648      0.12129457     0.053746249       3510.8431      -25.340299       -27.371739         2.0314397       3510.8431                           3081.2392                 23.187324                 396.04078                      10.375806
              1       1731.7771   2.1048286e-09      0.96981758       66.807956     0.022367648      0.12129457     0.053746249       3514.2348      -25.340299       -27.371739         2.0314397       3514.2348                           3085.3885                  22.47962                 396.02664                       10.34003
              1       1731.7834   2.1060095e-09      0.96981564       66.807528     0.022366279      0.12126736     0.054084566       3514.2475      -25.340299       -27.371739         2.0314397       3514.2475                           3085.3411                 22.483917                 396.06832                      10.354182
              5       1730.2541   2.1284247e-09      0.97088386       67.699185     0.022661448      0.11979129     0.060474974       3511.1888      -25.340299       -27.371739         2.0314397       3511.1888                           3081.7105                 22.633016                 397.55799                      9.2872868
              1       1729.5814    2.132819e-09      0.96763101       67.699185     0.022661448      0.11979129     0.060474974       3509.8433      -25.340299       -27.371739         2.0314397       3509.8433                           3079.2329                 23.456901                 397.64481                      9.5087264
              4       1730.6707   2.1349063e-09      0.96826403       67.699185     0.022661448      0.11979129     0.060474974       3512.0221      -25.340299       -27.371739         2.0314397       3512.0221                           3081.2331                 23.391803                 397.63201                      9.7651495
              2       1730.1752    2.142927e-09       0.9712742       67.964331     0.022579055      0.11885379     0.063773318       3511.0309      -25.340299       -27.371739         2.0314397       3511.0309                           3080.2256                 22.794397                 398.80418                      9.2067163
              2       1730.9535   2.1661721e-09      0.97197278       68.421372      0.02270661      0.11796264     0.070155475       3512.5876      -25.340299       -27.371739         2.0314397       3512.5876                           3078.9196                 22.929116                 401.81823                      8.9206675
              1        1730.787   2.1629101e-09      0.97089167       68.248426      0.02270227       0.1184578     0.068741545       3512.2545      -25.340299       -27.371739         2.0314397       3512.2545                           3078.7428                 23.117172                 401.15625                      9.2383236
              2       1730.7735   2.1651601e-09      0.97124419       68.210994     0.022660288      0.11852875     0.069245689       3512.2275      -25.340299       -27.371739         2.0314397       3512.2275                           3078.3794                 23.046548                 401.41827                       9.383275
              1       1734.5296   2.1142927e-09      0.96897999       66.721267      0.02221558      0.12092639     0.055432793       3519.7398      -25.340299       -27.371739         2.0314397       3519.7398                           3089.7203                 22.759402                 396.35935                      10.900717
              1        1734.607    2.114179e-09      0.96911054       66.721267      0.02221558      0.12092639     0.055432793       3519.8947      -25.340299       -27.371739         2.0314397       3519.8947                           3089.9043                 22.730006                 396.36755                      10.892834
              2       1733.2138      2.1187e-09      0.96894251       66.847593     0.022275512      0.12079404     0.056503005       3517.1081      -25.340299       -27.371739         2.0314397       3517.1081                           3086.8326                 22.837563                 396.61215                      10.825762
              2       1731.7163   2.1125725e-09      0.96973283       66.847593     0.022275512      0.12079404     0.056503005       3514.1131      -25.340299       -27.371739         2.0314397       3514.1131                           3084.9312                 22.488217                  396.5932                      10.100522
              2       1731.0904   2.1151086e-09      0.96647257       66.847593     0.022275512      0.12079404     0.056503005       3512.8613      -25.340299       -27.371739         2.0314397       3512.8613                           3082.7978                 23.227291                 396.64625                      10.189981
              4       1733.7583   2.1267388e-09      0.96632734       66.630844     0.022175136      0.12106835     0.059246746       3518.1972      -25.340299       -27.371739         2.0314397       3518.1972                           3086.2282                 23.274404                 397.56939                      11.125227
              1       1732.8842   2.1548017e-09      0.96589598       67.326052     0.022472823       0.1198807     0.066803578        3516.449      -25.340299       -27.371739         2.0314397        3516.449                            3081.642                 23.802509                 400.64117                       10.36341
              5       1732.3537   2.1565487e-09      0.96556793       67.326052     0.022472823       0.1198807     0.066803578        3515.388      -25.340299       -27.371739         2.0314397        3515.388                           3080.1445                  23.94494                 400.69433                      10.604211
              2       1733.1722   2.1608501e-09      0.96387478       67.326052     0.022472823       0.1198807     0.066803578       3517.0251      -25.340299       -27.371739         2.0314397       3517.0251                           3080.4964                 24.527802                 400.77719                      11.223683
              3       1733.0697   2.1462944e-09      0.96590549       67.172424      0.02229598      0.11988065      0.06369951       3516.8199      -25.340299       -27.371739         2.0314397       3516.8199                           3083.0433                 23.792856                 399.25822                      10.725541
              1       1732.4701   2.1434434e-09         0.96636       67.172424      0.02229598      0.11988065      0.06369951       3515.6207      -25.340299       -27.371739         2.0314397       3515.6207                           3082.5032                 23.584041                 399.20086                      10.332626
              1       1734.0435   2.1673332e-09       0.9729326       68.935639     0.022626508      0.11619095     0.073061373       3518.7676      -25.340299       -27.371739         2.0314397       3518.7676                           3084.5591                 22.719777                 403.22737                      8.2613464
              1       1734.5025   2.1677435e-09      0.97235898       68.935639     0.022626508      0.11619095     0.073061373       3519.6856      -25.340299       -27.371739         2.0314397       3519.6856                           3085.3352                 22.849741                 403.25757                      8.2430919
              2       1733.3183   2.1592302e-09       0.9700969       68.543544     0.022608165      0.11703286     0.070128849       3517.3172      -25.340299       -27.371739         2.0314397       3517.3172                           3083.9683                 23.188587                 401.84167                      8.3185469
              2        1733.333   2.1700485e-09      0.96923723       68.550886      0.02265066      0.11725897     0.072260689       3517.3467      -25.340299       -27.371739         2.0314397       3517.3467                           3082.2668                  23.51142                 403.11299                      8.4554517
              4       1734.2278   2.1725648e-09      0.96821902       68.550886      0.02265066      0.11725897     0.072260689       3519.1361      -25.340299       -27.371739         2.0314397       3519.1361                           3083.6013                 23.837424                 403.14601                      8.5513652
              1       1734.5674   2.1731944e-09      0.96949638       68.754171     0.022658533      0.11679794     0.072917175       3519.8155      -25.340299       -27.371739         2.0314397       3519.8155                            3084.481                 23.582625                 403.41036                      8.3415097
              7        1731.999     2.16898e-09      0.97576932       68.754171     0.022658533      0.11679794     0.072917175       3514.6786      -25.340299       -27.371739         2.0314397       3514.6786                            3081.082                 22.163127                  403.0112                      8.4223048
              1       1733.7154   2.1823859e-09      0.97678837       68.979205     0.022677156       0.1161602     0.076943138       3518.1113      -25.340299       -27.371739         2.0314397       3518.1113                           3082.4463                 22.094389                 405.24902                       8.321625
              6       1733.8764    2.179945e-09      0.97522147       68.979205     0.022677156       0.1161602     0.076943138       3518.4333      -25.340299       -27.371739         2.0314397       3518.4333                            3082.476                 22.310694                 405.35761                      8.2889891
              1        1734.194   2.1837069e-09      0.97354981       68.979205     0.022677156       0.1161602     0.076943138       3519.0685      -25.340299       -27.371739         2.0314397       3519.0685                           3082.5426                 22.752877                 405.52574                      8.2473218
              1       1734.4653   2.1725588e-09       0.9756317        69.28134     0.022691818       0.1155842     0.074796076       3519.6112      -25.340299       -27.371739         2.0314397       3519.6112                           3084.9963                 22.315431                 403.96617                      8.3333179
              4       1734.6357   2.1751553e-09      0.97577744       69.354724     0.022711121      0.11550507     0.075425689        3519.952      -25.340299       -27.371739         2.0314397        3519.952                           3085.0186                 22.329968                 404.27233                      8.3311101
             11       1730.6257   2.1523277e-09      0.97223808       68.606965     0.022632265      0.11747545     0.067577872       3511.9321      -25.340299       -27.371739         2.0314397       3511.9321                           3080.3305                  22.75791                 400.37076                      8.4729281
              2       1731.5468   2.1543445e-09      0.97157099       68.606965     0.022632265      0.11747545     0.067577872       3513.7743      -25.340299       -27.371739         2.0314397       3513.7743                           3081.8732                 22.959952                 400.43992                      8.5011874
              1       1732.6232   2.1400371e-09      0.97328957       68.491672     0.022492031      0.11739961     0.064583047       3515.9269      -25.340299       -27.371739         2.0314397       3515.9269                           3085.9783                 22.433784                 399.00832                      8.5065689
              3       1731.4276   2.1260752e-09      0.97155534       68.186927      0.02248422      0.11824528     0.060163584       3513.5359      -25.340299       -27.371739         2.0314397       3513.5359                           3084.8402                 22.650568                 397.38983                      8.6552204
              4       1730.8801   2.1250606e-09      0.97198703       68.186927      0.02248422      0.11824528     0.060163584       3512.4408      -25.340299       -27.371739         2.0314397       3512.4408                           3083.8735                 22.534801                 397.38103                      8.6515201
              9       1729.9217   2.1156825e-09      0.97126423       68.122618     0.022514477      0.11831778     0.057861357        3510.524      -25.340299       -27.371739         2.0314397        3510.524                           3082.6421                 22.598735                 396.68327                       8.599874
              1       1729.6572    2.106013e-09      0.97040143        67.94092     0.022502227      0.11860921     0.055314226       3509.9949      -25.340299       -27.371739         2.0314397       3509.9949                           3082.5505                 22.663168                 396.15965                      8.6216283
              1       1731.5191    2.098266e-09      0.97305453       68.459161     0.022571369      0.11763517     0.054315305       3513.7188      -25.340299       -27.371739         2.0314397       3513.7188                           3086.7964                 22.202184                 395.92871                      8.7914462
              1       1731.6368   2.0859586e-09      0.97173628       68.350593     0.022624887      0.11766617     0.051451044       3513.9542      -25.340299       -27.371739         2.0314397       3513.9542                           3087.0417                 22.335772                 395.69757                      8.8791466
              2       1732.5471   2.0620795e-09      0.97064752       67.571204     0.022380936      0.11913573     0.044479808       3515.7747      -25.340299       -27.371739         2.0314397       3515.7747                           3088.3439                 22.245267                 396.26007                      8.9254944
              6       1732.3007    2.046116e-09      0.96680919       67.207512     0.022480076       0.1206387     0.038354719        3515.282      -25.340299       -27.371739         2.0314397        3515.282                           3085.5228                 22.952165                 397.88132                      8.9256364
              2       1732.8523   2.0464328e-09      0.96258183       67.207512     0.022480076       0.1206387     0.038354719       3516.3853      -25.340299       -27.371739         2.0314397       3516.3853                           3085.9533                 23.871086                 397.79183                      8.7690561
              1       1733.1512   2.0392546e-09      0.97083518       67.207512     0.022480076       0.1206387     0.038354719       3516.9831      -25.340299       -27.371739         2.0314397       3516.9831                           3087.7306                 22.003489                 397.96841                      9.2806209
              1       1731.7206   2.0521652e-09       0.9724963       67.533584     0.022503483      0.11973371     0.042584444       3514.1218      -25.340299       -27.371739         2.0314397       3514.1218                           3086.2784                  21.80302                 396.75904                      9.2814048
              1       1731.5608   2.0619503e-09      0.97012979       67.020094     0.022414732      0.12079726     0.043908381       3513.8022      -25.340299       -27.371739         2.0314397       3513.8022                            3086.135                 22.192093                 396.33751                      9.1375457
              1       1731.7516   2.0607262e-09      0.97022783       67.020094     0.022414732      0.12079726     0.043908381       3514.1839      -25.340299       -27.371739         2.0314397       3514.1839                           3086.5485                 22.138981                 396.35708                      9.1393616
              2       1731.3722   2.0710391e-09      0.97172406       67.342678     0.022446342      0.12043966     0.046466457        3513.425      -25.340299       -27.371739         2.0314397        3513.425                           3086.3006                 22.013138                 395.97356                      9.1376805
              2       1731.7179   2.0662389e-09      0.97062029       67.059423     0.022398155       0.1209528      0.04487933       3514.1164      -25.340299       -27.371739         2.0314397       3514.1164                           3086.5483                 22.131675                 396.18937                      9.2470007
              2        1730.844   2.0985372e-09      0.97107866       67.780114      0.02264949      0.11909674     0.054720195       3512.3686      -25.340299       -27.371739         2.0314397       3512.3686                           3085.3418                 22.313261                 396.03155                      8.6819734
              1       1732.4795   2.1313373e-09      0.97435505       67.660243     0.022349551      0.11870105     0.063808325       3515.6396      -25.340299       -27.371739         2.0314397       3515.6396                           3086.1365                 21.814951                 398.78152                      8.9065791
              2       1732.1071   2.1370028e-09      0.97272102       67.660243     0.022349551      0.11870105     0.063808325       3514.8948      -25.340299       -27.371739         2.0314397       3514.8948                            3084.682                 22.259249                 398.86665                      9.0869343
              2       1731.4893   2.1440735e-09      0.97279239        67.84233     0.022416136      0.11838341     0.065740731       3513.6591      -25.340299       -27.371739         2.0314397       3513.6591                           3082.7102                 22.335498                 399.66225                      8.9511924
              1       1731.4938   2.1441072e-09      0.97280016        67.84333     0.022416041      0.11838109     0.065751535       3513.6682      -25.340299       -27.371739         2.0314397       3513.6682                           3082.7126                 22.334365                 399.67081                      8.9504368
              1       1731.8428    2.144356e-09      0.96889611       67.030158     0.022299894      0.12074444     0.062858895       3514.3662      -25.340299       -27.371739         2.0314397       3514.3662                           3080.9367                 23.055624                  398.8108                      11.563081
             10       1731.4847   2.1443323e-09      0.96707272       67.030158     0.022299894      0.12074444     0.062858895         3513.65      -25.340299       -27.371739         2.0314397         3513.65                           3079.8648                 23.447694                 398.90427                      11.433177
              6       1731.7332   2.1477466e-09      0.96599189       66.962023      0.02233326       0.1210412     0.063215559       3514.1469      -25.340299       -27.371739         2.0314397       3514.1469                           3079.2591                 23.737524                 399.10508                      12.045231
              1       1731.7941   2.1481769e-09      0.96572204       66.962023      0.02233326       0.1210412     0.063215559       3514.2688      -25.340299       -27.371739         2.0314397       3514.2688                           3079.2421                 23.815875                 399.10124                      12.109594
              1        1734.938   2.1597148e-09      0.96438519       67.166695     0.022498409        0.120127     0.067254933       3520.5565      -25.340299       -27.371739         2.0314397       3520.5565                           3084.0671                 24.240811                 401.01742                      11.231203
              4       1734.7727   2.1722637e-09       0.9681787       67.703554     0.022480401      0.11863957     0.072154943       3520.2259      -25.340299       -27.371739         2.0314397       3520.2259                           3083.5734                  23.50396                 403.41046                      9.7380752
              7       1734.6463   2.1711302e-09      0.96885838       67.703554     0.022480401      0.11863957     0.072154943       3519.9731      -25.340299       -27.371739         2.0314397       3519.9731                           3083.6703                  23.31238                 403.35331                      9.6370878
              1       1734.8972   2.1710361e-09      0.96859536       67.703554     0.022480401      0.11863957     0.072154943        3520.475      -25.340299       -27.371739         2.0314397        3520.475                            3084.119                 23.367143                 403.37534                      9.6135215
              5       1729.0874   2.1337438e-09       0.9688141       67.492568     0.022416433      0.11965137     0.061663804       3508.8553      -25.340299       -27.371739         2.0314397       3508.8553                           3078.1272                 23.040415                 398.15145                       9.536231
              8       1729.8363   2.1484227e-09      0.97018911       67.754793     0.022425822      0.11910743     0.065755791       3510.3531      -25.340299       -27.371739         2.0314397       3510.3531                           3078.1579                 22.908151                 399.87646                      9.4106144
              1       1729.9969   2.1456886e-09      0.97161347       67.754793     0.022425822      0.11910743     0.065755791       3510.6744      -25.340299       -27.371739         2.0314397       3510.6744                           3079.0815                 22.536923                 399.79585                      9.2600433
              1       1731.0786   2.1343383e-09      0.96673708       66.928269     0.022384548      0.12101789     0.060905877       3512.8378      -25.340299       -27.371739         2.0314397       3512.8378                           3080.4044                 23.355299                 398.05803                      11.020111
              6       1731.5822   2.1457855e-09      0.96669467       67.150484      0.02246826      0.12091884     0.063389976        3513.845      -25.340299       -27.371739         2.0314397        3513.845                           3080.0355                 23.554657                 399.03305                      11.221855
             13        1731.714   2.1450546e-09      0.96666258        67.13412     0.022463755      0.12098474     0.063120868       3514.1086      -25.340299       -27.371739         2.0314397       3514.1086                           3080.3089                 23.556723                  398.9592                      11.283814
              4       1731.8529   2.1507289e-09      0.96426044        67.13412     0.022463755      0.12098474     0.063120868       3514.3863      -25.340299       -27.371739         2.0314397       3514.3863                           3078.8046                  24.33733                 399.07675                      12.167697
              2       1731.7112   2.1505209e-09      0.96459047        67.13412     0.022463755      0.12098474     0.063120868        3514.103      -25.340299       -27.371739         2.0314397        3514.103                           3078.6342                  24.24834                 399.07185                      12.148647
              1       1731.4414   2.1454018e-09      0.96527919       67.131901     0.022425695      0.12093684     0.062009359       3513.5634      -25.340299       -27.371739         2.0314397       3513.5634                           3079.1789                 24.020608                 398.54593                      11.818005
              2       1731.1801   2.1442086e-09      0.96516313       67.113059     0.022426608      0.12093602     0.061757132       3513.0408      -25.340299       -27.371739         2.0314397       3513.0408                           3078.8105                 24.029466                 398.42977                      11.771082
             19       1730.7117   2.1419265e-09      0.96673578       67.113059     0.022426608      0.12093602     0.061757132        3512.104      -25.340299       -27.371739         2.0314397        3512.104                           3078.6761                  23.58021                 398.38151                      11.466128
              2       1730.3688   2.1363595e-09      0.96884172       67.832056     0.022615725      0.11970207     0.061330481       3511.4182      -25.340299       -27.371739         2.0314397       3511.4182                           3080.7193                 23.251385                 397.95218                      9.4953454
              1       1729.6664   2.1377598e-09      0.97312683       68.137315     0.022481976      0.11817015     0.064132142       3510.0133      -25.340299       -27.371739         2.0314397       3510.0133                           3080.1176                 22.315642                 398.87547                       8.704581
              2       1730.0989   2.0938235e-09      0.96894806        67.11386     0.022352458      0.12025667      0.05151388       3510.8784      -25.340299       -27.371739         2.0314397       3510.8784                           3083.2072                 22.658591                 395.74905                      9.2635573
              1       1731.9434   2.0992201e-09      0.96309647        67.11386     0.022352458      0.12025667      0.05151388       3514.5674      -25.340299       -27.371739         2.0314397       3514.5674                           3085.2943                 24.117055                 395.77653                       9.379506
              4       1731.7289   2.1010687e-09      0.96392587       67.225137     0.022346416       0.1200161     0.052220338       3514.1383      -25.340299       -27.371739         2.0314397       3514.1383                           3085.1039                 23.949345                 395.85067                      9.2343895
              9       1731.4541   2.1074006e-09      0.96329912       67.218588     0.022373721      0.12025797     0.053276821       3513.5889      -25.340299       -27.371739         2.0314397       3513.5889                           3083.8766                 24.190847                 395.95492                      9.5664922
              3       1732.6287   2.0749904e-09      0.96697378       68.120712     0.022578265      0.11862866     0.046792259       3515.9379      -25.340299       -27.371739         2.0314397       3515.9379                           3088.0818                 23.297156                 395.88547                      8.6734983
              2       1733.1026   2.0755487e-09      0.96658008       68.138738     0.022609505      0.11875012     0.046639991       3516.8859      -25.340299       -27.371739         2.0314397       3516.8859                           3088.9244                 23.417648                  395.9023                      8.6415488
              1       1732.2592   2.0823033e-09      0.96101048       66.893909     0.022407134      0.12110821     0.046172905        3515.199      -25.340299       -27.371739         2.0314397        3515.199                            3085.197                  24.52697                 395.88218                      9.5928016
              1       1732.2627   2.0846874e-09       0.9607747       66.956041      0.02244593      0.12107852     0.046663785        3515.206      -25.340299       -27.371739         2.0314397        3515.206                           3085.1506                 24.640419                 395.81884                      9.5961436
              1       1732.2525   2.0856839e-09      0.96256542       66.956041      0.02244593      0.12107852     0.046663785       3515.1856      -25.340299       -27.371739         2.0314397       3515.1856                           3085.3467                 24.239127                 395.80081                      9.7990368
              1       1730.1067   2.0763969e-09      0.96728644       66.956041      0.02244593      0.12107852     0.046663785        3510.894      -25.340299       -27.371739         2.0314397        3510.894                           3082.8573                  22.85989                 395.88783                      9.2889409
              3       1729.5845   2.0845337e-09      0.96803716       67.198607     0.022496212      0.12041073     0.049423359       3509.8495      -25.340299       -27.371739         2.0314397       3509.8495                           3082.3755                  22.77894                 395.68119                      9.0139153
              4       1732.6074   2.0855865e-09      0.96303224       67.198607     0.022496212      0.12041073     0.049423359       3515.8954      -25.340299       -27.371739         2.0314397       3515.8954                           3087.4973                 23.891287                 395.67189                      8.8350055
              3         1732.48   2.0886286e-09      0.96283018       67.203984     0.022506708      0.12051743     0.049935386       3515.6406      -25.340299       -27.371739         2.0314397       3515.6406                            3087.042                 23.984526                 395.69688                      8.9172235
              2       1733.0502     2.08933e-09      0.96211809       67.203984     0.022506708      0.12051743     0.049935386       3516.7809      -25.340299       -27.371739         2.0314397       3516.7809                           3087.9997                 24.181275                 395.67856                      8.9214555
              1       1733.4467   2.0868213e-09       0.9615481       67.056637     0.022481101      0.12082194     0.049035487       3517.5739      -25.340299       -27.371739         2.0314397       3517.5739                           3088.5395                 24.270685                  395.6885                      9.0752574
              1       1734.0726   2.0845624e-09      0.96106984       66.724289     0.022368491      0.12135657     0.048154139       3518.8258      -25.340299       -27.371739         2.0314397       3518.8258                            3089.322                 24.273114                 395.70908                      9.5215783
              2       1732.2253   2.0979325e-09       0.9641492       67.181684     0.022358582      0.12020532     0.052748841       3515.1311      -25.340299       -27.371739         2.0314397       3515.1311                            3086.508                 23.688633                 395.92553                      9.0089439
              1       1731.7533   2.1043731e-09      0.96312002       67.181684     0.022358582      0.12020532     0.052748841       3514.1873      -25.340299       -27.371739         2.0314397       3514.1873                           3084.6603                 24.176843                 395.91008                      9.4400578
              1       1731.1819   2.1038932e-09      0.96379175       67.181684     0.022358582      0.12020532     0.052748841       3513.0443      -25.340299       -27.371739         2.0314397       3513.0443                           3083.6941                  23.99781                 395.92382                        9.42863
              9       1731.3032   2.1095108e-09      0.96335927       67.147341     0.022361904      0.12052514     0.053551641        3513.287      -25.340299       -27.371739         2.0314397        3513.287                           3083.2207                 24.181262                 396.01192                      9.8731473
              2       1730.8993   2.1085272e-09      0.96364518       67.147341     0.022361904      0.12052514     0.053551641       3512.4792      -25.340299       -27.371739         2.0314397       3512.4792                           3082.6104                 24.074224                 396.01691                      9.7776269
              2       1731.1602   2.1043035e-09      0.96408808       67.086346     0.022312939      0.12052486     0.052679727        3513.001      -25.340299       -27.371739         2.0314397        3513.001                           3083.4689                 23.896575                 395.93448                      9.7010596
              5       1731.8927   2.0949868e-09       0.9609485       67.048172     0.022506527      0.12090542     0.049642039       3514.4661      -25.340299       -27.371739         2.0314397       3514.4661                           3084.4795                 24.665289                 395.70063                      9.6206029
              2       1731.9447   2.0874652e-09      0.96418778       67.572882     0.022545247      0.11933069      0.04985497       3514.5699      -25.340299       -27.371739         2.0314397       3514.5699                           3086.5258                 23.827763                  395.6825                      8.5338989
             13       1732.7706   2.0665777e-09      0.96849921       68.163115     0.022559214      0.11793125     0.046409603       3516.2218      -25.340299       -27.371739         2.0314397       3516.2218                           3088.3514                 22.799116                 395.95933                      9.1119313
              3       1732.7653   2.0658404e-09      0.97139244       68.163115     0.022559214      0.11793125     0.046409603       3516.2111      -25.340299       -27.371739         2.0314397       3516.2111                           3088.7925                 22.233633                 395.96236                      9.2226354
              1       1733.5323   2.0552871e-09      0.97488896       68.163115     0.022559214      0.11793125     0.046409603       3517.7451      -25.340299       -27.371739         2.0314397       3517.7451                            3089.626                 21.390756                  396.0639                      10.664485
              1       1733.5416   2.0552784e-09      0.97509959       68.163115     0.022559214      0.11793125     0.046409603       3517.7638      -25.340299       -27.371739         2.0314397       3517.7638                           3089.6784                 21.361049                 396.05722                      10.667158
             13       1734.7647    2.052065e-09      0.97386209       68.583709     0.022822795       0.1178573     0.044825548       3520.2099      -25.340299       -27.371739         2.0314397       3520.2099                           3091.1723                 21.679982                 396.32648                       11.03119
              3       1734.6518   2.0495677e-09      0.97419765       68.570696     0.022799026      0.11785098     0.044276141       3519.9843      -25.340299       -27.371739         2.0314397       3519.9843                           3090.6834                 21.607845                 396.49815                      11.194894
              1       1733.4283   2.0765134e-09      0.97737419        68.97337     0.022743425      0.11652285     0.052612065       3517.5371      -25.340299       -27.371739         2.0314397       3517.5371                           3089.1653                 21.258753                 395.69202                      11.421045
              1       1733.7338   2.0760998e-09      0.97719507       68.997592     0.022766104      0.11647867     0.052536855       3518.1483      -25.340299       -27.371739         2.0314397       3518.1483                           3089.6756                 21.287027                 395.70302                      11.482599
              2       1734.6841   2.0331767e-09      0.97275949       67.989582      0.02265397      0.11913204     0.039038984       3520.0488      -25.340299       -27.371739         2.0314397       3520.0488                           3089.8322                 21.687277                 397.87991                      10.649508
              2       1736.1096   2.0328552e-09      0.97042813       67.989582      0.02265397      0.11913204     0.039038984       3522.8998      -25.340299       -27.371739         2.0314397       3522.8998                           3092.3387                 22.050115                 397.82723                      10.683754
              1       1734.5691   2.0351544e-09      0.96943809       67.989582      0.02265397      0.11913204     0.039038984       3519.8188      -25.340299       -27.371739         2.0314397       3519.8188                           3089.3702                 22.289958                 397.84852                      10.310083
              3       1732.7858   2.0409575e-09      0.97033506       67.989582      0.02265397      0.11913204     0.039038984       3516.2522      -25.340299       -27.371739         2.0314397       3516.2522                           3086.5328                 22.308975                 397.85232                      9.5580738
              2       1733.4689   2.0514663e-09      0.97102601       68.445025     0.022798788       0.1180989      0.04261425       3517.6184      -25.340299       -27.371739         2.0314397       3517.6184                           3088.6474                 22.303484                 396.79676                      9.8707918
              1       1733.1669   2.0520301e-09      0.96759897       67.716286     0.022696198      0.11936588     0.041729624       3517.0143      -25.340299       -27.371739         2.0314397       3517.0143                           3088.3301                 22.828238                 396.95541                      8.9005998
              2       1732.9263     2.05092e-09      0.96857668        67.79473     0.022670829       0.1190747     0.041893197       3516.5331      -25.340299       -27.371739         2.0314397       3516.5331                           3087.9401                 22.618165                 396.90792                        9.06695
              4       1732.9011   2.0503972e-09      0.96882373        67.79473     0.022670829       0.1190747     0.041893197       3516.4828      -25.340299       -27.371739         2.0314397       3516.4828                           3087.8973                 22.554717                 396.91489                      9.1158681
              1       1733.7396   2.0459228e-09      0.96848259       67.779784     0.022691516         0.11914     0.040703004       3518.1599      -25.340299       -27.371739         2.0314397       3518.1599                           3089.1447                 22.598906                 397.23657                      9.1797358
              1       1736.2406   2.0391817e-09      0.97040004       67.779784     0.022691516         0.11914     0.040703004       3523.1618      -25.340299       -27.371739         2.0314397       3523.1618                           3093.8247                 22.049876                 397.30948                      9.9778367
              4       1736.8229   2.0400643e-09      0.96820668       67.779784     0.022691516         0.11914     0.040703004       3524.3263      -25.340299       -27.371739         2.0314397       3524.3263                           3094.7788                 22.462705                  397.2488                      9.8360037
              1       1735.2234   2.0407542e-09      0.96969354       67.779784     0.022691516         0.11914     0.040703004       3521.1274      -25.340299       -27.371739         2.0314397       3521.1274                           3091.8628                 22.217286                  397.2844                      9.7628975
              5       1732.0837   2.0671377e-09      0.97556851        68.44447     0.022579591      0.11733981      0.04936687        3514.848      -25.340299       -27.371739         2.0314397        3514.848                           3087.1451                 21.414529                 395.73037                      10.557973
              3       1732.1137   2.0742656e-09      0.97281931        68.44447     0.022579591      0.11733981      0.04936687        3514.908      -25.340299       -27.371739         2.0314397        3514.908                           3087.6119                 22.035459                 395.73963                      9.5210531
              1       1730.1311   2.1186668e-09      0.97194509       68.416395     0.022565497      0.11746443     0.059889564       3510.9429      -25.340299       -27.371739         2.0314397       3510.9429                           3082.7681                 22.481318                 397.17212                      8.5213586
              1       1730.4892   2.1185926e-09       0.9732818       68.416395     0.022565497      0.11746443     0.059889564        3511.659      -25.340299       -27.371739         2.0314397        3511.659                           3083.7034                 22.231666                 397.16734                      8.5566182
              9       1730.0405    2.118601e-09       0.9725418       68.533393     0.022662348      0.11752587     0.059493205       3510.7616      -25.340299       -27.371739         2.0314397       3510.7616                           3082.7454                 22.433574                 397.06098                      8.5217191
              3       1730.0399   2.1189626e-09      0.97254438       68.532954     0.022661554      0.11752283     0.059587514       3510.7605      -25.340299       -27.371739         2.0314397       3510.7605                             3082.71                 22.434936                  397.0968                      8.5187679
              3       1730.8735    2.123215e-09      0.96990063       68.519616     0.022815732       0.1180163     0.059586008       3512.4276      -25.340299       -27.371739         2.0314397       3512.4276                            3083.845                 23.072361                 397.10548                      8.4048061
              4       1729.7493   2.1123771e-09       0.9696518       68.255764     0.022729379      0.11846743     0.056653585       3510.1792      -25.340299       -27.371739         2.0314397       3510.1792                           3082.3241                 22.976386                 396.38048                      8.4982386
              1       1729.8177    2.112031e-09      0.96967468       68.270144     0.022734774      0.11843238     0.056607182       3510.3161      -25.340299       -27.371739         2.0314397       3510.3161                           3082.4782                 22.971432                 396.37647                      8.4900044
              2       1731.6737   2.0908417e-09      0.97334516       68.001026     0.022412803      0.11835484      0.05236446       3514.0281      -25.340299       -27.371739         2.0314397       3514.0281                           3087.4744                 21.981761                 395.74228                      8.8296356
              3       1731.9466    2.093188e-09      0.97387639       68.127622     0.022431728      0.11811607     0.053142059       3514.5739      -25.340299       -27.371739         2.0314397       3514.5739                           3087.9682                 21.923535                 395.82841                      8.8537324
              4       1732.3882    2.095077e-09      0.97254088       68.127622     0.022431728      0.11811607     0.053142059        3515.457      -25.340299       -27.371739         2.0314397        3515.457                           3088.7176                 22.207058                  395.7981                      8.7343083
              1        1731.292   2.1148162e-09      0.96964489       68.323482     0.022672484      0.11848479      0.05666904       3513.2647      -25.340299       -27.371739         2.0314397       3513.2647                           3085.2868                 23.064551                 396.36906                      8.5442692
              1       1731.3708   2.1146795e-09      0.96964651       68.298215     0.022661286      0.11854662     0.056571804       3513.4221      -25.340299       -27.371739         2.0314397       3513.4221                           3085.4322                 23.058698                 396.36595                      8.5652743
              2       1731.4466   2.1145064e-09      0.96907014       68.266836     0.022683885      0.11868834     0.056300734       3513.5737      -25.340299       -27.371739         2.0314397       3513.5737                            3085.493                 23.188606                 396.30986                      8.5822168
              1       1732.4676   2.1318469e-09      0.96974195        68.41258      0.02268283      0.11843621     0.060696179       3515.6157      -25.340299       -27.371739         2.0314397       3515.6157                           3086.2385                 23.207549                 397.53837                      8.6313484
              1       1729.8277   2.1380945e-09      0.96847109       68.117158     0.022628678      0.11859106     0.062482543        3510.336      -25.340299       -27.371739         2.0314397        3510.336                            3079.773                 23.420692                 398.31886                      8.8234139
              2       1731.3592   2.1404982e-09      0.96812086       68.117158     0.022628678      0.11859106     0.062482543       3513.3989      -25.340299       -27.371739         2.0314397       3513.3989                           3082.5063                 23.585368                 398.33129                       8.975999
              2        1730.259   2.1359039e-09      0.97234765       68.117158     0.022628678      0.11859106     0.062482543       3511.1986      -25.340299       -27.371739         2.0314397       3511.1986                            3081.627                 22.547445                 398.16565                      8.8585192
              3       1730.3354   2.1357603e-09      0.97215821       68.102846      0.02263401       0.1187028     0.062256761       3511.3514      -25.340299       -27.371739         2.0314397       3511.3514                           3081.7342                  22.59176                   398.112                      8.9133996
              3        1729.407   2.1291592e-09      0.97175714       68.102846      0.02263401       0.1187028     0.062256761       3509.4945      -25.340299       -27.371739         2.0314397       3509.4945                           3080.2472                 22.462843                 398.11407                      8.6704561
              5       1728.7947   2.1315349e-09      0.97076278       68.102846      0.02263401       0.1187028     0.062256761       3508.2701      -25.340299       -27.371739         2.0314397       3508.2701                           3078.7072                 22.730858                 398.15057                       8.681412
              6        1728.872   2.1311831e-09      0.97082429       68.102846      0.02263401       0.1187028     0.062256761       3508.4247      -25.340299       -27.371739         2.0314397       3508.4247                            3078.906                 22.707267                  398.1369                      8.6744787
              4       1728.8314   2.1312522e-09      0.97087426       68.102846      0.02263401       0.1187028     0.062256761       3508.3435      -25.340299       -27.371739         2.0314397       3508.3435                            3078.837                 22.699592                  398.1287                      8.6781265
              1       1730.2925   2.1269276e-09      0.97352332       68.102846      0.02263401       0.1187028     0.062256761       3511.2656      -25.340299       -27.371739         2.0314397       3511.2656                           3082.4322                 22.075384                 398.03796                      8.7200532
              3       1729.3912   2.1307549e-09      0.97366023       68.102846      0.02263401       0.1187028     0.062256761       3509.4629      -25.340299       -27.371739         2.0314397       3509.4629                           3080.4871                 22.161571                 398.04039                       8.773829
              5       1729.4331   2.1275673e-09      0.97431417       68.071449     0.022583334      0.11864051     0.061700273       3509.5468      -25.340299       -27.371739         2.0314397       3509.5468                           3080.9434                 22.001462                  397.8259                      8.7760064
              8       1729.4731   2.1228929e-09      0.97432664       68.045708     0.022576982      0.11871402     0.060484693       3509.6268      -25.340299       -27.371739         2.0314397       3509.6268                           3081.4766                 21.969716                 397.39679                       8.783753
              1       1729.3134   2.1279313e-09      0.96800186       68.045708     0.022576982      0.11871402     0.060484693       3509.3074      -25.340299       -27.371739         2.0314397       3509.3074                           3079.7022                  23.35781                 397.57813                      8.6693433
              3       1729.6724    2.129701e-09      0.96779046       68.045708     0.022576982      0.11871402     0.060484693       3510.0254      -25.340299       -27.371739         2.0314397       3510.0254                           3080.2221                 23.467554                 397.59566                      8.7401331
              8       1729.7674   2.1323809e-09      0.96782035       68.079901     0.022586915      0.11862551     0.061230376       3510.2153      -25.340299       -27.371739         2.0314397       3510.2153                            3080.121                 23.487033                 397.88299                      8.7243074
              8       1729.6062   2.1200934e-09      0.96753204       67.978954     0.022575456      0.11895966      0.05782281        3509.893      -25.340299       -27.371739         2.0314397        3509.893                           3080.9547                 23.448828                 396.75138                      8.7381328
              1       1729.6516   2.1194435e-09      0.96710381       67.978954     0.022575456      0.11895966      0.05782281       3509.9838      -25.340299       -27.371739         2.0314397       3509.9838                           3080.9973                 23.520451                 396.77195                      8.6941174
              2       1729.0923   2.1031421e-09       0.9666736       67.738049     0.022518602      0.11927136     0.053777869       3508.8651      -25.340299       -27.371739         2.0314397       3508.8651                            3080.818                 23.414311                 395.94015                      8.6926606
              5       1729.1574   2.1052812e-09      0.96734665       67.746456     0.022477436       0.1191348     0.054567699       3508.9954      -25.340299       -27.371739         2.0314397       3508.9954                           3080.9882                 23.261831                 396.05264                      8.6927338
              2       1730.8047   2.1180812e-09      0.96882092       67.665993     0.022332845      0.11906274     0.058037508       3512.2901      -25.340299       -27.371739         2.0314397       3512.2901                           3083.5326                 22.977731                 396.86955                       8.910212
              8       1730.8006   2.1182173e-09      0.96882282       67.668617     0.022333716      0.11905656     0.058076726       3512.2817      -25.340299       -27.371739         2.0314397       3512.2817                           3083.5073                 22.978781                 396.88747                      8.9081324
              1        1731.728   2.0973172e-09      0.96261628       66.568959      0.02226786      0.12165066     0.050134312       3514.1366      -25.340299       -27.371739         2.0314397       3514.1366                           3083.6065                 24.074182                 395.70348                      10.752446
              1       1731.7376   2.0965149e-09      0.96257824       66.568959      0.02226786      0.12165066     0.050134312       3514.1557      -25.340299       -27.371739         2.0314397       3514.1557                           3083.7651                 24.051966                 395.70471                         10.634
              1       1730.9991   2.1009104e-09       0.9624215       66.803374     0.022375769      0.12121119     0.051530663       3512.6789      -25.340299       -27.371739         2.0314397       3512.6789                           3082.5403                 24.188125                 395.78218                      10.168273
              1        1732.043   2.1069385e-09      0.96237361       66.727406     0.022339077      0.12115199     0.053260651       3514.7666      -25.340299       -27.371739         2.0314397       3514.7666                           3084.1635                 24.199186                 396.00509                      10.398856
              2       1732.6886   2.1398186e-09      0.96206863       66.991341     0.022429083      0.12115515     0.060633819       3516.0578      -25.340299       -27.371739         2.0314397       3516.0578                           3081.4956                 24.714969                 398.13298                      11.714247
              5        1732.577   2.1400535e-09      0.96210853       66.991341     0.022429083      0.12115515     0.060633819       3515.8346      -25.340299       -27.371739         2.0314397       3515.8346                           3081.2257                 24.714353                 398.13298                      11.761536
              1       1731.7598   2.1386222e-09       0.9632823       66.991341     0.022429083      0.12115515     0.060633819       3514.2001      -25.340299       -27.371739         2.0314397       3514.2001                           3080.2315                 24.360655                 398.03556                      11.572392
              1        1731.587   2.1128851e-09      0.96464919       67.115072      0.02242739      0.12118152     0.054156646       3513.8546      -25.340299       -27.371739         2.0314397       3513.8546                             3083.45                 23.871173                 396.15765                      10.375809
              1       1731.9375   2.1104884e-09      0.96495152       67.115072      0.02242739      0.12118152     0.054156646       3514.5556      -25.340299       -27.371739         2.0314397       3514.5556                           3084.6091                 23.711522                 396.13606                      10.098866
              2       1732.0246   2.1106287e-09      0.96477234       67.115072      0.02242739      0.12118152     0.054156646       3514.7297      -25.340299       -27.371739         2.0314397       3514.7297                           3084.7279                 23.757722                 396.13971                       10.10438
              2       1731.2276   2.1092377e-09      0.96489463       67.147188     0.022436277      0.12102495     0.054055904       3513.1359      -25.340299       -27.371739         2.0314397       3513.1359                            3083.431                 23.712123                 396.09254                      9.9002493
              5       1731.5138   2.1074541e-09      0.96565272       67.147188     0.022436277      0.12102495     0.054055904       3513.7082      -25.340299       -27.371739         2.0314397       3513.7082                           3084.4314                 23.476553                 396.03757                      9.7626484
              2        1732.087   2.1176035e-09      0.96543144       67.129754     0.022429689      0.12105758     0.056475746       3514.8547      -25.340299       -27.371739         2.0314397       3514.8547                           3084.5281                 23.601981                  396.6141                      10.110492
              2       1732.1609   2.1387689e-09      0.96877867       68.013649     0.022580462      0.11917623     0.063454321       3515.0024      -25.340299       -27.371739         2.0314397       3515.0024                           3084.1005                 23.191041                 398.78792                      8.9229301
              2       1732.0836   2.1215011e-09      0.97306207       67.985668     0.022324221      0.11819267     0.061402573       3514.8478      -25.340299       -27.371739         2.0314397       3514.8478                           3086.2374                 22.062426                 397.81166                       8.736292
              2       1732.0152   2.1214988e-09      0.97561129       67.985668     0.022324221      0.11819267     0.061402573        3514.711      -25.340299       -27.371739         2.0314397        3514.711                           3086.5324                 21.639609                 397.71304                      8.8259265
              5       1731.7547   2.1266747e-09      0.97549685       68.026669      0.02234297      0.11811947     0.062701919       3514.1901      -25.340299       -27.371739         2.0314397       3514.1901                           3085.4877                 21.695615                 398.21961                      8.7871863
              2       1729.7345   2.0965156e-09      0.97090945       67.338723       0.0223656      0.12016003     0.052773382       3510.1496      -25.340299       -27.371739         2.0314397       3510.1496                           3082.8514                 22.294493                 395.82297                      9.1807691
              6       1729.9888   2.0998153e-09      0.96648905       67.338723       0.0223656      0.12016003     0.052773382       3510.6581      -25.340299       -27.371739         2.0314397       3510.6581                           3082.3991                 23.275151                 395.86639                      9.1174155
              2       1730.1457   2.1007933e-09       0.9665825       67.329445     0.022354325         0.12017     0.053014798       3510.9719      -25.340299       -27.371739         2.0314397       3510.9719                            3082.647                 23.257622                 395.91825                      9.1490798
              1       1730.0787    2.101436e-09      0.96966534       67.329445     0.022354325         0.12017     0.053014798        3510.838      -25.340299       -27.371739         2.0314397        3510.838                           3082.9871                  22.65241                 395.85677                      9.3416599
              2       1729.8344   2.1069488e-09      0.96997633       67.332509     0.022331477      0.11980149     0.055057964       3510.3494      -25.340299       -27.371739         2.0314397       3510.3494                           3082.3625                  22.57902                 396.18384                      9.2240027
              1       1730.2516   2.1091261e-09      0.96641296       67.332509     0.022331477      0.11980149     0.055057964       3511.1838      -25.340299       -27.371739         2.0314397       3511.1838                           3082.3779                 23.382963                 396.23008                      9.1928537
              9       1729.9564   2.1049555e-09      0.96381765       67.376156     0.022517524      0.12032215     0.052848535       3510.5933      -25.340299       -27.371739         2.0314397       3510.5933                           3081.3105                 24.075075                 395.89554                      9.3122594
              2       1729.0475   2.1042067e-09        0.965837       67.376156     0.022517524      0.12032215     0.052848535       3508.7756      -25.340299       -27.371739         2.0314397       3508.7756                           3079.9718                 23.580352                 395.87425                       9.349162
              4       1729.3566   2.0965097e-09      0.96721069       67.801146     0.022627212      0.11952932     0.051657239       3509.3938      -25.340299       -27.371739         2.0314397       3509.3938                           3081.6456                 23.311769                 395.72673                       8.709749
              3       1732.0472   2.1002284e-09      0.96739917       67.801146     0.022627212      0.11952932     0.051657239        3514.775      -25.340299       -27.371739         2.0314397        3514.775                           3086.7862                 23.404155                 395.72673                      8.8579384
              2       1732.0694   2.0990105e-09      0.96889461       67.801146     0.022627212      0.11952932     0.051657239       3514.8194      -25.340299       -27.371739         2.0314397       3514.8194                           3087.2119                  23.04443                 395.69965                      8.8634137
              4       1732.3727   2.0849552e-09      0.96758599        67.30911     0.022511886      0.12042446      0.04753736       3515.4259      -25.340299       -27.371739         2.0314397       3515.4259                           3087.2827                  23.11622                 395.79119                      9.2358285
              2       1732.1801   2.0965823e-09       0.9695974       67.991624     0.022672074      0.11883644      0.05201763       3515.0407      -25.340299       -27.371739         2.0314397       3515.0407                           3087.8905                 22.876853                 395.69954                      8.5738407
              5       1731.2444   2.0940086e-09      0.97103076       67.991624     0.022672074      0.11883644      0.05201763       3513.1694      -25.340299       -27.371739         2.0314397       3513.1694                           3086.3043                 22.514491                 395.73201                      8.6185569
              2         1729.55   2.0880175e-09      0.97159136       67.991624     0.022672074      0.11883644      0.05201763       3509.7807      -25.340299       -27.371739         2.0314397       3509.7807                           3083.0714                 22.228899                 395.68586                      8.7944798
              3       1729.7138   2.0874488e-09      0.97112103       67.902102     0.022662429       0.1189933     0.051754332       3510.1081      -25.340299       -27.371739         2.0314397       3510.1081                            3083.361                 22.295552                 395.69096                       8.760628
              1       1730.2284   2.0918137e-09      0.97069098       67.902102     0.022662429       0.1189933     0.051754332       3511.1375      -25.340299       -27.371739         2.0314397       3511.1375                           3084.2898                 22.509323                 395.69617                      8.6421643
              2       1730.1071   2.0897405e-09      0.97010657        67.81922     0.022663147      0.11934831     0.050733272       3510.8949      -25.340299       -27.371739         2.0314397       3510.8949                           3083.8883                 22.618057                 395.69413                      8.6943763
              1       1730.6171   2.0877006e-09      0.97029855       67.944254     0.022713523      0.11913593     0.050417423       3511.9149      -25.340299       -27.371739         2.0314397       3511.9149                           3084.9834                 22.594407                 395.68567                      8.6513656
              2       1731.4231   2.0856997e-09       0.9729807        68.37488     0.022727363      0.11795956     0.051347622       3513.5268      -25.340299       -27.371739         2.0314397       3513.5268                           3086.8087                 22.111248                 395.68866                      8.9181452
              2       1732.2343   2.0783616e-09      0.97580344        68.37488     0.022727363      0.11795956     0.051347622       3515.1492      -25.340299       -27.371739         2.0314397       3515.1492                           3088.3322                 21.463983                  395.6741                      9.6788441
              1       1731.3939   2.0788443e-09      0.97398023        68.37488     0.022727363      0.11795956     0.051347622       3513.4683      -25.340299       -27.371739         2.0314397       3513.4683                           3086.4543                 21.753101                 395.66252                      9.5984277
              1        1730.672   2.0993177e-09      0.97383716       68.127561     0.022617193      0.11816204     0.056359867       3512.0247      -25.340299       -27.371739         2.0314397       3512.0247                           3085.0382                  21.82372                 396.24635                      8.9164285
              2       1730.4704   2.0983741e-09      0.97375142       68.135705     0.022627652      0.11820744     0.056031184       3511.6214      -25.340299       -27.371739         2.0314397       3511.6214                           3084.6888                 21.840715                 396.16802                      8.9238653
              4       1730.3891   2.1008188e-09      0.97445768       68.135705     0.022627652      0.11820744     0.056031184       3511.4588      -25.340299       -27.371739         2.0314397       3511.4588                           3084.6762                 21.792595                 396.18927                      8.8007529
              6       1729.5153   2.1011851e-09      0.97325016       67.975575     0.022637388      0.11888502     0.055133191       3509.7111      -25.340299       -27.371739         2.0314397       3509.7111                           3082.9023                 22.016211                 396.04166                      8.7509908
             11       1729.5576   2.1150655e-09      0.97399727       68.001804     0.022595235      0.11891833     0.058350589       3509.7959      -25.340299       -27.371739         2.0314397       3509.7959                           3082.2637                 21.982077                 396.74962                      8.8004305
              1       1730.4325   2.1256837e-09       0.9717167       67.269597     0.022394647      0.12015339     0.059931593       3511.5456      -25.340299       -27.371739         2.0314397       3511.5456                           3081.9393                 22.310575                 397.48255                      9.8132419
              2       1730.2623   2.1256872e-09      0.97149324       67.269597     0.022394647      0.12015339     0.059931593       3511.2053      -25.340299       -27.371739         2.0314397       3511.2053                           3081.5622                 22.351762                 397.49055                      9.8006991
              1       1730.2417   2.1308635e-09       0.9691086       67.269597     0.022394647      0.12015339     0.059931593        3511.164      -25.340299       -27.371739         2.0314397        3511.164                           3080.3938                 22.982065                 397.55047                      10.237667
              5       1731.1529    2.141312e-09      0.96980935        67.28084     0.022348661      0.12001285     0.062687174       3512.9863      -25.340299       -27.371739         2.0314397       3512.9863                           3080.9542                 22.897713                 398.61002                      10.524445
              1       1731.6637   2.1420527e-09      0.96981888        67.28084     0.022348661      0.12001285     0.062687174       3514.0081      -25.340299       -27.371739         2.0314397       3514.0081                           3081.8491                 22.920162                 398.60886                      10.629985
              1        1731.972   2.1410295e-09      0.97086428        67.28084     0.022348661      0.12001285     0.062687174       3514.6246      -25.340299       -27.371739         2.0314397       3514.6246                           3082.8242                 22.677463                 398.57214                      10.550795
              3       1732.4158   2.1181059e-09      0.97086469       67.411803     0.022413239      0.11934806     0.058201268       3515.5122      -25.340299       -27.371739         2.0314397       3515.5122                           3086.9338                 22.495605                 396.89888                      9.1838726
              1       1730.7765    2.116147e-09      0.96894801       67.411803     0.022413239      0.11934806     0.058201268       3512.2337      -25.340299       -27.371739         2.0314397       3512.2337                           3083.5303                  22.80625                 396.92401                      8.9730844
              5       1730.4211   2.1212115e-09      0.97046173       67.801648      0.02250115      0.11856071     0.060192177       3511.5228      -25.340299       -27.371739         2.0314397       3511.5228                            3082.836                 22.610294                 397.44402                      8.6324428
              1       1729.7583   2.1080952e-09      0.97026727       67.648717     0.022428925       0.1189014     0.056648363       3510.1972      -25.340299       -27.371739         2.0314397       3510.1972                           3082.4903                 22.533053                 396.46789                      8.7059089
              1       1730.6548   2.1103971e-09      0.97064851       67.648717     0.022428925       0.1189014     0.056648363       3511.9902      -25.340299       -27.371739         2.0314397       3511.9902                           3084.2218                 22.532749                 396.46222                      8.7734755
              2       1729.4717   2.0956829e-09      0.97052339       68.058657     0.022648321      0.11867597     0.052780518       3509.6241      -25.340299       -27.371739         2.0314397       3509.6241                           3082.6241                 22.606312                  395.7898                      8.6039088
              2       1730.1666   2.0925538e-09      0.97329839       68.058657     0.022648321      0.11867597     0.052780518       3511.0137      -25.340299       -27.371739         2.0314397       3511.0137                           3084.4672                 22.010943                 395.76756                      8.7679947
              1         1730.57   2.0995153e-09      0.97409241       68.283344     0.022707084      0.11822604     0.054899473       3511.8207      -25.340299       -27.371739         2.0314397       3511.8207                           3085.1554                 21.948744                 395.96528                      8.7512709
              2       1730.5135   2.1028657e-09      0.97287614       68.137888     0.022727325      0.11880545     0.054886619       3511.7076      -25.340299       -27.371739         2.0314397       3511.7076                            3084.838                 22.194246                 395.99349                      8.6817731
              1       1730.7034   2.1025852e-09        0.973162       68.137888     0.022727325      0.11880545     0.054886619       3512.0873      -25.340299       -27.371739         2.0314397       3512.0873                           3085.2399                 22.135737                 396.01668                      8.6950342
              1       1733.2744   2.0711765e-09      0.97274561       68.293926     0.022830829       0.1186587     0.047309362       3517.2294      -25.340299       -27.371739         2.0314397       3517.2294                           3090.1289                 22.068448                 395.90418                      9.1278542
              1       1730.7164   2.0988567e-09      0.97362576       68.115492     0.022675486      0.11886685     0.053893549       3512.1133      -25.340299       -27.371739         2.0314397       3512.1133                           3085.4704                 22.029817                  395.8493                      8.7638115
              2       1730.6999   2.0846287e-09       0.9690354       67.153493     0.022528006      0.12080934     0.048589452       3512.0803      -25.340299       -27.371739         2.0314397       3512.0803                           3084.4078                 22.643945                 395.72092                      9.3076135
              4       1730.6149   2.0880762e-09      0.96714438       67.153493     0.022528006      0.12080934     0.048589452       3511.9104      -25.340299       -27.371739         2.0314397       3511.9104                           3083.5869                 23.136668                 395.74029                      9.4465497
              2       1730.1338   2.0869923e-09      0.96725405       67.153493     0.022528006      0.12080934     0.048589452       3510.9482      -25.340299       -27.371739         2.0314397       3510.9482                           3082.7551                 23.076701                 395.74633                      9.3700802
              1       1729.7914   2.0891796e-09      0.96810758       67.172895     0.022471469      0.12053712     0.049585814       3510.2634      -25.340299       -27.371739         2.0314397       3510.2634                           3082.3852                 22.883618                 395.70631                      9.2882554
              1       1730.2432   2.0928885e-09      0.96367092       67.172895     0.022471469      0.12053712     0.049585814       3511.1669      -25.340299       -27.371739         2.0314397       3511.1669                           3082.1382                 23.982529                 395.70116                      9.3450731
              1       1731.6447   2.0970192e-09      0.96268609       66.778317     0.022339875      0.12150661      0.04945455       3513.9699      -25.340299       -27.371739         2.0314397       3513.9699                           3083.4586                 24.202898                 395.70988                      10.598497
              3       1731.5298   2.1177526e-09      0.96210718       66.796847     0.022405514       0.1215298     0.054401794       3513.7402      -25.340299       -27.371739         2.0314397       3513.7402                            3081.397                 24.537942                  396.2354                      11.569897
              2       1732.8069   2.1044757e-09      0.96352352        67.59253     0.022707311        0.120471     0.051744845       3516.2943      -25.340299       -27.371739         2.0314397       3516.2943                           3086.8829                 24.328951                 395.74583                      9.3366487
              1       1733.1671   2.0976833e-09      0.97050432        67.59253     0.022707311        0.120471     0.051744845       3517.0148      -25.340299       -27.371739         2.0314397       3517.0148                           3089.5433                 22.570218                 395.71135                      9.1899341
              2       1732.7654   2.1166873e-09      0.97698926       68.715054     0.022793373      0.11759622     0.059663199       3516.2114      -25.340299       -27.371739         2.0314397       3516.2114                           3088.8446                 21.639651                  396.9325                      8.7945751
              9       1731.8936   2.1148673e-09      0.97684561       68.715054     0.022793373      0.11759622     0.059663199       3514.4678      -25.340299       -27.371739         2.0314397       3514.4678                           3087.0169                 21.614832                  396.9325                      8.9034813
              2       1730.4366   2.1070017e-09      0.97370749       67.906843     0.022611198      0.11933982     0.055955532       3511.5538      -25.340299       -27.371739         2.0314397       3511.5538                           3084.4677                  21.98233                 396.21729                      8.8864994
              2       1731.9206   2.1020479e-09       0.9760658       68.544957     0.022759151      0.11807088     0.055979913       3514.5219      -25.340299       -27.371739         2.0314397       3514.5219                           3087.7798                 21.658123                 396.09121                      8.9926884
              6       1731.6636   2.0782205e-09      0.97670221       68.453196     0.022651568       0.1178123     0.050876448       3514.0078      -25.340299       -27.371739         2.0314397       3514.0078                           3087.2054                 21.382133                 395.70873                      9.7114783
             12       1731.9512   2.0830882e-09      0.97755473       68.565921     0.022645237      0.11749043     0.052444978        3514.583      -25.340299       -27.371739         2.0314397        3514.583                           3087.7889                 21.286896                 395.70918                      9.7979353
              4       1730.6468   2.0889843e-09      0.97104836       68.565921     0.022645237      0.11749043     0.052444978       3511.9742      -25.340299       -27.371739         2.0314397       3511.9742                           3084.6834                 22.510147                 395.71308                      9.0675966
              1       1730.2586   2.0801208e-09      0.96953877       68.310545     0.022627998      0.11798836     0.049851477       3511.1978      -25.340299       -27.371739         2.0314397       3511.1978                           3083.8656                 22.699855                 395.66685                      8.9655322
              3       1730.7739    2.072477e-09      0.97386483       68.310545     0.022627998      0.11798836     0.049851477       3512.2283      -25.340299       -27.371739         2.0314397       3512.2283                           3084.9603                 21.712449                 395.71244                      9.8431063
              1       1731.5851   2.0719592e-09      0.97274107       68.310545     0.022627998      0.11798836     0.049851477       3513.8507      -25.340299       -27.371739         2.0314397       3513.8507                            3086.381                 21.877841                 395.69227                      9.8996294
              3       1731.9341   2.0866516e-09      0.97413583       68.644277     0.022700144      0.11724239     0.054194869       3514.5487      -25.340299       -27.371739         2.0314397       3514.5487                           3086.9176                 21.770345                 395.86415                       9.996638
              6       1731.7685   2.0915964e-09      0.97449304       68.544892     0.022621519      0.11720858      0.05562754       3514.2176      -25.340299       -27.371739         2.0314397       3514.2176                           3086.6642                 21.700299                 396.05842                      9.7946724
              2       1732.0786   2.1007008e-09       0.9693797       68.544892     0.022621519      0.11720858      0.05562754       3514.8378      -25.340299       -27.371739         2.0314397       3514.8378                           3086.9924                 22.898471                 396.16949                      8.7773815
              1       1732.3104   2.1020991e-09      0.97257894       68.544892     0.022621519      0.11720858      0.05562754       3515.3014      -25.340299       -27.371739         2.0314397       3515.3014                           3088.1854                 22.325351                 396.06576                      8.7249347
              1       1731.0107   2.1113991e-09      0.97112832       68.338265     0.022632016      0.11775059      0.05724467       3512.7021      -25.340299       -27.371739         2.0314397       3512.7021                           3085.1184                 22.648448                 396.46381                      8.4713854
              1       1730.5982   2.1061562e-09      0.96928048       67.669509     0.022421505      0.11906779     0.054703934        3511.877      -25.340299       -27.371739         2.0314397        3511.877                           3084.1292                 22.858097                 396.08159                      8.8080707
              1       1730.2179   2.0875279e-09      0.96787394       67.535416      0.02245403      0.11964899     0.049362706       3511.1165      -25.340299       -27.371739         2.0314397       3511.1165                           3083.5511                 23.037294                 395.70237                      8.8256635
              1       1731.3548   2.1094671e-09      0.96960104       67.832406     0.022479491      0.11926631     0.054807541       3513.3902      -25.340299       -27.371739         2.0314397       3513.3902                           3085.4584                 22.914362                  396.1009                      8.9165524
              1       1729.4246   2.1060017e-09      0.96911168       67.832406     0.022479491      0.11926631     0.054807541       3509.5298      -25.340299       -27.371739         2.0314397       3509.5298                           3081.7481                 22.897934                  396.1009                      8.7829115
              3       1730.7417   2.1085291e-09      0.96682737       67.832406     0.022479491      0.11926631     0.054807541       3512.1641      -25.340299       -27.371739         2.0314397       3512.1641                           3083.8046                 23.469655                 396.12632                      8.7634598
              2       1730.2023   2.1215854e-09      0.96751663       67.927744     0.022481804      0.11885189     0.058571412       3511.0852      -25.340299       -27.371739         2.0314397       3511.0852                           3081.9509                 23.407065                  396.9985                      8.7287251
              1       1730.1583   2.1214459e-09      0.96717676       67.857062     0.022471469      0.11900456     0.058381264       3510.9972      -25.340299       -27.371739         2.0314397       3510.9972                           3081.7569                 23.469583                 396.96355                      8.8071413
              2       1730.5968   2.1224102e-09      0.96988052       67.857062     0.022471469      0.11900456     0.058381264       3511.8742      -25.340299       -27.371739         2.0314397       3511.8742                           3083.0511                 22.927021                 396.92232                      8.9737587
              1       1731.1716   2.1226772e-09       0.9703467       67.857062     0.022471469      0.11900456     0.058381264       3513.0238      -25.340299       -27.371739         2.0314397       3513.0238                           3084.2476                 22.841559                 396.92438                      9.0102304
              2       1730.4249   2.1208308e-09      0.97142743       67.857062     0.022471469      0.11900456     0.058381264       3511.5304      -25.340299       -27.371739         2.0314397       3511.5304                           3083.1258                 22.569783                 396.87652                      8.9582662
              1       1730.1732   2.0730788e-09      0.96730092       67.376811     0.022529149      0.12021649     0.045497759        3511.027      -25.340299       -27.371739         2.0314397        3511.027                           3083.0843                 23.031387                 396.04649                      8.8648084
              1       1730.7094   2.0629692e-09      0.96753202       67.266813     0.022448392      0.12025249     0.043181093       3512.0993      -25.340299       -27.371739         2.0314397       3512.0993                           3083.8583                 22.868887                 396.49628                       8.875861
              1       1730.7957   2.0620893e-09      0.96723595       67.214883     0.022444254       0.1203674     0.042849636        3512.272      -25.340299       -27.371739         2.0314397        3512.272                           3083.8735                  22.91664                 396.58493                      8.8969529
              1       1731.6136   2.0665447e-09      0.96785459       67.189248     0.022385147      0.12002702     0.044616704       3513.9077      -25.340299       -27.371739         2.0314397       3513.9077                           3086.1126                 22.761506                 396.18373                      8.8499042
              1       1730.9455   2.1192166e-09      0.96789038       67.066429     0.022337239      0.12037436     0.056890893       3512.5716      -25.340299       -27.371739         2.0314397       3512.5716                           3082.6042                 23.109939                 396.66467                      10.192793
              2       1731.1326   2.1200861e-09      0.96727211       67.066429     0.022337239      0.12037436     0.056890893       3512.9458      -25.340299       -27.371739         2.0314397       3512.9458                           3082.7171                 23.271249                 396.69068                      10.266787
              1       1730.6703   2.1228809e-09      0.96747556       67.200826     0.022394023      0.12011308     0.057820563       3512.0212      -25.340299       -27.371739         2.0314397       3512.0212                           3081.8137                  23.27618                 396.91846                      10.012853
              2       1731.9644   2.1259878e-09      0.96460542       67.200826     0.022394023      0.12011308     0.057820563       3514.6094      -25.340299       -27.371739         2.0314397       3514.6094                           3083.3151                 24.040951                 396.99912                      10.254291
              3       1732.5511   2.1144298e-09      0.96347438       66.916115     0.022328272      0.12072571     0.054395463       3515.7828      -25.340299       -27.371739         2.0314397       3515.7828                           3084.8219                 24.163436                 396.17549                        10.6219
              1       1732.2774   2.1154897e-09      0.96353455       66.943981     0.022338035      0.12075167     0.054547807       3515.2354      -25.340299       -27.371739         2.0314397       3515.2354                           3084.1799                 24.176367                 396.20197                      10.677133
              2        1731.502   2.0927377e-09      0.96414286       67.294723     0.022464153      0.12040863     0.049053784       3513.6847      -25.340299       -27.371739         2.0314397       3513.6847                           3084.6686                 23.971375                 395.70647                      9.3382262
              1       1731.4294   2.0926359e-09      0.96422593       67.294723     0.022464153      0.12040863     0.049053784       3513.5395      -25.340299       -27.371739         2.0314397       3513.5395                           3084.5518                 23.947426                 395.70647                      9.3337505
              5       1731.6982   2.0874697e-09      0.96272052       67.294723     0.022464153      0.12040863     0.049053784       3514.0771      -25.340299       -27.371739         2.0314397       3514.0771                            3085.367                 24.101542                 395.68775                      8.9207698
              1       1732.0411   2.0809582e-09      0.96238445       67.280606     0.022481294       0.1204483     0.047439744       3514.7629      -25.340299       -27.371739         2.0314397       3514.7629                           3086.0273                 24.129093                 395.77024                      8.8362188
              2       1732.3755   2.0693451e-09      0.96299156       67.241055     0.022406849      0.12035829     0.044863758       3515.4317      -25.340299       -27.371739         2.0314397       3515.4317                           3086.6929                 23.853108                 396.11802                      8.7677096
              1       1730.3859   2.0714307e-09      0.96537334       67.241055     0.022406849      0.12035829     0.044863758       3511.4523      -25.340299       -27.371739         2.0314397       3511.4523                           3083.0323                 23.398148                 396.11483                      8.9070677
              2       1730.2144   2.0639205e-09      0.96962672       67.241055     0.022406849      0.12035829     0.044863758       3511.1094      -25.340299       -27.371739         2.0314397       3511.1094                           3083.5508                 22.307205                 396.20948                      9.0418898
              1       1730.2051   2.0769727e-09      0.96893477       67.014422     0.022347586       0.1207549     0.047684018       3511.0907      -25.340299       -27.371739         2.0314397       3511.0907                           3083.6058                 22.474571                   395.814                      9.1963297
              4       1729.5928   2.0972941e-09      0.96913629       67.293729     0.022486362       0.1205914     0.052390586       3509.8663      -25.340299       -27.371739         2.0314397       3509.8663                           3082.1125                 22.664119                  395.8098                      9.2798227
              1       1729.3068   2.0982674e-09      0.96853535       67.293729     0.022486362       0.1205914     0.052390586       3509.2941      -25.340299       -27.371739         2.0314397       3509.2941                           3081.3562                 22.813667                  395.8192                       9.305035
              1       1729.3372   2.0964114e-09      0.96787155        67.21439     0.022497589      0.12072231     0.051853942       3509.3549      -25.340299       -27.371739         2.0314397       3509.3549                            3081.305                 22.919329                 395.79187                      9.3387544
              2       1730.7127   2.1408295e-09      0.97202713        68.35224     0.022787794      0.11846417     0.064754805       3512.1061      -25.340299       -27.371739         2.0314397       3512.1061                           3081.8291                 22.608079                  399.0573                       8.611626
              7       1731.7977   2.1424825e-09      0.97414344        68.35224     0.022787794      0.11846417     0.064754805       3514.2759      -25.340299       -27.371739         2.0314397       3514.2759                           3084.2967                 22.260468                 398.97732                      8.7414608
              1       1731.0339    2.145071e-09      0.97195786        68.35224     0.022787794      0.11846417     0.064754805       3512.7483      -25.340299       -27.371739         2.0314397       3512.7483                           3082.1468                 22.756927                 399.07632                      8.7682334
              2        1729.732   2.1155385e-09      0.96889485       67.325327     0.022474911      0.12039182     0.055855384       3510.1447      -25.340299       -27.371739         2.0314397       3510.1447                           3080.9996                 22.957941                 396.35835                      9.8287924
              4       1730.3013   2.0694343e-09      0.96940117       67.636806     0.022581775      0.11976613     0.045345247       3511.2832      -25.340299       -27.371739         2.0314397       3511.2832                           3083.7509                 22.601086                   396.119                      8.8121988
              2       1729.8591   2.0842778e-09      0.96934376       67.710005     0.022633183      0.11950599     0.049304213       3510.3988      -25.340299       -27.371739         2.0314397       3510.3988                           3083.3201                 22.706861                 395.66502                      8.7068652
             10       1731.5457    2.071793e-09      0.96696654       67.440248     0.022675087      0.12033727     0.045240177        3513.772      -25.340299       -27.371739         2.0314397        3513.772                           3085.7366                 23.104862                 396.13135                      8.7991605
              1       1731.7904   2.0714986e-09      0.96759322       67.440248     0.022675087      0.12033727     0.045240177       3514.2613      -25.340299       -27.371739         2.0314397       3514.2613                           3086.3666                 22.966618                 396.10919                      8.8189346
              1       1731.4565   2.0783545e-09      0.96779313       67.472909     0.022679052      0.12028223     0.046937288       3513.5937      -25.340299       -27.371739         2.0314397       3513.5937                           3085.8962                 22.979198                 395.86854                      8.8497683
              2       1732.4637   2.0850899e-09      0.97122822       68.226939     0.022809104      0.11843996     0.050654733       3515.6081      -25.340299       -27.371739         2.0314397       3515.6081                           3088.8087                 22.424712                 395.66504                       8.709622
              2       1730.9071   2.0880078e-09         0.97332       68.199214     0.022626977      0.11814164     0.051927518       3512.4948      -25.340299       -27.371739         2.0314397       3512.4948                           3085.9516                 22.014167                 395.69151                      8.8375732
              3       1731.1157    2.089011e-09      0.97352652       68.275506     0.022651553      0.11798697     0.052323939        3512.912      -25.340299       -27.371739         2.0314397        3512.912                           3086.3492                 21.995718                 395.70291                      8.8641597
              2       1730.7186   2.0895807e-09      0.97269859       68.275506     0.022651553      0.11798697     0.052323939       3512.1177      -25.340299       -27.371739         2.0314397       3512.1177                           3085.4232                 22.154337                 395.72979                      8.8104076
              1       1731.0015   2.0783064e-09      0.97257475       68.117085     0.022572628      0.11819954     0.049482384       3512.6836      -25.340299       -27.371739         2.0314397       3512.6836                           3085.9006                 22.071411                 395.75173                      8.9598969
              2       1732.4502   2.1061444e-09      0.97052854       67.441456     0.022382538      0.12018762      0.05364687        3515.581      -25.340299       -27.371739         2.0314397        3515.581                            3087.527                 22.592172                 395.96266                      9.4991382
              1       1732.9399    2.095647e-09      0.97032073        67.49524     0.022422733      0.12023444     0.050926958       3516.5604      -25.340299       -27.371739         2.0314397       3516.5604                           3088.9601                 22.593242                  395.7205                      9.2865645
              1       1732.7544    2.094915e-09      0.97067851        67.49524     0.022422733      0.12023444     0.050926958       3516.1894      -25.340299       -27.371739         2.0314397       3516.1894                           3088.6907                 22.502681                 395.72919                      9.2667491
              3       1731.4736   2.0945736e-09      0.96701933        67.49524     0.022422733      0.12023444     0.050926958       3513.6278      -25.340299       -27.371739         2.0314397       3513.6278                           3085.6337                  23.22189                 395.69933                      9.0728143
              1        1730.308   2.1005024e-09      0.96883337       67.645599     0.022362153      0.11940752     0.053635867       3511.2966      -25.340299       -27.371739         2.0314397       3511.2966                           3083.6529                 22.836918                  395.9647                      8.8421091
              2       1729.4009   2.0951584e-09      0.96869463       67.746682     0.022425761      0.11920239     0.052561905       3509.4824      -25.340299       -27.371739         2.0314397       3509.4824                           3082.0901                 22.847399                 395.81832                      8.7265788
              6       1729.4357   2.0969519e-09      0.96914346       67.842671     0.022441368      0.11901085     0.053177291        3509.552      -25.340299       -27.371739         2.0314397        3509.552                           3082.2102                 22.785947                 395.85393                      8.7019782
              1       1729.2211   2.0920459e-09      0.96955399       68.025101     0.022505901      0.11842411     0.052785004       3509.1228      -25.340299       -27.371739         2.0314397       3509.1228                           3081.9714                 22.672816                 395.78251                      8.6960513
              2       1731.5255   2.0740494e-09      0.97116812       68.108803       0.0224121      0.11813175     0.048802762       3513.7316      -25.340299       -27.371739         2.0314397       3513.7316                           3086.5039                 22.244257                 395.74696                       9.236496
              4        1731.366    2.073151e-09      0.97158105       68.108803       0.0224121      0.11813175     0.048802762       3513.4127      -25.340299       -27.371739         2.0314397       3513.4127                           3086.1944                 22.144683                 395.74331                      9.3302828
              2       1732.0062   2.0637198e-09      0.97245228       68.553975     0.022575474      0.11734006     0.047217748        3514.693      -25.340299       -27.371739         2.0314397        3514.693                           3086.4157                 22.014706                 395.93984                      10.322775
              4       1731.4406   2.0825983e-09      0.97317137        68.73823      0.02262247      0.11709549     0.051892881       3513.5619      -25.340299       -27.371739         2.0314397       3513.5619                           3085.9624                  22.04451                 395.72575                      9.8292015
              1       1730.7982   2.0873137e-09      0.97258875       68.634441     0.022615565      0.11739072     0.052666664       3512.2771      -25.340299       -27.371739         2.0314397       3512.2771                           3084.9445                 22.171506                 395.72888                      9.4321506
              4       1731.8036   2.0827398e-09      0.97758081       68.634441     0.022615565      0.11739072     0.052666664       3514.2877      -25.340299       -27.371739         2.0314397       3514.2877                           3087.2457                 21.269345                 395.70771                      10.064954
              3       1733.0028   2.0789608e-09      0.97773311       68.634441     0.022615565      0.11739072     0.052666664       3516.6861      -25.340299       -27.371739         2.0314397       3516.6861                           3089.1994                 21.161832                 395.68582                      10.639065
              1       1733.7382   2.0964798e-09      0.97798424        68.59262     0.022577701      0.11770111     0.056364465       3518.1569      -25.340299       -27.371739         2.0314397       3518.1569                           3090.9707                 21.222458                 396.16183                      9.8018805
              7       1732.8575   2.0950497e-09      0.97539376       68.261094     0.022608759      0.11862576      0.05490973       3516.3957      -25.340299       -27.371739         2.0314397       3516.3957                           3089.5433                 21.581996                 396.01986                      9.2505232
              1       1731.0642    2.099578e-09      0.97459739       68.261094     0.022608759      0.11862576      0.05490973       3512.8091      -25.340299       -27.371739         2.0314397       3512.8091                           3086.0222                 21.826813                 396.01589                      8.9441983
              4       1729.9279   2.0697868e-09      0.97287896       67.895578      0.02254317      0.11906043     0.047592844       3510.5365      -25.340299       -27.371739         2.0314397       3510.5365                           3083.5919                 21.863562                  395.8539                      9.2270833
              2       1729.6354   2.0729517e-09      0.96871348       67.895578      0.02254317      0.11906043     0.047592844       3509.9514      -25.340299       -27.371739         2.0314397       3509.9514                           3082.5358                 22.700765                 395.80767                      8.9071853
              2       1728.9968    2.098329e-09      0.96657966       67.521822     0.022527267      0.11985111      0.05293898       3508.6741      -25.340299       -27.371739         2.0314397       3508.6741                           3080.7442                 23.267314                 395.84677                      8.8158264
              2         1728.99   2.1124121e-09      0.96768123       67.705228     0.022543401      0.11928221     0.057076621       3508.6607      -25.340299       -27.371739         2.0314397       3508.6607                           3080.1826                 23.143579                 396.61206                      8.7224582
             10       1728.6805   2.1130815e-09      0.96965819       68.042438     0.022563472      0.11855973     0.057962402       3508.0416      -25.340299       -27.371739         2.0314397       3508.0416                            3079.926                 22.791532                 396.75184                      8.5722267
              6       1729.6433   2.0993567e-09      0.97208267       68.419626     0.022562509      0.11773512     0.055482197       3509.9671      -25.340299       -27.371739         2.0314397       3509.9671                           3082.6711                 22.280604                  396.0862                      8.9291997
              8        1729.644   2.0988294e-09      0.97445881       68.419626     0.022562509      0.11773512     0.055482197       3509.9687      -25.340299       -27.371739         2.0314397       3509.9687                            3083.049                 21.855128                 396.04799                      9.0165902
              3       1730.4027   2.0756902e-09      0.96884675       67.333104     0.022422835      0.12049704     0.046691505        3511.486      -25.340299       -27.371739         2.0314397        3511.486                           3083.9028                 22.637999                 395.88094                      9.0641922
              6       1730.2643      2.0816e-09      0.96935392       67.430919     0.022436375      0.12030077     0.048305388       3511.2092      -25.340299       -27.371739         2.0314397       3511.2092                           3083.8534                 22.592986                 395.72488                      9.0379637
              4       1730.7319   2.0796872e-09       0.9684813       67.430919     0.022436375      0.12030077     0.048305388       3512.1444      -25.340299       -27.371739         2.0314397       3512.1444                           3084.7353                 22.698651                 395.73003                      8.9804606
              1       1731.6186   2.1244902e-09      0.96882346       67.117705     0.022265653      0.12014059     0.060007644       3513.9178      -25.340299       -27.371739         2.0314397       3513.9178                           3083.8487                 22.777419                 397.59508                      9.6965291
              2       1732.4072   2.1120817e-09      0.96796052       66.897598     0.022213245      0.12052497      0.05669395        3515.495      -25.340299       -27.371739         2.0314397        3515.495                           3086.2656                 22.819341                 396.65172                       9.758294
              7        1731.643   2.1171003e-09      0.96859595       67.078295     0.022260463      0.12016895      0.05824671       3513.9667      -25.340299       -27.371739         2.0314397       3513.9667                           3084.6293                 22.757513                 397.04366                      9.5361645
              1        1732.162   2.1059942e-09      0.96563909       66.652011     0.022262813      0.12168394     0.053491566       3515.0045      -25.340299       -27.371739         2.0314397       3515.0045                           3084.9755                 23.316483                 396.03479                       10.67772
              2       1733.7684   2.1115788e-09      0.96121077       66.652011     0.022262813      0.12168394     0.053491566       3518.2174      -25.340299       -27.371739         2.0314397       3518.2174                           3086.3088                  24.56449                 396.12198                      11.222133
              2        1733.465   2.1153216e-09       0.9625065       66.652011     0.022262813      0.12168394     0.053491566       3517.6107      -25.340299       -27.371739         2.0314397       3517.6107                           3085.1377                 24.392857                 396.09425                      11.985835
              1       1733.4937   2.1153165e-09      0.96230938       66.652011     0.022262813      0.12168394     0.053491566       3517.6681      -25.340299       -27.371739         2.0314397       3517.6681                           3085.1374                  24.44163                 396.11834                      11.970754
              2       1732.8038   2.1298375e-09      0.96433426        67.06215     0.022323776      0.12084461     0.057815191       3516.2881      -25.340299       -27.371739         2.0314397       3516.2881                           3083.8128                  24.14615                 397.04226                      11.286872
              3       1730.6657   2.1146139e-09      0.96491135       67.396195     0.022450378      0.12012659     0.054901239       3512.0119      -25.340299       -27.371739         2.0314397       3512.0119                           3082.1785                 23.944436                  396.2375                       9.651551
              2       1732.0071   2.1164403e-09      0.96461321       67.396195     0.022450378      0.12012659     0.054901239       3514.6947      -25.340299       -27.371739         2.0314397       3514.6947                           3084.5653                 24.085642                  396.2025                      9.8412206
              4        1734.864    2.110264e-09      0.97293019       67.396195     0.022450378      0.12012659     0.054901239       3520.4085      -25.340299       -27.371739         2.0314397       3520.4085                           3092.4938                 22.155168                 396.08883                      9.6707318
              1       1734.4973   2.1059107e-09      0.97484625       67.396195     0.022450378      0.12012659     0.054901239       3519.6751      -25.340299       -27.371739         2.0314397       3519.6751                           3092.4326                  21.71712                 396.06233                      9.4630829
              2       1730.0969   2.1061669e-09      0.97198523       67.396195     0.022450378      0.12012659     0.054901239       3510.8745      -25.340299       -27.371739         2.0314397       3510.8745                           3083.2552                 22.201548                 396.09105                      9.3266386
              1       1730.1646   2.1090487e-09      0.97226776       67.440438     0.022452277      0.12003267     0.055690056       3511.0099      -25.340299       -27.371739         2.0314397       3511.0099                           3083.2345                 22.173906                 396.28188                      9.3195844
              2       1731.1047   2.1389831e-09      0.97070828        67.27919     0.022506441      0.12030624     0.062734103         3512.89      -25.340299       -27.371739         2.0314397         3512.89                           3081.3802                 22.634338                  398.5351                      10.340398
              5       1732.3946    2.149786e-09      0.97560057        67.87336     0.022435795       0.1184271     0.067756213       3515.4698      -25.340299       -27.371739         2.0314397       3515.4698                           3084.0568                 21.824869                 400.53757                      9.0504966
              1        1731.034   2.1496142e-09      0.97344687        67.87336     0.022435795       0.1184271     0.067756213       3512.7485      -25.340299       -27.371739         2.0314397       3512.7485                           3080.9837                 22.193352                 400.62799                      8.9435511
              3       1731.2766   2.1580103e-09      0.97305155       67.731227     0.022394025      0.11884129     0.069252653       3513.2338      -25.340299       -27.371739         2.0314397       3513.2338                           3079.9723                 22.312693                 401.51509                      9.4336443
              2       1731.0645   2.1590807e-09      0.97253191       67.731227     0.022394025      0.11884129     0.069252653       3512.8096      -25.340299       -27.371739         2.0314397       3512.8096                           3079.3462                 22.442847                 401.51771                      9.5028257
              2       1731.3429   2.1587031e-09      0.97336337       67.731227     0.022394025      0.11884129     0.069252653       3513.3665      -25.340299       -27.371739         2.0314397       3513.3665                           3080.0614                 22.275906                 401.51796                      9.5111605
              5       1730.1281   2.1346003e-09      0.97383977       67.884789     0.022427778      0.11850496     0.063786655       3510.9367      -25.340299       -27.371739         2.0314397       3510.9367                            3081.309                 22.053618                 398.73208                      8.8420796
              1        1730.076   2.1354662e-09      0.97055336       67.884789     0.022427778      0.11850496     0.063786655       3510.8326      -25.340299       -27.371739         2.0314397       3510.8326                           3080.5379                   22.6918                 398.86608                      8.7368399
              1       1730.2797   2.1343359e-09      0.97040237       67.932936     0.022466162      0.11835017     0.063730644         3511.24      -25.340299       -27.371739         2.0314397         3511.24                           3081.0722                 22.716899                 398.81558                      8.6353378
              2       1730.3331   2.1274569e-09       0.9695072       67.727023     0.022425911      0.11875532     0.061687233       3511.3468      -25.340299       -27.371739         2.0314397       3511.3468                            3081.755                 22.807652                 398.03867                      8.7454913
              2       1729.1935   2.0868131e-09      0.96932906       68.016054     0.022575504      0.11857126     0.051699151       3509.0676      -25.340299       -27.371739         2.0314397       3509.0676                           3081.9591                 22.658159                 395.68046                       8.769893
              1       1728.8695   2.1054124e-09      0.96876927       67.923958     0.022579152      0.11881029     0.055914164       3508.4197      -25.340299       -27.371739         2.0314397       3508.4197                           3080.6692                  22.89274                 396.27815                      8.5796126
              4       1728.7309   2.1091358e-09      0.96876573       67.923958     0.022579152      0.11881029     0.055914164       3508.1423      -25.340299       -27.371739         2.0314397       3508.1423                           3080.2451                 23.018809                 396.28179                      8.5966542
              1       1728.7226   2.1202489e-09      0.96792388       67.772371     0.022568429      0.11942273     0.057712289       3508.1258      -25.340299       -27.371739         2.0314397       3508.1258                           3079.0531                 23.298105                 396.75979                      9.0147931
              6       1729.8624   2.1170385e-09      0.96655831       67.772371     0.022568429      0.11942273     0.057712289       3510.4054      -25.340299       -27.371739         2.0314397       3510.4054                           3081.3848                 23.482618                   396.753                      8.7849297
              4       1728.4159    2.118034e-09      0.96990154       67.772371     0.022568429      0.11942273     0.057712289       3507.5124      -25.340299       -27.371739         2.0314397       3507.5124                           3079.0114                 22.811685                 396.71498                      8.9743455
              1       1728.7178   2.1254942e-09      0.97138283       68.088794     0.022620684      0.11875845     0.060178803       3508.1162      -25.340299       -27.371739         2.0314397       3508.1162                           3079.3866                 22.620584                 397.37919                      8.7298367
              3       1728.7573   2.1172003e-09      0.97098107       68.046082     0.022626419      0.11892604     0.057939977       3508.1952      -25.340299       -27.371739         2.0314397       3508.1952                           3080.1223                 22.644573                 396.71023                      8.7181436
             12       1729.1942   2.1163745e-09      0.96846901       68.046082     0.022626419      0.11892604     0.057939977       3509.0691      -25.340299       -27.371739         2.0314397       3509.0691                           3080.5785                  23.12616                 396.75429                      8.6101298
              5       1729.3189   2.1192276e-09      0.96773262       68.046082     0.022626419      0.11892604     0.057939977       3509.3185      -25.340299       -27.371739         2.0314397       3509.3185                           3080.5205                 23.383799                 396.76251                      8.6516171
              6       1729.5863   2.1059628e-09      0.96945255       68.304452     0.022620716       0.1182048     0.055610166       3509.8532      -25.340299       -27.371739         2.0314397       3509.8532                           3082.2029                 22.933916                 396.17617                      8.5401864
              5       1729.9636     2.09748e-09      0.97482079       68.304452     0.022620716       0.1182048     0.055610166       3510.6077      -25.340299       -27.371739         2.0314397       3510.6077                           3083.7097                 21.707619                 396.07913                      9.1112508
              2       1730.1372   2.0978071e-09      0.97289336       68.304452     0.022620716       0.1182048     0.055610166        3510.955      -25.340299       -27.371739         2.0314397        3510.955                           3083.8008                 22.033522                 396.07705                      9.0436479
              4       1729.8504   2.0984079e-09       0.9722262       68.106731     0.022569536       0.1185684      0.05543259       3510.3813      -25.340299       -27.371739         2.0314397       3510.3813                           3083.2704                 22.120147                 396.08944                      8.9013629
              6       1729.3393   2.1020461e-09      0.97408864       68.106731     0.022569536       0.1185684      0.05543259       3509.3593      -25.340299       -27.371739         2.0314397       3509.3593                           3082.5748                 21.906475                 396.08047                      8.7974833
              1       1730.2937    2.093791e-09      0.97541106       68.489776     0.022665577      0.11761157     0.054553803        3511.268      -25.340299       -27.371739         2.0314397        3511.268                           3084.5244                 21.677971                 395.88375                       9.181849
              3       1730.6761   2.1001816e-09       0.9762876       68.534852     0.022622238      0.11734277      0.05651092       3512.0328      -25.340299       -27.371739         2.0314397       3512.0328                           3085.0713                 21.560839                 396.22912                      9.1715504
              2       1735.0334   2.0911899e-09      0.97655847       68.534852     0.022622238      0.11734277      0.05651092       3520.7473      -25.340299       -27.371739         2.0314397       3520.7473                           3093.0121                  21.29982                 396.17284                      10.262523
              2       1735.3983    2.091209e-09      0.97605865       68.534852     0.022622238      0.11734277      0.05651092       3521.4772      -25.340299       -27.371739         2.0314397       3521.4772                           3093.6369                 21.371029                 396.21362                      10.255587
              1       1735.2755   2.0973225e-09      0.97616249       68.563084     0.022631335      0.11730266     0.058010702       3521.2316      -25.340299       -27.371739         2.0314397       3521.2316                           3093.2794                 21.392405                 396.50835                      10.051405
              1       1734.9913   2.0976034e-09      0.97603479       68.563084     0.022631335      0.11730266     0.058010702       3520.6632      -25.340299       -27.371739         2.0314397       3520.6632                           3092.7346                 21.417923                 396.49992                      10.010761
              7       1734.5137   2.0948294e-09      0.97499347       68.370958     0.022610879      0.11782691     0.056706275       3519.7081      -25.340299       -27.371739         2.0314397       3519.7081                           3092.1944                 21.549814                 396.27903                      9.6848003
              2       1731.6659   2.0970938e-09       0.9754922       68.370958     0.022610879      0.11782691     0.056706275       3514.0125      -25.340299       -27.371739         2.0314397       3514.0125                           3086.7607                 21.531791                 396.28115                      9.4388095
             14       1731.6544   2.1006431e-09      0.97581005       68.432194      0.02261903      0.11772943     0.057630877       3513.9894      -25.340299       -27.371739         2.0314397       3513.9894                           3086.5925                 21.512815                 396.46683                      9.4172681
              3       1730.5079    2.109617e-09      0.96944048       68.432194      0.02261903      0.11772943     0.057630877       3511.6963      -25.340299       -27.371739         2.0314397       3511.6963                           3083.5777                 22.903884                 396.61278                      8.6019204
              4       1731.4365   2.1222344e-09      0.96975435       68.120394     0.022434747      0.11790739     0.060897911       3513.5535      -25.340299       -27.371739         2.0314397       3513.5535                           3084.5778                 22.814689                 397.66033                      8.5007514
              2       1731.3469   2.1243625e-09      0.96960265       68.120394     0.022434747      0.11790739     0.060897911       3513.3744      -25.340299       -27.371739         2.0314397       3513.3744                           3084.3097                 22.915717                 397.66601                      8.4829856
              1       1730.7971   2.1231178e-09      0.97043512       68.120394     0.022434747      0.11790739     0.060897911       3512.2748      -25.340299       -27.371739         2.0314397       3512.2748                           3083.4111                 22.707738                 397.64352                       8.512394
              3       1730.7973   2.1234256e-09      0.97020849       68.069219     0.022425976      0.11800327     0.060886935       3512.2752      -25.340299       -27.371739         2.0314397       3512.2752                           3083.3481                 22.746157                 397.65847                       8.522531
              9       1730.5958   2.1306538e-09      0.97023895       68.111342     0.022448579        0.117986     0.062588218       3511.8721      -25.340299       -27.371739         2.0314397       3511.8721                           3082.2209                  22.80948                 398.31828                      8.5234815
              1       1731.3563   2.1271026e-09      0.97068772       68.111342     0.022448579        0.117986     0.062588218       3513.3933      -25.340299       -27.371739         2.0314397       3513.3933                           3083.9295                 22.605535                 398.31612                      8.5421742
              5       1731.3604   2.1271182e-09       0.9706866       68.111159      0.02244859      0.11798513     0.062594038       3513.4014      -25.340299       -27.371739         2.0314397       3513.4014                           3083.9374                 22.605977                 398.31612                      8.5418872
              1       1730.4824   2.1313915e-09      0.97233456       68.111159      0.02244859      0.11798513     0.062594038       3511.6454      -25.340299       -27.371739         2.0314397       3511.6454                           3082.3801                 22.423591                 398.23703                      8.6046552
              1       1730.4424    2.133416e-09      0.97233782       68.129519     0.022459029      0.11795164     0.063114357       3511.5654      -25.340299       -27.371739         2.0314397       3511.5654                           3082.0648                 22.442645                 398.45877                      8.5991981
              2       1729.0477   2.1217694e-09      0.96791611       67.502976     0.022472561       0.1199723     0.057658399       3508.7761      -25.340299       -27.371739         2.0314397       3508.7761                           3079.1834                 23.245556                 396.80117                      9.5459135
              1       1729.1175    2.117104e-09      0.97093381       67.502976     0.022472561       0.1199723     0.057658399       3508.9156      -25.340299       -27.371739         2.0314397       3508.9156                           3080.3536                 22.483904                 396.74879                      9.3293413
              4        1729.111   2.1172921e-09      0.97094381       67.503851     0.022472304      0.11996911     0.057708127       3508.9025      -25.340299       -27.371739         2.0314397       3508.9025                           3080.3445                 22.483421                 396.74339                       9.331187
              1        1729.117   2.1162532e-09      0.96990698       67.503851     0.022472304      0.11996911     0.057708127       3508.9145      -25.340299       -27.371739         2.0314397       3508.9145                           3080.2741                 22.649307                 396.77757                      9.2135598
              4        1729.184    2.104229e-09      0.96988032       67.701232     0.022573951      0.11976919     0.054829274       3509.0487      -25.340299       -27.371739         2.0314397       3509.0487                           3081.4845                 22.632673                  396.0429                      8.8886503
              3       1731.7494   2.1005183e-09      0.97005361       67.701232     0.022573951      0.11976919     0.054829274       3514.1794      -25.340299       -27.371739         2.0314397       3514.1794                           3086.7833                 22.481927                 396.05914                      8.8549844
              1       1731.9159   2.0995274e-09      0.97145085       67.701232     0.022573951      0.11976919     0.054829274       3514.5124      -25.340299       -27.371739         2.0314397       3514.5124                           3087.3447                 22.196747                 396.05773                      8.9133089
              5       1731.9023   2.0995733e-09      0.97146144       67.702926     0.022574029      0.11976407     0.054846885       3514.4852      -25.340299       -27.371739         2.0314397       3514.4852                           3087.3305                 22.195244                 396.04695                      8.9125831
              1       1731.7302   2.1165463e-09      0.97200321       67.781537     0.022581494      0.11933831     0.059614354        3514.141      -25.340299       -27.371739         2.0314397        3514.141                           3085.9441                 22.185459                 397.18695                      8.8244392
              1        1730.842   2.1232881e-09       0.9664677       67.781537     0.022581494      0.11933831     0.059614354       3512.3646      -25.340299       -27.371739         2.0314397       3512.3646                           3082.6991                 23.519285                  397.3648                      8.7813596
              1       1729.1702   2.1252662e-09      0.96702575       67.781537     0.022581494      0.11933831     0.059614354       3509.0209      -25.340299       -27.371739         2.0314397       3509.0209                           3079.2847                 23.466374                 397.36122                      8.9085985
              1       1729.1581   2.1239142e-09      0.96700223       67.788541     0.022586661      0.11932077     0.059309651       3508.9968      -25.340299       -27.371739         2.0314397       3508.9968                           3079.4192                 23.461743                 397.24406                      8.8718362
              1       1729.2556   2.1176991e-09       0.9658853       67.498313     0.022519785      0.11986161     0.057324756       3509.1917      -25.340299       -27.371739         2.0314397       3509.1917                            3079.704                 23.599045                 396.73618                      9.1524684
              2       1729.5204   2.1205897e-09      0.96548446       67.465499     0.022535436        0.120013     0.057801212       3509.7215      -25.340299       -27.371739         2.0314397       3509.7215                           3079.7977                 23.721552                 396.88248                      9.3197827
              8       1729.4167   2.1161348e-09      0.97060298       67.465499     0.022535436        0.120013     0.057801212       3509.5139      -25.340299       -27.371739         2.0314397       3509.5139                           3080.9972                 22.499933                 396.77616                      9.2406034
              1       1729.4177   2.1158177e-09      0.97057853       67.461099     0.022534864      0.12003003     0.057700311        3509.516      -25.340299       -27.371739         2.0314397        3509.516                           3081.0099                 22.502325                 396.75758                      9.2462521
              3       1729.0775    2.116654e-09      0.96884836       67.461099     0.022534864      0.12003003     0.057700311       3508.8356      -25.340299       -27.371739         2.0314397       3508.8356                           3079.9643                  22.86739                  396.7897                      9.2142209
             10       1729.3371   2.1135415e-09      0.96862774       67.532864     0.022588544      0.12007882     0.056727874       3509.3547      -25.340299       -27.371739         2.0314397       3509.3547                           3080.7756                 22.929534                 396.51186                      9.1377179
              2       1730.5845   2.1009525e-09      0.96626124       66.988748      0.02248283      0.12134366     0.052300401       3511.8496      -25.340299       -27.371739         2.0314397       3511.8496                            3082.829                 23.264476                 395.82808                      9.9280336
             12       1731.0578   2.0887729e-09      0.96629474       66.720154     0.022335604      0.12130616     0.049924965       3512.7961      -25.340299       -27.371739         2.0314397       3512.7961                           3084.2962                 23.038442                 395.73346                      9.7280286
              1       1729.8551   2.0785491e-09      0.97134693       68.131919     0.022676566        0.118526     0.050108745       3510.3908      -25.340299       -27.371739         2.0314397       3510.3908                           3083.3993                 22.222379                    395.69                      9.0791227
              1       1730.0596   2.0647269e-09      0.97142076       68.045046      0.02261684      0.11881734     0.046360515       3510.7997      -25.340299       -27.371739         2.0314397       3510.7997                           3083.3332                 22.126141                 395.98095                      9.3594472
              3       1729.5237   2.0895962e-09      0.97311763       68.292261     0.022620939      0.11834565     0.052779074       3509.7279      -25.340299       -27.371739         2.0314397       3509.7279                           3082.8917                 22.014493                 395.76286                      9.0588833
              4       1729.5569   2.0928325e-09       0.9736933       68.210368     0.022532547      0.11833566     0.053713742       3509.7944      -25.340299       -27.371739         2.0314397       3509.7944                           3082.9926                 21.900909                 395.87242                      9.0284065
              1       1729.5119   2.0740214e-09      0.96964459       67.401621     0.022422877      0.11979167     0.047950068       3509.7043      -25.340299       -27.371739         2.0314397       3509.7043                           3082.6218                 22.367794                 395.81068                      8.9040915
              7        1729.317   2.0773849e-09      0.96974885       67.434377     0.022433319      0.11973185     0.048815491       3509.3146      -25.340299       -27.371739         2.0314397       3509.3146                           3082.3137                 22.374933                 395.74476                      8.8812194
              1       1729.0038    2.079748e-09      0.96811469       67.434377     0.022433319      0.11973185     0.048815491       3508.6882      -25.340299       -27.371739         2.0314397       3508.6882                            3081.401                 22.760034                 395.73366                      8.7934937
              2       1728.4124   2.1071989e-09      0.96802077       67.520964     0.022495908      0.11991446     0.054935169       3507.5054      -25.340299       -27.371739         2.0314397       3507.5054                           3079.2589                 23.036687                 396.17334                       9.036547
              3       1728.9064   2.1103273e-09      0.96792167       67.757445     0.022633023      0.11940734     0.056244844       3508.4935      -25.340299       -27.371739         2.0314397       3508.4935                           3080.2864                 23.124566                  396.3554                      8.7270629
              3       1728.8392   2.1118586e-09      0.96804605       67.763987     0.022627164      0.11937422     0.056663386        3508.359      -25.340299       -27.371739         2.0314397        3508.359                           3080.0498                 23.107896                 396.46625                      8.7351103
              1       1728.8257   2.1144252e-09      0.96888821       67.962326     0.022665676      0.11900601      0.05760868        3508.332      -25.340299       -27.371739         2.0314397        3508.332                           3080.0797                 22.989798                 396.64489                      8.6175173
              4       1728.7053   2.1147587e-09      0.96905441       67.962326     0.022665676      0.11900601      0.05760868       3508.0913      -25.340299       -27.371739         2.0314397       3508.0913                           3079.8382                 22.966823                 396.65655                      8.6296982
              4       1728.6754   2.1345635e-09      0.97156876       68.248833     0.022623714      0.11823884     0.063281342       3508.0313      -25.340299       -27.371739         2.0314397       3508.0313                           3078.3358                 22.627428                 398.48958                      8.5784947
              7       1729.2203   2.1347135e-09      0.97011916       68.248833     0.022623714      0.11823884     0.063281342       3509.1212      -25.340299       -27.371739         2.0314397       3509.1212                           3079.1187                 22.922792                 398.54841                      8.5313075
              2       1729.3839   2.1315668e-09      0.97196653       68.248833     0.022623714      0.11823884     0.063281342       3509.4484      -25.340299       -27.371739         2.0314397       3509.4484                           3079.9575                 22.457306                 398.46237                       8.571217
              3       1729.5826   2.1091436e-09      0.97271781       68.137825     0.022496884      0.11802336     0.058465203       3509.8457      -25.340299       -27.371739         2.0314397       3509.8457                           3082.2172                 22.096217                  396.7762                      8.7560859
              7       1731.2933   2.1352251e-09      0.97546699       69.025098     0.022756212      0.11666452     0.065691072       3513.2672      -25.340299       -27.371739         2.0314397       3513.2672                           3083.3104                 21.973002                   399.133                      8.8508521
              2       1731.4432   2.1337701e-09      0.97562422       69.062476     0.022762735      0.11659972     0.065391977       3513.5671      -25.340299       -27.371739         2.0314397       3513.5671                           3083.6871                 21.943539                  399.0146                      8.9217854
              2       1729.8655   2.1154934e-09      0.97432539       68.589865     0.022607863      0.11746641     0.060200846       3510.4115      -25.340299       -27.371739         2.0314397       3510.4115                           3082.3715                 21.964508                 397.16935                      8.9061106
              2       1730.9583   2.0712565e-09      0.97341706       68.528513     0.022630572      0.11761426     0.049366924       3512.5971      -25.340299       -27.371739         2.0314397       3512.5971                           3084.8957                 21.850824                 395.73839                      10.112169
              1        1730.812   2.0721428e-09      0.97491283       68.528513     0.022630572      0.11761426     0.049366924       3512.3046      -25.340299       -27.371739         2.0314397       3512.3046                           3084.9669                 21.638859                 395.70171                      9.9970806
              2       1730.8222   2.0723083e-09      0.97489609        68.54008     0.022638136      0.11760287     0.049408254       3512.3249      -25.340299       -27.371739         2.0314397       3512.3249                           3084.9702                 21.645279                 395.70871                      10.000704
              5       1729.8116   2.0619512e-09      0.96922327       67.443835     0.022507476      0.11996036     0.044512219       3510.3039      -25.340299       -27.371739         2.0314397       3510.3039                           3082.6621                 22.430055                 396.25702                      8.9546782
              4       1729.8954   2.0609332e-09      0.96898415       67.332449     0.022466638      0.12018863      0.04403467       3510.4714      -25.340299       -27.371739         2.0314397       3510.4714                           3082.7085                 22.452604                 396.33948                      8.9708255
              3       1732.8682   2.0774252e-09       0.9671345        67.52787     0.022728337      0.12004444     0.047995596        3516.417      -25.340299       -27.371739         2.0314397        3516.417                           3088.9641                  22.99746                 395.76141                       8.694043
              2       1735.9096   2.1099707e-09      0.97306075       68.456905     0.022765084      0.11719225     0.059515051       3522.4998      -25.340299       -27.371739         2.0314397       3522.4998                           3094.6602                 22.100719                 396.93243                      8.8064568
              7       1729.8224   2.0824494e-09      0.96938068        67.60268     0.022589937      0.11950871     0.050045509       3510.3254      -25.340299       -27.371739         2.0314397       3510.3254                           3083.3613                 22.538104                 395.68494                      8.7410525
              3       1728.7447   2.1119922e-09      0.97096718       67.899631     0.022631087      0.11901964     0.057538598         3508.17      -25.340299       -27.371739         2.0314397         3508.17                           3080.3625                 22.491825                 396.63264                      8.6830612
              6       1728.6751   2.1106654e-09      0.97129742       67.963559     0.022637893      0.11888764     0.057347045       3508.0309      -25.340299       -27.371739         2.0314397       3508.0309                           3080.4138                 22.429907                 396.52857                      8.6585921
              3       1729.9227   2.0763912e-09      0.97043115       67.957748     0.022689515      0.11911233     0.048666805       3510.5259      -25.340299       -27.371739         2.0314397       3510.5259                           3083.4759                 22.397184                  395.7662                      8.8866442
              3       1729.1433   2.0920402e-09      0.97121382       68.049488     0.022681685      0.11888192      0.05270276       3508.9673      -25.340299       -27.371739         2.0314397       3508.9673                           3082.0654                 22.357974                 395.79601                       8.747867
              5       1728.8961   2.0888175e-09      0.96888303       67.406901     0.022525102      0.12021732     0.050581165       3508.4729      -25.340299       -27.371739         2.0314397       3508.4729                           3081.1047                 22.685767                 395.71899                       8.963453
              5        1728.613   2.0915025e-09      0.96760041       67.406901     0.022525102      0.12021732     0.050581165       3507.9067      -25.340299       -27.371739         2.0314397       3507.9067                            3080.138                 23.031269                 395.73896                      8.9984544
              3       1728.9243   2.0935289e-09      0.96581486       67.406901     0.022525102      0.12021732     0.050581165       3508.5293      -25.340299       -27.371739         2.0314397       3508.5293                           3080.3218                 23.482992                 395.70852                      9.0159453
              1       1729.3217   2.1160074e-09      0.97080709        68.40225     0.022649364      0.11804437     0.058343513        3509.324      -25.340299       -27.371739         2.0314397        3509.324                           3081.2919                 22.736569                  396.7726                      8.5228997
              2       1729.1659   2.1154854e-09      0.97127845        68.40225     0.022649364      0.11804437     0.058343513       3509.0124      -25.340299       -27.371739         2.0314397       3509.0124                           3081.0785                  22.62726                 396.75961                      8.5470929
              5       1729.3255    2.112963e-09      0.97106819        68.40225     0.022649364      0.11804437     0.058343513       3509.3317      -25.340299       -27.371739         2.0314397       3509.3317                           3081.3626                 22.587553                  396.7608                      8.6206956
              2       1729.8233   2.0965141e-09      0.96652465       67.197675     0.022345117      0.12017948     0.052431458       3510.3272      -25.340299       -27.371739         2.0314397       3510.3272                           3082.2296                 23.158492                 395.85707                      9.0820399
              2       1729.6077   2.0973256e-09      0.96648445       67.197675     0.022345117      0.12017948     0.052431458       3509.8959      -25.340299       -27.371739         2.0314397       3509.8959                           3081.7341                 23.194761                  395.8435                      9.1235418
              5       1729.0274   2.0895954e-09      0.96777986       67.509475      0.02241839      0.11952611     0.051279588       3508.7354      -25.340299       -27.371739         2.0314397       3508.7354                            3081.383                 22.913626                 395.68971                      8.7490925
              3       1730.1989   2.0982404e-09      0.97011558       67.793752      0.02236016      0.11870842     0.054392246       3511.0784      -25.340299       -27.371739         2.0314397       3511.0784                            3083.804                 22.515711                 396.04257                      8.7160961
              2       1729.1774   2.0999449e-09      0.96942321       67.798195     0.022429157      0.11903555     0.054191704       3509.0354      -25.340299       -27.371739         2.0314397       3509.0354                           3081.5992                 22.708844                 396.01056                      8.7168022
              1       1730.7624   2.0955348e-09      0.96991757       67.780615     0.022365932      0.11911228      0.05302645       3512.2054      -25.340299       -27.371739         2.0314397       3512.2054                            3084.995                 22.576577                 395.83692                      8.7968359
              2       1730.6021   2.0951318e-09      0.97180118       67.780615     0.022365932      0.11911228      0.05302645       3511.8848      -25.340299       -27.371739         2.0314397       3511.8848                           3084.9512                 22.216446                 395.84663                      8.8705854
              3       1730.6888   2.0957382e-09      0.97180056       67.774139     0.022361423      0.11912582     0.053157167       3512.0581      -25.340299       -27.371739         2.0314397       3512.0581                           3085.1148                 22.219181                 395.85054                      8.8736355
              2       1730.4853   2.1424939e-09      0.97352213       68.355289     0.022541375      0.11810516     0.065274513       3511.6512      -25.340299       -27.371739         2.0314397       3511.6512                           3081.3108                 22.325249                 399.33729                      8.6778102
              6        1732.926   2.1530026e-09      0.97249326        68.09998       0.0224719      0.11884996      0.06683311       3516.5325      -25.340299       -27.371739         2.0314397       3516.5325                           3084.4831                 22.578299                 400.23577                      9.2353621
              4       1732.0943    2.080925e-09      0.96590574       66.948736     0.022428614      0.12165148     0.046305193       3514.8692      -25.340299       -27.371739         2.0314397       3514.8692                           3085.8695                 23.292417                 395.90878                      9.7985618
              6       1730.3172   2.0746688e-09      0.96654028       66.938919     0.022366476      0.12122176     0.045613472       3511.3151      -25.340299       -27.371739         2.0314397       3511.3151                           3082.8414                 23.046894                 396.01773                      9.4090463
              3       1729.9656   2.0610716e-09      0.97038181       67.894919     0.022605411      0.11898591     0.044923531       3510.6118      -25.340299       -27.371739         2.0314397       3510.6118                           3082.9153                 22.304456                 396.24046                      9.1516374
              1       1730.2175   2.0753678e-09      0.97292955       68.068335     0.022451566      0.11824242     0.049431415       3511.1155      -25.340299       -27.371739         2.0314397       3511.1155                           3084.1924                 21.909475                 395.75367                      9.2600223
              2        1730.515   2.0760298e-09      0.97383113       68.285931     0.022498584      0.11787314       0.0499173       3511.7106      -25.340299       -27.371739         2.0314397       3511.7106                           3084.7086                 21.798528                 395.69717                      9.5062829
              2       1733.7495   2.1030943e-09      0.97750062       69.074424     0.022630391       0.1158095     0.058906151       3518.1795      -25.340299       -27.371739         2.0314397       3518.1795                           3089.8961                 21.427778                  396.6399                      10.215771
              4       1733.3575   2.1079886e-09       0.9772407       69.076781     0.022656535      0.11585201     0.059994189       3517.3955      -25.340299       -27.371739         2.0314397       3517.3955                           3088.9905                 21.500779                 396.94663                      9.9575823
              9       1731.8122    2.081461e-09      0.97201829       67.980222     0.022495282      0.11803098      0.05141513        3514.305      -25.340299       -27.371739         2.0314397        3514.305                           3087.5219                 22.054227                 395.71575                      9.0131644
              3       1731.8638   2.0826197e-09      0.97251942       68.072267      0.02250301      0.11782805      0.05191669       3514.4082      -25.340299       -27.371739         2.0314397       3514.4082                           3087.6144                 21.986117                 395.70822                      9.0994709
              3       1730.2526   2.0554987e-09      0.97057295       67.905426      0.02259305       0.1190335     0.043487264       3511.1858      -25.340299       -27.371739         2.0314397       3511.1858                           3083.0825                 22.243321                 396.54479                      9.3151795
              6       1730.3318   2.0554977e-09      0.96808935       67.479309     0.022570305      0.12007421     0.042262028       3511.3442      -25.340299       -27.371739         2.0314397       3511.3442                           3083.0245                 22.680713                 396.71962                       8.919379
              1       1729.1381   2.0722663e-09      0.96795509       67.346374     0.022492748      0.12015998     0.046329363       3508.9568      -25.340299       -27.371739         2.0314397       3508.9568                           3081.3987                 22.773601                 395.92806                        8.85652
              4       1730.1391   2.0688005e-09      0.97028125       67.346374     0.022492748      0.12015998     0.046329363       3510.9589      -25.340299       -27.371739         2.0314397       3510.9589                           3083.7914                 22.231651                 395.96119                      8.9746347
              1       1730.3345    2.068515e-09      0.96853598       67.346374     0.022492748      0.12015998     0.046329363       3511.3496      -25.340299       -27.371739         2.0314397       3511.3496                           3083.9318                 22.540526                 395.96071                      8.9166225
              1       1729.7643   2.0963493e-09      0.97330902       68.218999      0.02255368       0.1183699     0.054869069       3510.2092      -25.340299       -27.371739         2.0314397       3510.2092                           3083.2132                 21.958777                  396.0217                      9.0155045
              4       1729.7147   2.0964962e-09      0.97323985       68.218999      0.02255368       0.1183699     0.054869069       3510.1101      -25.340299       -27.371739         2.0314397       3510.1101                           3083.1098                 21.974613                  396.0217                       9.003994
              4        1729.475   2.0974795e-09      0.97398959       68.218999      0.02255368       0.1183699     0.054869069       3509.6305      -25.340299       -27.371739         2.0314397       3509.6305                           3082.7704                  21.87678                 396.02182                        8.96148
              4       1729.0545   2.0945373e-09      0.97329301       68.156909      0.02258689      0.11853835     0.053955182       3508.7896      -25.340299       -27.371739         2.0314397       3508.7896                           3082.0168                 21.977197                 395.87534                      8.9202343
              3       1729.0628   2.1110304e-09      0.97285591       68.079169     0.022572455      0.11880116     0.057542517       3508.8062      -25.340299       -27.371739         2.0314397       3508.8062                           3081.3222                 22.157551                 396.56866                      8.7577559
              1       1729.0771   2.1113914e-09      0.97293113        68.07423     0.022561506      0.11878714     0.057662729       3508.8348      -25.340299       -27.371739         2.0314397       3508.8348                           3081.3211                 22.142388                 396.60952                      8.7617928
              1       1729.0174    2.110962e-09      0.97294814       68.064512     0.022553952      0.11878081     0.057587353       3508.7154      -25.340299       -27.371739         2.0314397       3508.7154                           3081.2502                 22.132049                 396.56866                      8.7644621
              2       1729.3752   2.1395027e-09       0.9702017       67.558588     0.022499091      0.11972635     0.063490083       3509.4309      -25.340299       -27.371739         2.0314397       3509.4309                           3078.2577                 22.770872                  398.8204                      9.5820159
              4       1731.1555   2.1508865e-09      0.96974927       67.327909      0.02238774      0.12025292     0.065619476       3512.9916      -25.340299       -27.371739         2.0314397       3512.9916                           3079.5039                 22.910465                 399.93856                      10.638663
              1       1728.8134    2.125706e-09      0.97127705        67.88634     0.022608415      0.11906869     0.060868849       3508.3073      -25.340299       -27.371739         2.0314397       3508.3073                            3079.344                 22.514563                  397.6412                      8.8075132
              6       1728.8494    2.128788e-09      0.97119871        67.88634     0.022608415      0.11906869     0.060868849       3508.3795      -25.340299       -27.371739         2.0314397       3508.3795                           3079.1639                 22.626433                 397.65001                      8.9391632
              1       1728.9791   2.0956459e-09      0.97092426       67.833332     0.022615294      0.11924059     0.052712964       3508.6389      -25.340299       -27.371739         2.0314397       3508.6389                           3081.6449                 22.450939                  395.8176                      8.7254329
              3       1729.3949   2.0940569e-09      0.97210061       67.833332     0.022615294      0.11924059     0.052712964       3509.4703      -25.340299       -27.371739         2.0314397       3509.4703                           3082.7041                 22.189695                 395.80244                      8.7741205
              7       1728.6744   2.0947596e-09      0.97072947       67.833332     0.022615294      0.11924059     0.052712964       3508.0294      -25.340299       -27.371739         2.0314397       3508.0294                           3081.0322                 22.459651                 395.81665                      8.7209006
              2        1728.808   2.1053796e-09      0.97015531       67.780074     0.022632227      0.11955222     0.054766439       3508.2967      -25.340299       -27.371739         2.0314397       3508.2967                           3080.7728                 22.661141                 396.03176                      8.8309664
              8       1730.3146   2.1109415e-09      0.96482176       67.780074     0.022632227      0.11955222     0.054766439       3511.3098      -25.340299       -27.371739         2.0314397       3511.3098                           3082.3167                 24.005121                 396.13431                      8.8537215
              1       1730.6094   2.1096578e-09      0.96834465       68.392183     0.022673722      0.11788583     0.056532819       3511.8994      -25.340299       -27.371739         2.0314397       3511.8994                            3083.904                 23.240371                 396.32821                       8.426816
              1       1730.1486   2.1292488e-09      0.96665832       67.984066     0.022573166      0.11872117     0.060342332       3510.9779      -25.340299       -27.371739         2.0314397       3510.9779                           3080.9312                 23.708674                 397.60712                      8.7309272
              3       1730.3264   2.1306833e-09      0.96714585       68.030291     0.022553647       0.1185187     0.060982931       3511.3335      -25.340299       -27.371739         2.0314397       3511.3335                           3081.2558                 23.601272                 397.81602                      8.6603517
              4       1730.1166   2.1309486e-09      0.96767089       68.030291     0.022553647       0.1185187     0.060982931       3510.9138      -25.340299       -27.371739         2.0314397       3510.9138                            3080.946                 23.492963                 397.78188                      8.6929247
              4       1728.9541   2.1266326e-09      0.96912508       68.030291     0.022553647       0.1185187     0.060982931       3508.5888      -25.340299       -27.371739         2.0314397       3508.5888                           3079.2607                 23.028285                  397.7103                      8.5895834
              2       1730.5622   2.1268105e-09      0.97021372       68.255337     0.022577795      0.11853174     0.060641684        3511.805      -25.340299       -27.371739         2.0314397        3511.805                           3082.7277                 22.893032                 397.56092                      8.6232893
              6        1731.068   2.1333591e-09      0.97031914       68.436615     0.022680879       0.1183314     0.062282242       3512.8166      -25.340299       -27.371739         2.0314397       3512.8166                           3083.1706                 22.978397                 398.11682                      8.5508136
              4       1731.3093   2.1287086e-09      0.96711164       67.943215     0.022690308      0.11961083     0.059614461       3513.2992      -25.340299       -27.371739         2.0314397       3513.2992                           3083.2853                 23.596735                 397.35444                      9.0627831
              3       1730.8148   2.1293189e-09      0.96835869       67.943215     0.022690308      0.11961083     0.059614461       3512.3101      -25.340299       -27.371739         2.0314397       3512.3101                           3082.5339                 23.342743                  397.2689                      9.1645349
              1       1731.8518   2.1621406e-09      0.97338165       68.753158       0.0226901      0.11749489     0.070045396       3514.3841      -25.340299       -27.371739         2.0314397       3514.3841                           3081.6606                 22.629332                 401.56978                      8.5244513
              1       1730.1897    2.151891e-09      0.97305747       68.596835     0.022631543      0.11749459     0.067846068         3511.06      -25.340299       -27.371739         2.0314397         3511.06                           3079.4999                  22.55212                  400.5226                      8.4852976
              5       1730.0035   2.1490812e-09      0.97455192       68.596835     0.022631543      0.11749459     0.067846068       3510.6877      -25.340299       -27.371739         2.0314397       3510.6877                           3079.5793                 22.187421                 400.40032                      8.5206141
              2       1728.5496   2.0856102e-09      0.96900458       67.450879     0.022485578      0.11988676     0.050120445       3507.7797      -25.340299       -27.371739         2.0314397       3507.7797                           3080.6083                 22.635461                  395.6825                       8.853457
              2       1728.3554   2.0896729e-09      0.96949904       67.563274     0.022505868       0.1196636     0.051320683       3507.3913      -25.340299       -27.371739         2.0314397       3507.3913                           3080.2831                 22.583598                 395.71341                      8.8112117
              3       1731.5565   2.0961823e-09      0.96307361       67.563274     0.022505868       0.1196636     0.051320683       3513.7937      -25.340299       -27.371739         2.0314397       3513.7937                           3085.1213                  24.20638                 395.74928                      8.7166848
              1       1732.6481    2.095373e-09      0.96087875       67.339905     0.022583129      0.12050997     0.049931532       3515.9767      -25.340299       -27.371739         2.0314397       3515.9767                           3086.3482                 24.779174                 395.69327                      9.1560464
              5       1732.7323   2.0905524e-09      0.96231754       67.339905     0.022583129      0.12050997     0.049931532       3516.1452      -25.340299       -27.371739         2.0314397       3516.1452                            3087.335                 24.223373                 395.68829                      8.8985023
              1       1732.9634   2.0856006e-09      0.96249502       67.404801     0.022607882      0.12045884     0.048736724       3516.6073      -25.340299       -27.371739         2.0314397       3516.6073                           3087.9704                 24.162481                 395.68275                       8.791719
              1       1731.0646   2.0867389e-09      0.96343239       67.404801     0.022607882      0.12045884     0.048736724       3512.8097      -25.340299       -27.371739         2.0314397       3512.8097                           3084.2485                 23.984754                 395.69875                      8.8777464
              2       1729.9835   2.0869634e-09      0.96671564       67.789379     0.022520614      0.11936704     0.050178423       3510.6476      -25.340299       -27.371739         2.0314397       3510.6476                           3083.0562                 23.248821                 395.67971                      8.6628093
              6       1730.0643   2.0965243e-09       0.9687928       68.280642     0.022623559      0.11830397     0.053624448       3510.8092      -25.340299       -27.371739         2.0314397       3510.8092                           3083.3248                 22.954753                 395.86606                      8.6635692
              2       1730.0162   2.0966096e-09      0.96882824       68.280642     0.022623559      0.11830397     0.053624448       3510.7129      -25.340299       -27.371739         2.0314397       3510.7129                           3083.2362                 22.950396                 395.86606                      8.6602503
              1        1730.024   2.0929789e-09      0.96904946       68.298875     0.022615658      0.11817176     0.052969437       3510.7285      -25.340299       -27.371739         2.0314397       3510.7285                           3083.3168                 22.868463                 395.80029                       8.742942
              6       1730.5699   2.0918653e-09      0.96383481       67.326635     0.022524702      0.12012865     0.050674032       3511.8204      -25.340299       -27.371739         2.0314397       3511.8204                           3083.4305                 23.846151                 395.69586                      8.8478065
              8       1729.3883   2.0904352e-09      0.96601279       67.326635     0.022524702      0.12012865     0.050674032       3509.4573      -25.340299       -27.371739         2.0314397       3509.4573                           3081.5805                 23.307565                  395.6911                      8.8780507
              3       1730.5147   2.0649883e-09      0.96769747       67.394433      0.02240966      0.11959276     0.045465164         3511.71      -25.340299       -27.371739         2.0314397         3511.71                           3084.1198                 22.720752                 396.03945                      8.8299638
              5       1730.5893   2.0609091e-09      0.96765008       67.412005     0.022427103      0.11960769     0.044433792       3511.8592      -25.340299       -27.371739         2.0314397       3511.8592                           3084.0157                 22.711977                 396.25973                      8.8717207
              3        1729.765     2.11952e-09      0.97124119       68.268745     0.022578075      0.11843135     0.059232177       3510.2105      -25.340299       -27.371739         2.0314397       3510.2105                           3081.9084                 22.609688                 397.07095                      8.6215328
              4       1730.2662   2.1517884e-09      0.96967483       68.136102     0.022639645      0.11884641     0.066398633       3511.2131      -25.340299       -27.371739         2.0314397       3511.2131                           3078.9344                 23.186718                 400.04204                      9.0498715
              5         1730.66   2.1530216e-09      0.96863931       68.136102     0.022639645      0.11884641     0.066398633       3512.0006      -25.340299       -27.371739         2.0314397       3512.0006                           3079.3476                 23.455653                 400.09991                      9.0974462
              1        1731.224   2.1407691e-09      0.96372229       67.068476     0.022459391      0.12094782     0.061329668       3513.1286      -25.340299       -27.371739         2.0314397       3513.1286                           3079.1607                 24.290983                  398.2831                      11.393812
              1        1730.781   2.1413811e-09      0.96433811       67.068476     0.022459391      0.12094782     0.061329668       3512.2426      -25.340299       -27.371739         2.0314397       3512.2426                           3078.2551                  24.16458                  398.2785                      11.544408
              7       1730.9906   2.1422298e-09      0.96415201       67.013701      0.02244302      0.12102871     0.061472387       3512.6618      -25.340299       -27.371739         2.0314397       3512.6618                           3078.3419                 24.202322                 398.36261                       11.75497
              3       1733.1071   2.1060814e-09      0.96167031       66.335499     0.022278098       0.1220869     0.051977418       3516.8948      -25.340299       -27.371739         2.0314397       3516.8948                           3084.8222                 24.318392                 395.88933                      11.864809
              6       1731.9693   2.0755443e-09      0.96176996       66.516593      0.02239374      0.12207624     0.044401998       3514.6192      -25.340299       -27.371739         2.0314397       3514.6192                           3084.1421                 24.129646                 396.14284                      10.204598
              3       1731.1584   2.1224381e-09      0.96648393       67.091104     0.022268895      0.12018921     0.058158255       3512.9974      -25.340299       -27.371739         2.0314397       3512.9974                           3082.5712                   23.3925                 397.07075                       9.962974
             10       1730.1193   2.1264955e-09      0.97259525       68.661565     0.022659476      0.11709224     0.062281975       3510.9193      -25.340299       -27.371739         2.0314397       3510.9193                           3082.0069                 22.447428                 397.93822                      8.5267066
              4       1731.5371   2.1380443e-09      0.97375004       68.728413     0.022581937       0.1166722     0.065708428       3513.7548      -25.340299       -27.371739         2.0314397       3513.7548                           3083.5902                 22.287486                 399.37873                      8.4984141
              2       1730.3858   2.1319008e-09       0.9726911       68.579098     0.022595034      0.11711721     0.063662326       3511.4522      -25.340299       -27.371739         2.0314397       3511.4522                           3081.9979                 22.436014                 398.54588                      8.4723925
              1       1735.3654   2.1349104e-09      0.97612471       68.579098     0.022595034      0.11711721     0.063662326       3521.4114      -25.340299       -27.371739         2.0314397       3521.4114                           3092.5953                 21.910906                   398.409                      8.4961839
              4       1731.8921   2.1263408e-09      0.97848832       68.579098     0.022595034      0.11711721     0.063662326       3514.4649      -25.340299       -27.371739         2.0314397       3514.4649                           3085.9613                 21.323454                 398.30817                      8.8719026
              3       1730.0577   2.1281792e-09      0.97486908       68.579098     0.022595034      0.11711721     0.063662326       3510.7961      -25.340299       -27.371739         2.0314397       3510.7961                           3081.7345                 21.936151                 398.44211                      8.6833328
              3       1731.2738   2.1441105e-09      0.96698318       67.372651     0.022610006      0.12029078     0.063585732       3513.2281      -25.340299       -27.371739         2.0314397       3513.2281                           3080.3667                 23.527988                 399.01846                      10.314989
              4       1731.3169   2.1488147e-09      0.96648667       67.372651     0.022610006      0.12029078     0.063585732       3513.3145      -25.340299       -27.371739         2.0314397       3513.3145                           3079.4443                 23.813513                 399.05363                      11.003056
              3       1730.9605   2.1377436e-09      0.97256012       68.534661     0.022749424      0.11753861       0.0641194       3512.6017      -25.340299       -27.371739         2.0314397       3512.6017                           3082.9054                 22.573162                  398.7158                      8.4073268
              1       1733.1218   2.1273053e-09      0.97501645       68.534661     0.022749424      0.11753861       0.0641194       3516.9242      -25.340299       -27.371739         2.0314397       3516.9242                            3087.754                 21.826626                 398.57364                      8.7699722
              1       1734.1895   2.0959245e-09      0.96745427        67.03918     0.022554316      0.12148385     0.051782927       3519.0597      -25.340299       -27.371739         2.0314397       3519.0597                           3090.7009                  22.90991                 395.79461                      9.6542304
              3       1735.1435   2.1153048e-09      0.96642894       66.836885     0.022520813      0.12188111     0.056013844       3520.9677      -25.340299       -27.371739         2.0314397       3520.9677                           3090.4808                 23.236748                 396.49642                      10.753717
              2       1735.7172   2.1165906e-09      0.96653333       66.944521     0.022578422      0.12177533       0.0563416        3522.115      -25.340299       -27.371739         2.0314397        3522.115                           3091.7177                 23.259462                 396.54414                      10.593705
              4       1735.7275   2.1162437e-09      0.96726041       66.944521     0.022578422      0.12177533       0.0563416       3522.1355      -25.340299       -27.371739         2.0314397       3522.1355                           3091.9483                 23.093827                 396.49804                      10.595412
              6       1735.9951   2.1173198e-09      0.96743152       67.012991      0.02260424      0.12168753     0.056649689       3522.6709      -25.340299       -27.371739         2.0314397       3522.6709                           3092.5009                 23.084232                 396.59573                      10.489966
              3       1734.4212   2.1333723e-09      0.96967949       67.424025      0.02263626      0.12062178     0.061783083        3519.523      -25.340299       -27.371739         2.0314397        3519.523                           3088.7511                 22.773923                  398.1515                      9.8464861
              1       1734.3965   2.1196283e-09      0.96926726       67.379086     0.022654976      0.12076985      0.05829644       3519.4737      -25.340299       -27.371739         2.0314397       3519.4737                           3090.1944                 22.758081                   396.935                      9.5862033
              2       1735.2354   2.1185162e-09      0.97064395       67.379086     0.022654976      0.12076985      0.05829644       3521.1514      -25.340299       -27.371739         2.0314397       3521.1514                           3092.2022                 22.457434                  396.9198                      9.5720401
              7       1734.9557   2.1223993e-09      0.97240263       67.698308     0.022691123      0.11950463     0.061031444       3520.5919      -25.340299       -27.371739         2.0314397       3520.5919                           3091.9518                 22.137606                 397.63125                      8.8712789
              2       1735.4426   2.1220682e-09      0.97164541       67.698308     0.022691123      0.11950463     0.061031444       3521.5657      -25.340299       -27.371739         2.0314397       3521.5657                           3092.7859                 22.263252                 397.68582                      8.8307411
              5       1737.8392   2.1875546e-09      0.97838385       68.579577     0.022546045      0.11703701     0.079808018       3526.3591      -25.340299       -27.371739         2.0314397       3526.3591                           3088.9867                 21.581175                 407.19832                      8.5929314
              1       1737.5277   2.1452511e-09      0.97220445       67.646057     0.022596831      0.11912743     0.067352194        3525.736      -25.340299       -27.371739         2.0314397        3525.736                           3094.0385                 22.255361                 400.45378                      8.9883957
              4        1734.257   2.1056753e-09      0.97230866       67.769482     0.022675562      0.11932986     0.057318179       3519.1947      -25.340299       -27.371739         2.0314397       3519.1947                           3091.8801                 22.041236                 396.49076                      8.7825653
              2       1733.0744   2.1112335e-09      0.96660487       67.769482     0.022675562      0.11932986     0.057318179       3516.8294      -25.340299       -27.371739         2.0314397       3516.8294                           3088.2974                 23.328556                 396.61644                      8.5870199
              4       1733.9678   2.1168326e-09      0.96701958       67.882532      0.02270619      0.11900374     0.059073038       3518.6162      -25.340299       -27.371739         2.0314397       3518.6162                           3089.7085                 23.294317                     397.1                      8.5134168
              4       1734.5914   2.1516264e-09      0.96692413       67.766258     0.022624692      0.11920934     0.067204933       3519.8634      -25.340299       -27.371739         2.0314397       3519.8634                           3086.4772                 23.584619                 400.65128                      9.1502919
              1       1733.0298   2.1578101e-09      0.96468025       67.766258     0.022624692      0.11920934     0.067204933       3516.7403      -25.340299       -27.371739         2.0314397       3516.7403                           3081.9405                 24.351812                 400.76413                      9.6838753
              1       1733.0146     2.16473e-09      0.96913995       68.605552     0.022709328      0.11731364     0.070989167       3516.7098      -25.340299       -27.371739         2.0314397       3516.7098                           3082.5334                 23.498708                  402.3013                      8.3763865
              5       1731.5757   2.1643302e-09      0.97067871       68.605552     0.022709328      0.11731364     0.070989167        3513.832      -25.340299       -27.371739         2.0314397        3513.832                           3080.0451                 23.146472                 402.22999                      8.4104391
              1        1731.284   2.1513628e-09      0.96880357       68.281824     0.022698757      0.11798806      0.06717018       3513.2487      -25.340299       -27.371739         2.0314397       3513.2487                           3080.9242                 23.388673                 400.37889                      8.5569416
              1       1729.4195   2.1138777e-09      0.96837639       68.206481      0.02270367      0.11846075     0.057460577       3509.5195      -25.340299       -27.371739         2.0314397       3509.5195                           3081.2738                  23.19328                  396.5892                      8.4632614
              4       1728.8638   2.1125567e-09       0.9706882       68.206481      0.02270367      0.11846075     0.057460577       3508.4081      -25.340299       -27.371739         2.0314397       3508.4081                           3080.6472                 22.677024                 396.54544                      8.5384447
              1       1729.0087   2.1099617e-09      0.97133578       68.206481      0.02270367      0.11846075     0.057460577       3508.6979      -25.340299       -27.371739         2.0314397       3508.6979                           3081.1197                 22.470832                 396.50785                      8.5995441
              2       1729.0499   2.0868855e-09      0.97054355       67.593664     0.022398344      0.11931473     0.051365231       3508.7804      -25.340299       -27.371739         2.0314397       3508.7804                           3081.9074                 22.316414                 395.71594                      8.8406626
              5       1729.0002   2.0926037e-09      0.97155253       67.828931     0.022447288       0.1187252     0.053435323        3508.681      -25.340299       -27.371739         2.0314397        3508.681                           3081.8314                 22.190189                 395.85798                      8.8014238
              2       1729.1547   2.0957304e-09      0.97098963       67.828931     0.022447288       0.1187252     0.053435323       3508.9899      -25.340299       -27.371739         2.0314397       3508.9899                           3082.0388                 22.386475                 395.86489                       8.699723
              6       1729.8358   2.0941639e-09      0.97316664       67.828931     0.022447288       0.1187252     0.053435323       3510.3521      -25.340299       -27.371739         2.0314397       3510.3521                           3083.7235                 21.957593                 395.86715                      8.8038469
              1       1729.9521   2.1019518e-09      0.97343169       67.860856     0.022438161      0.11860232     0.055472027       3510.5849      -25.340299       -27.371739         2.0314397       3510.5849                           3083.6929                 21.955567                  396.1716                      8.7647717
              4       1729.0461   2.1135381e-09      0.97289321       68.027064     0.022594073      0.11860275     0.057972197       3508.7729      -25.340299       -27.371739         2.0314397       3508.7729                           3081.2604                 22.189934                  396.6511                      8.6714298
              5       1728.8673   2.1115686e-09       0.9732575       68.027064     0.022594073      0.11860275     0.057972197       3508.4151      -25.340299       -27.371739         2.0314397       3508.4151                           3081.0189                 22.068712                 396.63437                      8.6932073
              2       1728.7536    2.116695e-09      0.97316543       67.985512     0.022573832      0.11869692     0.059092578       3508.1878      -25.340299       -27.371739         2.0314397       3508.1878                           3080.4245                 22.113052                 396.93614                      8.7141321
              2       1731.3383   2.0877847e-09      0.97413725       68.208185     0.022619998      0.11878001     0.051670114       3513.3571      -25.340299       -27.371739         2.0314397       3513.3571                           3086.7351                 21.854936                 395.73275                      9.0343006
              4       1731.8629   2.0934724e-09      0.97606996       68.540359     0.022636142      0.11794428     0.054030031       3514.4065      -25.340299       -27.371739         2.0314397       3514.4065                           3087.6818                 21.596984                 395.84437                      9.2833423
              1       1731.4643   2.0968101e-09      0.97109537       68.540359     0.022636142      0.11794428     0.054030031       3513.6092      -25.340299       -27.371739         2.0314397       3513.6092                           3086.2919                 22.545558                 395.85954                      8.9121587
              3        1731.227   2.1055478e-09      0.97081332       68.516038     0.022645402      0.11803347     0.055994758       3513.1345      -25.340299       -27.371739         2.0314397       3513.1345                            3085.535                 22.664627                 396.21574                      8.7191347
              5       1730.9109   2.1028694e-09      0.97458334       68.516038     0.022645402      0.11803347     0.055994758       3512.5025      -25.340299       -27.371739         2.0314397       3512.5025                           3085.4866                 21.903773                  396.1463                      8.9658643
              1       1731.7961   2.1255419e-09      0.97129791       68.018927     0.022645466      0.11948868     0.059545197       3514.2727      -25.340299       -27.371739         2.0314397       3514.2727                           3085.4375                 22.637779                 397.18522                      9.0122788
              2       1728.3944    2.115687e-09      0.97164322       67.881064     0.022535143       0.1190918     0.058138552       3507.4693      -25.340299       -27.371739         2.0314397       3507.4693                           3079.4525                 22.399009                 396.81247                      8.8053676
              2        1728.371   2.1160137e-09      0.97148031       67.851282      0.02253241      0.11915812      0.05814283       3507.4226      -25.340299       -27.371739         2.0314397       3507.4226                            3079.359                 22.428508                 396.80554                      8.8295544
              6       1729.0592   2.0900025e-09      0.96946451       67.369496     0.022435307      0.12025104     0.050692946       3508.7991      -25.340299       -27.371739         2.0314397       3508.7991                           3081.4414                 22.580714                 395.69967                      9.0772696
              1       1730.2184   2.0988133e-09      0.97015276       67.947536      0.02274186      0.11911779     0.053943813       3511.1174      -25.340299       -27.371739         2.0314397       3511.1174                           3083.9713                 22.613338                 395.90818                      8.6245135
             10       1729.9285   2.1243846e-09      0.96966286       67.829384     0.022704698      0.11934384     0.059834562       3510.5375      -25.340299       -27.371739         2.0314397       3510.5375                           3081.4571                 22.876846                 397.32638                      8.8772472
              2       1730.2035   2.1269717e-09      0.97147686        68.13993     0.022722971      0.11842737     0.061635322       3511.0876      -25.340299       -27.371739         2.0314397       3511.0876                           3082.1638                  22.54744                 397.83071                      8.5456673
              1       1731.9414   2.1230905e-09      0.97431974        68.13993     0.022722971      0.11842737     0.061635322       3514.5634      -25.340299       -27.371739         2.0314397       3514.5634                           3086.3166                 21.921042                 397.68732                      8.6384451
              1       1731.8749   2.1242333e-09      0.97043926        68.13993     0.022722971      0.11842737     0.061635322       3514.4304      -25.340299       -27.371739         2.0314397       3514.4304                           3085.4109                 22.662133                 397.85029                      8.5071252
              3       1730.5958   2.1312955e-09       0.9679535        68.13993     0.022722971      0.11842737     0.061635322       3511.8722      -25.340299       -27.371739         2.0314397       3511.8722                           3081.9813                 23.419099                 397.94262                      8.5292739
              2       1731.0079   2.1311484e-09      0.96781508         68.1642     0.022752825      0.11843053     0.061554765       3512.6964      -25.340299       -27.371739         2.0314397       3512.6964                           3082.8194                 23.462113                 397.90174                      8.5131407
              1       1729.4387   2.1297256e-09      0.96750672       68.014659     0.022682236      0.11895711     0.060490923        3509.558      -25.340299       -27.371739         2.0314397        3509.558                           3079.6713                 23.515149                 397.59188                      8.7796123
              1       1729.7482   2.1402708e-09      0.96669997       67.837067     0.022645482      0.11931511       0.0626416       3510.1769      -25.340299       -27.371739         2.0314397       3510.1769                           3078.6063                 23.756287                 398.52353                       9.290876
              1       1730.4831   2.1426546e-09      0.96591943       67.837067     0.022645482      0.11931511       0.0626416       3511.6469      -25.340299       -27.371739         2.0314397       3511.6469                           3079.5707                 24.028908                 398.55149                      9.4957952
              2       1731.4807   2.1408054e-09      0.97093596       67.837067     0.022645482      0.11931511       0.0626416        3513.642      -25.340299       -27.371739         2.0314397        3513.642                           3082.8948                 22.857525                 398.34003                      9.5497155
              1       1731.5668    2.123777e-09      0.96887878       67.359473     0.022554706      0.12025296      0.05761696       3513.8143      -25.340299       -27.371739         2.0314397       3513.8143                           3083.8797                 23.072946                 396.77634                       10.08526
              1       1731.1788   2.1135667e-09      0.96994692       67.517454     0.022551913      0.11986418     0.055635145       3513.0382      -25.340299       -27.371739         2.0314397       3513.0382                           3084.5633                   22.7928                 396.28644                      9.3956391
              2       1729.8524   2.1049503e-09      0.97027117       67.517454     0.022551913      0.11986418     0.055635145       3510.3853      -25.340299       -27.371739         2.0314397       3510.3853                           3082.7564                 22.455829                  396.2407                       8.932331
              1       1730.0461   2.1048753e-09       0.9697624       67.323165     0.022479675       0.1201216     0.055457993       3510.7728      -25.340299       -27.371739         2.0314397       3510.7728                            3082.931                 22.504373                 396.24706                      9.0904346
              1       1730.0304   2.1054069e-09      0.96987638        67.34694     0.022483446      0.12005797     0.055663609       3510.7413      -25.340299       -27.371739         2.0314397       3510.7413                           3082.9106                  22.48789                 396.27971                      9.0631134
              1       1730.4029   2.1100291e-09      0.96504043        67.34694     0.022483446      0.12005797     0.055663609       3511.4864      -25.340299       -27.371739         2.0314397       3511.4864                           3082.3785                 23.648879                 396.36943                      9.0896708
              1        1730.695   2.1108462e-09      0.96439337        67.34694     0.022483446      0.12005797     0.055663609       3512.0706      -25.340299       -27.371739         2.0314397       3512.0706                           3082.7493                 23.827811                  396.3767                      9.1167676
              3        1730.048   2.1010219e-09      0.96524406       67.487212     0.022488615      0.11986286     0.053447491       3510.7765      -25.340299       -27.371739         2.0314397       3510.7765                           3082.4271                 23.584769                 395.93191                      8.8327321
              3       1729.1135   2.1025608e-09      0.96561941       67.487212     0.022488615      0.11986286     0.053447491       3508.9077      -25.340299       -27.371739         2.0314397       3508.9077                           3080.5066                 23.556836                 395.92562                      8.9185869
              2       1729.4343   2.1041418e-09      0.96500906       67.487212     0.022488615      0.11986286     0.053447491       3509.5492      -25.340299       -27.371739         2.0314397       3509.5492                            3080.852                 23.753846                 395.96368                      8.9796595
              5        1728.744   2.1038882e-09      0.96640477       67.487212     0.022488615      0.11986286     0.053447491       3508.1685      -25.340299       -27.371739         2.0314397       3508.1685                           3079.7717                 23.431748                 395.93808                      9.0269503
              1       1729.4578   2.1006169e-09      0.96606514       67.683928      0.02265001      0.11980318     0.052455869       3509.5962      -25.340299       -27.371739         2.0314397       3509.5962                           3081.4213                 23.571662                 395.77639                      8.8268844
             10       1732.0489   2.1248902e-09      0.97324325       69.113613     0.022833098      0.11658676     0.061863368       3514.7784      -25.340299       -27.371739         2.0314397       3514.7784                           3085.9266                 22.458188                 397.64408                      8.7495085
              4       1732.0772   2.1249682e-09      0.97321282       69.113613     0.022833098      0.11658676     0.061863368       3514.8351      -25.340299       -27.371739         2.0314397       3514.8351                           3085.9758                 22.466365                 397.64981                      8.7431212
              3       1732.4055   2.1179294e-09      0.97255107       69.041022     0.022853054      0.11698796     0.059560711       3515.4915      -25.340299       -27.371739         2.0314397       3515.4915                           3087.2484                 22.559827                  396.9443                      8.7389895
              1       1732.5111   2.0996366e-09      0.97172584       68.237865     0.022424538      0.11813428      0.05438125       3515.7027      -25.340299       -27.371739         2.0314397       3515.7027                            3088.559                 22.388332                 395.98888                      8.7665103
              1        1733.327   2.1223677e-09      0.96487204       66.896325     0.022244398      0.12121871     0.056315183       3517.3346      -25.340299       -27.371739         2.0314397       3517.3346                           3085.5833                 23.836908                 396.66924                      11.245138
              7       1732.5585   2.1201086e-09      0.96672682       66.896325     0.022244398      0.12121871     0.056315183       3515.7975      -25.340299       -27.371739         2.0314397       3515.7975                           3084.8523                 23.338367                 396.59208                      11.014833
              3        1730.886   2.1160845e-09      0.96845968        67.19711     0.022268518      0.12027985      0.05659138       3512.4526      -25.340299       -27.371739         2.0314397       3512.4526                           3083.1153                 22.943597                 396.60655                      9.7871651
              2       1731.0471   2.1167939e-09      0.96762043        67.19711     0.022268518      0.12027985      0.05659138       3512.7747      -25.340299       -27.371739         2.0314397       3512.7747                           3083.2024                 23.142567                  396.6201                      9.8095988
              9       1731.0525    2.149845e-09      0.97315115       68.546415     0.022561876       0.1176055     0.067230435       3512.7856      -25.340299       -27.371739         2.0314397       3512.7856                            3081.507                 22.504914                 400.23228                      8.5414098
              4       1730.8347    2.149369e-09      0.97334577       68.584689     0.022568384      0.11745176     0.067336867         3512.35      -25.340299       -27.371739         2.0314397         3512.35                           3081.1429                 22.462483                  400.2434                      8.5012132
              3        1729.594   2.1381443e-09      0.97153706       68.231714     0.022529562       0.1182338      0.06378504       3509.8685      -25.340299       -27.371739         2.0314397       3509.8685                           3079.7844                 22.682931                 398.74018                      8.6610119
              3       1729.8242   2.1380288e-09      0.97065393       68.231714     0.022529562       0.1182338      0.06378504        3510.329      -25.340299       -27.371739         2.0314397        3510.329                           3080.0746                 22.856282                 398.77295                      8.6251087
              2       1732.2024   2.1431743e-09      0.96826661       68.231714     0.022529562       0.1182338      0.06378504       3515.0854      -25.340299       -27.371739         2.0314397       3515.0854                           3083.8977                 23.545323                 398.89444                      8.7480125
              2       1733.2313   2.1447712e-09      0.96901715       68.231714     0.022529562       0.1182338      0.06378504       3517.1432      -25.340299       -27.371739         2.0314397       3517.1432                           3085.9565                 23.434145                 398.87549                      8.8771456
              1       1732.7923   2.1442298e-09      0.96939743       68.231714     0.022529562       0.1182338      0.06378504       3516.2653      -25.340299       -27.371739         2.0314397       3516.2653                           3085.2199                 23.331135                 398.85731                      8.8569412
              1       1732.0203   2.1135246e-09      0.96709919       67.761242     0.022471662      0.11932257     0.055201067       3514.7213      -25.340299       -27.371739         2.0314397       3514.7213                           3085.9833                 23.523345                 396.18978                      9.0248581
              4       1732.1221   2.1096074e-09      0.96472666       67.603617     0.022622391       0.1195706     0.054057428       3514.9248      -25.340299       -27.371739         2.0314397       3514.9248                           3085.8316                  24.02191                 396.02705                      9.0442865
              6       1730.3701   2.1031798e-09      0.96544783       67.603617     0.022622391       0.1195706     0.054057428       3511.4207      -25.340299       -27.371739         2.0314397       3511.4207                           3083.1156                 23.612689                 395.99598                      8.6964706
              1       1730.4024    2.106239e-09      0.96516387       67.603617     0.022622391       0.1195706     0.054057428       3511.4853      -25.340299       -27.371739         2.0314397       3511.4853                           3082.8501                 23.791446                 396.01222                       8.831539
              1       1729.7254   2.1091058e-09       0.9662594       67.496147     0.022438806      0.11951251     0.055026135       3510.1314      -25.340299       -27.371739         2.0314397       3510.1314                           3081.4706                 23.492553                  396.1958                      8.9724529
              2       1729.2588   2.1053339e-09      0.97057941       67.496147     0.022438806      0.11951251     0.055026135       3509.1981      -25.340299       -27.371739         2.0314397       3509.1981                           3081.5903                 22.480697                 396.15674                      8.9704156
              6       1729.4137   2.1068101e-09      0.96979816       67.496147     0.022438806      0.11951251     0.055026135        3509.508      -25.340299       -27.371739         2.0314397        3509.508                           3081.6694                 22.677147                 396.15911                      9.0022936
              2       1729.3032   2.1055068e-09      0.96972776       67.507714     0.022453964       0.1195175     0.054686437        3509.287      -25.340299       -27.371739         2.0314397        3509.287                            3081.583                 22.688107                 396.04111                      8.9747948
              8       1729.1794   2.1356823e-09      0.97012703       67.685116     0.022512419      0.11935603     0.061913363       3509.0395      -25.340299       -27.371739         2.0314397       3509.0395                           3078.5898                 22.881981                 398.14938                      9.4183455
              3       1729.5882   2.0997943e-09      0.96851979       67.279019     0.022431676      0.12003899     0.052731045        3509.857      -25.340299       -27.371739         2.0314397        3509.857                            3081.934                 22.863566                 395.85833                       9.201053
              9       1729.9146    2.088106e-09       0.9689602       67.275447     0.022388919      0.11997571     0.050058746       3510.5098      -25.340299       -27.371739         2.0314397       3510.5098                           3083.1041                 22.681352                 395.70957                      9.0148475
              2        1730.163    2.163378e-09      0.97079485       67.854575     0.022540208      0.11910722     0.068720803       3511.0066      -25.340299       -27.371739         2.0314397       3511.0066                           3076.7248                 23.000178                 401.32889                      9.9527555
              1       1732.2786   2.1600666e-09      0.97479344       67.854575     0.022540208      0.11910722     0.068720803       3515.2378      -25.340299       -27.371739         2.0314397       3515.2378                            3082.216                 22.124367                 401.10119                       9.796232
              2       1732.0993   2.1443635e-09       0.9738754       67.548688     0.022444237      0.11958045     0.064589992       3514.8793      -25.340299       -27.371739         2.0314397       3514.8793                           3083.6641                 22.121418                 399.17244                       9.921337
              3       1731.8519   2.1273268e-09      0.97630302       68.083022     0.022548339      0.11850981     0.061620624       3514.3844      -25.340299       -27.371739         2.0314397       3514.3844                           3086.1397                 21.681952                  397.7286                      8.8341613
              2        1729.491   2.1268413e-09      0.97457967       68.083022     0.022548339      0.11850981     0.061620624       3509.6627      -25.340299       -27.371739         2.0314397       3509.6627                           3081.1867                 21.950788                 397.76619                      8.7589392
              6        1732.122   2.1271052e-09      0.97767134       68.572731     0.022544883      0.11752026     0.062714276       3514.9246      -25.340299       -27.371739         2.0314397       3514.9246                           3086.5976                 21.507218                 398.00955                      8.8102519
              1        1732.069   2.1541819e-09      0.97703971       68.507119     0.022555334      0.11772541     0.068918077       3514.8187      -25.340299       -27.371739         2.0314397       3514.8187                           3083.4532                 21.767179                 400.89027                      8.7080065
              4       1731.3643   2.1556405e-09      0.97309845       68.507119     0.022555334      0.11772541     0.068918077       3513.4092      -25.340299       -27.371739         2.0314397       3513.4092                           3081.1982                 22.511976                 401.11127                      8.5876991
              1       1729.9915   2.1530282e-09      0.97170653       68.294811     0.022564193      0.11811517     0.067918259       3510.6637      -25.340299       -27.371739         2.0314397       3510.6637                           3078.5448                 22.731363                 400.69402                      8.6935088
              1        1729.771   2.1397751e-09      0.97251167       68.575646     0.022668582      0.11766258     0.065126513       3510.2226      -25.340299       -27.371739         2.0314397       3510.2226                            3080.031                 22.535574                 399.17415                      8.4818909
              2       1729.7923   2.1402404e-09      0.97247536       68.573875     0.022670814      0.11767848      0.06521141       3510.2653      -25.340299       -27.371739         2.0314397       3510.2653                           3080.0271                 22.547327                 399.20961                      8.4812235
              2       1731.5151    2.123979e-09      0.97045506       68.035563     0.022550454      0.11800451      0.06158838       3513.7109      -25.340299       -27.371739         2.0314397       3513.7109                           3084.7131                 22.649722                  397.8788                      8.4692686
              1       1732.4613     2.12388e-09      0.97228958       68.301701     0.022536194      0.11727468     0.062476823       3515.6033      -25.340299       -27.371739         2.0314397       3515.6033                            3086.643                 22.312777                 398.11771                      8.5297817
              2       1732.3776   2.1235956e-09      0.97264835       68.301701     0.022536194      0.11727468     0.062476823       3515.4358      -25.340299       -27.371739         2.0314397       3515.4358                           3086.5647                 22.238498                 398.08288                      8.5497121
              1       1733.7968   2.1198914e-09      0.97316913       68.301701     0.022536194      0.11727468     0.062476823       3518.2743      -25.340299       -27.371739         2.0314397       3518.2743                           3089.4518                 22.037905                 398.02415                       8.760426
              1       1733.6821   2.1190318e-09      0.97440815       68.301701     0.022536194      0.11727468     0.062476823       3518.0447      -25.340299       -27.371739         2.0314397       3518.0447                           3089.3913                 21.803926                 398.00611                      8.8433677
              1       1734.9688   2.1162471e-09      0.96850308       66.923249     0.022246517      0.12019145      0.05867809       3520.6181      -25.340299       -27.371739         2.0314397       3520.6181                            3091.262                 22.671138                  397.1791                      9.5058997
              3       1731.3249   2.0967873e-09      0.96810931       66.951924     0.022302883      0.12076628     0.052924454       3513.3305      -25.340299       -27.371739         2.0314397       3513.3305                           3085.3354                 22.694262                 395.86825                      9.4326132
              1       1731.3036   2.0964022e-09       0.9676291       66.910582     0.022325293      0.12091612     0.052623317       3513.2879      -25.340299       -27.371739         2.0314397       3513.2879                           3085.1252                 22.792079                 395.86282                      9.5078066
              3       1731.0955   2.1002623e-09      0.96982799       66.910582     0.022325293      0.12091612     0.052623317       3512.8717      -25.340299       -27.371739         2.0314397       3512.8717                           3084.5394                 22.491656                  395.8828                      9.9577895
              1       1732.3322   2.1127018e-09      0.96916358       66.700229     0.022252723      0.12124662      0.05533067       3515.3451      -25.340299       -27.371739         2.0314397       3515.3451                           3085.4888                 22.659488                  396.3231                      10.873674
              2       1733.0601   2.1353571e-09      0.96717612        66.70844     0.022449748      0.12172446     0.059854596       3516.8009      -25.340299       -27.371739         2.0314397       3516.8009                           3083.2798                 23.319183                 397.67494                      12.526978
              1        1733.284   2.1353421e-09      0.96697024       66.655618     0.022436744      0.12182132     0.059758313       3517.2485      -25.340299       -27.371739         2.0314397       3517.2485                            3083.504                 23.354547                 397.65288                      12.737051
              1       1733.0055   2.1360911e-09      0.96731291       66.703017     0.022432652      0.12166816     0.060142376       3516.6916      -25.340299       -27.371739         2.0314397       3516.6916                           3083.0929                 23.284067                 397.81118                      12.503428
              8       1732.9376    2.135858e-09      0.96733984       66.701368     0.022428682      0.12167679     0.060073569       3516.5559      -25.340299       -27.371739         2.0314397       3516.5559                           3083.0234                 23.276384                 397.75066                      12.505365
              2       1732.7055   2.1361107e-09      0.96693366       66.701368     0.022428682      0.12167679     0.060073569       3516.0916      -25.340299       -27.371739         2.0314397       3516.0916                           3082.3921                 23.373212                 397.80004                      12.526259
              3       1732.2658   2.1411228e-09      0.96828858       66.973127     0.022468712      0.12085106      0.06234936       3515.2122      -25.340299       -27.371739         2.0314397       3515.2122                            3082.147                 23.129219                 398.53041                      11.405643
              7       1731.2638   2.0683586e-09      0.97199465       67.772057     0.022635858       0.1192853     0.046536034       3513.2081      -25.340299       -27.371739         2.0314397       3513.2081                           3086.2365                 22.045545                 395.97176                      8.9542674
             13       1731.7003   2.0994853e-09      0.96923566       67.226537     0.022555743      0.12026957     0.053050158       3514.0812      -25.340299       -27.371739         2.0314397       3514.0812                           3086.3428                 22.664905                 395.85282                      9.2206609
              1       1731.8818   2.1137389e-09      0.96811143       67.087894     0.022571609      0.12081529     0.055680231       3514.4441      -25.340299       -27.371739         2.0314397       3514.4441                           3085.0474                 23.009007                 396.32492                      10.062764
              7       1731.6354   2.0912707e-09      0.96827281       66.809571     0.022385878      0.12104536     0.050335499       3513.9513      -25.340299       -27.371739         2.0314397       3513.9513                           3085.7254                 22.723383                  395.7299                       9.772565
              2       1729.3966   2.1182671e-09      0.97248946       67.715214     0.022527133      0.11924601     0.058636801       3509.4738      -25.340299       -27.371739         2.0314397       3509.4738                           3081.3438                 22.232321                 396.93354                      8.9641242
              1       1729.4379   2.1167727e-09      0.97142112       67.560784     0.022533761      0.11980249     0.057506679       3509.5565      -25.340299       -27.371739         2.0314397       3509.5565                           3081.2028                 22.427459                 396.67437                      9.2518141
              2       1730.1102   2.1197561e-09      0.97156983       67.382261     0.022400246      0.12005249     0.058051066       3510.9009      -25.340299       -27.371739         2.0314397       3510.9009                           3082.0411                 22.372502                 396.86776                      9.6194978
              2       1730.0343   2.1201224e-09      0.97132619       67.382261     0.022400246      0.12005249     0.058051066       3510.7492      -25.340299       -27.371739         2.0314397       3510.7492                           3081.8043                 22.428909                 396.87885                      9.6372317
              1       1729.9461    2.132197e-09       0.9743069       67.986557     0.022484821      0.11858079      0.06266664       3510.5727      -25.340299       -27.371739         2.0314397       3510.5727                            3081.455                 22.024851                 398.23198                      8.8609401
              2        1730.322   2.1058806e-09       0.9745955       68.345441     0.022695776      0.11825798      0.05638567       3511.3246      -25.340299       -27.371739         2.0314397       3511.3246                           3084.4373                 21.913041                 396.22765                      8.7466294
              1       1730.6181    2.105646e-09      0.97508258       68.419375     0.022692826      0.11812744     0.056450705       3511.9169      -25.340299       -27.371739         2.0314397       3511.9169                           3085.0581                 21.839917                 396.22189                      8.7969699
              1       1735.6077    2.108096e-09        0.976864       68.419375     0.022692826      0.11812744     0.056450705        3521.896      -25.340299       -27.371739         2.0314397        3521.896                           3095.2916                 21.623026                 396.22821                      8.7532402
              2       1734.2423   2.1322911e-09       0.9731095       67.660891      0.02257465      0.11980436     0.060379826       3519.1653      -25.340299       -27.371739         2.0314397       3519.1653                           3089.5069                 22.324241                 397.49731                      9.8367912
              1       1734.0234   2.1418922e-09      0.97416034       67.789112     0.022548116      0.11934283     0.063317097       3518.7274      -25.340299       -27.371739         2.0314397       3518.7274                           3088.2611                 22.188503                 398.57472                      9.7030417
              2       1734.1496    2.141187e-09      0.97461374       67.789112     0.022548116      0.11934283     0.063317097       3518.9797      -25.340299       -27.371739         2.0314397       3518.9797                            3088.699                 22.088293                 398.53266                      9.6597734
              3       1733.7531   2.1438325e-09      0.97282368       67.789112     0.022548116      0.11934283     0.063317097       3518.1869      -25.340299       -27.371739         2.0314397       3518.1869                           3087.2435                 22.492678                   398.619                      9.8316814
              2       1733.6528   2.1500442e-09      0.97257069       67.758775     0.022553065      0.11936147     0.064816692       3517.9862      -25.340299       -27.371739         2.0314397       3517.9862                           3086.0448                 22.577547                  399.2973                      10.066578
              1       1733.8924   2.1573233e-09      0.97313436       67.802366     0.022520809      0.11918259     0.066816299       3518.4653      -25.340299       -27.371739         2.0314397       3518.4653                           3085.5643                 22.514007                 400.24353                      10.143515
              2       1733.3789   2.1482661e-09      0.97664171       67.802366     0.022520809      0.11918259     0.066816299       3517.4385      -25.340299       -27.371739         2.0314397       3517.4385                           3086.3385                 21.645215                 400.01783                      9.4368769
              2       1733.1339   2.1163168e-09      0.97551721       67.430896     0.022408822      0.11985507     0.058540692       3516.9483      -25.340299       -27.371739         2.0314397       3516.9483                           3089.0696                  21.58684                 396.89354                      9.3983039
              8       1732.7868   2.1179354e-09      0.96639991       67.430896     0.022408822      0.11985507     0.058540692       3516.2543      -25.340299       -27.371739         2.0314397       3516.2543                           3086.8036                 23.323714                 397.09421                      9.0327544
              1       1733.6739    2.119299e-09      0.96505745       67.430896     0.022408822      0.11985507     0.058540692       3518.0284      -25.340299       -27.371739         2.0314397       3518.0284                           3088.1525                  23.67264                 397.15208                      9.0512518
              4       1730.7723   2.1272022e-09      0.96511136       67.430896     0.022408822      0.11985507     0.058540692       3512.2253      -25.340299       -27.371739         2.0314397       3512.2253                           3081.3654                 23.956849                 397.15008                      9.7529781
              3       1730.9227    2.120788e-09      0.96455854       67.339427      0.02240617      0.12020664     0.056509089        3512.526      -25.340299       -27.371739         2.0314397        3512.526                           3081.9827                 24.039365                 396.61342                      9.8905304
              6       1730.6355   2.1363155e-09      0.96881836       68.326154      0.02260704      0.11798077     0.062717708       3511.9515      -25.340299       -27.371739         2.0314397       3511.9515                           3081.7658                 23.351015                 398.33725                      8.4974714
              9       1729.2557   2.1324859e-09      0.97292073       68.326154      0.02260704      0.11798077     0.062717708        3509.192      -25.340299       -27.371739         2.0314397        3509.192                           3080.0277                 22.393051                 398.21001                      8.5612393
              1       1729.5507   2.1515102e-09      0.96975085       67.686852     0.022510758      0.11928823     0.065896043        3509.782      -25.340299       -27.371739         2.0314397        3509.782                           3076.9854                 23.068493                 399.94455                      9.7835671
              4        1730.105   2.1395205e-09      0.97122954       68.004542     0.022575893      0.11834875     0.064240341       3510.8906      -25.340299       -27.371739         2.0314397       3510.8906                           3080.4901                 22.694363                  398.9631                      8.7430174
              1       1731.2773   2.1392045e-09      0.96862624       67.533551      0.02253907      0.11933918     0.063103882       3513.2353      -25.340299       -27.371739         2.0314397       3513.2353                           3081.8853                 23.158734                 398.69053                       9.500713
              9       1731.0792   2.1303018e-09      0.96835119       67.701465     0.022676738      0.11934407     0.060693985        3512.839      -25.340299       -27.371739         2.0314397        3512.839                           3082.8118                 23.227478                 397.65707                      9.1426692
              1       1731.1292   2.1304769e-09      0.96836783       67.701465     0.022676738      0.11934407     0.060693985        3512.939      -25.340299       -27.371739         2.0314397        3512.939                           3082.8942                 23.229836                 397.65707                      9.1578526
              4       1731.1368   2.1369506e-09      0.96887813         67.7212     0.022636192      0.11913785     0.062589389       3512.9541      -25.340299       -27.371739         2.0314397       3512.9541                           3082.2316                 23.151772                 398.38373                      9.1870692
              1       1729.7826    2.125579e-09      0.96969712       67.717925     0.022553958      0.11903805     0.060060361       3510.2459      -25.340299       -27.371739         2.0314397       3510.2459                           3081.0008                  22.86977                 397.44127                      8.9339934
              2       1730.1833   2.1257089e-09      0.96679965       67.717925     0.022553958      0.11903805     0.060060361       3511.0471      -25.340299       -27.371739         2.0314397       3511.0471                           3081.2256                 23.490595                 397.51073                       8.820174
              4       1730.3196   2.1264558e-09      0.96648382       67.717925     0.022553958      0.11903805     0.060060361       3511.3198      -25.340299       -27.371739         2.0314397       3511.3198                           3081.3677                 23.588391                 397.51109                      8.8526141
              3       1730.1114   2.1378038e-09      0.96864057       68.083783      0.02256411      0.11823768     0.063655497       3510.9033      -25.340299       -27.371739         2.0314397       3510.9033                           3080.2195                 23.257985                 398.83549                      8.5903768
              5       1729.3726   2.1350793e-09      0.97049162       68.083783      0.02256411      0.11823768     0.063655497       3509.4257      -25.340299       -27.371739         2.0314397       3509.4257                            3079.372                 22.780251                 398.70272                      8.5707816
              7       1729.2304   2.1346038e-09      0.97232798       68.083783      0.02256411      0.11823768     0.063655497       3509.1413      -25.340299       -27.371739         2.0314397       3509.1413                           3079.4298                  22.40851                  398.6772                      8.6257809
              1       1729.3122   2.1400686e-09      0.97188421        68.00207     0.022554256      0.11842195     0.064755574        3509.305      -25.340299       -27.371739         2.0314397        3509.305                           3078.8687                 22.522914                 399.16287                      8.7505581
              3       1729.4402   2.1380435e-09      0.97206271       67.892346     0.022465043      0.11855338     0.064208307        3509.561      -25.340299       -27.371739         2.0314397        3509.561                           3079.2737                 22.439927                 398.99763                      8.8497321
              1       1729.4273   2.1385386e-09       0.9717374       67.892346     0.022465043      0.11855338     0.064208307       3509.5351      -25.340299       -27.371739         2.0314397       3509.5351                            3079.158                  22.51727                 399.00082                      8.8590828
              3       1730.1506   2.1509813e-09      0.97070523        67.66872     0.022420511      0.11902106      0.06668562       3510.9818      -25.340299       -27.371739         2.0314397       3510.9818                           3078.4273                 22.778778                 400.29063                      9.4850497
              2        1730.611   2.1480117e-09      0.97269084        67.66872     0.022420511      0.11902106      0.06668562       3511.9026      -25.340299       -27.371739         2.0314397       3511.9026                           3080.0481                 22.302796                 400.22372                      9.3279923
              2       1730.7969   2.1471015e-09      0.97214478        67.66872     0.022420511      0.11902106      0.06668562       3512.2744      -25.340299       -27.371739         2.0314397       3512.2744                           3080.4185                 22.377009                 400.24627                      9.2325885
              2       1730.9034   2.1508726e-09      0.97225254       67.695016     0.022424592      0.11898337      0.06761436       3512.4874      -25.340299       -27.371739         2.0314397       3512.4874                           3080.1478                 22.389865                 400.67037                      9.2793782
              7       1730.5271   2.1458252e-09      0.97214503       67.696435     0.022438634      0.11900533     0.066364475       3511.7347      -25.340299       -27.371739         2.0314397       3511.7347                           3080.1146                 22.378043                 400.06204                       9.180073
              6       1731.7626    2.167512e-09      0.97459093       68.388844     0.022628991      0.11762696     0.072964085       3514.2058      -25.340299       -27.371739         2.0314397       3514.2058                            3080.174                 22.199925                 403.22302                       8.608865
              2       1732.0836    2.173228e-09      0.97474568       68.388844     0.022628991      0.11762696     0.072964085       3514.8479      -25.340299       -27.371739         2.0314397       3514.8479                           3080.3491                 22.339861                 403.26486                      8.8940482
              1       1732.2331    2.172785e-09       0.9751711       68.388844     0.022628991      0.11762696     0.072964085       3515.1469      -25.340299       -27.371739         2.0314397       3515.1469                           3080.7925                 22.248638                 403.22302                      8.8826908
              1       1732.0553   2.1229018e-09      0.97349086        67.75874     0.022404088      0.11920363     0.059160026       3514.7912      -25.340299       -27.371739         2.0314397       3514.7912                           3086.3704                 22.136977                  397.1105                      9.1733142
              6       1731.4634   2.1235846e-09      0.96926269        67.17232     0.022455039      0.12081407     0.057308761       3513.6074      -25.340299       -27.371739         2.0314397       3513.6074                           3083.2702                 22.927527                 396.74522                      10.664366
              5       1731.7288   2.1255078e-09      0.96880087       67.087729     0.022446481      0.12101552     0.057535038       3514.1382      -25.340299       -27.371739         2.0314397       3514.1382                           3083.2695                 23.028443                  396.8089                      11.031355
              1       1731.3795   2.1296234e-09      0.96885494       67.080313     0.022441679      0.12065676     0.059188189       3513.4396      -25.340299       -27.371739         2.0314397       3513.4396                           3082.3078                 23.001272                 397.30898                      10.821544
              1        1731.903   2.1554675e-09      0.97173117       67.497057     0.022409171      0.11944662      0.06692029       3514.4865      -25.340299       -27.371739         2.0314397       3514.4865                           3081.0663                 22.626071                 400.46684                      10.327362
              1       1732.0856   2.1587084e-09       0.9692731       67.497057     0.022409171      0.11944662      0.06692029       3514.8518      -25.340299       -27.371739         2.0314397       3514.8518                           3080.3813                 23.239322                 400.58637                      10.644818
              1       1732.5303   2.1582352e-09       0.9687559       67.349211     0.022365978       0.1197518     0.066485473       3515.7412      -25.340299       -27.371739         2.0314397       3515.7412                           3080.8362                 23.319637                 400.46848                      11.116858
              6       1732.7937   2.1495507e-09      0.96882093       67.312281     0.022340958      0.11969377     0.064574649       3516.2681      -25.340299       -27.371739         2.0314397       3516.2681                           3082.8427                 23.210127                 399.52016                       10.69511
              1       1731.8815   2.1402668e-09        0.971856       67.312281     0.022340958      0.11969377     0.064574649       3514.4435      -25.340299       -27.371739         2.0314397       3514.4435                           3083.0881                 22.306089                 399.32602                      9.7233637
              8       1730.6968   2.1470862e-09      0.97348696       67.735682     0.022442302      0.11901857     0.066763146       3512.0742      -25.340299       -27.371739         2.0314397       3512.0742                           3080.5359                 22.139243                 400.17361                      9.2254923
              1       1731.3186   2.1373394e-09      0.96949751         67.1245     0.022452889      0.12082519     0.062099165       3513.3178      -25.340299       -27.371739         2.0314397       3513.3178                           3081.4061                 22.811064                 398.38619                      10.714502
              2       1731.2643   2.1403183e-09      0.96973441        67.21672     0.022487501      0.12064918     0.062985673       3513.2093      -25.340299       -27.371739         2.0314397       3513.2093                           3081.1368                 22.802986                 398.69978                      10.569727
              3       1730.6567   2.1430305e-09      0.96924044        67.21672     0.022487501      0.12064918     0.062985673        3511.994      -25.340299       -27.371739         2.0314397        3511.994                           3079.3261                 22.992804                 398.74453                      10.930551
              2       1730.1662   2.1408984e-09      0.97032747       67.323273     0.022446522      0.12029178     0.062961388       3511.0131      -25.340299       -27.371739         2.0314397       3511.0131                           3079.1669                 22.749668                 398.68956                      10.406919
              5       1730.9567   2.1400916e-09       0.9716022       67.323273     0.022446522      0.12029178     0.062961388       3512.5939      -25.340299       -27.371739         2.0314397       3512.5939                           3081.0843                 22.476569                 398.65157                      10.381441
              1       1731.0105   2.1398339e-09       0.9717064       67.323273     0.022446522      0.12029178     0.062961388       3512.7016      -25.340299       -27.371739         2.0314397       3512.7016                           3081.2454                  22.44914                 398.65157                      10.355504
              5        1731.217   2.1252938e-09      0.97012793       66.997168      0.02240437      0.12092791     0.058841119       3513.1146      -25.340299       -27.371739         2.0314397       3513.1146                            3082.679                 22.602636                 397.17323                      10.659778
              2       1731.1541   2.1174189e-09      0.97292302       67.465661     0.022419873      0.12007825     0.057765621       3512.9889      -25.340299       -27.371739         2.0314397       3512.9889                           3084.6356                 22.101639                 396.73898                      9.5126304
              1       1730.3527   2.1192677e-09      0.96730063       67.465661     0.022419873      0.12007825     0.057765621        3511.386      -25.340299       -27.371739         2.0314397        3511.386                           3081.9297                 23.255419                 396.85211                      9.3487597
              1       1730.9424   2.1290681e-09      0.96752358       67.484707     0.022405035      0.12001869     0.060188388       3512.5654      -25.340299       -27.371739         2.0314397       3512.5654                           3082.0733                 23.282692                 397.65678                      9.5526291
              1       1731.2951   2.1334228e-09       0.9660393       67.484707     0.022405035      0.12001869     0.060188388       3513.2707      -25.340299       -27.371739         2.0314397       3513.2707                           3081.8268                 23.771802                 397.74608                      9.9260199
              5         1730.17   2.1279076e-09      0.97021737       67.484707     0.022405035      0.12001869     0.060188388       3511.0205      -25.340299       -27.371739         2.0314397       3511.0205                           3081.1536                 22.687983                 397.58301                        9.59597
              1       1729.8219   2.1206622e-09       0.9700049       67.321135     0.022329479       0.1199844     0.058781783       3510.3244      -25.340299       -27.371739         2.0314397       3510.3244                             3081.08                  22.60722                 397.15014                      9.4870173
              8       1731.1472   2.1317261e-09      0.96905319       67.168896     0.022318816      0.12058247     0.060575636        3512.975      -25.340299       -27.371739         2.0314397        3512.975                           3081.8659                 22.889475                 397.83022                      10.389349
              2       1731.4646   2.1313397e-09      0.96824603       67.168896     0.022318816      0.12058247     0.060575636       3513.6098      -25.340299       -27.371739         2.0314397       3513.6098                           3082.4211                 23.042891                 397.85469                      10.291137
              1       1730.1464   2.1379042e-09      0.96979183       67.508867     0.022384026      0.11957944     0.063437757       3510.9734      -25.340299       -27.371739         2.0314397       3510.9734                           3079.8752                   22.7941                 398.84651                      9.4576451
              5       1730.2487   2.1450429e-09      0.96968508       67.552898     0.022419718      0.11958166     0.065069533       3511.1779      -25.340299       -27.371739         2.0314397       3511.1779                           3079.0844                 22.891896                 399.59065                      9.6109078
              3       1729.9453   2.1402156e-09      0.97265561       68.242259     0.022560738      0.11835114     0.065064163       3510.5712      -25.340299       -27.371739         2.0314397       3510.5712                           3080.2323                 22.401372                 399.25576                      8.6817527
              3       1730.7565   2.1323089e-09      0.97177416        67.86958     0.022411644      0.11903147     0.062526636       3512.1935      -25.340299       -27.371739         2.0314397       3512.1935                            3082.444                 22.438029                 398.34451                       8.966975
              1       1734.5457   2.1392205e-09      0.97318957        67.86958     0.022411644      0.11903147     0.062526636       3519.7721      -25.340299       -27.371739         2.0314397       3519.7721                            3089.608                 22.383094                 398.31488                      9.4660662
              1       1734.6248   2.0919138e-09      0.97327822        67.98847     0.022497765      0.11897788     0.051119732       3519.9301      -25.340299       -27.371739         2.0314397       3519.9301                           3093.2672                 22.106164                 395.72452                      8.8322801
              1       1734.2575   2.0922497e-09      0.97277835        67.98847     0.022497765      0.11897788     0.051119732       3519.1956      -25.340299       -27.371739         2.0314397       3519.1956                           3092.4631                 22.203008                 395.71781                      8.8116975
              2       1734.5293   2.1273721e-09      0.97523402       68.352981     0.022473721      0.11775423     0.061178525       3519.7391      -25.340299       -27.371739         2.0314397       3519.7391                           3091.5156                 21.981846                 397.59804                      8.6435825
              3       1733.2917   2.1268353e-09      0.97506556       68.488978     0.022581106      0.11753681     0.061228136        3517.264      -25.340299       -27.371739         2.0314397        3517.264                           3089.1177                 22.039976                 397.55024                      8.5561583
              3       1734.2477   2.1253735e-09      0.97674772       68.488978     0.022581106      0.11753681     0.061228136       3519.1759      -25.340299       -27.371739         2.0314397       3519.1759                           3091.3225                 21.720641                 397.50503                      8.6277596
              5       1732.2734   2.1138817e-09      0.97784414       68.488978     0.022581106      0.11753681     0.061228136       3515.2274      -25.340299       -27.371739         2.0314397       3515.2274                           3087.1985                 21.270408                 397.47849                      9.2800184
              3       1731.5212   2.1220997e-09      0.97699555       68.488978     0.022581106      0.11753681     0.061228136       3513.7231      -25.340299       -27.371739         2.0314397       3513.7231                           3085.9071                 21.596013                 397.49208                      8.7279305
              9       1730.9789    2.129728e-09       0.9761472       68.331312     0.022563779      0.11783002     0.062767587       3512.6384      -25.340299       -27.371739         2.0314397       3512.6384                            3084.104                 21.754695                 398.12764                      8.6520588
              5       1729.3286   2.1316976e-09      0.97135882       68.331312     0.022563779      0.11783002     0.062767587       3509.3377      -25.340299       -27.371739         2.0314397       3509.3377                           3079.8752                 22.670479                 398.30156                       8.490471
              1        1730.614   2.1261103e-09      0.97240131       68.853663     0.022794947        0.117145     0.061845528       3511.9086      -25.340299       -27.371739         2.0314397       3511.9086                            3083.088                 22.562396                 397.70698                      8.5511833
              4       1729.9149   2.0951901e-09      0.96837888       68.077761     0.022712036      0.11911862     0.052077986       3510.5105      -25.340299       -27.371739         2.0314397       3510.5105                           3083.0917                 23.069688                  395.7477                       8.601427
              2       1729.6709   2.1015306e-09       0.9680361       68.005888     0.022697876      0.11926971     0.053432673       3510.0225      -25.340299       -27.371739         2.0314397       3510.0225                           3082.3856                 23.180619                  395.8299                      8.6263627
              1       1729.5026   2.0992652e-09      0.96972615       68.005888     0.022697876      0.11926971     0.053432673       3509.6858      -25.340299       -27.371739         2.0314397       3509.6858                           3082.3955                 22.759619                 395.85367                       8.677001
              2       1729.9458   2.1141944e-09      0.97268646       68.317816     0.022589399      0.11837094     0.058153881       3510.5721      -25.340299       -27.371739         2.0314397       3510.5721                           3082.8525                 22.295933                  396.7328                       8.690896
