#        weight    minuslogpost      fde_eps_mu  fde_lambda_mem   lambda_growth       chi2__CMB   minuslogprior minuslogprior__0 minuslogprior__SZ            chi2 chi2__planck_2018_highl_plik.TTTEEE chi2__planck_2018_lowl.TT chi2__planck_2018_lowl.EE chi2__planck_2018_lensing.clik
              2       1753.3908     0.058468437       4.9747025    0.0048642877       3520.1018      -6.6601069       -8.6915466         2.0314397       3520.1018                           3091.7887                 23.433291                 396.10607                      8.7737084
              1       1753.5674      0.05161171       5.0288153     0.005051952       3520.4551      -6.6601069       -8.6915466         2.0314397       3520.4551                            3092.126                 23.433445                 396.11735                      8.7783245
              2       1753.4348     0.053491088       5.1416001    0.0060915121       3520.1897      -6.6601069       -8.6915466         2.0314397       3520.1897                           3091.8755                 23.433326                 396.10607                      8.7748132
              1        1753.655     0.048271551       5.0622057    0.0068318678       3520.6303      -6.6601069       -8.6915466         2.0314397       3520.6303                           3092.2988                 23.433518                 396.11735                      8.7805849
              1       1753.6184     0.048792456       5.0948143    0.0074110815        3520.557      -6.6601069       -8.6915466         2.0314397        3520.557                           3092.2266                 23.433486                 396.11735                       8.779617
              1        1753.613     0.049538028        5.063123    0.0076542695       3520.5461      -6.6601069       -8.6915466         2.0314397       3520.5461                           3092.2158                 23.433483                 396.11735                       8.779496
              3       1753.6623     0.046971918       5.1235248    0.0089331056       3520.6449      -6.6601069       -8.6915466         2.0314397       3520.6449                           3092.3133                 23.433522                 396.11735                      8.7807339
              1        1753.628     0.048557055       5.0916903    0.0086327995       3520.5763      -6.6601069       -8.6915466         2.0314397       3520.5763                           3092.2456                 23.433494                 396.11735                      8.7798694
              1       1753.6339     0.048504138       5.0847622    0.0086887849        3520.588      -6.6601069       -8.6915466         2.0314397        3520.588                           3092.2572                   23.4335                 396.11735                      8.7800258
              1       1753.3018     0.057330226       5.1720471    0.0080156126       3519.9237      -6.6601069       -8.6915466         2.0314397       3519.9237                           3091.6134                 23.433196                 396.10607                      8.7710048
              2       1753.2862     0.056883125       5.2195483    0.0082651458       3519.8926      -6.6601069       -8.6915466         2.0314397       3519.8926                           3091.5829                 23.433178                 396.10607                      8.7705094
              1       1753.2894     0.055927447       5.2613372    0.0090670826       3519.8991      -6.6601069       -8.6915466         2.0314397       3519.8991                           3091.5893                 23.433179                 396.10607                      8.7705707
              1       1753.4424     0.050521151       5.2870016     0.008530674        3520.205      -6.6601069       -8.6915466         2.0314397        3520.205                           3091.8907                 23.433327                 396.10607                      8.7749184
              5       1753.4532     0.050375146       5.2767123    0.0085734165       3520.2266      -6.6601069       -8.6915466         2.0314397       3520.2266                           3091.9119                 23.433337                 396.10607                      8.7752231
              3       1753.5651     0.047947887       5.2329343    0.0093223005       3520.4505      -6.6601069       -8.6915466         2.0314397       3520.4505                           3092.1216                 23.433435                 396.11735                      8.7781277
              1       1753.5524     0.048438433       5.2263804    0.0094422345       3520.4251      -6.6601069       -8.6915466         2.0314397       3520.4251                           3092.0965                 23.433424                 396.11735                      8.7777948
              1        1753.391     0.052978492        5.241189    0.0083625665       3520.1023      -6.6601069       -8.6915466         2.0314397       3520.1023                           3091.7894                  23.43328                 396.10607                      8.7735171
              1       1753.3846     0.053085105       5.2464553    0.0080045181       3520.0894      -6.6601069       -8.6915466         2.0314397       3520.0894                           3091.7767                 23.433274                 396.10607                      8.7733311
              2       1753.4869      0.04940756        5.273448    0.0079757804       3520.2941      -6.6601069       -8.6915466         2.0314397       3520.2941                           3091.9785                 23.433368                 396.10607                      8.7761503
              1       1753.4816     0.049531725       5.2755674    0.0079373701       3520.2834      -6.6601069       -8.6915466         2.0314397       3520.2834                           3091.9679                 23.433363                 396.10607                      8.7760027
              1       1753.4911     0.049431122       5.2649827    0.0078586396       3520.3024      -6.6601069       -8.6915466         2.0314397       3520.3024                           3091.9867                 23.433372                 396.10607                      8.7762695
              2       1753.5164     0.048411203       5.2801453    0.0077362427       3520.3529      -6.6601069       -8.6915466         2.0314397       3520.3529                           3092.0365                 23.433394                 396.10607                      8.7769423
              1       1753.6771     0.048571462       5.0087835    0.0077566609       3520.6745      -6.6601069       -8.6915466         2.0314397       3520.6745                           3092.3424                 23.433539                 396.11735                      8.7811833
              1       1753.7284     0.047033004       5.0082351    0.0077824639       3520.7769      -6.6601069       -8.6915466         2.0314397       3520.7769                           3092.4435                 23.433581                 396.11735                      8.7824796
              1       1753.7205     0.047444962       4.9983791     0.007089178       3520.7612      -6.6601069       -8.6915466         2.0314397       3520.7612                            3092.428                 23.433575                 396.11735                      8.7822883
              2       1753.8317      0.04555183       4.9175959    0.0071337145       3520.9835      -6.6601069       -8.6915466         2.0314397       3520.9835                           3092.6474                 23.433666                 396.11735                       8.785088
              1       1753.6754     0.047302558       5.0823436    0.0053163823        3520.671      -6.6601069       -8.6915466         2.0314397        3520.671                           3092.3391                 23.433535                 396.11735                      8.7810943
              1       1753.7003     0.045823288       5.1258739    0.0056219339       3520.7208      -6.6601069       -8.6915466         2.0314397       3520.7208                           3092.3882                 23.433554                 396.11735                      8.7817006
              1       1753.4497     0.052064685       5.1907656    0.0065859912       3520.2197      -6.6601069       -8.6915466         2.0314397       3520.2197                           3091.9051                 23.433337                 396.10607                      8.7751914
              4       1753.2037     0.058641231       5.2738377    0.0043404606       3519.7276      -6.6601069       -8.6915466         2.0314397       3519.7276                           3091.4205                 23.433089                 396.10607                      8.7679764
              1       1753.1835     0.058820252       5.2998294    0.0039936102       3519.6871      -6.6601069       -8.6915466         2.0314397       3519.6871                           3091.3807                 23.433066                 396.10607                       8.767327
              1       1753.3808     0.053654156       5.2231497    0.0032523535       3520.0819      -6.6601069       -8.6915466         2.0314397       3520.0819                           3091.7693                 23.433271                 396.10607                      8.7732417
              2       1753.4989     0.050606979       5.1864992    0.0047960094        3520.318      -6.6601069       -8.6915466         2.0314397        3520.318                            3092.002                 23.433383                 396.10607                      8.7765361
              2        1753.511      0.05119699       5.1345078    0.0047453606       3520.3422      -6.6601069       -8.6915466         2.0314397       3520.3422                           3092.0258                 23.433396                 396.10607                      8.7768991
              2       1753.6567     0.047141811       5.1233144    0.0033991716       3520.6336      -6.6601069       -8.6915466         2.0314397       3520.6336                           3092.3021                 23.433517                 396.11735                      8.7805889
              1       1753.5711      0.05054777        5.078491     0.003316925       3520.4624      -6.6601069       -8.6915466         2.0314397       3520.4624                           3092.1332                 23.433446                 396.11735                      8.7783887
              1       1753.4102     0.053339094       5.1903271    0.0044465558       3520.1405      -6.6601069       -8.6915466         2.0314397       3520.1405                           3091.8271                   23.4333                 396.10607                      8.7740923
              1       1753.4856     0.052231388        5.122207    0.0052920326       3520.2915      -6.6601069       -8.6915466         2.0314397       3520.2915                           3091.9758                 23.433373                 396.10607                      8.7762225
              1       1753.6982      0.04756631       5.0289967    0.0048735128       3520.7167      -6.6601069       -8.6915466         2.0314397       3520.7167                           3092.3841                 23.433555                 396.11735                      8.7817069
              1       1753.6441     0.049318587       5.0232433    0.0037809025       3520.6084      -6.6601069       -8.6915466         2.0314397       3520.6084                           3092.2772                  23.43351                 396.11735                      8.7803268
              1       1753.6164     0.052331641       4.9128219    0.0041410597       3520.5531      -6.6601069       -8.6915466         2.0314397       3520.5531                           3092.2225                 23.433491                 396.11735                      8.7796807
              1       1753.4607     0.057934967       4.8881889    0.0060069347       3520.2416      -6.6601069       -8.6915466         2.0314397       3520.2416                           3091.9264                  23.43336                 396.10607                       8.775705
              1       1753.3814     0.060427501       4.9035315    0.0055593637        3520.083      -6.6601069       -8.6915466         2.0314397        3520.083                           3091.7702                 23.433285                 396.10607                      8.7734963
              1       1753.3334     0.060067609       4.9950085    0.0057476787        3519.987      -6.6601069       -8.6915466         2.0314397        3519.987                           3091.6756                 23.433235                 396.10607                      8.7720611
              1         1753.33     0.061175509       4.9523354    0.0064621662       3519.9802      -6.6601069       -8.6915466         2.0314397       3519.9802                           3091.6689                 23.433233                 396.10607                      8.7719958
              1       1753.2107      0.06248495        5.087474     0.007142386       3519.7417      -6.6601069       -8.6915466         2.0314397       3519.7417                           3091.4341                 23.433106                 396.10607                      8.7683511
              1       1753.3507     0.057319032       5.0921523    0.0076709762       3520.0216      -6.6601069       -8.6915466         2.0314397       3520.0216                           3091.7098                 23.433248                 396.10607                      8.7724841
              1       1753.3705     0.058829893       4.9908139    0.0073771868       3520.0612      -6.6601069       -8.6915466         2.0314397       3520.0612                           3091.7487                 23.433271                 396.10607                      8.7731238
              1       1753.3617     0.059122944       4.9916969     0.007440921       3520.0436      -6.6601069       -8.6915466         2.0314397       3520.0436                           3091.7314                 23.433263                 396.10607                      8.7728742
              1       1753.4331     0.057333725       4.9587967    0.0080006809       3520.1865      -6.6601069       -8.6915466         2.0314397       3520.1865                           3091.8722                 23.433332                 396.10607                      8.7748996
              3        1753.589     0.052660434       4.9406651    0.0096513086       3520.4983      -6.6601069       -8.6915466         2.0314397       3520.4983                           3092.1685                 23.433467                 396.11735                      8.7789499
              1       1753.6662     0.049723026       4.9651464    0.0087588212       3520.6526      -6.6601069       -8.6915466         2.0314397       3520.6526                           3092.3208                 23.433531                 396.11735                      8.7809298
              1       1753.3918     0.054292222       5.1721449    0.0083867259       3520.1038      -6.6601069       -8.6915466         2.0314397       3520.1038                           3091.7909                 23.433284                 396.10607                      8.7735912
              1        1753.357     0.056139604       5.1381513    0.0079134666       3520.0343      -6.6601069       -8.6915466         2.0314397       3520.0343                           3091.7223                 23.433252                 396.10607                      8.7726304
              1       1753.3778     0.056611844       5.0814247    0.0082276008       3520.0759      -6.6601069       -8.6915466         2.0314397       3520.0759                           3091.7632                 23.433274                 396.10607                      8.7732639
              1       1753.3136     0.059887671       5.0346849    0.0070757844       3519.9474      -6.6601069       -8.6915466         2.0314397       3519.9474                           3091.6366                 23.433214                 396.10607                      8.7714578
              1       1753.1604      0.06436882       5.0897389    0.0076489191        3519.641      -6.6601069       -8.6915466         2.0314397        3519.641                           3091.3351                 23.433051                 396.10607                      8.7667902
              1        1753.362      0.05843277       5.0222764    0.0085541522       3520.0443      -6.6601069       -8.6915466         2.0314397       3520.0443                           3091.7321                 23.433262                 396.10607                      8.7728607
              1       1753.3945     0.056203718       5.0737481    0.0080241839       3520.1092      -6.6601069       -8.6915466         2.0314397       3520.1092                           3091.7961                 23.433291                 396.10607                      8.7737403
              1        1753.443     0.055976494       5.0061032    0.0074269345       3520.2062      -6.6601069       -8.6915466         2.0314397       3520.2062                           3091.8917                 23.433339                 396.10607                      8.7751381
              1       1753.4474      0.05593787       5.0008573    0.0060191348        3520.215      -6.6601069       -8.6915466         2.0314397        3520.215                           3091.9004                 23.433343                 396.10607                      8.7752629
              1       1753.4809     0.055090431       4.9873242    0.0060256308       3520.2821      -6.6601069       -8.6915466         2.0314397       3520.2821                           3091.9664                 23.433374                 396.10607                      8.7761876
              1       1753.4883     0.053852953       5.0356795    0.0060097341       3520.2967      -6.6601069       -8.6915466         2.0314397       3520.2967                           3091.9809                 23.433379                 396.10607                      8.7763535
              1       1753.4026     0.053244953       5.2078142    0.0062995799       3520.1254      -6.6601069       -8.6915466         2.0314397       3520.1254                           3091.8122                 23.433293                 396.10607                       8.773868
              1       1753.3714     0.054077704       5.2171487     0.005854395        3520.063      -6.6601069       -8.6915466         2.0314397        3520.063                           3091.7507                 23.433262                 396.10607                      8.7729791
              1       1753.6038     0.047109687       5.2155402    0.0050363855       3520.5279      -6.6601069       -8.6915466         2.0314397       3520.5279                           3092.1979                 23.433469                 396.11735                      8.7791584
              2       1753.6905     0.046561353       5.0992573    0.0048045205       3520.7013      -6.6601069       -8.6915466         2.0314397       3520.7013                           3092.3689                 23.433547                 396.11735                      8.7814692
              1       1753.6871     0.046478375        5.110006    0.0042777272       3520.6943      -6.6601069       -8.6915466         2.0314397       3520.6943                           3092.3621                 23.433543                 396.11735                      8.7813747
              3       1753.4166     0.055020152       5.0949804    0.0033222234       3520.1535      -6.6601069       -8.6915466         2.0314397       3520.1535                           3091.8397                 23.433311                 396.10607                      8.7743437
              2       1753.4139     0.054882089       5.1061703    0.0042374541       3520.1481      -6.6601069       -8.6915466         2.0314397       3520.1481                           3091.8345                 23.433308                 396.10607                      8.7742605
              1       1753.3011     0.059128398       5.0890604    0.0042984082       3519.9224      -6.6601069       -8.6915466         2.0314397       3519.9224                           3091.6121                 23.433199                 396.10607                      8.7710515
              3       1753.2349      0.05937013       5.1869262    0.0035337427         3519.79      -6.6601069       -8.6915466         2.0314397         3519.79                           3091.4818                 23.433126                 396.10607                      8.7690034
              1       1753.1892     0.061386577       5.1712349    0.0033130145       3519.6986      -6.6601069       -8.6915466         2.0314397       3519.6986                           3091.3918                 23.433079                 396.10607                      8.7676181
              2       1753.2094     0.060961136       5.1566481    0.0031737991       3519.7391      -6.6601069       -8.6915466         2.0314397       3519.7391                           3091.4317                 23.433101                 396.10607                      8.7682534
              1       1753.1078     0.062390182       5.2640341    0.0046815801       3519.5358      -6.6601069       -8.6915466         2.0314397       3519.5358                           3091.2317                 23.432983                 396.10607                      8.7649522
              2       1753.0337     0.064744764       5.2887844    0.0043658288       3519.3875      -6.6601069       -8.6915466         2.0314397       3519.3875                           3091.0861                 23.432894                 396.10607                      8.7624599
              1       1752.9074     0.072650075        5.192279    0.0041717496        3519.135      -6.6601069       -8.6915466         2.0314397        3519.135                           3090.8381                 23.432735                 396.10607                      8.7580287
              1       1752.8663     0.073526754       5.2346285    0.0042977607       3519.0527      -6.6601069       -8.6915466         2.0314397       3519.0527                           3090.7576                 23.432673                 396.10607                       8.756396
              1       1752.9096      0.07317012       5.1686744    0.0066694036       3519.1394      -6.6601069       -8.6915466         2.0314397       3519.1394                           3090.8424                 23.432739                 396.10607                      8.7581368
              1       1752.9515     0.071506204         5.15722    0.0056790866       3519.2232      -6.6601069       -8.6915466         2.0314397       3519.2232                           3090.9247                 23.432797                 396.10607                      8.7596994
              1       1753.1279     0.067797658       5.0039955    0.0062457515       3519.5761      -6.6601069       -8.6915466         2.0314397       3519.5761                           3091.2712                 23.433019                 396.10607                      8.7658358
              1       1753.1553     0.065744209       5.0414316    0.0064180877       3519.6307      -6.6601069       -8.6915466         2.0314397       3519.6307                           3091.3249                 23.433048                 396.10607                      8.7666697
              1       1753.1697     0.065160409       5.0417497    0.0058996829       3519.6596      -6.6601069       -8.6915466         2.0314397       3519.6596                           3091.3534                 23.433064                 396.10607                      8.7671225
              1       1753.1756     0.062825165         5.13052    0.0060694938       3519.6714      -6.6601069       -8.6915466         2.0314397       3519.6714                            3091.365                 23.433066                 396.10607                      8.7672298
              1       1753.0755     0.065602728       5.1798694    0.0058770253       3519.4711      -6.6601069       -8.6915466         2.0314397       3519.4711                           3091.1681                  23.43295                 396.10607                      8.7639697
              1        1753.072     0.065370914       5.1954578    0.0054784636       3519.4643      -6.6601069       -8.6915466         2.0314397       3519.4643                           3091.1614                 23.432945                 396.10607                      8.7638419
              1       1753.2449     0.065563231       4.9057068    0.0043382135       3519.8101      -6.6601069       -8.6915466         2.0314397       3519.8101                           3091.5013                  23.43315                 396.10607                      8.7695341
              1       1753.4248      0.05904712       4.8952861    0.0045343275       3520.1699      -6.6601069       -8.6915466         2.0314397       3520.1699                           3091.8558                 23.433326                 396.10607                       8.774715
              1       1753.3986     0.059635556       4.9107345    0.0058485338       3520.1175      -6.6601069       -8.6915466         2.0314397       3520.1175                           3091.8041                 23.433301                 396.10607                      8.7739743
              1       1753.4446     0.059475777       4.8459681    0.0059291379       3520.2094      -6.6601069       -8.6915466         2.0314397       3520.2094                           3091.8946                 23.433347                 396.10607                      8.7752924
              1       1753.3248     0.064165966       4.8372307    0.0058081565       3519.9697      -6.6601069       -8.6915466         2.0314397       3519.9697                           3091.6585                 23.433233                 396.10607                      8.7719309
              1       1753.2523     0.065269724       4.9057711    0.0059002566       3519.8248      -6.6601069       -8.6915466         2.0314397       3519.8248                           3091.5159                 23.433157                 396.10607                      8.7697545
              1       1753.2453     0.065456293       4.9093354    0.0054952585       3519.8108      -6.6601069       -8.6915466         2.0314397       3519.8108                           3091.5021                  23.43315                 396.10607                      8.7695425
              1       1753.3061     0.062314077       4.9417932    0.0054333542       3519.9325      -6.6601069       -8.6915466         2.0314397       3519.9325                           3091.6219                  23.43321                 396.10607                      8.7713127
              1        1753.255     0.068278607       4.7864863    0.0062572597       3519.8302      -6.6601069       -8.6915466         2.0314397       3519.8302                           3091.5211                 23.433165                 396.10607                      8.7699273
              1       1753.2387     0.068020102       4.8210089    0.0070249758       3519.7976      -6.6601069       -8.6915466         2.0314397       3519.7976                            3091.489                 23.433147                 396.10607                      8.7694141
              1        1753.396     0.063928898       4.7380342    0.0073119964       3520.1123      -6.6601069       -8.6915466         2.0314397       3520.1123                           3091.7989                 23.433306                 396.10607                      8.7740237
              1       1753.3665     0.063690659       4.7921291    0.0078352184       3520.0533      -6.6601069       -8.6915466         2.0314397       3520.0533                           3091.7408                 23.433276                 396.10607                      8.7731564
              1       1753.2805     0.065270491       4.8619019    0.0071588098       3519.8812      -6.6601069       -8.6915466         2.0314397       3519.8812                           3091.5713                 23.433188                 396.10607                      8.7706236
              1       1753.3687     0.061352135       4.8841967    0.0068167985       3520.0576      -6.6601069       -8.6915466         2.0314397       3520.0576                           3091.7451                 23.433274                 396.10607                      8.7731506
              1       1753.2856     0.063728394       4.9155918    0.0071631397       3519.8915      -6.6601069       -8.6915466         2.0314397       3519.8915                           3091.5815                 23.433191                 396.10607                      8.7707327
              1        1753.275     0.066904638       4.8072884    0.0067828668       3519.8703      -6.6601069       -8.6915466         2.0314397       3519.8703                           3091.5605                 23.433185                 396.10607                      8.7705045
              1       1753.2274     0.067748506       4.8486154    0.0060463832        3519.775      -6.6601069       -8.6915466         2.0314397        3519.775                           3091.4668                 23.433134                 396.10607                      8.7690521
              1        1753.159     0.070581698       4.8499388    0.0045231928       3519.6382      -6.6601069       -8.6915466         2.0314397       3519.6382                           3091.3322                 23.433061                 396.10607                      8.7669498
              1       1753.2245     0.066713506       4.8926148    0.0040772139       3519.7693      -6.6601069       -8.6915466         2.0314397       3519.7693                           3091.4612                 23.433129                 396.10607                       8.768931
              1       1753.1239     0.068190846        4.995186    0.0042578696       3519.5681      -6.6601069       -8.6915466         2.0314397       3519.5681                           3091.2633                 23.433015                 396.10607                      8.7657153
              1       1753.0563     0.069705581       5.0474674    0.0045145329       3519.4329      -6.6601069       -8.6915466         2.0314397       3519.4329                           3091.1304                 23.432934                 396.10607                      8.7634554
              1       1753.0406     0.068800205       5.1089355    0.0035963992       3519.4014      -6.6601069       -8.6915466         2.0314397       3519.4014                           3091.0996                 23.432912                 396.10607                      8.7628692
              1       1753.1147     0.064578717       5.1568555    0.0041773952       3519.5495      -6.6601069       -8.6915466         2.0314397       3519.5495                           3091.2452                 23.432997                 396.10607                      8.7652733
              2       1753.1384     0.062815317       5.1929838    0.0035373367       3519.5971      -6.6601069       -8.6915466         2.0314397       3519.5971                            3091.292                 23.433022                 396.10607                      8.7660035
              1       1753.3237     0.056806117       5.1609774     0.004391407       3519.9675      -6.6601069       -8.6915466         2.0314397       3519.9675                           3091.6566                 23.433218                 396.10607                      8.7716519
              1       1753.4091     0.053819284       5.1673934    0.0050373051       3520.1385      -6.6601069       -8.6915466         2.0314397       3520.1385                            3091.825                   23.4333                 396.10607                      8.7740808
              2       1753.2148     0.059650135       5.2075808    0.0066826142       3519.7498      -6.6601069       -8.6915466         2.0314397       3519.7498                           3091.4422                 23.433104                 396.10607                      8.7683738
              1       1753.2055     0.060056337       5.2043655    0.0062937919       3519.7312      -6.6601069       -8.6915466         2.0314397       3519.7312                            3091.424                 23.433094                 396.10607                      8.7680919
              1       1753.0666     0.063308551       5.2943792    0.0064317059       3519.4533      -6.6601069       -8.6915466         2.0314397       3519.4533                           3091.1507                 23.432933                 396.10607                       8.763565
              1        1753.023     0.067321736       5.1985268     0.006773004       3519.3662      -6.6601069       -8.6915466         2.0314397       3519.3662                            3091.065                 23.432886                 396.10607                      8.7621814
              1       1753.1103     0.069774199       4.9567654    0.0059412772       3519.5408      -6.6601069       -8.6915466         2.0314397       3519.5408                           3091.2364                 23.433002                 396.10607                      8.7653105
              1       1753.1591     0.068483715       4.9276138    0.0065508127       3519.6385      -6.6601069       -8.6915466         2.0314397       3519.6385                           3091.3324                 23.433058                 396.10607                      8.7668881
              1       1753.1809     0.067615756       4.9262813    0.0064295894       3519.6821      -6.6601069       -8.6915466         2.0314397       3519.6821                           3091.3754                 23.433081                 396.10607                      8.7675692
              1       1753.1589     0.068018758        4.945796    0.0063997405       3519.6379      -6.6601069       -8.6915466         2.0314397       3519.6379                           3091.3319                 23.433056                 396.10607                      8.7668649
              1       1753.1474     0.070012341       4.8889068    0.0043626868        3519.615      -6.6601069       -8.6915466         2.0314397        3519.615                           3091.3094                 23.433047                 396.10607                      8.7665526
              4       1753.1663     0.068686444         4.90857    0.0040897437       3519.6528      -6.6601069       -8.6915466         2.0314397       3519.6528                           3091.3466                 23.433066                 396.10607                      8.7671291
              2        1753.061     0.068800217       5.0746864    0.0093962005       3519.4423      -6.6601069       -8.6915466         2.0314397       3519.4423                           3091.1397                 23.432938                 396.10607                      8.7635877
              1       1752.9112     0.070999332       5.2491749    0.0082375072       3519.1426      -6.6601069       -8.6915466         2.0314397       3519.1426                           3090.8457                 23.432737                 396.10607                      8.7581127
              1       1753.1724      0.06318077        5.120393    0.0083863754       3519.6651      -6.6601069       -8.6915466         2.0314397       3519.6651                           3091.3588                 23.433063                 396.10607                      8.7671399
              1       1753.1536     0.063545807       5.1358708    0.0053838634       3519.6274      -6.6601069       -8.6915466         2.0314397       3519.6274                           3091.3218                 23.433041                 396.10607                      8.7665358
              1       1753.2107     0.070168283        4.785173    0.0069817576       3519.7417      -6.6601069       -8.6915466         2.0314397       3519.7417                           3091.4339                  23.43312                 396.10607                      8.7685974
              1        1753.281     0.062177368       4.9872972    0.0075561132       3519.8823      -6.6601069       -8.6915466         2.0314397       3519.8823                           3091.5725                 23.433183                 396.10607                       8.770542
              2       1752.9134     0.072492729       5.1874358    0.0090033481        3519.147      -6.6601069       -8.6915466         2.0314397        3519.147                           3090.8499                 23.432743                 396.10607                      8.7582599
              1       1753.1271     0.064649697       5.1329993    0.0082411139       3519.5745      -6.6601069       -8.6915466         2.0314397       3519.5745                           3091.2697                 23.433012                 396.10607                      8.7656961
              5       1753.1309     0.067594308       5.0071422    0.0071260492        3519.582      -6.6601069       -8.6915466         2.0314397        3519.582                            3091.277                 23.433022                 396.10607                      8.7659277
              6       1753.2151     0.069322611       4.8090641    0.0089092362       3519.7505      -6.6601069       -8.6915466         2.0314397       3519.7505                           3091.4426                 23.433123                 396.10607                       8.768712
              6       1753.2626     0.068903512       4.7521291    0.0098043628       3519.8454      -6.6601069       -8.6915466         2.0314397       3519.8454                            3091.536                 23.433175                 396.10607                      8.7701789
              5       1753.2956     0.066955687       4.7740532    0.0098299954       3519.9114      -6.6601069       -8.6915466         2.0314397       3519.9114                            3091.601                 23.433207                 396.10607                      8.7711322
              1        1753.303     0.066938582       4.7635626    0.0097041417       3519.9261      -6.6601069       -8.6915466         2.0314397       3519.9261                           3091.6155                 23.433215                 396.10607                      8.7713543
              1       1753.2043     0.070997131       4.7654198    0.0087005789       3519.7288      -6.6601069       -8.6915466         2.0314397       3519.7288                           3091.4212                 23.433114                 396.10607                      8.7684174
              1        1753.266     0.068814393       4.7502061    0.0079859088       3519.8522      -6.6601069       -8.6915466         2.0314397       3519.8522                           3091.5427                 23.433178                 396.10607                      8.7702815
              1       1753.0162     0.066406017       5.2484118    0.0052567377       3519.3526      -6.6601069       -8.6915466         2.0314397       3519.3526                           3091.0517                 23.432874                 396.10607                      8.7618986
              1       1753.1644     0.063686168       5.1119785    0.0044023809       3519.6491      -6.6601069       -8.6915466         2.0314397       3519.6491                            3091.343                 23.433054                 396.10607                      8.7668969
              2       1753.5286     0.054929859       4.9186418    0.0085534518       3520.3775      -6.6601069       -8.6915466         2.0314397       3520.3775                           3092.0605                  23.43342                 396.10607                       8.777517
              5       1753.3491     0.070036603        4.584097    0.0098637001       3520.0185      -6.6601069       -8.6915466         2.0314397       3520.0185                           3091.7063                 23.433267                 396.10607                      8.7728102
              2       1753.3199     0.065035412       4.8105484    0.0077486269       3519.9599      -6.6601069       -8.6915466         2.0314397       3519.9599                           3091.6488                  23.43323                 396.10607                      8.7718091
              4       1753.2754     0.065825037       4.8480379    0.0076586605       3519.8711      -6.6601069       -8.6915466         2.0314397       3519.8711                           3091.5614                 23.433184                 396.10607                      8.7704853
              1       1753.8027      0.04799738       4.8316308    0.0063303584       3520.9256      -6.6601069       -8.6915466         2.0314397       3520.9256                           3092.5902                 23.433646                 396.11735                      8.7844262
              1       1753.5085      0.05451903       4.9703813    0.0065673878       3520.3373      -6.6601069       -8.6915466         2.0314397       3520.3373                           3092.0209                   23.4334                 396.10607                       8.776945
              1       1753.5046     0.061780184       4.6594918    0.0082760805       3520.3295      -6.6601069       -8.6915466         2.0314397       3520.3295                           3092.0129                 23.433408                 396.10607                      8.7770435
              5       1753.4107     0.064418787       4.6970366    0.0048452316       3520.1417      -6.6601069       -8.6915466         2.0314397       3520.1417                           3091.8278                 23.433321                 396.10607                      8.7744604
              1       1753.3799     0.064862663       4.7262553    0.0043746345         3520.08      -6.6601069       -8.6915466         2.0314397         3520.08                            3091.767                 23.433291                 396.10607                      8.7735799
              2       1753.0908     0.064389925       5.2052545    0.0061206404       3519.5018      -6.6601069       -8.6915466         2.0314397       3519.5018                           3091.1983                 23.432967                 396.10607                      8.7644518
              1        1752.915      0.07006869       5.2791708     0.006035488       3519.1502      -6.6601069       -8.6915466         2.0314397       3519.1502                           3090.8532                  23.43274                 396.10607                       8.758224
              3       1752.9275     0.071462955       5.2015275    0.0043259333       3519.1752      -6.6601069       -8.6915466         2.0314397       3519.1752                           3090.8776                 23.432762                 396.10607                      8.7587729
              2       1753.0695     0.069245402       5.0432873    0.0043275453       3519.4593      -6.6601069       -8.6915466         2.0314397       3519.4593                           3091.1564                  23.43295                 396.10607                      8.7638999
              1       1753.1151     0.067833786       5.0233982    0.0048199292       3519.5505      -6.6601069       -8.6915466         2.0314397       3519.5505                            3091.246                 23.433004                 396.10607                      8.7654074
              3       1752.8968       0.0742289       5.1522541    0.0068716865       3519.1139      -6.6601069       -8.6915466         2.0314397       3519.1139                           3090.8174                 23.432722                 396.10607                      8.7576703
              2       1753.0133     0.068782719       5.1561372    0.0076411008       3519.3468      -6.6601069       -8.6915466         2.0314397       3519.3468                            3091.046                 23.432876                 396.10607                      8.7618899
              1       1753.2717     0.067030871       4.8076363    0.0093842957       3519.8636      -6.6601069       -8.6915466         2.0314397       3519.8636                           3091.5539                 23.433182                 396.10607                      8.7704052
              1       1753.4302     0.060430173       4.8275992    0.0072548912       3520.1806      -6.6601069       -8.6915466         2.0314397       3520.1806                           3091.8663                 23.433334                 396.10607                      8.7749102
              2       1753.3871       0.0613642       4.8550336    0.0067037874       3520.0945      -6.6601069       -8.6915466         2.0314397       3520.0945                           3091.7814                 23.433293                 396.10607                      8.7736921
              1       1753.3895     0.061296993       4.8541642    0.0066877365       3520.0992      -6.6601069       -8.6915466         2.0314397       3520.0992                           3091.7861                 23.433295                 396.10607                      8.7737596
              2       1753.3812      0.06067812       4.8932125    0.0064868697       3520.0826      -6.6601069       -8.6915466         2.0314397       3520.0826                           3091.7697                 23.433285                 396.10607                       8.773497
              1       1753.2001      0.06571465       4.9704335     0.008454826       3519.7205      -6.6601069       -8.6915466         2.0314397       3519.7205                           3091.4132                   23.4331                 396.10607                      8.7681233
              3       1753.0576     0.068843404       5.0787405    0.0034491892       3519.4354      -6.6601069       -8.6915466         2.0314397       3519.4354                           3091.1329                 23.432934                 396.10607                      8.7634686
              3       1753.0651     0.065397451       5.2061185    0.0062951974       3519.4505      -6.6601069       -8.6915466         2.0314397       3519.4505                           3091.1479                 23.432936                 396.10607                      8.7636023
              2       1753.1701     0.061879734        5.181082    0.0063355792       3519.6605      -6.6601069       -8.6915466         2.0314397       3519.6605                           3091.3543                 23.433057                 396.10607                      8.7670159
              3       1753.1441     0.061443641        5.244695    0.0069643977       3519.6083      -6.6601069       -8.6915466         2.0314397       3519.6083                           3091.3031                 23.433025                 396.10607                      8.7661366
              1       1753.6428     0.053886367       4.7959005    0.0076658729       3520.6058      -6.6601069       -8.6915466         2.0314397       3520.6058                           3092.2745                 23.433517                 396.11735                      8.7804328
              1       1753.3042     0.061286573       4.9885083     0.009610375       3519.9286      -6.6601069       -8.6915466         2.0314397       3519.9286                           3091.6181                 23.433206                 396.10607                      8.7712195
              4       1753.4039     0.051484898       5.2995837      0.00819743        3520.128      -6.6601069       -8.6915466         2.0314397        3520.128                           3091.8148                  23.43329                 396.10607                      8.7738344
              4       1753.6207     0.045697911       5.2711688    0.0086781133       3520.5616      -6.6601069       -8.6915466         2.0314397       3520.5616                           3092.2312                 23.433481                 396.11735                      8.7795618
              2       1753.7069     0.051167176        4.824962    0.0094352769        3520.734      -6.6601069       -8.6915466         2.0314397        3520.734                           3092.4011                 23.433569                 396.11735                      8.7820469
              1       1753.3939     0.059085845       4.9422683    0.0080181606        3520.108      -6.6601069       -8.6915466         2.0314397        3520.108                           3091.7948                 23.433295                 396.10607                      8.7738191
              3       1753.4798     0.058112382       4.8504986    0.0083696102       3520.2798      -6.6601069       -8.6915466         2.0314397       3520.2798                           3091.9641                 23.433379                 396.10607                      8.7762496
              6       1753.2448      0.06116487       5.0895041    0.0085055203       3519.8097      -6.6601069       -8.6915466         2.0314397       3519.8097                           3091.5012                 23.433141                 396.10607                      8.7693811
              2       1753.2356     0.070948757       4.7199243    0.0097824402       3519.7913      -6.6601069       -8.6915466         2.0314397       3519.7913                           3091.4827                 23.433148                 396.10607                      8.7693983
              5       1753.1846      0.07192454       4.7629096    0.0084824188       3519.6893      -6.6601069       -8.6915466         2.0314397       3519.6893                           3091.3823                 23.433093                 396.10607                      8.7678141
              3       1753.1564     0.073059155       4.7665141    0.0080190732       3519.6331      -6.6601069       -8.6915466         2.0314397       3519.6331                            3091.327                 23.433062                 396.10607                      8.7669381
              2       1753.1583     0.074703212       4.7083007    0.0046134412       3519.6367      -6.6601069       -8.6915466         2.0314397       3519.6367                           3091.3305                 23.433067                 396.10607                      8.7670425
              2       1753.1517     0.072936924       4.7780174    0.0040279679       3519.6236      -6.6601069       -8.6915466         2.0314397       3519.6236                           3091.3177                 23.433056                 396.10607                      8.7667792
              1       1753.1542     0.072891492       4.7757434    0.0040006606       3519.6286      -6.6601069       -8.6915466         2.0314397       3519.6286                           3091.3226                 23.433059                 396.10607                      8.7668597
              2       1753.5611     0.061172506       4.6077513    0.0052918909       3520.4424      -6.6601069       -8.6915466         2.0314397       3520.4424                           3092.1131                 23.433454                 396.11735                      8.7784235
              1       1753.5083     0.058838935       4.7748931    0.0049931741       3520.3368      -6.6601069       -8.6915466         2.0314397       3520.3368                           3092.0202                 23.433407                 396.10607                      8.7770673
              1       1753.4738     0.052459961       5.1299195    0.0052181981       3520.2679      -6.6601069       -8.6915466         2.0314397       3520.2679                           3091.9525                 23.433362                 396.10607                      8.7758954
              6       1753.4752     0.052614686       5.1196385    0.0054902365       3520.2706      -6.6601069       -8.6915466         2.0314397       3520.2706                           3091.9552                 23.433364                 396.10607                      8.7759402
              3       1753.5274     0.048238152       5.2711939    0.0033433702        3520.375      -6.6601069       -8.6915466         2.0314397        3520.375                           3092.0583                 23.433405                 396.10607                      8.7772454
              6       1753.6355     0.045727766       5.2435513    0.0033590767       3520.5912      -6.6601069       -8.6915466         2.0314397       3520.5912                           3092.2604                 23.433495                 396.11735                      8.7799649
              1       1753.5568     0.050248152       5.1183674    0.0071462835       3520.4338      -6.6601069       -8.6915466         2.0314397       3520.4338                            3092.105                 23.433432                 396.11735                      8.7779833
              2       1753.4852     0.051158768       5.1796216    0.0070309868       3520.2906      -6.6601069       -8.6915466         2.0314397       3520.2906                            3091.975                  23.43337                 396.10607                      8.7761703
              1       1753.6287     0.049283283         5.05073    0.0063794935       3520.5776      -6.6601069       -8.6915466         2.0314397       3520.5776                           3092.2468                 23.433496                 396.11735                      8.7799121
              1       1753.5123     0.052661273       5.0562279    0.0058700175       3520.3448      -6.6601069       -8.6915466         2.0314397       3520.3448                           3092.0283                   23.4334                 396.10607                      8.7769877
              3       1753.1192     0.067070756       5.0469511    0.0039239871       3519.5585      -6.6601069       -8.6915466         2.0314397       3519.5585                           3091.2539                 23.433007                 396.10607                      8.7655165
              2       1753.4015     0.059039509       4.9322889    0.0039288695       3520.1232      -6.6601069       -8.6915466         2.0314397       3520.1232                           3091.8098                 23.433303                 396.10607                      8.7740393
              1        1753.466     0.064549707         4.61011    0.0048637864       3520.2522      -6.6601069       -8.6915466         2.0314397       3520.2522                           3091.9368                 23.433375                 396.10607                      8.7760351
              3       1753.1617      0.07467462       4.7040859    0.0045627411       3519.6436      -6.6601069       -8.6915466         2.0314397       3519.6436                           3091.3373                 23.433071                 396.10607                      8.7671524
              1       1753.1729     0.072239328       4.7697441    0.0045248998        3519.666      -6.6601069       -8.6915466         2.0314397        3519.666                           3091.3594                  23.43308                 396.10607                      8.7674474
              3       1753.2465     0.072546493       4.6488302    0.0076023689       3519.8132      -6.6601069       -8.6915466         2.0314397       3519.8132                           3091.5042                 23.433163                 396.10607                      8.7697798
              3       1753.3169     0.066805385       4.7474418    0.0072112171       3519.9541      -6.6601069       -8.6915466         2.0314397       3519.9541                            3091.643                 23.433229                 396.10607                      8.7717716
              2       1753.3034     0.066304177       4.7868426    0.0090334963        3519.927      -6.6601069       -8.6915466         2.0314397        3519.927                           3091.6163                 23.433214                 396.10607                      8.7713495
              1       1753.6165     0.047575341       5.1668221    0.0056207295       3520.5531      -6.6601069       -8.6915466         2.0314397       3520.5531                           3092.2228                 23.433482                 396.11735                      8.7795201
              4       1753.5902     0.047653271       5.2071494    0.0065298569       3520.5006      -6.6601069       -8.6915466         2.0314397       3520.5006                            3092.171                 23.433458                 396.11735                      8.7788066
              3       1753.5927     0.048172947       5.1729841    0.0067653133       3520.5056      -6.6601069       -8.6915466         2.0314397       3520.5056                           3092.1759                 23.433461                 396.11735                       8.778895
              4       1753.2764     0.055616193       5.2991086     0.005076071        3519.873      -6.6601069       -8.6915466         2.0314397        3519.873                           3091.5637                 23.433164                 396.10607                      8.7701538
              4        1753.276     0.056017857       5.2795912    0.0050438895       3519.8722      -6.6601069       -8.6915466         2.0314397       3519.8722                           3091.5628                 23.433165                 396.10607                      8.7701571
              2       1753.4708      0.05324823       5.0944255    0.0061365596       3520.2619      -6.6601069       -8.6915466         2.0314397       3520.2619                           3091.9466                 23.433361                 396.10607                      8.7758393
              3       1753.4739     0.053051461       5.0994031    0.0061522384        3520.268      -6.6601069       -8.6915466         2.0314397        3520.268                           3091.9527                 23.433363                 396.10607                       8.775919
              1       1753.3991     0.056236209       5.0647742    0.0051685641       3520.1183      -6.6601069       -8.6915466         2.0314397       3520.1183                           3091.8051                 23.433295                 396.10607                      8.7738748
              4       1753.4984     0.055310709       4.9487896     0.005715148       3520.3171      -6.6601069       -8.6915466         2.0314397       3520.3171                           3092.0009                 23.433392                 396.10607                      8.7766876
              2       1753.3705      0.05979651       4.9480372    0.0055573537       3520.0612      -6.6601069       -8.6915466         2.0314397       3520.0612                           3091.7487                 23.433273                 396.10607                      8.7731548
              1       1753.2716     0.061497415       5.0314729    0.0056457677       3519.8635      -6.6601069       -8.6915466         2.0314397       3519.8635                            3091.554                 23.433172                 396.10607                      8.7702293
              2       1753.0837     0.073536516       4.8629287    0.0054204881       3519.4877      -6.6601069       -8.6915466         2.0314397       3519.4877                           3091.1841                 23.432976                 396.10607                      8.7645296
              1       1753.0359     0.068518458       5.1281317    0.0072087127       3519.3919      -6.6601069       -8.6915466         2.0314397       3519.3919                           3091.0903                 23.432905                 396.10607                      8.7626899
              7       1753.0904     0.062969737       5.2681151    0.0045188792       3519.5009      -6.6601069       -8.6915466         2.0314397       3519.5009                           3091.1975                 23.432963                 396.10607                      8.7643792
              2       1753.3207     0.056574416        5.177074    0.0045677016       3519.9616      -6.6601069       -8.6915466         2.0314397       3519.9616                           3091.6508                 23.433214                 396.10607                      8.7715537
              3       1753.3511     0.060592257       4.9440105    0.0049272078       3520.0225      -6.6601069       -8.6915466         2.0314397       3520.0225                           3091.7106                 23.433254                 396.10607                      8.7726083
              1       1753.2859     0.055406812       5.2935441    0.0079635856       3519.8921      -6.6601069       -8.6915466         2.0314397       3519.8921                           3091.5824                 23.433174                 396.10607                      8.7704402
              2       1753.2754     0.058474015       5.1614298    0.0076554914       3519.8711      -6.6601069       -8.6915466         2.0314397       3519.8711                           3091.5616                  23.43317                 396.10607                      8.7702382
              1        1753.301     0.057799238       5.1509289    0.0076345984       3519.9223      -6.6601069       -8.6915466         2.0314397       3519.9223                            3091.612                 23.433196                 396.10607                      8.7710001
              1       1753.4101     0.056186208       5.0492221    0.0071338696       3520.1405      -6.6601069       -8.6915466         2.0314397       3520.1405                           3091.8269                 23.433306                 396.10607                      8.7741953
              2       1753.3334     0.058150945       5.0813876    0.0063499442       3519.9871      -6.6601069       -8.6915466         2.0314397       3519.9871                           3091.6758                 23.433231                 396.10607                       8.771997
              1       1753.6718     0.055585324       4.6734968    0.0079591376       3520.6637      -6.6601069       -8.6915466         2.0314397       3520.6637                           3092.3316                 23.433546                 396.11735                      8.7812441
              2       1753.6568     0.056217436       4.6687472     0.008393879       3520.6338      -6.6601069       -8.6915466         2.0314397       3520.6338                           3092.3021                 23.433533                 396.11735                      8.7808663
              1       1753.7899      0.05393371       4.5643868    0.0076637151          3520.9      -6.6601069       -8.6915466         2.0314397          3520.9                           3092.5648                 23.433644                 396.11735                       8.784253
              3       1753.7304     0.056953234       4.5255243    0.0077073074        3520.781      -6.6601069       -8.6915466         2.0314397        3520.781                           3092.4472                 23.433598                 396.11735                      8.7828014
              1       1753.7532     0.056378741        4.515129     0.008238497       3520.8265      -6.6601069       -8.6915466         2.0314397       3520.8265                           3092.4922                 23.433617                 396.11735                      8.7833728
              1       1753.7712      0.05601955       4.5028876    0.0082164862       3520.8627      -6.6601069       -8.6915466         2.0314397       3520.8627                           3092.5279                 23.433631                 396.11735                      8.7838248
              3       1753.1687     0.062125857       5.1724992    0.0048802519       3519.6577      -6.6601069       -8.6915466         2.0314397       3519.6577                           3091.3516                 23.433056                 396.10607                      8.7669794
              3       1753.2339     0.071349045       4.7084406    0.0035899399       3519.7881      -6.6601069       -8.6915466         2.0314397       3519.7881                           3091.4795                 23.433147                 396.10607                      8.7693581
              1       1753.3595     0.069200006       4.5979895    0.0050195055       3520.0392      -6.6601069       -8.6915466         2.0314397       3520.0392                           3091.7267                 23.433277                 396.10607                      8.7730935
              2       1753.4507     0.067765318       4.5161368    0.0041620547       3520.2216      -6.6601069       -8.6915466         2.0314397       3520.2216                           3091.9065                 23.433365                 396.10607                      8.7756791
              2       1753.3989      0.06668671       4.6298672    0.0059855849        3520.118      -6.6601069       -8.6915466         2.0314397        3520.118                           3091.8044                 23.433313                 396.10607                      8.7741774
              4       1753.1518     0.068160822       4.9515641    0.0031968826       3519.6238      -6.6601069       -8.6915466         2.0314397       3519.6238                           3091.3181                 23.433048                 396.10607                      8.7666385
              2       1753.7671     0.052606757       4.6601278    0.0051267118       3520.8544      -6.6601069       -8.6915466         2.0314397       3520.8544                           3092.5198                 23.433623                 396.11735                       8.783641
              2       1753.6527       0.0540657       4.7719697     0.009328336       3520.6256      -6.6601069       -8.6915466         2.0314397       3520.6256                            3092.294                 23.433526                 396.11735                      8.7807004
              6       1753.6958     0.048482958       4.9825037    0.0070047094       3520.7118      -6.6601069       -8.6915466         2.0314397       3520.7118                           3092.3793                 23.433555                 396.11735                      8.7816736
              1       1753.5796     0.051828533        4.997853    0.0075304992       3520.4793      -6.6601069       -8.6915466         2.0314397       3520.4793                           3092.1499                 23.433456                 396.11735                      8.7786643
              3        1753.449     0.056105533       4.9904662    0.0050919226       3520.2181      -6.6601069       -8.6915466         2.0314397       3520.2181                           3091.9034                 23.433345                 396.10607                      8.7753127
              2        1753.625     0.054168057       4.8108043    0.0062905712       3520.5702      -6.6601069       -8.6915466         2.0314397       3520.5702                           3092.2393                 23.433502                 396.11735                      8.7799649
              1       1753.6865     0.055430623         4.65757    0.0063001264       3520.6933      -6.6601069       -8.6915466         2.0314397       3520.6933                           3092.3607                 23.433558                 396.11735                      8.7816273
              4       1753.8541     0.052524023       4.5278876    0.0091635913       3521.0284      -6.6601069       -8.6915466         2.0314397       3521.0284                           3092.6915                 23.433695                 396.11735                      8.7858318
              2        1753.763     0.054304532       4.5894452    0.0081032342       3520.8463      -6.6601069       -8.6915466         2.0314397       3520.8463                           3092.5117                 23.433622                 396.11735                      8.7835774
              2       1753.8075     0.049966822       4.7227092    0.0075287005       3520.9353      -6.6601069       -8.6915466         2.0314397       3520.9353                           3092.5997                 23.433653                 396.11735                      8.7846016
              5       1753.4568     0.053045239       5.1278629    0.0036637893       3520.2339      -6.6601069       -8.6915466         2.0314397       3520.2339                           3091.9191                 23.433347                 396.10607                      8.7754318
              2       1753.5126     0.051057096       5.1393264    0.0039089976       3520.3453      -6.6601069       -8.6915466         2.0314397       3520.3453                           3092.0289                 23.433397                 396.10607                      8.7769383
              6        1753.766     0.053590551       4.6167276    0.0061981099       3520.8523      -6.6601069       -8.6915466         2.0314397       3520.8523                           3092.5177                 23.433624                 396.11735                      8.7836375
              7       1753.3056     0.071108681       4.6108143    0.0099797131       3519.9314      -6.6601069       -8.6915466         2.0314397       3519.9314                           3091.6206                 23.433224                 396.10607                       8.771543
              2       1753.4195     0.055672311       5.0586273    0.0085224215       3520.1592      -6.6601069       -8.6915466         2.0314397       3520.1592                           3091.8454                 23.433315                 396.10607                      8.7744499
              9       1753.2877     0.058110676       5.1582778    0.0095013716       3519.8956      -6.6601069       -8.6915466         2.0314397       3519.8956                           3091.5857                 23.433182                 396.10607                      8.7706022
              1       1753.2871     0.058177802       5.1560182    0.0094822053       3519.8945      -6.6601069       -8.6915466         2.0314397       3519.8945                           3091.5846                 23.433182                 396.10607                      8.7705878
              5        1753.081     0.066882679       5.1176795    0.0096793486       3519.4822      -6.6601069       -8.6915466         2.0314397       3519.4822                            3091.179                  23.43296                 396.10607                      8.7642113
              2        1753.009     0.073390584       4.9890802    0.0085325473       3519.3382      -6.6601069       -8.6915466         2.0314397       3519.3382                           3091.0374                  23.43288                 396.10607                      8.7619009
              2       1752.9955      0.07406424       4.9873743     0.009672494       3519.3113      -6.6601069       -8.6915466         2.0314397       3519.3113                           3091.0109                 23.432863                 396.10607                      8.7614341
              4       1752.9995      0.07407654       4.9802633    0.0096552485       3519.3193      -6.6601069       -8.6915466         2.0314397       3519.3193                           3091.0188                 23.432868                 396.10607                      8.7615811
             11        1752.844     0.074982557       5.2219249    0.0087237399       3519.0082      -6.6601069       -8.6915466         2.0314397       3519.0082                            3090.714                 23.432641                 396.10607                      8.7555223
              3        1753.246      0.05711151       5.2762201    0.0034538893       3519.8121      -6.6601069       -8.6915466         2.0314397       3519.8121                           3091.5037                 23.433134                 396.10607                      8.7692623
              2        1753.257     0.056898777       5.2679029     0.003360544       3519.8343      -6.6601069       -8.6915466         2.0314397       3519.8343                           3091.5255                 23.433146                 396.10607                       8.769602
              1       1753.3051     0.064032336       4.8730074    0.0058270825       3519.9303      -6.6601069       -8.6915466         2.0314397       3519.9303                           3091.6197                 23.433212                 396.10607                      8.7713337
              2       1753.4358     0.062779687       4.7232225    0.0075180788       3520.1918      -6.6601069       -8.6915466         2.0314397       3520.1918                           3091.8773                 23.433343                 396.10607                       8.775135
              7       1753.5214     0.061184334       4.6580834    0.0067747301        3520.363      -6.6601069       -8.6915466         2.0314397        3520.363                            3092.046                 23.433423                 396.10607                      8.7774922
              2       1753.4811     0.061200568       4.7181342    0.0074040569       3520.2823      -6.6601069       -8.6915466         2.0314397       3520.2823                           3091.9665                 23.433385                 396.10607                      8.7763714
              1        1753.481     0.061205145       4.7180133    0.0074047346       3520.2823      -6.6601069       -8.6915466         2.0314397       3520.2823                           3091.9664                 23.433385                 396.10607                      8.7763705
              8       1753.4723     0.061571868       4.7163319    0.0073287942       3520.2649      -6.6601069       -8.6915466         2.0314397       3520.2649                           3091.9493                 23.433377                 396.10607                      8.7761362
              2       1753.3054     0.071951732       4.5826547    0.0097088809       3519.9311      -6.6601069       -8.6915466         2.0314397       3519.9311                           3091.6202                 23.433225                 396.10607                      8.7715576
              3       1753.3336     0.069969172       4.6090956    0.0092916929       3519.9873      -6.6601069       -8.6915466         2.0314397       3519.9873                           3091.6756                 23.433251                 396.10607                      8.7723479
              2       1753.4517     0.066299017       4.5667628    0.0094646339       3520.2236      -6.6601069       -8.6915466         2.0314397       3520.2236                           3091.9085                 23.433364                 396.10607                      8.7756732
              3       1753.1615     0.066834152       4.9877083     0.006291566       3519.6432      -6.6601069       -8.6915466         2.0314397       3519.6432                           3091.3372                 23.433057                 396.10607                      8.7669121
              1       1753.5246     0.056045269       4.8730716    0.0081350008       3520.3695      -6.6601069       -8.6915466         2.0314397       3520.3695                           3092.0525                 23.433418                 396.10607                      8.7774402
              2       1753.5261     0.056498673       4.8501206     0.008160388       3520.3724      -6.6601069       -8.6915466         2.0314397       3520.3724                           3092.0554                  23.43342                 396.10607                       8.777494
              2       1752.9979       0.0711361       5.0909872    0.0067175358       3519.3161      -6.6601069       -8.6915466         2.0314397       3519.3161                           3091.0157                  23.43286                 396.10607                      8.7614187
              4        1752.995      0.07041421       5.1236714    0.0059307767       3519.3102      -6.6601069       -8.6915466         2.0314397       3519.3102                             3091.01                 23.432855                 396.10607                      8.7612828
              1       1753.1131     0.064635264        5.157052    0.0081349837       3519.5464      -6.6601069       -8.6915466         2.0314397       3519.5464                           3091.2421                 23.432995                 396.10607                      8.7652229
              3       1753.2156     0.065148096       4.9684727    0.0087881343       3519.7515      -6.6601069       -8.6915466         2.0314397       3519.7515                           3091.4437                 23.433116                 396.10607                      8.7685994
              2       1753.1759     0.063897181       5.0841173    0.0092059587       3519.6721      -6.6601069       -8.6915466         2.0314397       3519.6721                           3091.3657                 23.433068                 396.10607                      8.7672803
              6       1753.4684     0.052019594       5.1618836    0.0076004738       3520.2571      -6.6601069       -8.6915466         2.0314397       3520.2571                           3091.9419                 23.433356                 396.10607                      8.7757253
              4       1753.7139     0.047168574       5.0249174    0.0099847089        3520.748      -6.6601069       -8.6915466         2.0314397        3520.748                            3092.415                 23.433568                 396.11735                      8.7821067
              2       1753.4086     0.055454558        5.086837    0.0057475722       3520.1375      -6.6601069       -8.6915466         2.0314397       3520.1375                            3091.824                 23.433303                 396.10607                      8.7741261
              3       1753.5047     0.056738053       4.8728156    0.0076270235       3520.3296      -6.6601069       -8.6915466         2.0314397       3520.3296                           3092.0133                   23.4334                 396.10607                      8.7769073
              2       1753.4437     0.058408662       4.8938684    0.0071140058       3520.2075      -6.6601069       -8.6915466         2.0314397       3520.2075                           3091.8929                 23.433344                 396.10607                      8.7752345
              8       1753.7458     0.056331451       4.5282738    0.0048439879       3520.8118      -6.6601069       -8.6915466         2.0314397       3520.8118                           3092.4776                  23.43361                 396.11735                       8.783183
              1       1753.5712     0.057219362       4.7566928      0.00951826       3520.4626      -6.6601069       -8.6915466         2.0314397       3520.4626                           3092.1332                 23.433458                 396.11735                      8.7785978
              1       1753.5244     0.060745135       4.6713003    0.0098097521       3520.3689      -6.6601069       -8.6915466         2.0314397       3520.3689                           3092.0519                 23.433425                 396.10607                      8.7775626
              1       1753.5277     0.060320624       4.6834657    0.0097848466       3520.3756      -6.6601069       -8.6915466         2.0314397       3520.3756                           3092.0585                 23.433427                 396.10607                      8.7776442
              3       1753.5708     0.059670744       4.6535361     0.005493745       3520.4619      -6.6601069       -8.6915466         2.0314397       3520.4619                           3092.1324                 23.433461                 396.11735                      8.7786515
              4       1753.4221     0.067773172       4.5571409    0.0097615617       3520.1644      -6.6601069       -8.6915466         2.0314397       3520.1644                           3091.8501                 23.433337                 396.10607                      8.7748676
              4       1753.5245     0.053175167       5.0104119    0.0090526924       3520.3692      -6.6601069       -8.6915466         2.0314397       3520.3692                           3092.0524                 23.433412                 396.10607                      8.7773462
             14       1753.0707     0.068834749       5.0572839    0.0098543529       3519.4616      -6.6601069       -8.6915466         2.0314397       3519.4616                           3091.1587                 23.432951                 396.10607                      8.7639253
              2       1753.2909     0.067583551       4.7578146    0.0078996156       3519.9019      -6.6601069       -8.6915466         2.0314397       3519.9019                           3091.5917                 23.433203                 396.10607                      8.7710062
              6       1753.1786     0.069698917       4.8516082     0.007433657       3519.6775      -6.6601069       -8.6915466         2.0314397       3519.6775                           3091.3708                 23.433082                 396.10607                       8.767559
              3       1753.2518     0.073409525       4.6123283    0.0076800049       3519.8238      -6.6601069       -8.6915466         2.0314397       3519.8238                           3091.5146                  23.43317                 396.10607                       8.769964
              4       1753.3254     0.058414351       5.0822519    0.0063651962       3519.9711      -6.6601069       -8.6915466         2.0314397       3519.9711                             3091.66                 23.433223                 396.10607                      8.7717643
              6       1753.4529      0.05404966       5.0836317    0.0063579818        3520.226      -6.6601069       -8.6915466         2.0314397        3520.226                           3091.9112                 23.433345                 396.10607                      8.7753544
              4       1753.5686      0.05271491       4.9710131    0.0065981663       3520.4574      -6.6601069       -8.6915466         2.0314397       3520.4574                           3092.1282                 23.433448                 396.11735                       8.778393
              1       1753.3325     0.064455627       4.8139218    0.0083863732       3519.9852      -6.6601069       -8.6915466         2.0314397       3519.9852                           3091.6737                 23.433242                 396.10607                      8.7721704
              2       1753.3819     0.066091241       4.6769215    0.0078673968        3520.084      -6.6601069       -8.6915466         2.0314397        3520.084                           3091.7709                 23.433295                 396.10607                      8.7736697
              1        1752.929     0.068942056       5.2992091    0.0082790633       3519.1782      -6.6601069       -8.6915466         2.0314397       3519.1782                           3090.8807                 23.432758                 396.10607                      8.7587254
             20       1752.9254     0.069412567       5.2865715    0.0084321448       3519.1711      -6.6601069       -8.6915466         2.0314397       3519.1711                           3090.8736                 23.432754                 396.10607                      8.7586058
              5       1752.9412     0.073481122       5.1010958    0.0080024344       3519.2026      -6.6601069       -8.6915466         2.0314397       3519.2026                           3090.9044                 23.432786                 396.10607                      8.7593809
              2       1753.1723     0.063559844       5.1043839    0.0095736429       3519.6648      -6.6601069       -8.6915466         2.0314397       3519.6648                           3091.3585                 23.433063                 396.10607                      8.7671498
              1       1753.4125     0.058536585       4.9371745     0.008970671       3520.1453      -6.6601069       -8.6915466         2.0314397       3520.1453                           3091.8316                 23.433313                 396.10607                       8.774344
              3       1753.2807     0.070862225       4.6557909    0.0089546977       3519.8816      -6.6601069       -8.6915466         2.0314397       3519.8816                           3091.5716                 23.433197                 396.10607                      8.7707847
              2       1753.1753     0.059545094       5.2793791    0.0044160863       3519.6707      -6.6601069       -8.6915466         2.0314397       3519.6707                           3091.3645                 23.433058                 396.10607                      8.7670896
              1       1753.2326     0.058929622       5.2113601    0.0035376223       3519.7854      -6.6601069       -8.6915466         2.0314397       3519.7854                           3091.4773                 23.433123                 396.10607                      8.7689131
              2         1753.05     0.068787042       5.0936924    0.0033275925       3519.4202      -6.6601069       -8.6915466         2.0314397       3519.4202                            3091.118                 23.432924                 396.10607                      8.7631998
              1       1753.0331      0.06930018       5.1021009    0.0035009736       3519.3863      -6.6601069       -8.6915466         2.0314397       3519.3863                           3091.0847                 23.432903                 396.10607                      8.7626191
              1       1753.3193     0.068888099       4.6679092    0.0071482437       3519.9589      -6.6601069       -8.6915466         2.0314397       3519.9589                           3091.6477                 23.433235                 396.10607                      8.7718979
              6       1753.3148     0.061374512       4.9679146    0.0071051342       3519.9498      -6.6601069       -8.6915466         2.0314397       3519.9498                           3091.6389                 23.433218                 396.10607                      8.7715436
              2       1753.3421     0.055262077       5.2062041    0.0066080176       3520.0044      -6.6601069       -8.6915466         2.0314397       3520.0044                           3091.6929                 23.433234                 396.10607                      8.7721485
              3       1753.2481     0.057870291       5.2357519    0.0086262258       3519.8164      -6.6601069       -8.6915466         2.0314397       3519.8164                           3091.5078                 23.433138                 396.10607                      8.7693593
              8       1753.0488     0.072292538       4.9632868    0.0088325966       3519.4178      -6.6601069       -8.6915466         2.0314397       3519.4178                           3091.1156                 23.432929                 396.10607                      8.7632809
              4       1753.0762     0.071772148       4.9377463    0.0089615278       3519.4727      -6.6601069       -8.6915466         2.0314397       3519.4727                           3091.1694                 23.432963                 396.10607                      8.7642167
              1        1753.022     0.067100661       5.2093489    0.0055886458       3519.3642      -6.6601069       -8.6915466         2.0314397       3519.3642                           3091.0631                 23.432884                 396.10607                      8.7621371
              1       1753.0341     0.066987828       5.1930105    0.0056327786       3519.3885      -6.6601069       -8.6915466         2.0314397       3519.3885                           3091.0869                   23.4329                 396.10607                      8.7625686
              1       1753.0421     0.068473526       5.1193869    0.0091471258       3519.4044      -6.6601069       -8.6915466         2.0314397       3519.4044                           3091.1025                 23.432913                 396.10607                      8.7629083
              2       1753.3104     0.054583015       5.2940616    0.0096843489       3519.9411      -6.6601069       -8.6915466         2.0314397       3519.9411                           3091.6307                 23.433199                 396.10607                      8.7711608
              1       1753.3445     0.058466392       5.0489087    0.0081758274       3520.0093      -6.6601069       -8.6915466         2.0314397       3520.0093                           3091.6976                 23.433244                 396.10607                      8.7723403
              1       1753.4687     0.055351902       4.9945366    0.0088493586       3520.2575      -6.6601069       -8.6915466         2.0314397       3520.2575                           3091.9423                 23.433363                 396.10607                      8.7758496
              5       1753.0015     0.071616582        5.066733     0.009346828       3519.3233      -6.6601069       -8.6915466         2.0314397       3519.3233                           3091.0228                 23.432866                 396.10607                      8.7615679
              2       1752.8798      0.07247861        5.249505    0.0078482042       3519.0798      -6.6601069       -8.6915466         2.0314397       3519.0798                           3090.7841                 23.432692                 396.10607                      8.7569088
              1       1752.8569      0.07255917       5.2893605    0.0078138254       3519.0341      -6.6601069       -8.6915466         2.0314397       3519.0341                           3090.7394                 23.432656                 396.10607                      8.7559654
              2       1752.8496     0.073665732         5.26068    0.0083562423       3519.0195      -6.6601069       -8.6915466         2.0314397       3519.0195                           3090.7251                 23.432647                 396.10607                      8.7557064
              3       1752.8717     0.073263994       5.2344148    0.0085902771       3519.0637      -6.6601069       -8.6915466         2.0314397       3519.0637                           3090.7683                 23.432681                 396.10607                      8.7566107
              1       1752.9058     0.071857687         5.22562    0.0092009843       3519.1317      -6.6601069       -8.6915466         2.0314397       3519.1317                            3090.835                  23.43273                 396.10607                      8.7579319
              2        1753.122     0.067910102       5.0091919    0.0087399332       3519.5643      -6.6601069       -8.6915466         2.0314397       3519.5643                           3091.2595                 23.433012                 396.10607                       8.765642
              6       1753.0636     0.068054408       5.0998679    0.0080951163       3519.4473      -6.6601069       -8.6915466         2.0314397       3519.4473                           3091.1447                  23.43294                 396.10607                      8.7636484
             11        1753.269     0.066250627       4.8414908    0.0088647264       3519.8583      -6.6601069       -8.6915466         2.0314397       3519.8583                           3091.5487                 23.433177                 396.10607                      8.7703007
              1       1753.3449     0.064946062       4.7758704    0.0096817214         3520.01      -6.6601069       -8.6915466         2.0314397         3520.01                           3091.6981                 23.433255                 396.10607                      8.7725536
              8       1753.5339     0.062027928       4.6062103    0.0076205044        3520.388      -6.6601069       -8.6915466         2.0314397        3520.388                           3092.0706                 23.433436                 396.10607                      8.7778559
              2       1753.4868     0.065535629       4.5433293    0.0071758618       3520.2939      -6.6601069       -8.6915466         2.0314397       3520.2939                           3091.9778                 23.433396                 396.10607                      8.7766395
              1       1753.5045     0.065919318       4.5039232    0.0076632165       3520.3293      -6.6601069       -8.6915466         2.0314397       3520.3293                           3092.0126                 23.433413                 396.10607                      8.7771383
              2       1753.4021      0.06255113       4.7833847    0.0061565174       3520.1245      -6.6601069       -8.6915466         2.0314397       3520.1245                           3091.8109                  23.43331                 396.10607                      8.7741617
              1       1753.4616      0.06060026       4.7723544    0.0060333599       3520.2434      -6.6601069       -8.6915466         2.0314397       3520.2434                           3091.9281                 23.433365                 396.10607                      8.7758071
              1       1753.5649     0.053670145       4.9300727    0.0036158448       3520.4499      -6.6601069       -8.6915466         2.0314397       3520.4499                           3092.1208                 23.433446                 396.11735                      8.7783213
              2       1753.6774     0.055046861        4.688689    0.0033403441        3520.675      -6.6601069       -8.6915466         2.0314397        3520.675                           3092.3428                  23.43355                 396.11735                      8.7813792
              8        1753.564     0.062966077       4.5342509    0.0033076276       3520.4482      -6.6601069       -8.6915466         2.0314397       3520.4482                           3092.1188                 23.433459                 396.11735                      8.7785443
              4       1753.5518     0.064238225       4.5046066     0.003819925       3520.4239      -6.6601069       -8.6915466         2.0314397       3520.4239                           3092.0948                  23.43345                 396.11735                      8.7782431
              2       1753.5663     0.059693496        4.659492    0.0033926641       3520.4527      -6.6601069       -8.6915466         2.0314397       3520.4527                           3092.1234                 23.433457                 396.11735                      8.7785284
              1       1753.2479     0.066861377       4.8506026    0.0075141804       3519.8161      -6.6601069       -8.6915466         2.0314397       3519.8161                           3091.5072                 23.433155                 396.10607                      8.7696668
              1       1753.4031     0.054539274       5.1411011    0.0082677806       3520.1263      -6.6601069       -8.6915466         2.0314397       3520.1263                            3091.813                 23.433296                 396.10607                      8.7739301
              8       1753.7187     0.047537982       4.9962273    0.0075046846       3520.7576      -6.6601069       -8.6915466         2.0314397       3520.7576                           3092.4244                 23.433573                 396.11735                       8.782244
              1       1753.7098     0.048294811       4.9694422    0.0073963361       3520.7399      -6.6601069       -8.6915466         2.0314397       3520.7399                           3092.4069                 23.433567                 396.11735                      8.7820363
              2       1753.8006     0.046037216        4.942557    0.0074700867       3520.9215      -6.6601069       -8.6915466         2.0314397       3520.9215                           3092.5862                 23.433641                 396.11735                      8.7843138
              1       1753.6821     0.050969979        4.874932     0.005042298       3520.6843      -6.6601069       -8.6915466         2.0314397       3520.6843                            3092.352                 23.433547                 396.11735                      8.7813885
              1       1753.5705     0.054574117       4.8779061    0.0052442851       3520.4612      -6.6601069       -8.6915466         2.0314397       3520.4612                           3092.1318                 23.433453                 396.11735                      8.7785024
              3       1753.6597      0.05642906       4.6551587    0.0063851576       3520.6396      -6.6601069       -8.6915466         2.0314397       3520.6396                           3092.3077                 23.433536                 396.11735                       8.780947
              5       1753.9196     0.047565036       4.6618865    0.0033559177       3521.1595      -6.6601069       -8.6915466         2.0314397       3521.1595                           3092.8211                 23.433741                 396.11735                      8.7873363
              1       1753.6566     0.059589998       4.5286772    0.0063309548       3520.6333      -6.6601069       -8.6915466         2.0314397       3520.6333                           3092.3015                 23.433538                 396.11735                      8.7809395
              2       1753.3832     0.056139334       5.0951909    0.0056380127       3520.0867      -6.6601069       -8.6915466         2.0314397       3520.0867                           3091.7739                 23.433279                 396.10607                      8.7734068
              1       1753.3574     0.057011888        5.095647    0.0064015459       3520.0351      -6.6601069       -8.6915466         2.0314397       3520.0351                           3091.7231                 23.433254                 396.10607                      8.7726742
              4       1753.0929     0.065595419       5.1507015    0.0050979103        3519.506      -6.6601069       -8.6915466         2.0314397        3519.506                           3091.2024                 23.432972                 396.10607                      8.7645706
              4       1753.3005     0.055126008       5.2830747    0.0072564867       3519.9212      -6.6601069       -8.6915466         2.0314397       3519.9212                           3091.6111                 23.433189                 396.10607                      8.7708789
              1        1753.548     0.056168851       4.8395751    0.0053381583       3520.4162      -6.6601069       -8.6915466         2.0314397       3520.4162                           3092.0875                 23.433435                 396.11735                      8.7779335
              4        1753.437     0.060007332       4.8349423    0.0049430463       3520.1943      -6.6601069       -8.6915466         2.0314397       3520.1943                           3091.8798                  23.43334                 396.10607                       8.775093
              3       1753.4659     0.067204299       4.5139772    0.0039479433        3520.252      -6.6601069       -8.6915466         2.0314397        3520.252                           3091.9364                 23.433378                 396.10607                      8.7760924
              2       1753.4855      0.06611812       4.5242353    0.0036074354       3520.2912      -6.6601069       -8.6915466         2.0314397       3520.2912                           3091.9751                 23.433396                 396.10607                      8.7766159
              3        1753.311     0.054916656       5.2759665    0.0035581948       3519.9422      -6.6601069       -8.6915466         2.0314397       3519.9422                           3091.6317                   23.4332                 396.10607                      8.7711918
              5         1753.59     0.049718605        5.091536    0.0056610291       3520.5003      -6.6601069       -8.6915466         2.0314397       3520.5003                           3092.1706                 23.433462                 396.11735                      8.7788782
              1       1753.4383     0.058100409        4.916067    0.0072672444       3520.1967      -6.6601069       -8.6915466         2.0314397       3520.1967                           3091.8822                 23.433338                 396.10607                      8.7750706
              1       1753.6946     0.055143786       4.6577996    0.0077002154       3520.7094      -6.6601069       -8.6915466         2.0314397       3520.7094                           3092.3767                 23.433565                 396.11735                      8.7818314
              1       1753.4201     0.058418054       4.9305604    0.0046445899       3520.1604      -6.6601069       -8.6915466         2.0314397       3520.1604                           3091.8464                 23.433321                 396.10607                      8.7745578
              1       1753.3771     0.056629466       5.0817197    0.0057732245       3520.0745      -6.6601069       -8.6915466         2.0314397       3520.0745                           3091.7619                 23.433274                 396.10607                      8.7732442
              5       1753.0991     0.070808782       4.9362914    0.0066859618       3519.5184      -6.6601069       -8.6915466         2.0314397       3519.5184                           3091.2143                  23.43299                 396.10607                      8.7649654
              2       1753.4172     0.055101883       5.0899728    0.0042389185       3520.1547      -6.6601069       -8.6915466         2.0314397       3520.1547                           3091.8409                 23.433311                 396.10607                      8.7743644
              3       1753.4431     0.055618359       5.0229868    0.0044861676       3520.2064      -6.6601069       -8.6915466         2.0314397       3520.2064                           3091.8919                 23.433338                 396.10607                      8.7751286
              1       1753.6003     0.059746647       4.6062235    0.0059924212       3520.5208      -6.6601069       -8.6915466         2.0314397       3520.5208                           3092.1905                 23.433488                 396.11735                      8.7794486
              3       1753.4701     0.065479329       4.5697814    0.0046775195       3520.2603      -6.6601069       -8.6915466         2.0314397       3520.2603                           3091.9447                  23.43338                 396.10607                      8.7761698
              2       1753.3795     0.067538141       4.6275684    0.0064301046       3520.0792      -6.6601069       -8.6915466         2.0314397       3520.0792                           3091.7662                 23.433294                 396.10607                      8.7736366
              1        1753.432     0.066154316       4.6007021     0.007017668       3520.1842      -6.6601069       -8.6915466         2.0314397       3520.1842                           3091.8697                 23.433344                 396.10607                      8.7751126
              1       1753.2147     0.059080377       5.2343184    0.0076523298       3519.7497      -6.6601069       -8.6915466         2.0314397       3519.7497                           3091.4421                 23.433103                 396.10607                       8.768349
              2       1753.6243     0.046730918       5.2026874    0.0049313713       3520.5688      -6.6601069       -8.6915466         2.0314397       3520.5688                           3092.2383                 23.433487                 396.11735                      8.7797002
              1       1753.4485     0.053585694       5.1141273    0.0050827899       3520.2172      -6.6601069       -8.6915466         2.0314397       3520.2172                           3091.9026                 23.433339                 396.10607                      8.7752123
              5       1753.5437     0.052162869       5.0394173    0.0039729324       3520.4076      -6.6601069       -8.6915466         2.0314397       3520.4076                           3092.0791                 23.433423                 396.11735                      8.7776884
              1        1753.802      0.05260631       4.6055318    0.0045799735       3520.9241      -6.6601069       -8.6915466         2.0314397       3520.9241                           3092.5886                 23.433652                 396.11735                      8.7845266
              4       1753.7646      0.05205518        4.689886    0.0096046699       3520.8495      -6.6601069       -8.6915466         2.0314397       3520.8495                            3092.515                  23.43362                 396.11735                      8.7835641
              3       1753.6925     0.046031499       5.1268462    0.0098239524       3520.7053      -6.6601069       -8.6915466         2.0314397       3520.7053                           3092.3729                 23.433547                 396.11735                      8.7815032
              2       1753.2475     0.060136455        5.130976    0.0095506939       3519.8152      -6.6601069       -8.6915466         2.0314397       3519.8152                           3091.5066                 23.433142                 396.10607                       8.769429
              2       1753.2609     0.060718452       5.0829924    0.0099045476        3519.842      -6.6601069       -8.6915466         2.0314397        3519.842                           3091.5329                 23.433158                 396.10607                      8.7698685
              5       1753.1961     0.061309219       5.1632652    0.0079344479       3519.7123      -6.6601069       -8.6915466         2.0314397       3519.7123                           3091.4053                 23.433086                 396.10607                      8.7678365
              3       1753.1635     0.062056628       5.1844118    0.0079138757       3519.6471      -6.6601069       -8.6915466         2.0314397       3519.6471                           3091.3412                  23.43305                 396.10607                      8.7668032
              7       1753.3876     0.070256109       4.5211595    0.0051643335       3520.0955      -6.6601069       -8.6915466         2.0314397       3520.0955                           3091.7822                 23.433306                 396.10607                      8.7739368
              6       1753.7637     0.055378073       4.5415524    0.0032773256       3520.8477      -6.6601069       -8.6915466         2.0314397       3520.8477                           3092.5131                 23.433624                 396.11735                      8.7836198
              7        1753.766      0.05521004       4.5452271    0.0033252438       3520.8523      -6.6601069       -8.6915466         2.0314397       3520.8523                           3092.5177                 23.433626                 396.11735                      8.7836756
              3       1753.7668     0.055495993       4.5318319    0.0032135737       3520.8538      -6.6601069       -8.6915466         2.0314397       3520.8538                           3092.5191                 23.433627                 396.11735                      8.7837008
              2       1753.6447     0.059527654       4.5488194    0.0040575902       3520.6096      -6.6601069       -8.6915466         2.0314397       3520.6096                           3092.2781                 23.433527                 396.11735                      8.7806249
              1        1753.126     0.069061087       4.9585435    0.0093998135       3519.5721      -6.6601069       -8.6915466         2.0314397       3519.5721                           3091.2672                 23.433019                 396.10607                      8.7658122
              3       1753.1421     0.068869444       4.9400835    0.0095455179       3519.6043      -6.6601069       -8.6915466         2.0314397       3519.6043                           3091.2989                 23.433038                 396.10607                      8.7663402
              5       1753.0525     0.071385925       4.9904556    0.0093071234       3519.4252      -6.6601069       -8.6915466         2.0314397       3519.4252                           3091.1229                 23.432933                 396.10607                      8.7633805
              3       1753.0173     0.074103202       4.9500238    0.0069019684       3519.3548      -6.6601069       -8.6915466         2.0314397       3519.3548                           3091.0536                 23.432892                 396.10607                      8.7622229
              1       1752.9353     0.068875184       5.2905178    0.0061876839       3519.1907      -6.6601069       -8.6915466         2.0314397       3519.1907                           3090.8929                 23.432767                 396.10607                      8.7589664
              5       1753.1114     0.063273845       5.2185486    0.0051704429       3519.5431      -6.6601069       -8.6915466         2.0314397       3519.5431                           3091.2389                  23.43299                 396.10607                      8.7651129
              3       1753.5171     0.049323898       5.2267812    0.0035598185       3520.3543      -6.6601069       -8.6915466         2.0314397       3520.3543                           3092.0379                 23.433397                 396.10607                      8.7769981
              3       1753.5206     0.049308449       5.2215412      0.00354197       3520.3615      -6.6601069       -8.6915466         2.0314397       3520.3615                           3092.0449                 23.433401                 396.10607                      8.7770985
              2       1753.2865     0.059919295       5.0770171     0.004745231       3519.8932      -6.6601069       -8.6915466         2.0314397       3519.8932                           3091.5833                 23.433185                 396.10607                      8.7706327
              1       1753.5646     0.062196226       4.5626991    0.0037280594       3520.4493      -6.6601069       -8.6915466         2.0314397       3520.4493                             3092.12                 23.433459                 396.11735                      8.7785421
              4       1753.7223      0.05661175       4.5520269    0.0036718157       3520.7648      -6.6601069       -8.6915466         2.0314397       3520.7648                           3092.4313                 23.433591                 396.11735                      8.7825859
              1       1753.6329     0.055028109       4.7587227    0.0053375586        3520.586      -6.6601069       -8.6915466         2.0314397        3520.586                           3092.2549                  23.43351                 396.11735                      8.7802003
              3        1753.442     0.062216406       4.7363539    0.0070193343       3520.2041      -6.6601069       -8.6915466         2.0314397       3520.2041                           3091.8894                 23.433348                 396.10607                       8.775295
              1       1753.4117     0.062063673        4.788493    0.0071572137       3520.1436      -6.6601069       -8.6915466         2.0314397       3520.1436                           3091.8298                 23.433318                 396.10607                      8.7744247
              3       1753.3877     0.065377515       4.6949607    0.0095418409       3520.0956      -6.6601069       -8.6915466         2.0314397       3520.0956                           3091.7825                   23.4333                 396.10607                      8.7738208
              2       1753.5142     0.050750867       5.1530835    0.0081731791       3520.3485      -6.6601069       -8.6915466         2.0314397       3520.3485                           3092.0321                 23.433398                 396.10607                      8.7769715
              4       1753.5179     0.050716878        5.148677     0.008164963        3520.356      -6.6601069       -8.6915466         2.0314397        3520.356                           3092.0394                 23.433401                 396.10607                       8.777075
              2       1753.4261     0.052034425       5.2322055    0.0071473046       3520.1723      -6.6601069       -8.6915466         2.0314397       3520.1723                           3091.8584                 23.433314                 396.10607                      8.7745049
              4       1753.8039     0.051772808       4.6411515    0.0069203522       3520.9281      -6.6601069       -8.6915466         2.0314397       3520.9281                           3092.5925                 23.433653                 396.11735                      8.7845564
              1       1753.4466     0.061043436       4.7768858    0.0097697325       3520.2135      -6.6601069       -8.6915466         2.0314397       3520.2135                           3091.8986                 23.433351                 396.10607                      8.7753957
              1       1753.3345     0.058917482       5.0445862     0.008763633       3519.9892      -6.6601069       -8.6915466         2.0314397       3519.9892                           3091.6778                 23.433234                 396.10607                      8.7720551
              3       1753.3836     0.061526363       4.8536874    0.0030887921       3520.0875      -6.6601069       -8.6915466         2.0314397       3520.0875                           3091.7745                 23.433289                 396.10607                      8.7735947
              2       1753.4167      0.05788578       4.9598917    0.0062011584       3520.1535      -6.6601069       -8.6915466         2.0314397       3520.1535                           3091.8397                 23.433316                 396.10607                      8.7744418
              2       1753.4358     0.056906098       4.9742182    0.0060480364       3520.1918      -6.6601069       -8.6915466         2.0314397       3520.1918                           3091.8774                 23.433333                 396.10607                      8.7749618
              1       1753.5298     0.050017954       5.1666944    0.0068730131       3520.3798      -6.6601069       -8.6915466         2.0314397       3520.3798                           3092.0629                 23.433411                 396.10607                      8.7773812
              6       1753.5327     0.049926389       5.1668638      0.00683624       3520.3855      -6.6601069       -8.6915466         2.0314397       3520.3855                           3092.0686                 23.433414                 396.10607                      8.7774586
              3       1753.5692     0.048754463       5.1798785    0.0064288121       3520.4586      -6.6601069       -8.6915466         2.0314397       3520.4586                           3092.1296                  23.43344                 396.11735                      8.7782715
              3       1753.5624     0.048858945        5.185481    0.0058128991       3520.4451      -6.6601069       -8.6915466         2.0314397       3520.4451                           3092.1162                 23.433434                 396.11735                      8.7780882
              7       1753.2678     0.057259876       5.2321361    0.0067353162       3519.8558      -6.6601069       -8.6915466         2.0314397       3519.8558                           3091.5466                 23.433158                 396.10607                      8.7699522
              1       1753.2333     0.061018239       5.1147636    0.0055722852       3519.7868      -6.6601069       -8.6915466         2.0314397       3519.7868                           3091.4786                 23.433128                 396.10607                      8.7690143
              1       1753.1477     0.062173255       5.2056485    0.0053253845       3519.6157      -6.6601069       -8.6915466         2.0314397       3519.6157                           3091.3103                 23.433031                 396.10607                      8.7662885
              2        1752.999      0.06934419       5.1585801    0.0071392728       3519.3182      -6.6601069       -8.6915466         2.0314397       3519.3182                           3091.0179                 23.432858                 396.10607                       8.761389
              3       1753.0643     0.064320097       5.2538538    0.0037803312       3519.4487      -6.6601069       -8.6915466         2.0314397       3519.4487                           3091.1462                 23.432933                 396.10607                      8.7635273
              6        1753.062     0.064771248       5.2382785    0.0039004054       3519.4442      -6.6601069       -8.6915466         2.0314397       3519.4442                           3091.1417                 23.432931                 396.10607                      8.7634656
              2       1753.0393     0.065354812        5.252646    0.0038691396       3519.3988      -6.6601069       -8.6915466         2.0314397       3519.3988                           3091.0971                 23.432903                 396.10607                       8.762686
              1       1753.2065     0.069739995       4.8070498    0.0089096531       3519.7333      -6.6601069       -8.6915466         2.0314397       3519.7333                           3091.4256                 23.433114                 396.10607                      8.7684523
              6       1753.3165     0.061079627        4.977866    0.0098076673       3519.9532      -6.6601069       -8.6915466         2.0314397       3519.9532                           3091.6423                 23.433219                 396.10607                       8.771586
              8        1753.512      0.05698422       4.8502892    0.0087999695       3520.3442      -6.6601069       -8.6915466         2.0314397       3520.3442                           3092.0276                 23.433407                 396.10607                      8.7771181
              1       1753.5193     0.056814169       4.8465067    0.0090254658       3520.3588      -6.6601069       -8.6915466         2.0314397       3520.3588                            3092.042                 23.433414                 396.10607                      8.7773155
              2       1753.8199     0.050845398       4.6598797    0.0081192994       3520.9601      -6.6601069       -8.6915466         2.0314397       3520.9601                           3092.6242                 23.433665                 396.11735                      8.7849378
             11       1753.7374     0.052352599       4.7187932    0.0086182959       3520.7951      -6.6601069       -8.6915466         2.0314397       3520.7951                           3092.4613                 23.433598                 396.11735                      8.7828719
              1       1753.8198     0.050563412       4.6737539    0.0081605379       3520.9598      -6.6601069       -8.6915466         2.0314397       3520.9598                           3092.6238                 23.433664                 396.11735                      8.7849266
              7       1753.8387     0.051816406       4.5843959    0.0092295111       3520.9975      -6.6601069       -8.6915466         2.0314397       3520.9975                           3092.6611                 23.433682                 396.11735                      8.7854316
              7       1753.8589     0.048931864       4.6914024    0.0057640881       3521.0381      -6.6601069       -8.6915466         2.0314397       3521.0381                           3092.7011                 23.433694                 396.11735                      8.7858673
             17       1753.0325     0.070802142       5.0453291      0.00929989       3519.3853      -6.6601069       -8.6915466         2.0314397       3519.3853                           3091.0836                 23.432906                 396.10607                      8.7626543
              4       1753.0363     0.070485404       5.0510607    0.0095138624       3519.3928      -6.6601069       -8.6915466         2.0314397       3519.3928                            3091.091                  23.43291                 396.10607                      8.7627765
              6       1753.0214     0.071287687       5.0456551    0.0095981743        3519.363      -6.6601069       -8.6915466         2.0314397        3519.363                           3091.0618                 23.432892                 396.10607                      8.7622739
              1       1752.8563     0.074007705       5.2350856    0.0050426284       3519.0329      -6.6601069       -8.6915466         2.0314397       3519.0329                           3090.7381                 23.432659                 396.10607                      8.7560021
              2        1753.089     0.064679047       5.1959195    0.0050573255       3519.4982      -6.6601069       -8.6915466         2.0314397       3519.4982                           3091.1948                 23.432965                 396.10607                      8.7644019
              1       1753.4026     0.070062326       4.5062315    0.0049083408       3520.1255      -6.6601069       -8.6915466         2.0314397       3520.1255                           3091.8117                 23.433321                 396.10607                      8.7743644
              8       1752.9556      0.07333271        5.081603     0.005353475       3519.2314      -6.6601069       -8.6915466         2.0314397       3519.2314                           3090.9326                 23.432806                 396.10607                      8.7599231
              4       1753.2275     0.067617322       4.8534888    0.0059235604       3519.7751      -6.6601069       -8.6915466         2.0314397       3519.7751                           3091.4669                 23.433134                 396.10607                      8.7690499
              1       1753.2481     0.073221853       4.6239287    0.0039761191       3519.8164      -6.6601069       -8.6915466         2.0314397       3519.8164                           3091.5074                 23.433165                 396.10607                      8.7698461
              3       1753.2364     0.071929237       4.6847244    0.0033174851       3519.7931      -6.6601069       -8.6915466         2.0314397       3519.7931                           3091.4844                 23.433151                 396.10607                      8.7694509
              5       1753.2241      0.06937474       4.7934449    0.0069490644       3519.7684      -6.6601069       -8.6915466         2.0314397       3519.7684                           3091.4602                 23.433133                 396.10607                      8.7689954
              5        1753.314      0.07141306       4.5883044    0.0078113655       3519.9482      -6.6601069       -8.6915466         2.0314397       3519.9482                           3091.6371                 23.433233                 396.10607                      8.7718014
              3       1753.2689     0.074582792       4.5494201    0.0097693795       3519.8581      -6.6601069       -8.6915466         2.0314397       3519.8581                           3091.5483                  23.43319                 396.10607                      8.7705167
              8       1753.2856     0.072637689       4.5885315    0.0089892924       3519.8915      -6.6601069       -8.6915466         2.0314397       3519.8915                           3091.5813                 23.433205                 396.10607                      8.7709787
              1       1753.2882      0.07039901       4.6607678     0.008134583       3519.8966      -6.6601069       -8.6915466         2.0314397       3519.8966                           3091.5863                 23.433204                 396.10607                      8.7710004
              1       1753.0302     0.074569917       4.9125423    0.0092228763       3519.3807      -6.6601069       -8.6915466         2.0314397       3519.3807                            3091.079                  23.43291                 396.10607                      8.7627001
              2       1753.2404     0.073867616       4.6139585    0.0051437448        3519.801      -6.6601069       -8.6915466         2.0314397        3519.801                           3091.4921                 23.433158                 396.10607                       8.769623
              5       1753.2876     0.072461133       4.5915064    0.0052284034       3519.8955      -6.6601069       -8.6915466         2.0314397       3519.8955                           3091.5852                 23.433207                 396.10607                      8.7710342
              4       1753.2979     0.072270066       4.5829831    0.0053625549        3519.916      -6.6601069       -8.6915466         2.0314397        3519.916                           3091.6054                 23.433217                 396.10607                      8.7713388
             12       1753.3413     0.071146366       4.5578193    0.0058124914       3520.0027      -6.6601069       -8.6915466         2.0314397       3520.0027                           3091.6908                 23.433261                 396.10607                      8.7726045
              1       1753.6199     0.049747886        5.040264    0.0063481492         3520.56      -6.6601069       -8.6915466         2.0314397         3520.56                           3092.2295                 23.433489                 396.11735                       8.779691
              1       1753.8094     0.048613863       4.7882928    0.0069665613        3520.939      -6.6601069       -8.6915466         2.0314397        3520.939                           3092.6034                 23.433653                 396.11735                      8.7846131
              8       1753.7708     0.049989131       4.7808155    0.0071482891       3520.8619      -6.6601069       -8.6915466         2.0314397       3520.8619                           3092.5272                 23.433622                 396.11735                      8.7836676
              5       1753.9983     0.046151298        4.605318     0.006217556       3521.3167      -6.6601069       -8.6915466         2.0314397       3521.3167                           3092.9764                 23.433801                 396.11735                      8.7892136
              3       1753.6149     0.052223547       4.9206991    0.0075831752       3520.5499      -6.6601069       -8.6915466         2.0314397       3520.5499                           3092.2195                 23.433489                 396.11735                      8.7796354
              3       1753.4479     0.054645185       5.0623189    0.0077653713        3520.216      -6.6601069       -8.6915466         2.0314397        3520.216                           3091.9014                 23.433341                 396.10607                      8.7752331
              1       1753.4487     0.054544698       5.0659207    0.0077763247       3520.2177      -6.6601069       -8.6915466         2.0314397       3520.2177                            3091.903                 23.433342                 396.10607                      8.7752529
              1       1753.4906     0.048873328       5.2977081    0.0060356997       3520.3014      -6.6601069       -8.6915466         2.0314397       3520.3014                           3091.9858                  23.43337                 396.10607                      8.7762327
              8        1753.429     0.050903761       5.2886491    0.0055849499       3520.1782      -6.6601069       -8.6915466         2.0314397       3520.1782                           3091.8643                 23.433314                 396.10607                      8.7745452
              2       1753.3319     0.054166882       5.2792034    0.0096605966       3519.9839      -6.6601069       -8.6915466         2.0314397       3519.9839                           3091.6728                 23.433221                 396.10607                       8.771796
             10       1753.3267     0.054650306       5.2629853    0.0096660721       3519.9737      -6.6601069       -8.6915466         2.0314397       3519.9737                           3091.6627                 23.433216                 396.10607                      8.7716603
              5       1753.7152     0.053711982       4.6903312    0.0087112808       3520.7507      -6.6601069       -8.6915466         2.0314397       3520.7507                           3092.4174                 23.433581                 396.11735                      8.7823325
              3       1753.7743     0.055038565       4.5399735    0.0085783356       3520.8689      -6.6601069       -8.6915466         2.0314397       3520.8689                            3092.534                 23.433633                 396.11735                      8.7838824
              2       1753.3546     0.060764466       4.9311154    0.0087695586       3520.0295      -6.6601069       -8.6915466         2.0314397       3520.0295                           3091.7174                 23.433258                 396.10607                      8.7727174
              5       1753.1557     0.061784925       5.2095567    0.0033960054       3519.6316      -6.6601069       -8.6915466         2.0314397       3519.6316                            3091.326                  23.43304                 396.10607                       8.766537
              7       1753.0682     0.065913432       5.1793046    0.0047215355       3519.4565      -6.6601069       -8.6915466         2.0314397       3519.4565                           3091.1538                 23.432941                 396.10607                      8.7637277
              1       1753.2944     0.074877977       4.5036717    0.0049847425       3519.9089      -6.6601069       -8.6915466         2.0314397       3519.9089                           3091.5983                 23.433217                 396.10607                       8.771293
              5       1753.2988     0.074709587        4.502667    0.0049145635       3519.9178      -6.6601069       -8.6915466         2.0314397       3519.9178                           3091.6071                 23.433221                 396.10607                      8.7714228
              8       1753.3144     0.073346904       4.5238686    0.0043915292       3519.9491      -6.6601069       -8.6915466         2.0314397       3519.9491                           3091.6379                 23.433236                 396.10607                        8.77186
              4        1753.201     0.071438262       4.7549038    0.0065167384       3519.7222      -6.6601069       -8.6915466         2.0314397       3519.7222                           3091.4147                 23.433111                 396.10607                      8.7683253
              1       1753.4563     0.057805163       4.9007916    0.0074291748       3520.2329      -6.6601069       -8.6915466         2.0314397       3520.2329                           3091.9179                 23.433355                 396.10607                      8.7755775
              1       1753.4649     0.058415545       4.8603334    0.0079339022         3520.25      -6.6601069       -8.6915466         2.0314397         3520.25                           3091.9348                 23.433365                 396.10607                      8.7758391
              5       1753.6719     0.054991562       4.6997507    0.0098680197        3520.664      -6.6601069       -8.6915466         2.0314397        3520.664                           3092.3318                 23.433545                 396.11735                      8.7812319
             11       1753.4351      0.05980996       4.8462811    0.0095335671       3520.1905      -6.6601069       -8.6915466         2.0314397       3520.1905                            3091.876                 23.433338                 396.10607                      8.7750332
              3       1753.1367     0.070200245       4.8988442    0.0086321301       3519.5936      -6.6601069       -8.6915466         2.0314397       3519.5936                           3091.2883                 23.433034                 396.10607                       8.766206
              1       1753.0707     0.066722078       5.1415985    0.0057709017       3519.4616      -6.6601069       -8.6915466         2.0314397       3519.4616                           3091.1587                 23.432946                 396.10607                      8.7638474
              3       1752.9835     0.068870667       5.2043777    0.0061550922       3519.2873      -6.6601069       -8.6915466         2.0314397       3519.2873                           3090.9875                 23.432836                 396.10607                      8.7607995
              1       1753.1881     0.059141393       5.2764798    0.0045318524       3519.6965      -6.6601069       -8.6915466         2.0314397       3519.6965                           3091.3899                 23.433072                 396.10607                      8.7674937
              2       1752.9874     0.069634295       5.1672228    0.0082091331        3519.295      -6.6601069       -8.6915466         2.0314397        3519.295                           3090.9951                 23.432843                 396.10607                      8.7609733
              4       1753.2205     0.068457248       4.8326585    0.0079003795       3519.7613      -6.6601069       -8.6915466         2.0314397       3519.7613                           3091.4532                 23.433128                 396.10607                      8.7688575
              6        1754.025     0.045705467       4.5840699     0.008275053       3521.3702      -6.6601069       -8.6915466         2.0314397       3521.3702                           3093.0292                 23.433821                 396.11735                      8.7898452
              7       1753.8765     0.050217267       4.5998789    0.0071849114       3521.0733      -6.6601069       -8.6915466         2.0314397       3521.0733                           3092.7359                  23.43371                 396.11735                      8.7863364
              4       1753.9103     0.050241361       4.5448354    0.0070613253       3521.1409      -6.6601069       -8.6915466         2.0314397       3521.1409                           3092.8026                 23.433737                 396.11735                      8.7871709
              1       1753.2983     0.060115978       5.0491786    0.0086381222       3519.9168      -6.6601069       -8.6915466         2.0314397       3519.9168                           3091.6065                 23.433198                 396.10607                      8.7710001
              1       1753.4111     0.053891604       5.1604462    0.0082171576       3520.1424      -6.6601069       -8.6915466         2.0314397       3520.1424                           3091.8289                 23.433303                 396.10607                      8.7741411
              1       1753.2794     0.056013308       5.2739718    0.0046940309       3519.8791      -6.6601069       -8.6915466         2.0314397       3519.8791                           3091.5696                 23.433168                 396.10607                      8.7702639
              2       1753.4328     0.053703022       5.1340546    0.0041266348       3520.1858      -6.6601069       -8.6915466         2.0314397       3520.1858                           3091.8717                 23.433324                 396.10607                      8.7747647
              5       1753.4491     0.054681294       5.0586596    0.0045815159       3520.2183      -6.6601069       -8.6915466         2.0314397       3520.2183                           3091.9037                 23.433342                 396.10607                      8.7752676
              4       1753.7333     0.048043919       4.9440184    0.0099557074       3520.7868      -6.6601069       -8.6915466         2.0314397       3520.7868                           3092.4533                 23.433587                 396.11735                      8.7826415
              1       1753.2259      0.07101572       4.7321464    0.0049654888        3519.772      -6.6601069       -8.6915466         2.0314397        3519.772                           3091.4637                 23.433138                 396.10607                      8.7690973
              2       1753.3113     0.070697555       4.6165761    0.0050164949       3519.9427      -6.6601069       -8.6915466         2.0314397       3519.9427                           3091.6317                 23.433229                 396.10607                      8.7717025
              3       1753.2928     0.072310794       4.5889567    0.0049745778       3519.9059      -6.6601069       -8.6915466         2.0314397       3519.9059                           3091.5954                 23.433212                 396.10607                      8.7711877
              4       1753.6651     0.057196818       4.6140404    0.0075120173       3520.6504      -6.6601069       -8.6915466         2.0314397       3520.6504                           3092.3184                 23.433542                 396.11735                      8.7811086
              8       1753.6502     0.059666389       4.5350434    0.0083057596       3520.6206      -6.6601069       -8.6915466         2.0314397       3520.6206                            3092.289                 23.433532                 396.11735                      8.7807744
              2       1753.1152     0.067229924       5.0470696    0.0042781529       3519.5507      -6.6601069       -8.6915466         2.0314397       3519.5507                           3091.2462                 23.433003                 396.10607                      8.7653901
              1       1753.0735     0.070260302       4.9981836    0.0044461309       3519.4671      -6.6601069       -8.6915466         2.0314397       3519.4671                            3091.164                 23.432957                 396.10607                      8.7640702
              2       1752.9515     0.071568479       5.1547861    0.0074412635       3519.2233      -6.6601069       -8.6915466         2.0314397       3519.2233                           3090.9247                 23.432797                 396.10607                      8.7597029
              4       1753.2505     0.072690665       4.6381779    0.0054035321       3519.8211      -6.6601069       -8.6915466         2.0314397       3519.8211                            3091.512                 23.433167                 396.10607                      8.7699052
              3       1753.1923     0.071574281       4.7633428    0.0038838106       3519.7048      -6.6601069       -8.6915466         2.0314397       3519.7048                           3091.3976                 23.433101                 396.10607                      8.7680523
              1       1753.1646     0.071521105       4.8077047    0.0050489851       3519.6493      -6.6601069       -8.6915466         2.0314397       3519.6493                            3091.343                 23.433069                 396.10607                      8.7671578
              1       1753.9159     0.048142498       4.6385483    0.0046895658        3521.152      -6.6601069       -8.6915466         2.0314397        3521.152                           3092.8137                 23.433739                 396.11735                      8.7872584
              3       1753.2435       0.0664186       4.8744324    0.0068104558       3519.8073      -6.6601069       -8.6915466         2.0314397       3519.8073                           3091.4986                  23.43315                 396.10607                      8.7695169
              1       1753.2249     0.068299287       4.8318233    0.0073367257         3519.77      -6.6601069       -8.6915466         2.0314397         3519.77                           3091.4618                 23.433132                 396.10607                      8.7689898
             12       1753.0561     0.072525999       4.9429681    0.0071804148       3519.4325      -6.6601069       -8.6915466         2.0314397       3519.4325                           3091.1299                 23.432939                 396.10607                      8.7635442
             10       1753.8784     0.052271975       4.5013577    0.0034380571        3521.077      -6.6601069       -8.6915466         2.0314397        3521.077                           3092.7395                 23.433714                 396.11735                      8.7864293
