#        weight    minuslogpost      fde_eps_mu  fde_lambda_mem   lambda_growth       chi2__CMB   minuslogprior minuslogprior__0 minuslogprior__SZ            chi2 chi2__planck_2018_highl_plik.TTTEEE chi2__planck_2018_lowl.TT chi2__planck_2018_lowl.EE chi2__planck_2018_lensing.clik
              1       1747.4309     0.056911092       4.7676123    0.0074552922        3508.182      -6.6601069       -8.6915466         2.0314397        3508.182                           3079.6963                 23.446265                 396.08766                      8.9518077
              1       1747.4386     0.055574557       4.8150524    0.0089430305       3508.1975      -6.6601069       -8.6915466         2.0314397       3508.1975                           3079.6649                 23.448816                 396.10607                      8.9776623
              1       1747.4438      0.05476691       4.8615669    0.0087493601       3508.2079      -6.6601069       -8.6915466         2.0314397       3508.2079                           3079.6799                 23.448478                 396.10607                      8.9734684
              1       1747.5942     0.050564056       4.9502462      0.00953875       3508.5087      -6.6601069       -8.6915466         2.0314397       3508.5087                           3079.9674                 23.449886                 396.10607                      8.9853611
              3       1747.7165     0.049265373       4.9062877    0.0096004241       3508.7532      -6.6601069       -8.6915466         2.0314397       3508.7532                           3080.2109                 23.450047                 396.10607                      8.9861868
              2        1747.755     0.048913031       4.9161582    0.0099751094       3508.8303      -6.6601069       -8.6915466         2.0314397       3508.8303                           3080.2805                 23.450693                 396.10607                      8.9930555
              2       1747.5364     0.050702384       4.9879396    0.0083516553        3508.393      -6.6601069       -8.6915466         2.0314397        3508.393                           3079.8761                 23.447829                 396.10607                      8.9630392
              2       1747.3711      0.05406591        5.171099    0.0093932018       3508.0624      -6.6601069       -8.6915466         2.0314397       3508.0624                           3079.5414                 23.449425                 396.08766                      8.9838343
              1          1747.4     0.052724181       5.1737013    0.0094804653       3508.1202      -6.6601069       -8.6915466         2.0314397       3508.1202                           3079.5801                 23.449609                 396.10607                      8.9844811
              1       1747.4047     0.052628357       5.1623593    0.0094222046       3508.1297      -6.6601069       -8.6915466         2.0314397       3508.1297                           3079.5908                 23.449518                 396.10607                      8.9833631
              1       1747.6869      0.04757316       4.9947545    0.0068883818        3508.694      -6.6601069       -8.6915466         2.0314397        3508.694                           3080.2076                 23.445401                 396.10607                      8.9349032
              1       1747.5762     0.052793622       5.0853563    0.0056381231       3508.4725      -6.6601069       -8.6915466         2.0314397       3508.4725                            3080.025                 23.443085                 396.08766                      8.9167485
              1       1747.5495     0.057541399       4.9532597    0.0059198884       3508.4191      -6.6601069       -8.6915466         2.0314397       3508.4191                           3079.9623                  23.44352                 396.08766                      8.9256636
              1       1747.7456     0.048236664       4.9457473    0.0047407117       3508.8114      -6.6601069       -8.6915466         2.0314397       3508.8114                           3080.3838                 23.441742                 396.08766                      8.8981598
              3       1747.7548     0.048253797       4.9202001    0.0047485378       3508.8299      -6.6601069       -8.6915466         2.0314397       3508.8299                           3080.4021                 23.441767                 396.08766                      8.8983704
              1       1747.6055     0.050611263       4.9431428    0.0058637609       3508.5312      -6.6601069       -8.6915466         2.0314397       3508.5312                           3080.0809                 23.443601                 396.08766                      8.9191015
              1       1747.5905     0.051074305       4.9936554    0.0056986685       3508.5013      -6.6601069       -8.6915466         2.0314397       3508.5013                           3080.0538                 23.443281                 396.08766                       8.916473
              1       1747.6003     0.050856814       4.9895987    0.0056308312       3508.5208      -6.6601069       -8.6915466         2.0314397       3508.5208                           3080.0748                 23.443173                 396.08766                        8.91515
              1       1747.7134     0.053187175       5.1091587       0.0044489       3508.7471      -6.6601069       -8.6915466         2.0314397       3508.7471                           3080.3213                 23.441033                 396.08766                       8.897067
              1       1747.7695     0.055716376       5.0583084    0.0042461851       3508.8591      -6.6601069       -8.6915466         2.0314397       3508.8591                           3080.4347                 23.440651                 396.08766                      8.8961096
              1       1747.9042     0.059731793       4.9990228    0.0040656154       3509.1286      -6.6601069       -8.6915466         2.0314397       3509.1286                           3080.7034                 23.440276                 396.08766                      8.8972852
              1       1747.7617     0.056555232       4.8749945    0.0037228574       3508.8436      -6.6601069       -8.6915466         2.0314397       3508.8436                           3080.4284                 23.439843                 396.08766                      8.8877347
              1       1747.7996     0.056543274       4.8820172    0.0034756634       3508.9193      -6.6601069       -8.6915466         2.0314397       3508.9193                           3080.5085                 23.439418                 396.08766                      8.8836923
              4       1747.8049     0.057200326       4.8984759    0.0035952949         3508.93      -6.6601069       -8.6915466         2.0314397         3508.93                           3080.5163                 23.439597                 396.08766                      8.8863573
              5       1747.9069     0.056698158        4.959647    0.0031101587        3509.134      -6.6601069       -8.6915466         2.0314397        3509.134                           3080.7294                 23.438748                 396.08766                       8.878198
              1       1747.8335     0.050394299       5.0032642    0.0031655853       3508.9872      -6.6601069       -8.6915466         2.0314397       3508.9872                           3080.5874                 23.438976                 396.08766                      8.8732051
              1       1747.7089     0.051489308       5.0875994    0.0043126381       3508.7381      -6.6601069       -8.6915466         2.0314397       3508.7381                           3080.3163                 23.440857                 396.08766                      8.8932097
              1       1747.7486       0.0518055       5.1193687     0.004060194       3508.8174      -6.6601069       -8.6915466         2.0314397       3508.8174                              3080.4                 23.440401                 396.08766                      8.8893321
              1       1747.7168     0.050421244       5.0585773    0.0042385185       3508.7539      -6.6601069       -8.6915466         2.0314397       3508.7539                           3080.3344                 23.440774                 396.08766                      8.8910573
              1       1747.7367      0.04674387       5.1260135    0.0047533272       3508.7936      -6.6601069       -8.6915466         2.0314397       3508.7936                           3080.3672                 23.441713                 396.08766                      8.8970291
              1       1747.7378     0.046725623       5.1260285    0.0047449851       3508.7959      -6.6601069       -8.6915466         2.0314397       3508.7959                           3080.3697                 23.441699                 396.08766                      8.8968744
              1       1747.7633     0.046829241       4.9733328    0.0056033179       3508.8467      -6.6601069       -8.6915466         2.0314397       3508.8467                           3080.3852                 23.443235                 396.10607                      8.9121986
              1       1747.7109     0.048388895       4.9522907    0.0052172155       3508.7421      -6.6601069       -8.6915466         2.0314397       3508.7421                           3080.3055                 23.442548                 396.08766                      8.9064441
              1       1747.7067     0.048468964       4.9531865    0.0052325481       3508.7336      -6.6601069       -8.6915466         2.0314397       3508.7336                           3080.2967                 23.442571                 396.08766                      8.9067557
              1       1747.6697     0.047376971       5.0664415    0.0059748279       3508.6596      -6.6601069       -8.6915466         2.0314397       3508.6596                           3080.2094                  23.44381                 396.08766                      8.9187098
              1       1747.4783     0.055744878       5.0575239    0.0068802841       3508.2769      -6.6601069       -8.6915466         2.0314397       3508.2769                           3079.8033                 23.445145                 396.08766                      8.9407444
              1       1747.5826     0.056948645       5.1071454    0.0062338553       3508.4855      -6.6601069       -8.6915466         2.0314397       3508.4855                            3080.023                  23.44398                 396.08766                      8.9308727
              1       1747.6225      0.05599776       5.1495768    0.0058773605       3508.5652      -6.6601069       -8.6915466         2.0314397       3508.5652                           3080.1102                 23.443371                 396.08766                      8.9239767
              1       1747.5644     0.054062259       5.1296914    0.0059633382       3508.4491      -6.6601069       -8.6915466         2.0314397       3508.4491                           3079.9944                 23.443581                 396.08766                       8.923495
              1       1747.4777     0.053366996       5.2271535    0.0072392779       3508.2756      -6.6601069       -8.6915466         2.0314397       3508.2756                           3079.7971                 23.445724                 396.08766                      8.9451088
              1       1747.6074     0.055786939       5.2355194    0.0064333998        3508.535      -6.6601069       -8.6915466         2.0314397        3508.535                           3080.0695                 23.444275                 396.08766                      8.9335314
              1       1747.7202     0.062742009       5.1514348    0.0076514313       3508.7606      -6.6601069       -8.6915466         2.0314397       3508.7606                           3080.2647                  23.44622                 396.08766                      8.9620047
              1       1747.6948     0.062565751         5.13507    0.0076013631       3508.7098      -6.6601069       -8.6915466         2.0314397       3508.7098                           3080.2152                  23.44615                 396.08766                      8.9608029
              1       1747.5864     0.061436169       5.1121552     0.007785403        3508.493      -6.6601069       -8.6915466         2.0314397        3508.493                           3079.9964                  23.44651                 396.08766                      8.9624671
              2       1747.5609     0.061076015       5.1898803    0.0086150012        3508.442      -6.6601069       -8.6915466         2.0314397        3508.442                           3079.9295                 23.447889                 396.08766                      8.9769866
              1       1747.6656     0.062710713        5.127922    0.0078402331       3508.6513      -6.6601069       -8.6915466         2.0314397       3508.6513                           3080.1521                  23.44656                 396.08766                      8.9650453
              1       1747.7482     0.066321494       5.0863289    0.0086490074       3508.8166      -6.6601069       -8.6915466         2.0314397       3508.8166                           3080.2977                 23.447877                 396.08766                      8.9832938
              1       1747.4231     0.062966902       4.9814252     0.009045554       3508.1664      -6.6601069       -8.6915466         2.0314397       3508.1664                           3079.6443                 23.448712                 396.08766                      8.9856593
              1       1747.3911     0.059387173       4.9947478    0.0084218851       3508.1024      -6.6601069       -8.6915466         2.0314397       3508.1024                           3079.5959                 23.447726                 396.08766                      8.9710878
              1       1747.5289     0.062028055        4.982659    0.0074486792        3508.378      -6.6601069       -8.6915466         2.0314397        3508.378                           3079.8877                 23.446002                 396.08766                      8.9566243
              1       1747.3922     0.060533787       4.7489709    0.0074855306       3508.1047      -6.6601069       -8.6915466         2.0314397       3508.1047                           3079.6156                 23.446244                 396.08766                      8.9551885
              1       1747.4373     0.056891461       4.7357284    0.0075393771       3508.1948      -6.6601069       -8.6915466         2.0314397       3508.1948                           3079.7073                 23.446427                 396.08766                       8.953349
              1       1747.4639     0.057377804       4.6422867    0.0072974549       3508.2481      -6.6601069       -8.6915466         2.0314397       3508.2481                           3079.7648                 23.446053                 396.08766                      8.9495817
              1       1747.4539     0.057613678       4.6269815    0.0079182508        3508.228      -6.6601069       -8.6915466         2.0314397        3508.228                           3079.7323                 23.447119                 396.08766                      8.9609179
              2       1747.6528     0.053930929       4.5758581    0.0072711802       3508.6258      -6.6601069       -8.6915466         2.0314397       3508.6258                           3080.1263                 23.446117                 396.10607                       8.947295
              1        1747.735     0.053786574       4.5075306    0.0078623677       3508.7903      -6.6601069       -8.6915466         2.0314397       3508.7903                           3080.2787                 23.447166                 396.10607                      8.9583578
              2         1747.94     0.050233719       4.5699207    0.0084519452       3509.2001      -6.6601069       -8.6915466         2.0314397       3509.2001                           3080.6788                  23.44822                 396.10607                      8.9670624
              1       1747.7363     0.051587192       4.6522425    0.0080905629       3508.7929      -6.6601069       -8.6915466         2.0314397       3508.7929                            3080.279                 23.447532                 396.10607                      8.9603011
              2       1747.6806     0.052046817       4.6747649    0.0078245959       3508.6815      -6.6601069       -8.6915466         2.0314397       3508.6815                           3080.1728                 23.447055                 396.10607                      8.9554951
              3       1747.4953     0.054003831       4.8367852    0.0094079799       3508.3108      -6.6601069       -8.6915466         2.0314397       3508.3108                           3079.7702                 23.449638                 396.10607                      8.9848882
              1       1747.4077     0.055020252       4.9189671    0.0085808463       3508.1357      -6.6601069       -8.6915466         2.0314397       3508.1357                           3079.6294                 23.448151                 396.08766                      8.9704295
              1       1747.4607     0.051827603       5.0649167    0.0084339044       3508.2415      -6.6601069       -8.6915466         2.0314397       3508.2415                           3079.7226                   23.4479                 396.10607                       8.964963
              1       1747.4439     0.052079217       5.0678656    0.0083851251        3508.208      -6.6601069       -8.6915466         2.0314397        3508.208                           3079.7083                 23.447809                 396.08766                      8.9642298
              1       1747.4491     0.051949793       5.0655341     0.008329306       3508.2183      -6.6601069       -8.6915466         2.0314397       3508.2183                           3079.7198                 23.447718                 396.08766                      8.9631389
              1       1747.4306     0.052523355       5.0737978    0.0084018619       3508.1813      -6.6601069       -8.6915466         2.0314397       3508.1813                            3079.681                 23.447822                 396.08766                      8.9648129
              1       1747.4543     0.051533194       5.1135145    0.0084387236       3508.2287      -6.6601069       -8.6915466         2.0314397       3508.2287                             3079.71                  23.44789                 396.10607                      8.9647548
              1        1747.497     0.050544362       5.0912155    0.0091812463       3508.3141      -6.6601069       -8.6915466         2.0314397       3508.3141                            3079.781                   23.4492                 396.10607                      8.9778401
              1       1747.4388     0.051855357        5.105027    0.0084340325       3508.1979      -6.6601069       -8.6915466         2.0314397       3508.1979                           3079.6975                 23.447878                 396.08766                      8.9648955
              1       1747.4161     0.052045367       5.1818376    0.0085968458       3508.1524      -6.6601069       -8.6915466         2.0314397       3508.1524                           3079.6487                 23.448109                 396.08766                      8.9678524
              1       1747.4526     0.061203353       5.1477284    0.0095380352       3508.2254      -6.6601069       -8.6915466         2.0314397       3508.2254                           3079.6949                 23.449494                 396.08766                      8.9933226
              1       1747.4478     0.060673489       5.1636976    0.0095014075       3508.2158      -6.6601069       -8.6915466         2.0314397       3508.2158                           3079.6866                 23.449435                 396.08766                      8.9921695
              1       1747.4892     0.061179511       5.1687315    0.0092633642       3508.2985      -6.6601069       -8.6915466         2.0314397       3508.2985                           3079.7734                  23.44901                 396.08766                      8.9884823
              1       1747.4028      0.05866178       5.1057944    0.0087957671       3508.1258      -6.6601069       -8.6915466         2.0314397       3508.1258                           3079.6125                 23.448317                 396.08766                      8.9773172
              1       1747.4531     0.059333827       5.0898155    0.0081787905       3508.2264      -6.6601069       -8.6915466         2.0314397       3508.2264                           3079.7245                 23.447253                 396.08766                      8.9669758
              1       1747.4391     0.057323947       5.1193106    0.0079655721       3508.1984      -6.6601069       -8.6915466         2.0314397       3508.1984                           3079.7025                 23.446923                 396.08766                      8.9613352
              4       1747.8267      0.06173585       5.2958676    0.0078086677       3508.9736      -6.6601069       -8.6915466         2.0314397       3508.9736                            3080.475                  23.44642                 396.08766                       8.964554
              1       1747.4685     0.055063467       5.2458603    0.0077462641       3508.2573      -6.6601069       -8.6915466         2.0314397       3508.2573                           3079.7675                 23.446533                 396.08766                      8.9556003
              1       1747.5146     0.055886422       5.1856302    0.0070732705       3508.3493      -6.6601069       -8.6915466         2.0314397       3508.3493                           3079.8718                 23.445396                 396.08766                      8.9444995
              1       1747.4569     0.056452073       5.1319214    0.0075971729       3508.2339      -6.6601069       -8.6915466         2.0314397       3508.2339                           3079.7459                 23.446308                 396.08766                       8.954055
              1       1747.5001      0.05555658       5.1844202    0.0071494676       3508.3203      -6.6601069       -8.6915466         2.0314397       3508.3203                           3079.8416                 23.445536                 396.08766                      8.9454973
              3       1747.4081     0.053517212       5.2885438    0.0086253854       3508.1364      -6.6601069       -8.6915466         2.0314397       3508.1364                           3079.6309                 23.448056                 396.08766                      8.9698576
              3        1747.393      0.05233994       5.2648621    0.0090828163       3508.1062      -6.6601069       -8.6915466         2.0314397       3508.1062                           3079.5928                 23.448887                 396.08766                      8.9768158
              2       1747.4419     0.051078548       5.1898006    0.0087581943       3508.2039      -6.6601069       -8.6915466         2.0314397       3508.2039                           3079.6793                 23.448408                 396.10607                      8.9701215
              1       1747.4009     0.056335192       5.2340311     0.009042423       3508.1219      -6.6601069       -8.6915466         2.0314397       3508.1219                           3079.6057                 23.448724                 396.08766                      8.9798077
              1       1747.3427     0.058103461       5.0615649    0.0096823242       3508.0057      -6.6601069       -8.6915466         2.0314397       3508.0057                           3079.4754                 23.449878                 396.08766                      8.9927389
              1       1747.4661     0.060494551       5.0062672    0.0077789783       3508.2523      -6.6601069       -8.6915466         2.0314397       3508.2523                           3079.7572                 23.446591                 396.08766                      8.9608405
              2       1747.6553     0.066330776       5.0385482    0.0088631041       3508.6308      -6.6601069       -8.6915466         2.0314397       3508.6308                           3080.1083                 23.448276                 396.08766                      8.9866347
              1       1747.5965     0.065519126       5.0499421    0.0091022645       3508.5133      -6.6601069       -8.6915466         2.0314397       3508.5133                            3079.987                 23.448699                 396.08766                      8.9899203
              2       1747.5987     0.066549443       5.0055482    0.0091180808       3508.5176      -6.6601069       -8.6915466         2.0314397       3508.5176                           3079.9901                  23.44873                 396.08766                      8.9911275
              1       1747.3704     0.063378008       4.9624212    0.0099252397        3508.061      -6.6601069       -8.6915466         2.0314397        3508.061                           3079.5213                 23.450222                 396.08766                      9.0018274
              1       1747.5611     0.066664627       5.0157729     0.009733666       3508.4423      -6.6601069       -8.6915466         2.0314397       3508.4423                           3079.9027                 23.449775                 396.08766                      9.0022458
              1       1747.5471     0.062082972       5.1683212    0.0090693651       3508.4145      -6.6601069       -8.6915466         2.0314397       3508.4145                           3079.8921                 23.448654                 396.08766                      8.9860414
              2       1747.5284     0.062035278       5.1829972    0.0094269395        3508.377      -6.6601069       -8.6915466         2.0314397        3508.377                           3079.8477                 23.449258                 396.08766                      8.9924235
              3       1747.7808     0.064658146       5.2662799    0.0096607779       3508.8818      -6.6601069       -8.6915466         2.0314397       3508.8818                           3080.3441                 23.449529                 396.08766                      9.0004348
              1       1747.7616     0.064013548       5.2747615    0.0094926695       3508.8435      -6.6601069       -8.6915466         2.0314397       3508.8435                           3080.3099                 23.449253                 396.08766                      8.9966838
              2       1747.7966     0.065285566       5.1675165    0.0086467463       3508.9135      -6.6601069       -8.6915466         2.0314397       3508.9135                           3080.3954                 23.447844                 396.08766                      8.9826269
              2       1747.8455     0.067247255       5.1369815    0.0091089303       3509.0112      -6.6601069       -8.6915466         2.0314397       3509.0112                           3080.4819                 23.448604                 396.08766                      8.9930304
              2       1748.0457     0.065304931       5.2859246    0.0083553476       3509.4116      -6.6601069       -8.6915466         2.0314397       3509.4116                           3080.8978                 23.447261                 396.08766                      8.9788425
              1       1748.0331     0.064002799       5.1813486    0.0064982021       3509.3863      -6.6601069       -8.6915466         2.0314397       3509.3863                           3080.9101                 23.444195                 396.08766                      8.9443867
              1       1747.6496     0.060797857       5.0558983    0.0065201063       3508.6194      -6.6601069       -8.6915466         2.0314397       3508.6194                           3080.1477                   23.4444                 396.08766                       8.939713
              1       1747.6726     0.061618448       5.0428325    0.0065411391       3508.6655      -6.6601069       -8.6915466         2.0314397       3508.6655                           3080.1925                 23.444423                 396.08766                      8.9409423
              2       1747.6459     0.061566392       5.0440134    0.0067414313       3508.6119      -6.6601069       -8.6915466         2.0314397       3508.6119                           3080.1352                 23.444766                 396.08766                      8.9442936
              1        1747.545     0.054759716       5.0181883    0.0058963188       3508.4101      -6.6601069       -8.6915466         2.0314397       3508.4101                           3079.9561                 23.443512                 396.08766                      8.9228108
              1       1747.5726     0.053533412       5.1841821    0.0060063762       3508.4653      -6.6601069       -8.6915466         2.0314397       3508.4653                           3080.0102                 23.443638                 396.08766                      8.9238398
              2       1747.6101     0.058732168       5.0097475    0.0058953152       3508.5403      -6.6601069       -8.6915466         2.0314397       3508.5403                           3080.0826                 23.443414                 396.08766                      8.9266267
              1       1747.4639      0.05900024       5.0052894    0.0073797932       3508.2481      -6.6601069       -8.6915466         2.0314397       3508.2481                           3079.7621                 23.445947                 396.08766                      8.9523739
              3       1747.4762     0.051910059       5.0436791    0.0098264141       3508.2727      -6.6601069       -8.6915466         2.0314397       3508.2727                           3079.7256                 23.450296                 396.10607                      8.9907459
              1       1747.4557     0.052341749       5.0500028     0.009832707       3508.2316      -6.6601069       -8.6915466         2.0314397       3508.2316                           3079.6842                 23.450292                 396.10607                      8.9910814
              1       1747.4568     0.051641863       5.0863418    0.0091817738       3508.2337      -6.6601069       -8.6915466         2.0314397       3508.2337                              3079.7                 23.449175                 396.10607                      8.9784901
              1       1747.4896     0.050291285       5.1400772    0.0095725163       3508.2995      -6.6601069       -8.6915466         2.0314397       3508.2995                           3079.7585                 23.449852                 396.10607                      8.9850542
              4       1747.4894     0.050295475       5.1401716    0.0095719394        3508.299      -6.6601069       -8.6915466         2.0314397        3508.299                            3079.758                  23.44985                 396.10607                      8.9850459
              1       1747.3896     0.053830574       5.1698578    0.0087554766       3508.0993      -6.6601069       -8.6915466         2.0314397       3508.0993                           3079.5909                 23.448339                 396.08766                      8.9724307
              1       1747.3485     0.057925147       4.9629432    0.0091111814       3508.0172      -6.6601069       -8.6915466         2.0314397       3508.0172                           3079.4984                 23.448963                 396.08766                      8.9821737
              1        1747.376     0.055619708        5.000362    0.0088266401       3508.0722      -6.6601069       -8.6915466         2.0314397       3508.0722                           3079.5608                 23.448511                 396.08766                      8.9751985
              2       1747.4209     0.055334441       4.9112015    0.0077985861        3508.162      -6.6601069       -8.6915466         2.0314397        3508.162                           3079.6709                 23.446809                 396.08766                      8.9565837
              1       1747.5539     0.052246953       4.8358152    0.0080365654       3508.4281      -6.6601069       -8.6915466         2.0314397       3508.4281                            3079.916                 23.447331                 396.10607                      8.9587027
              1       1747.7981     0.046062557       4.9680408    0.0072104752       3508.9164      -6.6601069       -8.6915466         2.0314397       3508.9164                           3080.4242                 23.446003                 396.10607                      8.9401665
              2       1747.7935     0.046373957       4.9426312    0.0066580626       3508.9071      -6.6601069       -8.6915466         2.0314397       3508.9071                           3080.4255                 23.445062                 396.10607                      8.9304513
              2       1747.8013     0.047410254       4.8766746    0.0052675999       3508.9229      -6.6601069       -8.6915466         2.0314397       3508.9229                           3080.4671                 23.442694                 396.10607                      8.9070045
              2        1747.678     0.048158731       4.9576475    0.0071175662       3508.6762      -6.6601069       -8.6915466         2.0314397       3508.6762                           3080.1848                 23.445797                 396.10607                      8.9394614
              5       1747.8108     0.046756185       4.9003684    0.0074037426       3508.9419      -6.6601069       -8.6915466         2.0314397       3508.9419                           3080.4451                 23.446348                 396.10607                      8.9443149
              1       1747.6366     0.051572155       4.7737784    0.0083312657       3508.5933      -6.6601069       -8.6915466         2.0314397       3508.5933                           3080.0754                 23.447883                 396.10607                      8.9640412
              2       1747.4751     0.053948932       4.8592842    0.0088766565       3508.2703      -6.6601069       -8.6915466         2.0314397       3508.2703                           3079.7406                 23.448717                 396.10607                      8.9749411
              4       1747.6471     0.050376429        4.864813    0.0088430704       3508.6144      -6.6601069       -8.6915466         2.0314397       3508.6144                           3080.0871                 23.448742                 396.10607                       8.972483
              2       1747.4134     0.054887173       4.9325336    0.0093882134       3508.1471      -6.6601069       -8.6915466         2.0314397       3508.1471                           3079.6068                 23.449531                 396.10607                      8.9847055
              1       1747.6697     0.055279639       4.5824889    0.0045664695       3508.6596      -6.6601069       -8.6915466         2.0314397       3508.6596                           3080.2298                 23.441467                 396.08766                      8.9006768
              3       1747.8553     0.049711908       4.8386946    0.0031786752       3509.0308      -6.6601069       -8.6915466         2.0314397       3509.0308                            3080.631                 23.439098                 396.08766                       8.872974
              1       1747.7493      0.06649971       4.9368135    0.0070401105       3508.8189      -6.6601069       -8.6915466         2.0314397       3508.8189                           3080.3315                 23.445222                 396.08766                      8.9545249
              4       1748.0003     0.069449123       5.0076822    0.0076568947       3509.3208      -6.6601069       -8.6915466         2.0314397       3509.3208                           3080.8173                 23.446154                 396.08766                       8.969633
              1       1748.2836     0.068967724       5.2428307    0.0087691429       3509.8875      -6.6601069       -8.6915466         2.0314397       3509.8875                            3081.361                 23.447898                 396.08766                      8.9909514
              1       1747.4798     0.056879263       5.1958452    0.0078060242       3508.2798      -6.6601069       -8.6915466         2.0314397       3508.2798                           3079.7872                 23.446615                 396.08766                      8.9582983
              6       1747.4045      0.05616173       4.8562593    0.0092684737       3508.1292      -6.6601069       -8.6915466         2.0314397       3508.1292                           3079.5899                 23.449337                 396.10607                      8.9838964
              1       1747.4401     0.055310075       4.8314257    0.0089692699       3508.2004      -6.6601069       -8.6915466         2.0314397       3508.2004                           3079.6675                 23.448858                 396.10607                       8.977926
              1       1747.4122     0.055776634       4.8397599    0.0088385776       3508.1447      -6.6601069       -8.6915466         2.0314397       3508.1447                           3079.6326                 23.448619                 396.08766                       8.975811
              1       1747.3379     0.061437721       4.6671164    0.0088843105        3507.996      -6.6601069       -8.6915466         2.0314397        3507.996                           3079.4786                 23.448667                 396.08766                      8.9809854
              5       1747.3361     0.061895559       4.6303566    0.0098087535       3507.9923      -6.6601069       -8.6915466         2.0314397       3507.9923                           3079.4561                 23.450263                 396.08766                       8.998346
              2       1747.3144     0.064020852       4.6897622    0.0090714812        3507.949      -6.6601069       -8.6915466         2.0314397        3507.949                            3079.426                 23.448916                 396.08766                      8.9864439
              2       1747.3217     0.063912676       4.6561772    0.0087386232       3507.9637      -6.6601069       -8.6915466         2.0314397       3507.9637                           3079.4473                 23.448369                 396.08766                       8.980334
              3       1747.3253     0.063810052       4.6575539    0.0086460897       3507.9707      -6.6601069       -8.6915466         2.0314397       3507.9707                           3079.4563                 23.448212                 396.08766                      8.9785835
              1       1747.3313     0.064653567       4.6731019    0.0085991854       3507.9829      -6.6601069       -8.6915466         2.0314397       3507.9829                           3079.4686                 23.448104                 396.08766                      8.9784995
              1       1747.6232     0.057365994       4.5494028     0.004675402       3508.5667      -6.6601069       -8.6915466         2.0314397       3508.5667                           3080.1333                 23.441626                 396.08766                      8.9041094
              4       1747.7565     0.045626991       5.0886524    0.0057447449       3508.8333      -6.6601069       -8.6915466         2.0314397       3508.8333                           3080.3705                 23.443452                 396.10607                       8.913271
              2       1747.7553     0.045570835       5.0951346    0.0057660936       3508.8308      -6.6601069       -8.6915466         2.0314397       3508.8308                           3080.3676                 23.443487                 396.10607                      8.9135944
              1       1747.5325     0.054378657       5.1746119    0.0065151779       3508.3852      -6.6601069       -8.6915466         2.0314397       3508.3852                           3079.9197                 23.444489                 396.08766                      8.9333654
              1       1747.5214     0.054375184       5.2042822    0.0067630996        3508.363      -6.6601069       -8.6915466         2.0314397        3508.363                           3079.8928                 23.444896                 396.08766                      8.9377065
              4       1747.4997     0.052624575        5.187742    0.0067785537       3508.3197      -6.6601069       -8.6915466         2.0314397       3508.3197                           3079.8506                  23.44498                 396.08766                      8.9363771
              2       1747.4177     0.054837863       5.2146114    0.0082891843       3508.1557      -6.6601069       -8.6915466         2.0314397       3508.1557                           3079.6556                 23.447487                 396.08766                      8.9649407
              5        1747.501     0.057365139       5.2823872    0.0083766539       3508.3223      -6.6601069       -8.6915466         2.0314397       3508.3223                            3079.818                 23.447525                 396.08766                      8.9691302
              2       1747.4544      0.05626069       5.2942632    0.0086187979        3508.229      -6.6601069       -8.6915466         2.0314397        3508.229                            3079.721                 23.447963                 396.08766                      8.9723138
              6       1747.6524     0.048002553       5.0271073    0.0065714165       3508.6251      -6.6601069       -8.6915466         2.0314397       3508.6251                           3080.1448                 23.444833                 396.10607                      8.9293473
              1       1747.3494     0.055921453       5.1697402     0.009917059       3508.0191      -6.6601069       -8.6915466         2.0314397       3508.0191                           3079.4863                 23.450273                 396.08766                       8.994879
              1       1747.3627     0.058792385       4.8951738    0.0084729835       3508.0455      -6.6601069       -8.6915466         2.0314397       3508.0455                           3079.5386                 23.447888                 396.08766                      8.9713655
              4       1747.4888     0.058867303       4.9667317    0.0068494144       3508.2978      -6.6601069       -8.6915466         2.0314397       3508.2978                           3079.8222                 23.445067                 396.08766                      8.9429265
              1       1747.3655     0.062971086       4.7179398    0.0079597471       3508.0512      -6.6601069       -8.6915466         2.0314397       3508.0512                           3079.5508                 23.447019                 396.08766                       8.965674
              2       1747.4221     0.056977043       4.8426841    0.0073714347       3508.1645      -6.6601069       -8.6915466         2.0314397       3508.1645                           3079.6805                 23.446077                 396.08766                      8.9502918
              5       1747.8387     0.053011739       4.5320018     0.003472938       3508.9976      -6.6601069       -8.6915466         2.0314397       3508.9976                           3080.5895                 23.439676                 396.08766                      8.8807626
              1       1747.7063     0.057308077        4.544107    0.0037333214       3508.7327      -6.6601069       -8.6915466         2.0314397       3508.7327                           3080.3169                 23.440025                 396.08766                       8.888192
              3        1747.547     0.057249399       4.6027249    0.0056580493       3508.4142      -6.6601069       -8.6915466         2.0314397       3508.4142                           3079.9625                 23.443277                 396.08766                      8.9207697
              1       1747.5486     0.062847722       5.1007342    0.0087185391       3508.4174      -6.6601069       -8.6915466         2.0314397       3508.4174                           3079.9014                 23.448077                 396.08766                      8.9803297
              4       1747.6032     0.057166034       5.0072082    0.0055925767       3508.5266      -6.6601069       -8.6915466         2.0314397       3508.5266                           3080.0761                 23.442939                 396.08766                      8.9198905
              3       1747.3917     0.056916675       4.9080873    0.0080266964       3508.1036      -6.6601069       -8.6915466         2.0314397       3508.1036                           3079.6069                 23.447162                 396.08766                      8.9618634
              2       1747.3803     0.060573787       4.8742788    0.0081445773       3508.0809      -6.6601069       -8.6915466         2.0314397       3508.0809                           3079.5789                 23.447296                 396.08766                      8.9670168
              1       1748.1302     0.069075344       4.8169457    0.0046649691       3509.5806      -6.6601069       -8.6915466         2.0314397       3509.5806                           3081.1345                 23.441189                 396.08766                      8.9172168
              2       1748.1826     0.064939567       4.9671852    0.0041268741       3509.6854      -6.6601069       -8.6915466         2.0314397       3509.6854                           3081.2529                 23.440271                 396.08766                      8.9045743
              1       1747.6879     0.062379725       5.1884175    0.0081069109       3508.6961      -6.6601069       -8.6915466         2.0314397       3508.6961                           3080.1918                 23.446985                 396.08766                      8.9696806
             11       1747.3383     0.061016289       4.7814539    0.0087388138       3507.9968      -6.6601069       -8.6915466         2.0314397       3507.9968                           3079.4828                 23.448359                 396.08766                      8.9779492
              8       1747.3184     0.061048588       4.9141735     0.009999334        3507.957      -6.6601069       -8.6915466         2.0314397        3507.957                            3079.418                 23.450438                 396.08766                       9.000947
              5       1747.9723     0.050011466       4.5085253    0.0036906801       3509.2647      -6.6601069       -8.6915466         2.0314397       3509.2647                           3080.8542                  23.44012                 396.08766                       8.882724
              1       1747.9524     0.047068533       4.7066003    0.0065419307       3509.2251      -6.6601069       -8.6915466         2.0314397       3509.2251                           3080.7441                 23.444957                 396.10607                      8.9299379
              3       1748.0639     0.045622582       4.7032081    0.0063598317        3509.448      -6.6601069       -8.6915466         2.0314397        3509.448                           3080.9711                  23.44468                 396.10607                      8.9261757
              1       1747.5307     0.055224893       4.8587033    0.0058460719       3508.3817      -6.6601069       -8.6915466         2.0314397       3508.3817                           3079.9283                 23.443504                 396.08766                      8.9222522
              1       1747.6644     0.054546908        5.081734    0.0049372562        3508.649      -6.6601069       -8.6915466         2.0314397        3508.649                            3080.213                 23.441845                 396.08766                      8.9064704
             12       1747.4883     0.048705773       5.2945364    0.0078707786       3508.2967      -6.6601069       -8.6915466         2.0314397       3508.2967                           3079.8099                 23.446898                 396.08766                      8.9523022
              1       1747.6298     0.050089392       4.8777495    0.0071423907       3508.5798      -6.6601069       -8.6915466         2.0314397       3508.5798                           3080.0864                 23.445832                 396.10607                      8.9415766
              1       1747.6779     0.049381953       4.8667354    0.0065291486        3508.676      -6.6601069       -8.6915466         2.0314397        3508.676                           3080.1948                 23.444806                 396.10607                       8.930292
              1       1747.4493     0.060534825       4.7331124    0.0065743899       3508.2189      -6.6601069       -8.6915466         2.0314397       3508.2189                           3079.7473                 23.444696                 396.08766                      8.9392648
              1       1747.5143     0.064482618        4.933247    0.0081217899       3508.3488      -6.6601069       -8.6915466         2.0314397       3508.3488                           3079.8432                 23.447124                 396.08766                      8.9707758
              1       1747.4394     0.064107411       4.9074407    0.0085749142        3508.199      -6.6601069       -8.6915466         2.0314397        3508.199                           3079.6852                 23.447926                 396.08766                      8.9781964
              2       1747.4122     0.064345982        4.843572    0.0084321134       3508.1447      -6.6601069       -8.6915466         2.0314397       3508.1447                           3079.6336                 23.447717                 396.08766                      8.9756638
              1       1747.6524     0.065807291       4.8393342    0.0065535662       3508.6251      -6.6601069       -8.6915466         2.0314397       3508.6251                           3080.1483                 23.444473                 396.08766                      8.9446853
              3       1747.4786     0.063581608       4.8918946    0.0077741094       3508.2774      -6.6601069       -8.6915466         2.0314397       3508.2774                           3079.7796                 23.446578                 396.08766                      8.9635224
              1       1747.4381     0.064607563       4.8683334    0.0084173281       3508.1963      -6.6601069       -8.6915466         2.0314397       3508.1963                           3079.6852                 23.447669                 396.08766                      8.9757748
              1       1747.5362     0.052710821       4.8432163    0.0087674728       3508.3927      -6.6601069       -8.6915466         2.0314397       3508.3927                           3079.8658                 23.448568                 396.10607                      8.9723123
              3       1747.8451     0.051210747       4.5385581    0.0070572038       3509.0104      -6.6601069       -8.6915466         2.0314397       3509.0104                           3080.5162                 23.445827                 396.10607                      8.9423314
              3       1747.5548     0.055893139       4.5922209    0.0082490828       3508.4299      -6.6601069       -8.6915466         2.0314397       3508.4299                             3079.91                 23.447741                 396.10607                      8.9660322
              2       1747.6495       0.0547407       4.5394476    0.0078620194       3508.6191      -6.6601069       -8.6915466         2.0314397       3508.6191                           3080.1073                  23.44713                 396.10607                      8.9586261
              4        1747.719     0.052172212       4.6066905    0.0068557645       3508.7582      -6.6601069       -8.6915466         2.0314397       3508.7582                            3080.268                 23.445429                 396.10607                       8.938753
              3       1747.8914     0.050367954       4.5327658    0.0061078798        3509.103      -6.6601069       -8.6915466         2.0314397        3509.103                           3080.6278                 23.444225                 396.10607                      8.9249286
              2        1747.921     0.049540195       4.5715277    0.0068749498       3509.1622      -6.6601069       -8.6915466         2.0314397       3509.1622                           3080.6728                 23.445535                 396.10607                      8.9377622
              1       1747.8585     0.049711309       4.6318621    0.0073461507       3509.0372      -6.6601069       -8.6915466         2.0314397       3509.0372                           3080.5389                 23.446309                 396.10607                      8.9460119
              1        1747.849     0.048228049       4.7277019    0.0060814553       3509.0182      -6.6601069       -8.6915466         2.0314397       3509.0182                           3080.5456                 23.444135                 396.10607                      8.9223961
              1       1747.5618     0.055961076       4.8085042    0.0053674899       3508.4437      -6.6601069       -8.6915466         2.0314397       3508.4437                           3079.9987                 23.442697                 396.08766                      8.9146369
              1       1747.6193     0.054429333       4.8128567    0.0048530626       3508.5587      -6.6601069       -8.6915466         2.0314397       3508.5587                           3080.1246                 23.441853                 396.08766                      8.9046458
              1       1747.5523     0.053730032       5.0052137    0.0057776537       3508.4248      -6.6601069       -8.6915466         2.0314397       3508.4248                           3079.9739                 23.443343                 396.08766                      8.9198811
              1       1747.5419      0.05338995       4.9954021    0.0059218381        3508.404      -6.6601069       -8.6915466         2.0314397        3508.404                           3079.9507                 23.443603                 396.08766                      8.9220911
              2        1747.489     0.056352318       5.2941246    0.0082076797       3508.2981      -6.6601069       -8.6915466         2.0314397       3508.2981                           3079.7981                 23.447257                 396.08766                       8.965133
              1        1747.502     0.056665454       5.2946445    0.0081779771       3508.3243      -6.6601069       -8.6915466         2.0314397       3508.3243                           3079.8245                 23.447197                 396.08766                      8.9649381
              1       1747.4915     0.058014483       5.2712102    0.0086787109       3508.3032      -6.6601069       -8.6915466         2.0314397       3508.3032                           3079.7924                 23.448031                 396.08766                      8.9751154
              1       1747.4545     0.055567454       4.9925736    0.0070259017       3508.2293      -6.6601069       -8.6915466         2.0314397       3508.2293                           3079.7531                 23.445436                 396.08766                      8.9430694
              1       1747.9318     0.065770917       4.8957884    0.0051748955       3509.1838      -6.6601069       -8.6915466         2.0314397       3509.1838                            3080.732                 23.442083                 396.08766                      8.9220294
              5        1748.743     0.064261881       5.2722109    0.0041181103       3510.8063      -6.6601069       -8.6915466         2.0314397       3510.8063                           3082.3714                 23.440067                 396.08766                      8.9071572
              5       1748.7462     0.064216724        5.263567    0.0039989245       3510.8127      -6.6601069       -8.6915466         2.0314397       3510.8127                           3082.3801                 23.439871                 396.08766                      8.9050788
              1       1749.1304     0.067942725       5.1838504    0.0036034736       3511.5811      -6.6601069       -8.6915466         2.0314397       3511.5811                           3083.1504                 23.439153                 396.08766                      8.9038949
              1       1747.8979     0.054164615       5.0785843    0.0031903778        3509.116      -6.6601069       -8.6915466         2.0314397        3509.116                           3080.7122                 23.438881                 396.08766                      8.8772997
              1        1747.639     0.055713423       5.1004112    0.0054313999       3508.5981      -6.6601069       -8.6915466         2.0314397       3508.5981                           3080.1518                 23.442647                 396.08766                      8.9159845
              2       1747.6685     0.054344465       5.2999971    0.0058716629       3508.6572      -6.6601069       -8.6915466         2.0314397       3508.6572                           3080.2035                 23.443318                 396.08766                      8.9226829
              2       1747.5937     0.049162201       5.2020418     0.005811564       3508.5077      -6.6601069       -8.6915466         2.0314397       3508.5077                           3080.0598                 23.443415                 396.08766                      8.9168186
              1        1747.679     0.048228288       5.0818206    0.0051236217       3508.6782      -6.6601069       -8.6915466         2.0314397       3508.6782                           3080.2438                 23.442328                 396.08766                      8.9044449
              2        1747.768     0.046678407       5.1114994    0.0044008073       3508.8562      -6.6601069       -8.6915466         2.0314397       3508.8562                           3080.4364                 23.441121                 396.08766                      8.8910035
              5       1747.6812     0.049019707       5.1307257    0.0047810384       3508.6825      -6.6601069       -8.6915466         2.0314397       3508.6825                           3080.2541                 23.441698                 396.08766                      8.8991047
              1       1747.7791     0.052684422       4.8231135    0.0034154772       3508.8783      -6.6601069       -8.6915466         2.0314397       3508.8783                           3080.4721                 23.439439                 396.08766                      8.8791777
              2       1747.8188     0.057418473       4.8579559    0.0033779593       3508.9578      -6.6601069       -8.6915466         2.0314397       3508.9578                            3080.548                 23.439245                 396.08766                      8.8828899
              3       1747.8329      0.05621501       5.0594576    0.0039297734       3508.9861      -6.6601069       -8.6915466         2.0314397       3508.9861                           3080.5669                 23.440098                 396.08766                      8.8914333
              2       1747.8598     0.054746658       5.1585649    0.0038959505       3509.0398      -6.6601069       -8.6915466         2.0314397       3509.0398                           3080.6224                 23.440022                 396.08766                      8.8897268
              1        1747.874     0.053348798       5.1554444    0.0034973891       3509.0682      -6.6601069       -8.6915466         2.0314397       3509.0682                           3080.6595                 23.439382                 396.08766                      8.8817184
              3       1747.7884     0.051588513       5.1641069    0.0038526542        3508.897      -6.6601069       -8.6915466         2.0314397        3508.897                           3080.4835                 23.440029                 396.08766                      8.8857795
              4       1747.7895     0.053190091       5.1214162    0.0039154296       3508.8991      -6.6601069       -8.6915466         2.0314397       3508.8991                           3080.4831                 23.440117                 396.08766                      8.8882868
              2       1747.7265     0.047815962       5.1545242    0.0044724166       3508.7733      -6.6601069       -8.6915466         2.0314397       3508.7733                           3080.3514                 23.441191                 396.08766                      8.8929551
              1       1747.7544     0.052427887       4.5676541    0.0077184401        3508.829      -6.6601069       -8.6915466         2.0314397        3508.829                           3080.3213                 23.446919                 396.10607                      8.9547206
              3       1747.9204     0.050038047         4.58798    0.0082254355        3509.161      -6.6601069       -8.6915466         2.0314397        3509.161                           3080.6444                 23.447827                 396.10607                      8.9626394
              2       1747.9295     0.049917627       4.5860747    0.0081809393       3509.1792      -6.6601069       -8.6915466         2.0314397       3509.1792                           3080.6636                 23.447755                 396.10607                      8.9617853
              1       1748.0279     0.049121484       4.5640278    0.0083025431       3509.3761      -6.6601069       -8.6915466         2.0314397       3509.3761                           3080.8581                  23.44799                 396.10607                      8.9639674
              3       1748.0429     0.049516284        4.504187    0.0078288305        3509.406      -6.6601069       -8.6915466         2.0314397        3509.406                            3080.897                 23.447198                 396.10607                      8.9557531
              1       1747.8154     0.051761073       4.5374133    0.0072697343        3508.951      -6.6601069       -8.6915466         2.0314397        3508.951                           3080.4523                 23.446179                 396.10607                      8.9464358
              5       1747.5302     0.055020275       4.6943894    0.0087778343       3508.3807      -6.6601069       -8.6915466         2.0314397       3508.3807                           3079.8512                 23.448611                 396.10607                       8.974765
              3       1747.5042     0.055461612       4.7006911    0.0086691486       3508.3287      -6.6601069       -8.6915466         2.0314397       3508.3287                           3079.8012                 23.448412                 396.10607                      8.9729894
              1       1747.4602     0.062497245       4.7479791    0.0067196741       3508.2406      -6.6601069       -8.6915466         2.0314397       3508.2406                           3079.7644                 23.444891                 396.08766                       8.943621
              1       1747.4603     0.062312521        4.743445    0.0066652316       3508.2408      -6.6601069       -8.6915466         2.0314397       3508.2408                           3079.7659                 23.444805                 396.08766                      8.9424927
              1       1747.5448     0.051659857       5.2139631    0.0062392574       3508.4098      -6.6601069       -8.6915466         2.0314397       3508.4098                           3079.9518                  23.44407                 396.08766                      8.9262137
              3        1747.574     0.051118167        5.248367    0.0059579512       3508.4682      -6.6601069       -8.6915466         2.0314397       3508.4682                            3080.016                 23.443586                 396.08766                      8.9209263
              1       1747.5506     0.050579211       5.2116063    0.0061953558       3508.4214      -6.6601069       -8.6915466         2.0314397       3508.4214                           3079.9652                 23.444026                 396.08766                      8.9245571
              2        1747.542     0.054994119       5.2180775    0.0067411266       3508.4042      -6.6601069       -8.6915466         2.0314397       3508.4042                           3079.9337                 23.444833                 396.08766                      8.9379588
              7       1747.7741      0.05982163       5.2832654     0.007071422       3508.8683      -6.6601069       -8.6915466         2.0314397       3508.8683                           3080.3861                 23.445222                 396.08766                      8.9493689
              2       1747.4583     0.057780716       5.1520866     0.008054512       3508.2369      -6.6601069       -8.6915466         2.0314397       3508.2369                           3079.7388                 23.447043                 396.08766                      8.9634353
              2       1747.5185     0.058090023       5.1299964    0.0073127674       3508.3572      -6.6601069       -8.6915466         2.0314397       3508.3572                           3079.8731                 23.445779                 396.08766                      8.9506965
              2       1748.0971     0.065563348       5.2695915     0.007989411       3509.5145      -6.6601069       -8.6915466         2.0314397       3509.5145                           3081.0074                 23.446639                 396.08766                      8.9727635
              3       1748.0019      0.06424876       5.0930723    0.0059281232        3509.324      -6.6601069       -8.6915466         2.0314397        3509.324                           3080.8587                 23.443275                 396.08766                      8.9343453
              2       1747.8417      0.06527281       5.1370651    0.0079341709       3509.0037      -6.6601069       -8.6915466         2.0314397       3509.0037                           3080.4994                 23.446646                 396.08766                      8.9700265
              4       1747.7095     0.047184429       5.0227509    0.0059273494       3508.7392      -6.6601069       -8.6915466         2.0314397       3508.7392                           3080.2715                 23.443756                 396.10607                      8.9179009
              1       1747.6912     0.059446536       5.1882628    0.0067145027       3508.7026      -6.6601069       -8.6915466         2.0314397       3508.7026                            3080.228                 23.444684                 396.08766                      8.9422143
              2       1748.0386     0.060519811       5.0332444    0.0037809688       3509.3974      -6.6601069       -8.6915466         2.0314397       3509.3974                           3080.9761                  23.43975                 396.08766                      8.8938594
              2       1747.8937     0.062895746       5.0390844    0.0055047727       3509.1075      -6.6601069       -8.6915466         2.0314397       3509.1075                           3080.6522                 23.442624                 396.08766                      8.9250694
              1       1747.4725     0.064821432       4.7086927    0.0068349824       3508.2653      -6.6601069       -8.6915466         2.0314397       3508.2653                           3079.7848                  23.44506                 396.08766                      8.9477541
              2       1747.4284     0.064743576       4.8122275    0.0080863605       3508.1769      -6.6601069       -8.6915466         2.0314397       3508.1769                           3079.6723                 23.447136                 396.08766                      8.9698619
              3       1747.5403     0.055250085       4.9406822    0.0057958847       3508.4008      -6.6601069       -8.6915466         2.0314397       3508.4008                           3079.9483                 23.443372                 396.08766                      8.9214369
              4        1747.529     0.064350519       4.5777577    0.0054905824       3508.3782      -6.6601069       -8.6915466         2.0314397       3508.3782                           3079.9238                 23.442854                 396.08766                      8.9238919
              4       1747.5995      0.06452476       4.5633272    0.0048238356       3508.5193      -6.6601069       -8.6915466         2.0314397       3508.5193                           3080.0771                 23.441722                 396.08766                      8.9127868
              1       1747.6801     0.070170751       4.6190478    0.0059315824       3508.6803      -6.6601069       -8.6915466         2.0314397       3508.6803                           3080.2116                 23.443457                 396.08766                      8.9376554
              3       1748.9152     0.071799342        4.926614    0.0035303497       3511.1506      -6.6601069       -8.6915466         2.0314397       3511.1506                            3082.719                 23.439115                 396.08766                      8.9047936
              1       1748.2659      0.06669979       4.8220214     0.003169249        3509.852      -6.6601069       -8.6915466         2.0314397        3509.852                           3081.4355                 23.438694                 396.08766                      8.8901336
              3       1748.0991     0.065157788       4.9236208    0.0042647275       3509.5184      -6.6601069       -8.6915466         2.0314397       3509.5184                           3081.0836                 23.440529                 396.08766                      8.9066502
              1       1747.5934     0.065729195        4.740644    0.0061925802        3508.507      -6.6601069       -8.6915466         2.0314397        3508.507                           3080.0375                 23.443922                 396.08766                      8.9378659
              1       1747.4389     0.055239636       5.1054024    0.0075521645        3508.198      -6.6601069       -8.6915466         2.0314397        3508.198                           3079.7119                 23.446279                 396.08766                      8.9521201
              1       1747.5006     0.057317266       5.1700397    0.0075318338       3508.3213      -6.6601069       -8.6915466         2.0314397       3508.3213                           3079.8337                  23.44615                 396.08766                       8.953855
              1       1747.5232     0.055272156       5.2635777    0.0072624794       3508.3667      -6.6601069       -8.6915466         2.0314397       3508.3667                           3079.8859                 23.445689                 396.08766                      8.9473938
              2       1747.4749     0.055457265       5.2991402    0.0081028442         3508.27      -6.6601069       -8.6915466         2.0314397         3508.27                           3079.7728                   23.4471                 396.08766                      8.9623927
              4       1747.8038     0.045810697       4.9868183    0.0074352276       3508.9277      -6.6601069       -8.6915466         2.0314397       3508.9277                           3080.4312                 23.446385                 396.10607                      8.9440556
              6       1748.3069     0.068551114       4.9630037    0.0050127592        3509.934      -6.6601069       -8.6915466         2.0314397        3509.934                           3081.4808                 23.441693                 396.08766                       8.923889
              3        1748.827     0.072101265         5.05898    0.0055754704       3510.9742      -6.6601069       -8.6915466         2.0314397       3510.9742                           3082.5041                 23.442494                 396.08766                      8.9399859
              1         1748.01     0.059371924       5.2207084    0.0048738739       3509.3402      -6.6601069       -8.6915466         2.0314397       3509.3402                           3080.8994                 23.441524                 396.08766                      8.9116189
              8       1748.5632     0.062589418       5.2866409    0.0041796572       3510.4466      -6.6601069       -8.6915466         2.0314397       3510.4466                            3082.013                 23.440209                 396.08766                       8.905667
              1        1748.016     0.059766906       5.2263343    0.0050449982       3509.3521      -6.6601069       -8.6915466         2.0314397       3509.3521                           3080.9077                 23.441802                 396.08766                      8.9149866
              1       1747.6839     0.068827035       4.6852044    0.0060361484       3508.6881      -6.6601069       -8.6915466         2.0314397       3508.6881                           3080.2185                 23.443621                 396.08766                      8.9383494
              2       1747.7268     0.066769824       4.6024534    0.0045221864       3508.7738      -6.6601069       -8.6915466         2.0314397       3508.7738                           3080.3347                 23.441137                 396.08766                      8.9102656
              6       1747.9152      0.07113422       4.5557915    0.0042068977       3509.1506      -6.6601069       -8.6915466         2.0314397       3509.1506                           3080.7126                 23.440538                 396.08766                      8.9097668
              2       1747.6735     0.062418191       4.6674032     0.004385273       3508.6673      -6.6601069       -8.6915466         2.0314397       3508.6673                           3080.2349                 23.440957                 396.08766                      8.9037666
              1        1747.428     0.064503033       4.6216857    0.0067938464       3508.1761      -6.6601069       -8.6915466         2.0314397       3508.1761                            3079.697                  23.44505                 396.08766                      8.9464806
              1       1747.5222     0.066935233       4.6631437    0.0065755518       3508.3645      -6.6601069       -8.6915466         2.0314397       3508.3645                            3079.887                 23.444598                 396.08766                      8.9452809
              2       1747.5158     0.068078853       4.6935627    0.0072377928       3508.3518      -6.6601069       -8.6915466         2.0314397       3508.3518                           3079.8604                 23.445685                 396.08766                      8.9580427
              1       1747.3739     0.062261013       4.5035204    0.0084468075        3508.068      -6.6601069       -8.6915466         2.0314397        3508.068                           3079.5583                 23.447995                 396.08766                      8.9739751
              2       1747.3229     0.060069015       4.9397915     0.009888117       3507.9661      -6.6601069       -8.6915466         2.0314397       3507.9661                           3079.4301                 23.450255                 396.08766                      8.9980942
              2       1747.3221     0.059591794       4.9282667    0.0099357019       3507.9644      -6.6601069       -8.6915466         2.0314397       3507.9644                           3079.4278                 23.450356                 396.08766                      8.9985716
              3       1747.6465     0.054050237       4.5980397    0.0056388256       3508.6132      -6.6601069       -8.6915466         2.0314397       3508.6132                            3080.164                 23.443314                 396.08766                       8.918293
              2       1747.4557     0.052460872       5.0700865    0.0075750891       3508.2317      -6.6601069       -8.6915466         2.0314397       3508.2317                           3079.7473                 23.446411                 396.08766                      8.9503093
              1        1747.363     0.059107099       4.8492085    0.0083607433       3508.0463      -6.6601069       -8.6915466         2.0314397       3508.0463                           3079.5413                 23.447716                 396.08766                      8.9696046
              1       1747.4804      0.05873937       4.7490354      0.00618478       3508.2811      -6.6601069       -8.6915466         2.0314397       3508.2811                           3079.8184                 23.444062                 396.08766                      8.9309789
              4        1747.845     0.045978586       4.9495372    0.0049094599       3509.0102      -6.6601069       -8.6915466         2.0314397       3509.0102                           3080.5623                 23.442084                 396.10607                      8.8997551
              1       1747.4569     0.059989525       4.5263152    0.0067618596        3508.234      -6.6601069       -8.6915466         2.0314397        3508.234                            3079.759                 23.445146                 396.08766                      8.9421728
              1       1748.0114     0.068342504       4.7847529    0.0047131206        3509.343      -6.6601069       -8.6915466         2.0314397        3509.343                           3080.8973                 23.441309                 396.08766                      8.9166964
              2       1748.0574     0.070017123       4.7269563    0.0045586085       3509.4351      -6.6601069       -8.6915466         2.0314397       3509.4351                           3080.9906                 23.441047                 396.08766                      8.9157538
              3       1748.1917     0.072438962       4.7733815    0.0053103849       3509.7037      -6.6601069       -8.6915466         2.0314397       3509.7037                            3081.242                 23.442241                 396.08766                      8.9318132
              1       1748.0836     0.071075083       4.7884975    0.0054490329       3509.4874      -6.6601069       -8.6915466         2.0314397       3509.4874                           3081.0249                 23.442499                 396.08766                      8.9323866
              1       1747.8915     0.063233231       5.1072008     0.006262495       3509.1032      -6.6601069       -8.6915466         2.0314397       3509.1032                            3080.633                 23.443863                 396.08766                      8.9387003
              1       1747.8946     0.067031538        5.105288    0.0081914338       3509.1094      -6.6601069       -8.6915466         2.0314397       3509.1094                           3080.5981                 23.447061                 396.08766                      8.9764966
              1       1747.9943     0.067576475       5.1305648    0.0081548896       3509.3088      -6.6601069       -8.6915466         2.0314397       3509.3088                           3080.7973                 23.446966                 396.08766                      8.9769079
              1       1748.1583     0.067876219       5.0393248    0.0062605543       3509.6369      -6.6601069       -8.6915466         2.0314397       3509.6369                           3081.1611                 23.443786                 396.08766                      8.9443283
              8       1749.0819     0.071557108       5.2121156    0.0061606088        3511.484      -6.6601069       -8.6915466         2.0314397        3511.484                           3083.0016                 23.443391                 396.08766                      8.9513227
              1       1747.4761     0.063889265       4.8161643    0.0072996221       3508.2725      -6.6601069       -8.6915466         2.0314397       3508.2725                           3079.7837                 23.445808                 396.08766                      8.9552735
              1       1747.5754     0.051212736       5.0680682    0.0057623029       3508.4711      -6.6601069       -8.6915466         2.0314397       3508.4711                           3080.0225                 23.443347                 396.08766                      8.9176092
              1       1747.6407     0.050940014        5.003584    0.0050174158       3508.6016      -6.6601069       -8.6915466         2.0314397       3508.6016                           3080.1672                 23.442117                 396.08766                      8.9046631
              6       1747.7227     0.050974306       5.2945977    0.0046887085       3508.7656      -6.6601069       -8.6915466         2.0314397       3508.7656                           3080.3372                 23.441399                 396.08766                      8.8993391
              1       1748.1535     0.059452238       5.1956194    0.0039582789       3509.6272      -6.6601069       -8.6915466         2.0314397       3509.6272                           3081.2029                 23.439978                 396.08766                      8.8966554
              5       1747.7923     0.055289137       4.8738232    0.0033726678       3508.9047      -6.6601069       -8.6915466         2.0314397       3508.9047                            3080.497                 23.439278                 396.08766                      8.8807835
              1       1747.6138     0.061982766       4.6279699    0.0046470512       3508.5478      -6.6601069       -8.6915466         2.0314397       3508.5478                           3080.1111                 23.441436                 396.08766                      8.9075771
              1       1747.4226     0.061654112       4.8333646    0.0074829539       3508.1653      -6.6601069       -8.6915466         2.0314397       3508.1653                           3079.6752                 23.446163                 396.08766                      8.9562887
              2       1747.4607     0.056828042       4.6725575    0.0076323923       3508.2416      -6.6601069       -8.6915466         2.0314397       3508.2416                           3079.7522                 23.446622                 396.08766                      8.9551234
              2       1747.3248     0.061611728        4.713655    0.0091627342       3507.9698      -6.6601069       -8.6915466         2.0314397       3507.9698                           3079.4469                 23.449112                 396.08766                      8.9861405
              1       1747.5082     0.067300807       4.9478638    0.0098199167       3508.3366      -6.6601069       -8.6915466         2.0314397       3508.3366                           3079.7949                 23.449953                 396.08766                       9.004072
              2       1747.5535     0.070765254       4.8353511     0.009778368       3508.4272      -6.6601069       -8.6915466         2.0314397       3508.4272                           3079.8831                 23.449876                 396.08766                      9.0065964
              1       1747.9598     0.074214044       4.8989027    0.0093093148       3509.2398      -6.6601069       -8.6915466         2.0314397       3509.2398                           3080.6997                 23.448944                 396.08766                      9.0034501
              3       1747.6439     0.071811867       4.7130017    0.0078184688        3508.608      -6.6601069       -8.6915466         2.0314397        3508.608                           3080.1013                 23.446582                 396.08766                      8.9724801
              1       1747.3175     0.061049671       4.7854801    0.0096703404       3507.9553      -6.6601069       -8.6915466         2.0314397       3507.9553                           3079.4228                 23.449952                 396.08766                      8.9949196
              4       1747.3251     0.060697848         4.76024     0.009604305       3507.9704      -6.6601069       -8.6915466         2.0314397       3507.9704                           3079.4395                 23.449862                 396.08766                      8.9934635
              1       1747.3535     0.064474361       4.7915721    0.0089455547       3508.0272      -6.6601069       -8.6915466         2.0314397       3508.0272                           3079.5062                 23.448626                 396.08766                      8.9847428
              2       1747.6238     0.055459873       5.2616929    0.0063495863       3508.5678      -6.6601069       -8.6915466         2.0314397       3508.5678                           3080.1041                 23.444125                 396.08766                      8.9318512
              4        1747.747     0.045382968       5.1387519    0.0054160933       3508.8142      -6.6601069       -8.6915466         2.0314397       3508.8142                            3080.376                 23.442874                 396.08766                      8.9075918
              5       1747.9413     0.048305941       4.6622719    0.0076648073       3509.2027      -6.6601069       -8.6915466         2.0314397       3509.2027                           3080.6986                  23.44687                 396.10607                       8.951142
              2       1747.6617     0.049868175       4.8519018    0.0078015428       3508.6436      -6.6601069       -8.6915466         2.0314397       3508.6436                           3080.1374                 23.446977                 396.10607                      8.9531496
              3       1747.5832     0.051539219        4.839544    0.0077210927       3508.4866      -6.6601069       -8.6915466         2.0314397       3508.4866                           3079.9812                 23.446806                 396.10607                      8.9525757
              2       1747.4014       0.0613066       4.7969298    0.0075381992       3508.1229      -6.6601069       -8.6915466         2.0314397       3508.1229                           3079.6322                 23.446288                 396.08766                      8.9568457
              1       1747.7324     0.060318675       5.1529159    0.0064759074       3508.7849      -6.6601069       -8.6915466         2.0314397       3508.7849                            3080.314                 23.444275                 396.08766                      8.9389926
              3       1747.6133      0.05515113       5.0576792    0.0053785557       3508.5468      -6.6601069       -8.6915466         2.0314397       3508.5468                           3080.1021                 23.442596                 396.08766                      8.9144248
              2       1747.6782     0.055605876       5.0563502    0.0048965918       3508.6766      -6.6601069       -8.6915466         2.0314397       3508.6766                           3080.2404                 23.441763                 396.08766                      8.9067808
              1        1747.689     0.048109527       4.9653819    0.0058754431       3508.6982      -6.6601069       -8.6915466         2.0314397       3508.6982                           3080.2492                 23.443672                 396.08766                      8.9177013
              5       1747.9916     0.047734492       4.6100189    0.0050828139       3509.3034      -6.6601069       -8.6915466         2.0314397       3509.3034                           3080.8497                 23.442495                 396.10607                      8.9051784
              4       1747.7423     0.059054121       4.8855477    0.0043022624       3508.8049      -6.6601069       -8.6915466         2.0314397       3508.8049                           3080.3766                 23.440764                 396.08766                      8.8998215
              2       1747.7516     0.059328817       4.8855989    0.0042940965       3508.8234      -6.6601069       -8.6915466         2.0314397       3508.8234                           3080.3951                 23.440743                 396.08766                      8.8999755
              3       1747.5495     0.060396439       4.8317063    0.0058468398       3508.4192      -6.6601069       -8.6915466         2.0314397       3508.4192                           3079.9612                 23.443398                 396.08766                      8.9268678
              1       1747.5521     0.060514488       4.8329871    0.0058496616       3508.4245      -6.6601069       -8.6915466         2.0314397       3508.4245                           3079.9664                 23.443399                 396.08766                      8.9270365
              1       1747.7071     0.059813882       4.8540385    0.0045525754       3508.7343      -6.6601069       -8.6915466         2.0314397       3508.7343                           3080.3009                 23.441191                 396.08766                      8.9046204
              1       1747.8441     0.058478742       4.9051041    0.0036027622       3509.0083      -6.6601069       -8.6915466         2.0314397       3509.0083                           3080.5933                 23.439575                 396.08766                      8.8878386
              1       1747.7008     0.051501819       5.0220584     0.004302753       3508.7219      -6.6601069       -8.6915466         2.0314397       3508.7219                           3080.3004                 23.440875                 396.08766                      8.8930105
              6       1747.7136     0.053173304       5.1258914    0.0045002073       3508.7474      -6.6601069       -8.6915466         2.0314397       3508.7474                           3080.3207                 23.441111                 396.08766                      8.8979456
              7        1748.235       0.0741916        4.949334      0.00824461       3509.7901      -6.6601069       -8.6915466         2.0314397       3509.7901                           3081.2696                 23.447083                 396.08766                      8.9857621
              2        1747.923     0.067860293       5.0227472    0.0074649667       3509.1662      -6.6601069       -8.6915466         2.0314397       3509.1662                           3080.6684                 23.445855                 396.08766                      8.9643413
              3       1749.9494     0.073389651       5.2833413    0.0050707603        3513.219      -6.6601069       -8.6915466         2.0314397        3513.219                           3084.7509                 23.441426                 396.08766                      8.9390515
              6       1749.9573     0.073237116       5.2861432    0.0049854005       3513.2348      -6.6601069       -8.6915466         2.0314397       3513.2348                           3084.7684                 23.441282                 396.08766                      8.9374753
              3       1747.6405     0.061736873       5.0692781     0.007062989       3508.6012      -6.6601069       -8.6915466         2.0314397       3508.6012                           3080.1181                 23.445295                 396.08766                      8.9501343
              3       1747.7898     0.064532573       5.0809108    0.0073006555       3508.8999      -6.6601069       -8.6915466         2.0314397       3508.8999                           3080.4089                  23.44562                 396.08766                       8.957694
              3       1747.9431     0.068268582       5.0722222    0.0081703311       3509.2064      -6.6601069       -8.6915466         2.0314397       3509.2064                           3080.6943                 23.447016                 396.08766                      8.9774893
              2       1748.6915     0.072551553       5.1817144     0.008143452       3510.7031      -6.6601069       -8.6915466         2.0314397       3510.7031                           3082.1835                 23.446775                 396.08766                      8.9852293
              3       1747.5005     0.054868525       4.8598942    0.0063732373       3508.3212      -6.6601069       -8.6915466         2.0314397       3508.3212                            3079.858                 23.444412                 396.08766                       8.931126
              5       1747.6893      0.04538914       5.1837914    0.0073187031       3508.6989      -6.6601069       -8.6915466         2.0314397       3508.6989                           3080.2059                 23.446102                 396.10607                      8.9408407
              8       1747.4858     0.058305958        4.996681    0.0069244478       3508.2919      -6.6601069       -8.6915466         2.0314397       3508.2919                           3079.8153                 23.445191                 396.08766                      8.9437618
              2       1747.4957     0.051111924       5.0807949    0.0072229923       3508.3116      -6.6601069       -8.6915466         2.0314397       3508.3116                            3079.835                 23.445838                 396.08766                      8.9430788
              3        1747.634     0.050561459       4.9178715    0.0098398691       3508.5882      -6.6601069       -8.6915466         2.0314397       3508.5882                           3080.0405                  23.45042                 396.10607                      8.9911698
              3       1747.6486     0.066122203       5.0263497    0.0086554224       3508.6174      -6.6601069       -8.6915466         2.0314397       3508.6174                           3080.0991                 23.447934                 396.08766                      8.9826462
              7       1747.3205     0.060394363       4.9043312    0.0098097163       3507.9613      -6.6601069       -8.6915466         2.0314397       3507.9613                           3079.4266                 23.450134                 396.08766                      8.9969179
              3       1747.3212      0.06033484       4.8998364    0.0097594008       3507.9627      -6.6601069       -8.6915466         2.0314397       3507.9627                            3079.429                 23.450052                 396.08766                       8.995947
              1       1747.5652     0.055974186       4.7047893    0.0054099168       3508.4506      -6.6601069       -8.6915466         2.0314397       3508.4506                           3080.0047                 23.442826                 396.08766                       8.915414
              1       1747.5718     0.055750689       4.7036722    0.0053748223       3508.4637      -6.6601069       -8.6915466         2.0314397       3508.4637                           3080.0187                 23.442772                 396.08766                      8.9146438
              4       1747.9019     0.058136293       5.0506486    0.0039363591        3509.124      -6.6601069       -8.6915466         2.0314397        3509.124                           3080.7026                 23.440065                 396.08766                      8.8936381
              5       1747.9479     0.056288803        5.267431    0.0044093717       3509.2161      -6.6601069       -8.6915466         2.0314397       3509.2161                           3080.7872                 23.440789                 396.08766                      8.9004689
             13       1747.5477     0.054886164       5.2049916    0.0065922988       3508.4156      -6.6601069       -8.6915466         2.0314397       3508.4156                           3079.9481                  23.44459                 396.08766                      8.9352423
              1       1747.4631     0.057714336       5.0131402    0.0071638908       3508.2464      -6.6601069       -8.6915466         2.0314397       3508.2464                           3079.7657                 23.445605                 396.08766                      8.9474003
              3       1747.9325     0.073005154       4.7261374    0.0064747018       3509.1853      -6.6601069       -8.6915466         2.0314397       3509.1853                           3080.7021                 23.444249                 396.08766                      8.9512589
              1        1747.806     0.068179504       4.9406729    0.0074785087       3508.9323      -6.6601069       -8.6915466         2.0314397       3508.9323                           3080.4345                 23.445928                 396.08766                      8.9641654
              2       1747.3393     0.063836371       4.6608223    0.0083090152       3507.9988      -6.6601069       -8.6915466         2.0314397       3507.9988                           3079.4909                 23.447632                 396.08766                      8.9725844
              1        1747.608     0.059263179       4.7483831    0.0048333517       3508.5363      -6.6601069       -8.6915466         2.0314397       3508.5363                           3080.0984                 23.441744                 396.08766                      8.9084323
              3       1747.6017     0.058214523       4.7935503    0.0049401404       3508.5235      -6.6601069       -8.6915466         2.0314397       3508.5235                           3080.0846                 23.441924                 396.08766                      8.9093644
              1        1747.773     0.058566065       4.8814836    0.0039764129       3508.8662      -6.6601069       -8.6915466         2.0314397       3508.8662                           3080.4444                 23.440223                 396.08766                      8.8939356
              4       1747.7364     0.045922786       5.2660534    0.0046717824        3508.793      -6.6601069       -8.6915466         2.0314397        3508.793                           3080.3689                 23.441527                 396.08766                      8.8948547
              1       1747.6212     0.058031543       4.8856565    0.0050597182       3508.5627      -6.6601069       -8.6915466         2.0314397       3508.5627                           3080.1215                  23.44208                 396.08766                      8.9114148
              6       1747.7585     0.052113439       4.6226837    0.0045246701       3508.8372      -6.6601069       -8.6915466         2.0314397       3508.8372                           3080.4104                 23.441443                 396.08766                      8.8977483
              3       1747.7498     0.052238799       4.6259532    0.0045637711       3508.8198      -6.6601069       -8.6915466         2.0314397       3508.8198                           3080.3921                 23.441505                 396.08766                      8.8984864
              3       1747.7477     0.052267433       4.6267778     0.004573585       3508.8157      -6.6601069       -8.6915466         2.0314397       3508.8157                           3080.3878                 23.441521                 396.08766                      8.8986696
              1       1747.8513     0.047532854       4.8223661    0.0044534166       3509.0227      -6.6601069       -8.6915466         2.0314397       3509.0227                           3080.6006                 23.441328                 396.08766                      8.8931865
              4       1747.3823      0.05654347       5.0922804    0.0086290203       3508.0848      -6.6601069       -8.6915466         2.0314397       3508.0848                           3079.5766                 23.448095                 396.08766                      8.9723788
              1        1747.399     0.056385654       4.8604983    0.0096249579       3508.1182      -6.6601069       -8.6915466         2.0314397       3508.1182                           3079.5715                 23.449941                 396.10607                      8.9906023
              1        1747.595     0.051734766       4.8662022    0.0095838855       3508.5102      -6.6601069       -8.6915466         2.0314397       3508.5102                           3079.9672                 23.449979                 396.10607                      8.9869069
              6       1747.6323     0.051346002       4.8292954    0.0092067477       3508.5848      -6.6601069       -8.6915466         2.0314397       3508.5848                           3080.0495                  23.44936                 396.10607                      8.9798733
              3       1747.4923     0.053588671       4.8553675    0.0089224199       3508.3048      -6.6601069       -8.6915466         2.0314397       3508.3048                           3079.7744                 23.448806                 396.10607                      8.9755943
              1       1747.4226     0.057735029       4.7145791     0.009544682       3508.1654      -6.6601069       -8.6915466         2.0314397       3508.1654                            3079.619                 23.449854                 396.10607                      8.9904358
             10       1747.5752     0.059840307       5.2293203     0.008242981       3508.4706      -6.6601069       -8.6915466         2.0314397       3508.4706                           3079.9664                  23.44726                 396.08766                      8.9692611
              8       1747.4935     0.050550136       5.0918544    0.0083668154       3508.3072      -6.6601069       -8.6915466         2.0314397       3508.3072                           3079.7904                 23.447804                 396.10607                      8.9628936
              4        1747.652     0.049683093       4.9732163     0.005348511       3508.6243      -6.6601069       -8.6915466         2.0314397       3508.6243                           3080.1844                 23.442729                 396.08766                      8.9094916
              5       1747.5462     0.054244884       4.7134385    0.0067002969       3508.4125      -6.6601069       -8.6915466         2.0314397       3508.4125                           3079.9431                 23.445064                 396.08766                      8.9367187
              1       1747.7939     0.055429862       5.0740776    0.0040899212        3508.908      -6.6601069       -8.6915466         2.0314397        3508.908                           3080.4867                 23.440383                 396.08766                      8.8932969
              2       1747.7741     0.054919498        5.093798     0.004212416       3508.8684      -6.6601069       -8.6915466         2.0314397       3508.8684                           3080.4453                 23.440593                 396.08766                      8.8948506
              1       1747.6871     0.055558417       5.0487396    0.0047864475       3508.6944      -6.6601069       -8.6915466         2.0314397       3508.6944                           3080.2603                 23.441581                 396.08766                      8.9048716
              4       1747.8567     0.059540512       5.0526163    0.0046366087       3509.0336      -6.6601069       -8.6915466         2.0314397       3509.0336                            3080.598                 23.441221                 396.08766                      8.9067386
              6       1747.7749     0.050581449       5.1224654    0.0037909499         3508.87      -6.6601069       -8.6915466         2.0314397         3508.87                           3080.4586                 23.439973                 396.08766                      8.8837715
              4       1747.4351      0.05537667        5.277683     0.008485495       3508.1903      -6.6601069       -8.6915466         2.0314397       3508.1903                           3079.6859                  23.44777                 396.08766                      8.9690368
              9       1747.7198     0.045700671        5.106874    0.0069850894       3508.7597      -6.6601069       -8.6915466         2.0314397       3508.7597                           3080.2728                 23.445561                 396.10607                      8.9352888
              1       1747.7135     0.045717159       5.1163106    0.0068978983       3508.7472      -6.6601069       -8.6915466         2.0314397       3508.7472                            3080.262                 23.445406                 396.10607                      8.9336907
              1       1748.0608     0.069599237        4.966598    0.0068673932       3509.4417      -6.6601069       -8.6915466         2.0314397       3509.4417                           3080.9532                  23.44483                 396.08766                       8.956021
              2       1747.6961      0.06622497       4.6087754    0.0046472585       3508.7123      -6.6601069       -8.6915466         2.0314397       3508.7123                           3080.2715                 23.441357                 396.08766                      8.9117811
              1       1747.8455     0.068973428       4.7227935    0.0053462095       3509.0112      -6.6601069       -8.6915466         2.0314397       3509.0112                           3080.5538                 23.442416                 396.08766                       8.927309
              4       1747.4148     0.057807441       4.7159755     0.007821781       3508.1498      -6.6601069       -8.6915466         2.0314397       3508.1498                           3079.6562                   23.4469                 396.08766                       8.959085
              1        1747.513     0.056380232       4.9888006    0.0062906668       3508.3463      -6.6601069       -8.6915466         2.0314397       3508.3463                           3079.8835                 23.444161                 396.08766                       8.930995
              1       1747.5606     0.051909142       4.9491874     0.006037528       3508.4414      -6.6601069       -8.6915466         2.0314397       3508.4414                           3079.9869                 23.443862                 396.08766                      8.9230066
              1       1747.5268     0.049730967       5.1025792    0.0076795973       3508.3738      -6.6601069       -8.6915466         2.0314397       3508.3738                           3079.8712                 23.446644                 396.10607                      8.9499313
              1         1747.67     0.046591938       5.1212507    0.0084224267       3508.6603      -6.6601069       -8.6915466         2.0314397       3508.6603                           3080.1442                 23.447989                 396.10607                      8.9620295
              4       1747.6719     0.047545037       5.0500966    0.0087613409       3508.6641      -6.6601069       -8.6915466         2.0314397       3508.6641                           3080.1404                  23.44858                 396.10607                      8.9690403
              7       1747.4896     0.052464591       4.9416939      0.00811004       3508.2995      -6.6601069       -8.6915466         2.0314397       3508.2995                           3079.7859                 23.447396                 396.10607                      8.9601702
              1       1747.8036     0.060667881       5.0837407    0.0055769871       3508.9274      -6.6601069       -8.6915466         2.0314397       3508.9274                           3080.4731                 23.442776                 396.08766                      8.9238488
              1       1747.9823     0.068320597       4.9786581     0.006821252       3509.2848      -6.6601069       -8.6915466         2.0314397       3509.2848                           3080.7987                 23.444775                 396.08766                      8.9536107
              4       1747.6038     0.066579485       4.6300499    0.0055540594       3508.5278      -6.6601069       -8.6915466         2.0314397       3508.5278                           3080.0699                 23.442883                 396.08766                      8.9274059
              1       1747.2988      0.06600994       4.5384781    0.0091265484       3507.9178      -6.6601069       -8.6915466         2.0314397       3507.9178                           3079.3919                 23.449061                 396.08766                      8.9891018
              4       1747.3335     0.063809633       4.5117261    0.0090149426       3507.9872      -6.6601069       -8.6915466         2.0314397       3507.9872                           3079.4652                 23.448932                 396.08766                      8.9854042
              2       1747.3569     0.062566849       4.5253321    0.0086644379       3508.0341      -6.6601069       -8.6915466         2.0314397       3508.0341                             3079.52                 23.448349                 396.08766                      8.9780871
              2         1748.11     0.047696611       4.5965754    0.0083251529       3509.5402      -6.6601069       -8.6915466         2.0314397       3509.5402                           3081.0221                 23.448044                 396.10607                      8.9639681
              2       1747.4892      0.05622446        4.652977    0.0077967536       3508.2986      -6.6601069       -8.6915466         2.0314397       3508.2986                           3079.8063                 23.446927                 396.08766                      8.9577592
              1       1747.5931     0.054702559       4.6017318    0.0065674986       3508.5063      -6.6601069       -8.6915466         2.0314397       3508.5063                           3080.0388                 23.444885                 396.08766                      8.9350261
              1       1747.5736     0.054709358       4.6348858    0.0065498903       3508.4674      -6.6601069       -8.6915466         2.0314397       3508.4674                           3080.0004                 23.444837                 396.08766                      8.9345977
              1       1747.4932     0.061459604       4.6297012    0.0058052218       3508.3066      -6.6601069       -8.6915466         2.0314397       3508.3066                           3079.8488                 23.443422                 396.08766                      8.9267002
              4       1747.5866     0.059160509       4.6226277    0.0047824062       3508.4934      -6.6601069       -8.6915466         2.0314397       3508.4934                           3080.0567                 23.441731                 396.08766                      8.9073136
              1       1747.3965     0.060014116       4.9169932    0.0080101812       3508.1132      -6.6601069       -8.6915466         2.0314397       3508.1132                           3079.6143                 23.447053                 396.08766                      8.9642005
              4        1747.392     0.057134944       4.9162941     0.007974273       3508.1041      -6.6601069       -8.6915466         2.0314397       3508.1041                           3079.6083                 23.447063                 396.08766                      8.9610987
              3       1747.3919     0.057119839       4.9165563    0.0079777355        3508.104      -6.6601069       -8.6915466         2.0314397        3508.104                           3079.6082                 23.447069                 396.08766                      8.9611485
              1       1747.7235     0.048133431       4.9458245    0.0052274999       3508.7672      -6.6601069       -8.6915466         2.0314397       3508.7672                           3080.3304                 23.442575                 396.08766                      8.9064857
              2       1747.5135     0.058982981       5.0876842    0.0073576131       3508.3472      -6.6601069       -8.6915466         2.0314397       3508.3472                           3079.8614                 23.445859                 396.08766                      8.9522431
              4       1747.4085     0.056240993       5.1027232    0.0081374714       3508.1373      -6.6601069       -8.6915466         2.0314397       3508.1373                            3079.639                 23.447256                 396.08766                      8.9633526
              2       1747.3839     0.057639608       4.8778023    0.0080797417       3508.0881      -6.6601069       -8.6915466         2.0314397       3508.0881                           3079.5898                 23.447253                 396.08766                      8.9633923
              7       1747.3825     0.056600838       4.8589881    0.0091647331       3508.0852      -6.6601069       -8.6915466         2.0314397       3508.0852                           3079.5661                 23.449147                 396.08766                      8.9822823
              1       1747.6092     0.051841304       4.8140721    0.0090209189       3508.5386      -6.6601069       -8.6915466         2.0314397       3508.5386                           3080.0068                 23.449038                 396.10607                      8.9767157
              1       1747.5839     0.051122774       4.9246538    0.0061204385       3508.4879      -6.6601069       -8.6915466         2.0314397       3508.4879                           3080.0323                 23.444036                 396.08766                      8.9239581
              2       1747.6308     0.053279916       4.6810531    0.0056641827       3508.5818      -6.6601069       -8.6915466         2.0314397       3508.5818                           3080.1329                 23.443332                 396.08766                       8.918001
              3        1748.139     0.047200646       4.5092695    0.0040746768       3509.5982      -6.6601069       -8.6915466         2.0314397       3509.5982                           3081.1633                 23.440831                 396.10607                      8.8879599
              4       1748.2498     0.045673728       4.5080609    0.0042251241       3509.8198      -6.6601069       -8.6915466         2.0314397       3509.8198                           3081.3826                 23.441119                 396.10607                      8.8899598
              2       1747.4834     0.058969073       4.5014053    0.0072079282       3508.2869      -6.6601069       -8.6915466         2.0314397       3508.2869                           3079.8039                 23.445944                 396.08766                      8.9494504
              1       1747.9498     0.071471061       4.7510092    0.0059747999       3509.2198      -6.6601069       -8.6915466         2.0314397       3509.2198                           3080.7476                 23.443413                 396.08766                      8.9411789
              2       1748.0268     0.069852675       4.9139222    0.0065834397       3509.3738      -6.6601069       -8.6915466         2.0314397       3509.3738                           3080.8907                 23.444376                 396.08766                      8.9509929
              4       1747.7074     0.065446602       4.8917706    0.0064685722        3508.735      -6.6601069       -8.6915466         2.0314397        3508.735                           3080.2599                 23.444302                 396.08766                      8.9431913
              2       1747.5846     0.065697349       4.9782539    0.0084632822       3508.4895      -6.6601069       -8.6915466         2.0314397       3508.4895                           3079.9758                 23.447649                 396.08766                      8.9784193
              3       1747.9788     0.064080631       4.9570293    0.0047849866       3509.2778      -6.6601069       -8.6915466         2.0314397       3509.2778                           3080.8346                  23.44142                 396.08766                      8.9140256
              3        1747.842     0.056591125       5.1716382     0.004565193       3509.0043      -6.6601069       -8.6915466         2.0314397       3509.0043                           3080.5727                 23.441104                 396.08766                      8.9028313
              5       1747.8958     0.056386825       5.1422237    0.0040072404       3509.1117      -6.6601069       -8.6915466         2.0314397       3509.1117                           3080.6906                 23.440177                 396.08766                      8.8932874
              5       1747.7774     0.053280407       4.7354917    0.0034058936       3508.8751      -6.6601069       -8.6915466         2.0314397       3508.8751                           3080.4684                 23.439454                 396.08766                      8.8795128
              3        1747.516     0.051997592       5.0011636    0.0066593934       3508.3522      -6.6601069       -8.6915466         2.0314397       3508.3522                           3079.8857                 23.444895                 396.08766                      8.9338707
              1       1747.7068     0.055726198       5.1634628    0.0052105002       3508.7338      -6.6601069       -8.6915466         2.0314397       3508.7338                           3080.2914                 23.442233                 396.08766                      8.9125277
              4       1748.0059     0.059474943       5.1426459    0.0043613602       3509.3319      -6.6601069       -8.6915466         2.0314397       3509.3319                           3080.9008                 23.440698                 396.08766                      8.9027808
              2       1747.9954     0.060145542       5.1286036    0.0045626606       3509.3109      -6.6601069       -8.6915466         2.0314397       3509.3109                           3080.8754                 23.441032                 396.08766                      8.9068034
              1       1748.0151     0.062783093        5.046601    0.0048203149       3509.3504      -6.6601069       -8.6915466         2.0314397       3509.3504                           3080.9076                 23.441455                 396.08766                      8.9137222
              1       1747.8044     0.049427727       4.7081035    0.0074267066        3508.929      -6.6601069       -8.6915466         2.0314397        3508.929                           3080.4296                 23.446416                 396.10607                      8.9468962
              1       1747.9195     0.048391173       4.6486571    0.0067623476       3509.1592      -6.6601069       -8.6915466         2.0314397       3509.1592                            3080.673                 23.445331                 396.10607                      8.9347799
              1       1747.9039     0.050263999       4.5766303    0.0079806614        3509.128      -6.6601069       -8.6915466         2.0314397        3509.128                           3080.6162                 23.447409                 396.10607                      8.9582615
              2       1748.1683     0.047729068       4.5342027    0.0080122161       3509.6569      -6.6601069       -8.6915466         2.0314397       3509.6569                           3081.1446                 23.447536                 396.10607                      8.9586628
             10       1747.6003     0.049981087       5.1714238    0.0055968636       3508.5209      -6.6601069       -8.6915466         2.0314397       3508.5209                           3080.0764                 23.443042                 396.08766                      8.9137644
              4        1747.971     0.071509603       5.0067221    0.0091055852       3509.2621      -6.6601069       -8.6915466         2.0314397       3509.2621                           3080.7285                 23.448582                 396.08766                      8.9974337
              3       1747.5039     0.067972543       4.8933348    0.0095173938       3508.3281      -6.6601069       -8.6915466         2.0314397       3508.3281                           3079.7919                 23.449456                 396.08766                      8.9991006
              5       1747.5329     0.068443127       4.9006465    0.0095479556        3508.386      -6.6601069       -8.6915466         2.0314397        3508.386                           3079.8486                 23.449492                 396.08766                      9.0002411
              3       1747.6614     0.069430824       4.9259428    0.0091514135        3508.643      -6.6601069       -8.6915466         2.0314397        3508.643                            3080.112                  23.44877                 396.08766                      8.9946098
              6       1747.2989     0.069880516        4.579291    0.0098550808       3507.9181      -6.6601069       -8.6915466         2.0314397       3507.9181                           3079.3744                 23.450203                 396.08766                      9.0058005
              6       1747.3848     0.074997816       4.5240048    0.0097221806       3508.0898      -6.6601069       -8.6915466         2.0314397       3508.0898                           3079.5439                 23.449905                 396.08766                      9.0083352
              4       1747.4385     0.074612419       4.5770528    0.0095286993       3508.1973      -6.6601069       -8.6915466         2.0314397       3508.1973                           3079.6553                 23.449544                 396.08766                      9.0047527
              3       1747.3194      0.06804913       4.5891154    0.0089074375       3507.9589      -6.6601069       -8.6915466         2.0314397       3507.9589                           3079.4357                 23.448611                 396.08766                      8.9869977
             15       1747.3382     0.068595092       4.5827121    0.0086294049       3507.9966      -6.6601069       -8.6915466         2.0314397       3507.9966                           3079.4783                 23.448127                 396.08766                      8.9825154
              2       1747.4389     0.060333213        5.075092     0.008608725       3508.1981      -6.6601069       -8.6915466         2.0314397       3508.1981                           3079.6869                 23.447972                 396.08766                      8.9755406
              1       1747.4963     0.053764053       4.8268226    0.0080843532       3508.3128      -6.6601069       -8.6915466         2.0314397       3508.3128                           3079.7984                 23.447382                 396.10607                      8.9608558
              1       1747.8416     0.045342662       5.0334448    0.0087280796       3509.0034      -6.6601069       -8.6915466         2.0314397       3509.0034                           3080.4811                 23.448588                 396.10607                      8.9676549
              2       1747.5394     0.049306569       5.1408614     0.009736695        3508.399      -6.6601069       -8.6915466         2.0314397        3508.399                           3079.8552                 23.450159                 396.10607                      8.9875759
              1       1747.4593     0.055797956       5.2114685     0.007854605       3508.2388      -6.6601069       -8.6915466         2.0314397       3508.2388                           3079.7463                 23.446719                 396.08766                      8.9581328
              5       1747.4657     0.056013375       5.2189292    0.0078728395       3508.2517      -6.6601069       -8.6915466         2.0314397       3508.2517                           3079.7586                 23.446739                 396.08766                      8.9586801
              4       1747.4697     0.051960278       5.1700503    0.0072650473       3508.2597      -6.6601069       -8.6915466         2.0314397       3508.2597                           3079.7818                 23.445839                 396.08766                      8.9443613
              3       1747.5217     0.051588878        5.204182    0.0065171957       3508.3636      -6.6601069       -8.6915466         2.0314397       3508.3636                           3079.9004                 23.444552                 396.08766                      8.9309651
              1       1747.5747     0.048813967       5.1717338    0.0062889557       3508.4696      -6.6601069       -8.6915466         2.0314397       3508.4696                           3080.0128                 23.444255                 396.08766                      8.9248945
              1       1747.5856     0.049254294       5.1624343    0.0059615442       3508.4915      -6.6601069       -8.6915466         2.0314397       3508.4915                           3080.0406                 23.443689                 396.08766                      8.9195184
              1       1747.5834     0.049349347       5.1514625    0.0059897445        3508.487      -6.6601069       -8.6915466         2.0314397        3508.487                           3080.0355                  23.44374                 396.08766                      8.9200885
              4       1747.7563     0.045512486       5.1243524    0.0054259388       3508.8329      -6.6601069       -8.6915466         2.0314397       3508.8329                            3080.376                 23.442894                 396.10607                      8.9078797
              6       1747.5383     0.053373617       4.8657083    0.0061768391       3508.3969      -6.6601069       -8.6915466         2.0314397       3508.3969                           3079.9385                 23.444109                 396.08766                      8.9265946
              5       1747.5755     0.051810493        4.848759    0.0065123048       3508.4711      -6.6601069       -8.6915466         2.0314397       3508.4711                           3080.0073                 23.444728                 396.08766                      8.9314724
              2       1747.5808     0.050229466       4.9508966    0.0072909911       3508.4817      -6.6601069       -8.6915466         2.0314397       3508.4817                           3079.9859                 23.446045                 396.10607                      8.9436873
              4       1748.1411     0.046487197       4.6765089    0.0086702794       3509.6024      -6.6601069       -8.6915466         2.0314397       3509.6024                           3081.0782                 23.448626                 396.10607                      8.9694478
              6       1747.7297      0.04528906       5.1322703      0.00670229       3508.7797      -6.6601069       -8.6915466         2.0314397       3508.7797                           3080.2986                 23.445076                 396.10607                       8.929921
              2       1747.4118     0.052852034       5.0952429    0.0087714987       3508.1438      -6.6601069       -8.6915466         2.0314397       3508.1438                            3079.636                 23.448435                 396.08766                      8.9717127
              2       1747.4257     0.057993305       4.9876776    0.0075918388       3508.1717      -6.6601069       -8.6915466         2.0314397       3508.1717                           3079.6826                 23.446345                 396.08766                       8.955103
              1       1747.4626     0.058885503       5.0488602    0.0076362683       3508.2453      -6.6601069       -8.6915466         2.0314397       3508.2453                           3079.7544                 23.446361                 396.08766                       8.956869
              2       1747.6498     0.046769684       5.2447481    0.0056428499       3508.6198      -6.6601069       -8.6915466         2.0314397       3508.6198                           3080.1769                 23.443171                 396.08766                      8.9121381
              1       1748.5627     0.069708077       5.2070173    0.0072546698       3510.4456      -6.6601069       -8.6915466         2.0314397       3510.4456                           3081.9467                 23.445314                 396.08766                      8.9660143
              4       1747.6487     0.068647639          4.8367    0.0077370371       3508.6176      -6.6601069       -8.6915466         2.0314397       3508.6176                           3080.1152                  23.44643                 396.08766                      8.9682738
              2       1747.9664     0.068671901       4.9056723    0.0062869737        3509.253      -6.6601069       -8.6915466         2.0314397        3509.253                           3080.7771                 23.443904                 396.08766                      8.9443446
              2       1747.8345     0.046912048       4.8555599    0.0055793917       3508.9891      -6.6601069       -8.6915466         2.0314397       3508.9891                           3080.5275                 23.443248                 396.10607                      8.9122908
              3       1747.7418     0.060542713       5.0791661    0.0059167727       3508.8038      -6.6601069       -8.6915466         2.0314397       3508.8038                           3080.3434                 23.443362                 396.08766                      8.9293696
              1       1747.6821     0.049840831       4.8768506    0.0053330256       3508.6844      -6.6601069       -8.6915466         2.0314397       3508.6844                           3080.2445                 23.442747                 396.08766                      8.9095455
              2       1747.6855     0.052442139       4.7545013    0.0046313043       3508.6912      -6.6601069       -8.6915466         2.0314397       3508.6912                           3080.2625                 23.441551                 396.08766                      8.8994607
              9       1747.7252      0.05311754        4.636185    0.0043770065       3508.7705      -6.6601069       -8.6915466         2.0314397       3508.7705                           3080.3459                 23.441163                 396.08766                      8.8958359
              2       1747.7214     0.054517633       4.6688753    0.0038594867       3508.7629      -6.6601069       -8.6915466         2.0314397       3508.7629                            3080.347                 23.440234                 396.08766                      8.8880668
              4       1747.7351     0.055047115       4.6636603    0.0036345566       3508.7905      -6.6601069       -8.6915466         2.0314397       3508.7905                           3080.3783                 23.439842                 396.08766                      8.8847278
              1       1747.7484     0.054214161       4.6675635    0.0036324653       3508.8169      -6.6601069       -8.6915466         2.0314397       3508.8169                           3080.4054                 23.439854                 396.08766                      8.8840448
              9       1747.9536     0.057826789       5.2850632    0.0050608941       3509.2275      -6.6601069       -8.6915466         2.0314397       3509.2275                           3080.7848                 23.441846                 396.08766                      8.9131952
              6        1747.656     0.058006324       5.1954852    0.0064944226       3508.6323      -6.6601069       -8.6915466         2.0314397       3508.6323                           3080.1634                 23.444343                 396.08766                      8.9368276
              1       1747.6417      0.05230054       4.9532521    0.0048228045       3508.6036      -6.6601069       -8.6915466         2.0314397       3508.6036                           3080.1717                 23.441778                 396.08766                      8.9024176
              3       1747.4939     0.059565427       4.5982543    0.0059007022        3508.308      -6.6601069       -8.6915466         2.0314397        3508.308                           3079.8499                 23.443644                 396.08766                      8.9267541
              4       1747.4941     0.059526203       4.5978507    0.0059055006       3508.3083      -6.6601069       -8.6915466         2.0314397       3508.3083                           3079.8502                 23.443653                 396.08766                      8.9268061
              5       1747.5018     0.059423898       4.5909097    0.0058187887       3508.3238      -6.6601069       -8.6915466         2.0314397       3508.3238                           3079.8674                 23.443511                 396.08766                      8.9252324
              5       1747.6683     0.065236235       4.7256125     0.005364506       3508.6568      -6.6601069       -8.6915466         2.0314397       3508.6568                           3080.2033                 23.442529                 396.08766                      8.9232958
              5       1747.8867     0.072919884       4.6691953    0.0060816129       3509.0936      -6.6601069       -8.6915466         2.0314397       3509.0936                           3080.6184                  23.44362                 396.08766                      8.9439542
             10        1747.852      0.07194143       4.6557817    0.0057669135       3509.0243      -6.6601069       -8.6915466         2.0314397       3509.0243                           3080.5561                 23.443113                 396.08766                      8.9373378
              1       1747.8274     0.059460972       4.9204268     0.004004357        3508.975      -6.6601069       -8.6915466         2.0314397        3508.975                           3080.5516                 23.440226                 396.08766                      8.8955285
              6       1747.4588     0.059410739        4.506248    0.0081386772       3508.2378      -6.6601069       -8.6915466         2.0314397       3508.2378                           3079.7362                 23.447524                 396.08766                      8.9664859
              6       1747.3389     0.063268608       4.5323719    0.0095778243       3507.9981      -6.6601069       -8.6915466         2.0314397       3507.9981                           3079.4652                 23.449896                 396.08766                       8.995306
              3       1747.5609     0.058693427       4.7238902    0.0051968656        3508.442      -6.6601069       -8.6915466         2.0314397        3508.442                           3079.9979                 23.442391                 396.08766                      8.9140242
              1        1747.524     0.057263973       4.7520445    0.0057081111       3508.3682      -6.6601069       -8.6915466         2.0314397       3508.3682                           3079.9157                  23.44328                 396.08766                      8.9215296
              2       1748.5103     0.065600903       5.2768202    0.0058905817       3510.3408      -6.6601069       -8.6915466         2.0314397       3510.3408                           3081.8722                 23.443048                 396.08766                      8.9378856
              6       1749.4908      0.07461657       5.0923266    0.0048586366       3512.3018      -6.6601069       -8.6915466         2.0314397       3512.3018                           3083.8392                 23.441181                 396.08766                      8.9337162
              1       1747.7682     0.056518006       5.2300115    0.0053850075       3508.8566      -6.6601069       -8.6915466         2.0314397       3508.8566                           3080.4098                 23.442469                 396.08766                      8.9166289
              4        1747.664     0.057372338       5.1880127    0.0061618988       3508.6483      -6.6601069       -8.6915466         2.0314397       3508.6483                           3080.1864                 23.443797                 396.08766                      8.9304331
              3       1747.3815      0.06730838       4.7607039    0.0092112766       3508.0833      -6.6601069       -8.6915466         2.0314397       3508.0833                           3079.5543                 23.449036                 396.08766                      8.9922224
             11       1747.5652     0.074894375       4.6756222    0.0096805756       3508.4506      -6.6601069       -8.6915466         2.0314397       3508.4506                           3079.9047                 23.449728                 396.08766                       9.008507
              9       1747.6622      0.06290928       5.0559435    0.0072632627       3508.6447      -6.6601069       -8.6915466         2.0314397       3508.6447                           3080.1565                 23.445615                 396.08766                      8.9548656
              2       1747.9661     0.064464754       4.9876895    0.0052650169       3509.2524      -6.6601069       -8.6915466         2.0314397       3509.2524                           3080.7999                 23.442209                 396.08766                       8.922672
              7       1747.6514     0.056758604       4.7545523    0.0043427978        3508.623      -6.6601069       -8.6915466         2.0314397        3508.623                           3080.1964                 23.440961                 396.08766                       8.897986
              2       1747.4678     0.057025561       5.0163286    0.0070109213       3508.2558      -6.6601069       -8.6915466         2.0314397       3508.2558                           3079.7787                 23.445359                 396.08766                      8.9441036
              1       1747.7305     0.066353782       4.9353505    0.0070971963       3508.7812      -6.6601069       -8.6915466         2.0314397       3508.7812                           3080.2929                 23.445325                 396.08766                      8.9553027
              1       1747.4127     0.066283086       4.7557449    0.0083151827       3508.1456      -6.6601069       -8.6915466         2.0314397       3508.1456                           3079.6351                 23.447528                 396.08766                      8.9752455
              2         1747.46     0.063754992       4.5021724    0.0059806456       3508.2403      -6.6601069       -8.6915466         2.0314397       3508.2403                           3079.7773                 23.443748                 396.08766                      8.9315947
              6        1747.591     0.058573791       4.7943084    0.0050704937       3508.5022      -6.6601069       -8.6915466         2.0314397       3508.5022                           3080.0605                 23.442138                 396.08766                      8.9118931
              5       1747.4583     0.056453696       5.1241634    0.0075381438       3508.2368      -6.6601069       -8.6915466         2.0314397       3508.2368                           3079.7499                 23.446212                 396.08766                      8.9530045
              2         1747.77     0.048709092       5.0146053    0.0039799928       3508.8601      -6.6601069       -8.6915466         2.0314397       3508.8601                           3080.4466                 23.440399                 396.08766                      8.8854384
              4       1747.8748     0.045272135       4.9871746    0.0043850267       3509.0697      -6.6601069       -8.6915466         2.0314397       3509.0697                           3080.6507                 23.441189                 396.08766                      8.8902083
              2       1747.7371     0.060630704       5.1033625    0.0061685485       3508.7945      -6.6601069       -8.6915466         2.0314397       3508.7945                           3080.3292                 23.443774                 396.08766                      8.9338601
              3       1747.3301     0.060943206       4.7628319    0.0090469191       3507.9804      -6.6601069       -8.6915466         2.0314397       3507.9804                           3079.4604                 23.448899                 396.08766                      8.9834763
              4       1747.3322     0.058698289       4.8935602    0.0098784521       3507.9846      -6.6601069       -8.6915466         2.0314397       3507.9846                           3079.4498                   23.4503                 396.08766                      8.9968419
              1       1747.3318     0.060882079        4.729704    0.0091499344       3507.9838      -6.6601069       -8.6915466         2.0314397       3507.9838                           3079.4618                 23.449097                 396.08766                      8.9853289
              3        1748.009     0.066756103       5.0437371    0.0065910316       3509.3382      -6.6601069       -8.6915466         2.0314397       3509.3382                           3080.8579                 23.444376                 396.08766                      8.9483098
              7       1749.3077     0.070693687       5.2135206    0.0047884746       3511.9356      -6.6601069       -8.6915466         2.0314397       3511.9356                            3083.479                 23.441074                 396.08766                      8.9278744
              1       1748.5305     0.066873787       5.1505073    0.0051201269       3510.3813      -6.6601069       -8.6915466         2.0314397       3510.3813                           3081.9262                 23.441788                 396.08766                      8.9256235
              2       1747.5475     0.061203558       4.5214803    0.0050442466       3508.4152      -6.6601069       -8.6915466         2.0314397       3508.4152                           3079.9719                 23.442191                 396.08766                      8.9134245
              4       1747.8402     0.049442759       4.6711401    0.0050045737       3509.0005      -6.6601069       -8.6915466         2.0314397       3509.0005                           3080.5478                 23.442296                 396.10607                      8.9043329
              3       1747.8551     0.048389532       4.7386498    0.0045649085       3509.0305      -6.6601069       -8.6915466         2.0314397       3509.0305                           3080.6054                 23.441538                 396.08766                      8.8958831
              2       1747.8542     0.048363486       4.7438823    0.0045376124       3509.0286      -6.6601069       -8.6915466         2.0314397       3509.0286                           3080.6041                 23.441489                 396.08766                      8.8953781
              8       1747.8637      0.04699525       4.8163599    0.0052947567       3509.0477      -6.6601069       -8.6915466         2.0314397       3509.0477                           3080.5913                 23.442778                 396.10607                      8.9075153
              2       1747.9202     0.049421219       4.5879917     0.004227637       3509.1607      -6.6601069       -8.6915466         2.0314397       3509.1607                           3080.7407                  23.44101                 396.08766                      8.8912537
              5       1747.6533     0.050192675       4.8935165    0.0055268114       3508.6267      -6.6601069       -8.6915466         2.0314397       3508.6267                           3080.1829                 23.443061                 396.08766                      8.9130839
              2       1747.7134     0.054329151       5.0554935    0.0044168617        3508.747      -6.6601069       -8.6915466         2.0314397        3508.747                           3080.3208                 23.440979                 396.08766                      8.8975233
              2       1747.8549       0.0610586       4.9218765    0.0042583363         3509.03      -6.6601069       -8.6915466         2.0314397         3509.03                           3080.6003                 23.440619                 396.08766                      8.9014869
              5       1749.8495     0.073936153       5.1820134      0.00439992       3513.0193      -6.6601069       -8.6915466         2.0314397       3513.0193                            3084.564                 23.440348                 396.08766                      8.9272987
              1       1749.8343     0.073778137       5.1864619    0.0044148532       3512.9888      -6.6601069       -8.6915466         2.0314397       3512.9888                           3084.5334                 23.440374                 396.08766                      8.9273231
              5       1750.0297     0.073038241       5.2583643    0.0042627404       3513.3797      -6.6601069       -8.6915466         2.0314397       3513.3797                           3084.9268                 23.440079                 396.08766                      8.9251962
              1       1749.8976     0.073395329        5.248447    0.0047831854       3513.1154      -6.6601069       -8.6915466         2.0314397       3513.1154                            3084.653                 23.440963                 396.08766                      8.9337462
              1       1747.6612     0.068054756       5.0389707    0.0099051899       3508.6426      -6.6601069       -8.6915466         2.0314397       3508.6426                           3080.0978                 23.450017                 396.08766                      9.0071956
              1       1747.6299     0.066210616       5.0994722    0.0098577454       3508.5801      -6.6601069       -8.6915466         2.0314397       3508.5801                            3080.038                 23.449941                 396.08766                      9.0045163
              2       1747.4861      0.05443811       4.7820003    0.0078602109       3508.2923      -6.6601069       -8.6915466         2.0314397       3508.2923                           3079.8003                 23.447007                 396.08766                      8.9573631
              3       1747.9862     0.063967237       4.7462676    0.0031823005       3509.2925      -6.6601069       -8.6915466         2.0314397       3509.2925                           3080.8798                 23.438827                 396.08766                      8.8862558
              7       1748.0674     0.068389247       4.8466495    0.0050012536        3509.455      -6.6601069       -8.6915466         2.0314397        3509.455                           3081.0035                 23.441758                 396.08766                      8.9221033
              4       1747.4303      0.06069922       4.5188324     0.007142696       3508.1808      -6.6601069       -8.6915466         2.0314397       3508.1808                            3079.698                 23.445787                 396.08766                      8.9494352
              2       1747.4025     0.063229084       4.5084964    0.0069133833       3508.1252      -6.6601069       -8.6915466         2.0314397       3508.1252                           3079.6449                 23.445349                 396.08766                      8.9473757
             31       1747.4391     0.062172867       4.5070867    0.0064444343       3508.1984      -6.6601069       -8.6915466         2.0314397       3508.1984                           3079.7279                  23.44457                 396.08766                      8.9383261
              6       1749.4067     0.073099536       5.1174493    0.0046166823       3512.1337      -6.6601069       -8.6915466         2.0314397       3512.1337                           3083.6776                 23.440789                 396.08766                      8.9276498
              2       1749.0366     0.073347707       4.9886891    0.0045369382       3511.3934      -6.6601069       -8.6915466         2.0314397       3511.3934                           3082.9407                 23.440745                 396.08766                      8.9242624
              5       1748.1256     0.070084788       4.9652677    0.0067314337       3509.5715      -6.6601069       -8.6915466         2.0314397       3509.5715                           3081.0848                 23.444587                 396.08766                      8.9544166
              4       1747.9923     0.068202773       4.8578862    0.0054461044       3509.3048      -6.6601069       -8.6915466         2.0314397       3509.3048                           3080.8454                 23.442513                 396.08766                      8.9292731
              2       1747.4986     0.057526488       5.0487748    0.0068905047       3508.3174      -6.6601069       -8.6915466         2.0314397       3508.3174                           3079.8421                 23.445122                 396.08766                      8.9425569
              2       1747.6231     0.061053369       5.0405434    0.0067089952       3508.5664      -6.6601069       -8.6915466         2.0314397       3508.5664                           3080.0909                 23.444726                 396.08766                      8.9431327
              6       1747.5733     0.063467148       5.0069826    0.0078160345       3508.4667      -6.6601069       -8.6915466         2.0314397       3508.4667                           3079.9678                 23.446578                 396.08766                      8.9647326
              1        1747.484     0.049895308       5.2140148    0.0075959472       3508.2882      -6.6601069       -8.6915466         2.0314397       3508.2882                           3079.8058                 23.446437                 396.08766                      8.9482996
              6       1747.4963     0.049643082        5.196034    0.0075196028       3508.3129      -6.6601069       -8.6915466         2.0314397       3508.3129                           3079.8321                 23.446323                 396.08766                       8.946796
              1       1747.3617     0.054901948       5.1862949    0.0095473293       3508.0437      -6.6601069       -8.6915466         2.0314397       3508.0437                           3079.5191                 23.449657                 396.08766                      8.9872877
              3       1747.3614     0.055188916       5.1838621    0.0095156581        3508.043      -6.6601069       -8.6915466         2.0314397        3508.043                           3079.5184                 23.449597                 396.08766                      8.9873104
              4       1747.8886     0.046678919        4.830789    0.0076621897       3509.0975      -6.6601069       -8.6915466         2.0314397       3509.0975                           3080.5952                 23.446825                 396.10607                      8.9494256
              3       1747.3979     0.055853045       5.0263768    0.0080973018       3508.1161      -6.6601069       -8.6915466         2.0314397       3508.1161                            3079.619                 23.447242                 396.08766                      8.9622572
              2       1747.4843     0.051996114       4.9916198     0.008216993       3508.2887      -6.6601069       -8.6915466         2.0314397       3508.2887                           3079.7738                 23.447564                 396.10607                      8.9613137
              4       1747.6237     0.052379807       4.7461793    0.0058778709       3508.5677      -6.6601069       -8.6915466         2.0314397       3508.5677                           3080.1154                 23.443684                 396.08766                      8.9209745
              1       1747.7884     0.054795807       4.6986335    0.0031529995       3508.8969      -6.6601069       -8.6915466         2.0314397       3508.8969                           3080.4937                 23.439009                 396.08766                      8.8765369
              2       1747.7283     0.057532903       4.5808172     0.003474477       3508.7769      -6.6601069       -8.6915466         2.0314397       3508.7769                           3080.3656                  23.43956                 396.08766                      8.8840646
              1       1747.7178     0.066313906       4.5395394     0.004113156       3508.7558      -6.6601069       -8.6915466         2.0314397       3508.7558                           3080.3249                 23.440488                 396.08766                      8.9027035
              7       1748.2113     0.065235039          5.1618    0.0059420982       3509.7428      -6.6601069       -8.6915466         2.0314397       3509.7428                           3081.2752                 23.443226                 396.08766                      8.9367013
              1       1747.9805     0.064947732        4.966425    0.0051903575       3509.2813      -6.6601069       -8.6915466         2.0314397       3509.2813                           3080.8297                 23.442083                 396.08766                      8.9218736
              1       1748.1773      0.07039808       4.9745769    0.0067198546       3509.6749      -6.6601069       -8.6915466         2.0314397       3509.6749                           3081.1879                 23.444552                 396.08766                      8.9547951
              2       1748.1679     0.070519933       4.9643508    0.0067127158       3509.6561      -6.6601069       -8.6915466         2.0314397       3509.6561                           3081.1692                 23.444544                 396.08766                      8.9547188
              2       1747.8648     0.055322052       5.1887488    0.0041599739       3509.0497      -6.6601069       -8.6915466         2.0314397       3509.0497                           3080.6268                 23.440438                 396.08766                      8.8948203
              4       1747.8641     0.055310834        4.971688    0.0031887174       3509.0484      -6.6601069       -8.6915466         2.0314397       3509.0484                           3080.6438                  23.43891                 396.08766                      8.8780769
              1       1747.4123     0.063913309       4.6468324    0.0070348625       3508.1448      -6.6601069       -8.6915466         2.0314397       3508.1448                           3079.6615                 23.445459                 396.08766                      8.9501895
              1       1747.3499      0.05693049       5.1422055    0.0097894884         3508.02      -6.6601069       -8.6915466         2.0314397         3508.02                           3079.4885                 23.450044                 396.08766                      8.9937486
              2       1747.4119     0.053165814       5.0879384    0.0098020198       3508.1439      -6.6601069       -8.6915466         2.0314397       3508.1439                           3079.5968                 23.450197                 396.10607                      8.9908907
              4        1747.313     0.066534378       4.6981771    0.0096189228       3507.9461      -6.6601069       -8.6915466         2.0314397       3507.9461                           3079.4101                 23.449793                 396.08766                      8.9986017
              2       1747.3054     0.065608029       4.6732092    0.0093976316        3507.931      -6.6601069       -8.6915466         2.0314397        3507.931                           3079.4002                  23.44945                 396.08766                      8.9937147
              2       1747.4349     0.059720547       4.5737171    0.0095821725       3508.1899      -6.6601069       -8.6915466         2.0314397       3508.1899                            3079.641                 23.449954                 396.10607                       8.992909
             19       1747.4213     0.059750939        4.593438    0.0095782683       3508.1629      -6.6601069       -8.6915466         2.0314397       3508.1629                           3079.6141                 23.449935                 396.10607                      8.9927734
              4       1747.4292     0.059442777       4.6062063    0.0097555179       3508.1786      -6.6601069       -8.6915466         2.0314397       3508.1786                           3079.6264                 23.450239                 396.10607                      8.9958249
              2       1747.4408     0.060508934       4.5368683     0.009951605       3508.2019      -6.6601069       -8.6915466         2.0314397       3508.2019                           3079.6448                 23.450592                 396.10607                      9.0004378
              1       1747.4368     0.060654046       4.5347552    0.0099573698       3508.1939      -6.6601069       -8.6915466         2.0314397       3508.1939                           3079.6366                   23.4506                 396.10607                      9.0006427
              1       1747.9823     0.063026706       4.7671822    0.0030924852       3509.2848      -6.6601069       -8.6915466         2.0314397       3509.2848                           3080.8746                 23.438682                 396.08766                      8.8838713
              4       1747.8231     0.071182786       4.5469281    0.0046882747       3508.9665      -6.6601069       -8.6915466         2.0314397       3508.9665                           3080.5199                 23.441363                 396.08766                      8.9176093
              1        1747.687     0.069876335       4.5251276    0.0050357877       3508.6941      -6.6601069       -8.6915466         2.0314397       3508.6941                           3080.2428                 23.441996                 396.08766                      8.9217004
              1        1747.676     0.070163672       4.5006902    0.0050077934       3508.6722      -6.6601069       -8.6915466         2.0314397       3508.6722                           3080.2212                 23.441959                 396.08766                      8.9213965
              5       1747.9347     0.070821989       4.5737374    0.0041510747       3509.1896      -6.6601069       -8.6915466         2.0314397       3509.1896                           3080.7528                 23.440437                 396.08766                      8.9086435
              5       1749.2156     0.074846226       5.0810698    0.0058716439       3511.7514      -6.6601069       -8.6915466         2.0314397       3511.7514                           3083.2709                 23.442911                 396.08766                      8.9499591
              1       1748.5973     0.073836706       5.0805643    0.0079796706       3510.5149      -6.6601069       -8.6915466         2.0314397       3510.5149                           3081.9978                 23.446539                 396.08766                      8.9828472
              1        1748.202      0.07317168       4.9575343    0.0079301508       3509.7242      -6.6601069       -8.6915466         2.0314397       3509.7242                            3081.211                 23.446564                 396.08766                      8.9790074
              1       1747.7218     0.066530583       4.7073494    0.0052216855       3508.7637      -6.6601069       -8.6915466         2.0314397       3508.7637                           3080.3116                 23.442268                 396.08766                      8.9222441
              1       1747.5523     0.068527994       4.5561198    0.0059495421       3508.4249      -6.6601069       -8.6915466         2.0314397       3508.4249                           3079.9579                 23.443564                 396.08766                      8.9357683
              2       1747.4415      0.06439156       4.5698373    0.0064046312       3508.2032      -6.6601069       -8.6915466         2.0314397       3508.2032                           3079.7316                 23.444419                 396.08766                      8.9395462
              3       1747.5744     0.051278965        5.097327    0.0057564873       3508.4691      -6.6601069       -8.6915466         2.0314397       3508.4691                           3080.0206                  23.44332                 396.08766                       8.917549
              1        1747.527      0.05096777       4.9847084    0.0084273054       3508.3741      -6.6601069       -8.6915466         2.0314397       3508.3741                           3079.8555                 23.447954                 396.10607                       8.964578
              3       1747.5545      0.04886364       5.1124555    0.0086044864       3508.4292      -6.6601069       -8.6915466         2.0314397       3508.4292                           3079.9086                 23.448245                 396.10607                      8.9662417
              4       1747.5524     0.055815436       5.0308945    0.0059522318       3508.4251      -6.6601069       -8.6915466         2.0314397       3508.4251                           3079.9691                 23.443573                 396.08766                       8.924746
              1       1747.5871     0.055978695       5.0498462    0.0057144885       3508.4943      -6.6601069       -8.6915466         2.0314397       3508.4943                           3080.0426                 23.443152                 396.08766                      8.9208938
              1       1747.5812     0.055226215       5.0719944    0.0057417139       3508.4826      -6.6601069       -8.6915466         2.0314397       3508.4826                           3080.0311                 23.443205                 396.08766                       8.920688
              2       1747.6042     0.057051252       5.1150864    0.0061132879       3508.5287      -6.6601069       -8.6915466         2.0314397       3508.5287                           3080.0683                 23.443767                 396.08766                      8.9289538
              9       1747.6681     0.056672326       5.0185929    0.0050090729       3508.6564      -6.6601069       -8.6915466         2.0314397       3508.6564                           3080.2172                 23.441949                 396.08766                      8.9096196
              1       1747.7057     0.063149473       4.9679282     0.006259279       3508.7315      -6.6601069       -8.6915466         2.0314397       3508.7315                           3080.2625                 23.443951                 396.08766                      8.9374678
              1       1747.4062      0.05868845          4.7974     0.007413032       3508.1326      -6.6601069       -8.6915466         2.0314397       3508.1326                           3079.6464                 23.446134                 396.08766                      8.9523904
              2       1747.7556     0.052243665       4.6194148    0.0045169803       3508.8314      -6.6601069       -8.6915466         2.0314397       3508.8314                           3080.4046                 23.441428                 396.08766                      8.8977075
              1        1747.764     0.052587825       4.5613805    0.0047424073       3508.8481      -6.6601069       -8.6915466         2.0314397       3508.8481                           3080.4166                 23.441834                 396.08766                      8.9019874
              2       1747.8462     0.049447767       4.6553935    0.0052086132       3509.0126      -6.6601069       -8.6915466         2.0314397       3509.0126                           3080.5559                 23.442651                 396.10607                       8.907962
              1       1747.5772     0.054171819       4.7931921    0.0054918259       3508.4746      -6.6601069       -8.6915466         2.0314397       3508.4746                           3080.0286                 23.442959                 396.08766                      8.9153835
              2       1747.5877     0.053303529       4.8138281    0.0055486761       3508.4956      -6.6601069       -8.6915466         2.0314397       3508.4956                           3080.0492                 23.443066                 396.08766                      8.9157091
              3       1747.3878     0.057999087       4.7531637    0.0084410454       3508.0958      -6.6601069       -8.6915466         2.0314397       3508.0958                           3079.5899                 23.447935                 396.08766                      8.9703009
             11       1747.7341     0.052687766       4.6062364    0.0086636929       3508.7885      -6.6601069       -8.6915466         2.0314397       3508.7885                           3080.2622                 23.448512                 396.10607                      8.9716645
              7       1747.4248     0.052408575       5.1357665    0.0082518736       3508.1699      -6.6601069       -8.6915466         2.0314397       3508.1699                           3079.6724                 23.447534                 396.08766                      8.9623023
              1       1747.6232     0.057204565       4.9622717    0.0052278781       3508.5666      -6.6601069       -8.6915466         2.0314397       3508.5666                            3080.123                 23.442342                 396.08766                       8.913646
              1       1747.3823     0.058379976        4.743948    0.0084301393       3508.0849      -6.6601069       -8.6915466         2.0314397       3508.0849                           3079.5789                 23.447913                 396.08766                      8.9703917
              3       1747.3497     0.061112126       4.7010305    0.0083724352       3508.0195      -6.6601069       -8.6915466         2.0314397       3508.0195                           3079.5126                 23.447777                 396.08766                      8.9714528
              6       1747.7669     0.055095775       4.5021283    0.0099508638        3508.854      -6.6601069       -8.6915466         2.0314397        3508.854                           3080.2996                 23.450721                 396.10607                      8.9976033
              1       1747.4949     0.069853718        4.563871    0.0068809964         3508.31      -6.6601069       -8.6915466         2.0314397         3508.31                           3079.8241                 23.445122                 396.08766                      8.9531062
              8       1747.8269     0.052931058       4.8697581    0.0030230768       3508.9741      -6.6601069       -8.6915466         2.0314397       3508.9741                           3080.5748                 23.438741                 396.08766                        8.87295
              1       1747.7525     0.055356579       5.1117478    0.0045343315       3508.8252      -6.6601069       -8.6915466         2.0314397       3508.8252                           3080.3957                  23.44112                 396.08766                       8.900689
              3        1748.639     0.064520551       5.1376146    0.0034044844       3510.5981      -6.6601069       -8.6915466         2.0314397       3510.5981                           3082.1771                 23.438938                 396.08766                      8.8944892
              3       1748.9547     0.066843947       5.1632272    0.0034935373       3511.2296      -6.6601069       -8.6915466         2.0314397       3511.2296                            3082.803                  23.43901                 396.08766                      8.8999662
              4        1747.754     0.056614126       5.0519011     0.004513256       3508.8283      -6.6601069       -8.6915466         2.0314397       3508.8283                           3080.3981                 23.441086                 396.08766                      8.9014394
              2       1747.4798     0.057617849       4.8330027    0.0063471295       3508.2798      -6.6601069       -8.6915466         2.0314397       3508.2798                            3079.815                 23.444317                 396.08766                      8.9328737
              1       1747.6435     0.055637898       4.6060397    0.0047056881       3508.6073      -6.6601069       -8.6915466         2.0314397       3508.6073                           3080.1747                 23.441684                 396.08766                      8.9032619
              8       1747.6651     0.057349054       4.6700884     0.004107882       3508.6505      -6.6601069       -8.6915466         2.0314397       3508.6505                           3080.2277                 23.440594                 396.08766                      8.8944825
              8       1748.1441     0.064976132       5.0425582    0.0050031876       3509.6084      -6.6601069       -8.6915466         2.0314397       3509.6084                           3081.1594                 23.441713                 396.08766                      8.9196051
              4       1748.3441     0.069438143       4.9057044     0.004646662       3510.0084      -6.6601069       -8.6915466         2.0314397       3510.0084                           3081.5611                 23.441088                 396.08766                      8.9185117
              3       1747.3725     0.062140565       4.7031261    0.0077310269       3508.0651      -6.6601069       -8.6915466         2.0314397       3508.0651                             3079.57                 23.446655                 396.08766                      8.9608683
              4       1747.5422     0.068941229       4.7207931     0.007565102       3508.4046      -6.6601069       -8.6915466         2.0314397       3508.4046                           3079.9059                 23.446207                 396.08766                      8.9648135
              1       1747.5341     0.068284642       4.7440865    0.0076160697       3508.3885      -6.6601069       -8.6915466         2.0314397       3508.3885                           3079.8894                 23.446294                 396.08766                      8.9651044
              1       1747.7052     0.065232088        4.796609    0.0056165095       3508.7306      -6.6601069       -8.6915466         2.0314397       3508.7306                           3080.2721                 23.442914                 396.08766                      8.9279434
              3        1747.502     0.058795433       4.5977398    0.0059432252       3508.3243      -6.6601069       -8.6915466         2.0314397       3508.3243                            3079.866                 23.443733                 396.08766                      8.9268856
              3       1747.7314     0.052499425       4.7084249    0.0041758095        3508.783      -6.6601069       -8.6915466         2.0314397        3508.783                           3080.3627                 23.440797                 396.08766                      8.8918498
              1       1747.7369     0.053017263       4.7514503    0.0038447352        3508.794      -6.6601069       -8.6915466         2.0314397        3508.794                           3080.3795                 23.440199                 396.08766                      8.8866088
              3       1747.7217     0.054417561       4.7289464    0.0038017008       3508.7635      -6.6601069       -8.6915466         2.0314397       3508.7635                           3080.3488                 23.440106                 396.08766                      8.8869916
              1       1747.8023     0.058538709       4.7368396    0.0032077596       3508.9247      -6.6601069       -8.6915466         2.0314397       3508.9247                           3080.5172                 23.438998                 396.08766                      8.8808323
              2       1747.7767     0.058887157       4.7014107     0.003312003       3508.8737      -6.6601069       -8.6915466         2.0314397       3508.8737                           3080.4641                 23.439188                 396.08766                      8.8827673
              6       1747.6818      0.05844276       4.5687497    0.0038418925       3508.6838      -6.6601069       -8.6915466         2.0314397       3508.6838                           3080.2651                 23.440173                 396.08766                      8.8909148
              2       1747.6554     0.052377714       4.8642543    0.0047271119       3508.6309      -6.6601069       -8.6915466         2.0314397       3508.6309                           3080.2007                 23.441659                 396.08766                      8.9008988
              1       1747.6937     0.051026127       4.7245478    0.0062281636       3508.7076      -6.6601069       -8.6915466         2.0314397       3508.7076                           3080.2308                 23.444324                 396.10607                      8.9264196
              4        1747.522     0.058479646       4.6668593    0.0056076543       3508.3643      -6.6601069       -8.6915466         2.0314397       3508.3643                           3079.9127                 23.443129                 396.08766                      8.9208145
              1       1747.5039     0.057024189       4.6145906    0.0066429449       3508.3279      -6.6601069       -8.6915466         2.0314397       3508.3279                           3079.8575                 23.444957                 396.08766                      8.9377924
              2       1747.5397     0.053932984       4.7580127    0.0065988683       3508.3995      -6.6601069       -8.6915466         2.0314397       3508.3995                           3079.9324                 23.444874                 396.08766                      8.9346009
              1       1747.5307     0.056991667       4.9065921    0.0058878576       3508.3816      -6.6601069       -8.6915466         2.0314397       3508.3816                           3079.9259                 23.443506                 396.08766                      8.9245027
              1       1747.4435     0.057122959       5.0100588    0.0073202446       3508.2071      -6.6601069       -8.6915466         2.0314397       3508.2071                            3079.724                 23.445889                 396.08766                      8.9495851
              2       1747.5303      0.05725976       5.0510386    0.0065103231       3508.3808      -6.6601069       -8.6915466         2.0314397       3508.3808                           3079.9129                 23.444478                 396.08766                       8.935744
              7       1748.3379     0.070706818       5.0684537     0.007202944       3509.9959      -6.6601069       -8.6915466         2.0314397       3509.9959                           3081.4984                 23.445301                 396.08766                      8.9646295
              2       1748.4356     0.071149226       5.0617341    0.0068687595       3510.1915      -6.6601069       -8.6915466         2.0314397       3510.1915                           3081.6995                 23.444724                 396.08766                      8.9596475
              1       1747.9068     0.073362419         4.79001    0.0075979002       3509.1339      -6.6601069       -8.6915466         2.0314397       3509.1339                           3080.6287                 23.446115                 396.08766                      8.9714458
              4       1747.7343     0.057795638       5.0785039    0.0050880347       3508.7889      -6.6601069       -8.6915466         2.0314397       3508.7889                           3080.3468                  23.44202                 396.08766                      8.9123722
              2        1747.788     0.053832065       5.1171379    0.0040119199       3508.8963      -6.6601069       -8.6915466         2.0314397       3508.8963                           3080.4779                 23.440267                 396.08766                      8.8905085
              5       1747.7826     0.053774953       5.1162369    0.0040377059       3508.8853      -6.6601069       -8.6915466         2.0314397       3508.8853                           3080.4665                 23.440313                 396.08766                      8.8908718
              4        1747.553     0.054141134       5.0799594    0.0059340282       3508.4263      -6.6601069       -8.6915466         2.0314397       3508.4263                           3079.9721                 23.443557                 396.08766                      8.9229868
              6       1747.3171     0.062663179       4.6675118    0.0092205576       3507.9545      -6.6601069       -8.6915466         2.0314397       3507.9545                           3079.4296                 23.449215                 396.08766                      8.9880444
              4       1747.3272      0.06201501       4.7257903    0.0088904447       3507.9746      -6.6601069       -8.6915466         2.0314397       3507.9746                           3079.4568                 23.448629                 396.08766                      8.9815049
              3       1747.3207     0.063815173       4.6638388    0.0087947756       3507.9615      -6.6601069       -8.6915466         2.0314397       3507.9615                           3079.4442                 23.448463                 396.08766                      8.9812655
              2        1747.502     0.056324146       4.6406836    0.0082074049       3508.3243      -6.6601069       -8.6915466         2.0314397       3508.3243                           3079.8053                 23.447634                 396.10607                      8.9653069
              1       1747.4637        0.053638       4.9300968    0.0074345373       3508.2476      -6.6601069       -8.6915466         2.0314397       3508.2476                           3079.7648                 23.446217                 396.08766                      8.9488469
              1       1747.8335     0.063651721       4.9336823    0.0053015681       3508.9872      -6.6601069       -8.6915466         2.0314397       3508.9872                           3080.5354                 23.442326                 396.08766                      8.9218076
              1       1747.7966     0.056580466       4.8440346    0.0033762903       3508.9134      -6.6601069       -8.6915466         2.0314397       3508.9134                           3080.5045                  23.43927                 396.08766                      8.8819957
              4       1747.7841     0.048330711       4.7992853    0.0067309189       3508.8883      -6.6601069       -8.6915466         2.0314397       3508.8883                           3080.4037                 23.445208                 396.10607                      8.9333228
              5       1747.3869     0.057857168       4.8258437    0.0080203205       3508.0939      -6.6601069       -8.6915466         2.0314397       3508.0939                           3079.5966                 23.447176                 396.08766                      8.9625284
              6       1747.4169     0.055883461       4.8381119    0.0081498694        3508.154      -6.6601069       -8.6915466         2.0314397        3508.154                           3079.6556                 23.447438                 396.08766                      8.9633934
              3       1747.4124     0.055413783       5.2771275    0.0088607564       3508.1449      -6.6601069       -8.6915466         2.0314397       3508.1449                           3079.6331                 23.448412                 396.08766                      8.9757679
              2       1747.4212     0.057313355       5.2804186    0.0094385303       3508.1625      -6.6601069       -8.6915466         2.0314397       3508.1625                           3079.6376                 23.449346                 396.08766                      8.9879862
              5       1747.3903     0.059811905       5.0961849    0.0093436461       3508.1007      -6.6601069       -8.6915466         2.0314397       3508.1007                           3079.5756                 23.449231                 396.08766                      8.9882262
              3       1747.4852     0.059740812       5.0142136    0.0073880873       3508.2907      -6.6601069       -8.6915466         2.0314397       3508.2907                           3079.8038                 23.445936                 396.08766                      8.9532831
              1       1747.5827     0.060855982       5.2314939    0.0087079145       3508.4857      -6.6601069       -8.6915466         2.0314397       3508.4857                           3079.9714                 23.448027                 396.08766                       8.978607
              4       1747.4838     0.063460164        5.102152    0.0098570397       3508.2878      -6.6601069       -8.6915466         2.0314397       3508.2878                           3079.7488                 23.450011                 396.08766                      9.0012832
              2       1747.4583     0.062054278       5.1311783    0.0097392211       3508.2369      -6.6601069       -8.6915466         2.0314397       3508.2369                           3079.7016                 23.449827                 396.08766                      8.9977766
              6       1747.9848     0.051057023       4.5174994    0.0090867652       3509.2898      -6.6601069       -8.6915466         2.0314397       3509.2898                           3080.7547                 23.449315                 396.10607                      8.9796742
              6       1748.2112     0.048888987        4.544953     0.009878373       3509.7427      -6.6601069       -8.6915466         2.0314397       3509.7427                           3081.1917                 23.450705                 396.10607                      8.9941332
              1       1748.4242     0.046810712       4.5046741    0.0093551646       3510.1687      -6.6601069       -8.6915466         2.0314397       3510.1687                           3081.6287                 23.449869                 396.10607                        8.98406
              4       1747.7264     0.049911269       4.7541497    0.0068320503        3508.773      -6.6601069       -8.6915466         2.0314397        3508.773                           3080.2851                 23.445366                 396.10607                      8.9364613
              6       1747.8986     0.046968862        4.765433    0.0060377884       3509.1175      -6.6601069       -8.6915466         2.0314397       3509.1175                           3080.6468                 23.444071                 396.10607                      8.9205093
              1       1747.9628     0.046581953       4.7271123    0.0062313546       3509.2459      -6.6601069       -8.6915466         2.0314397       3509.2459                           3080.7713                 23.444428                 396.10607                      8.9240417
              4       1747.4181     0.059052047       4.6325307    0.0075773024       3508.1563      -6.6601069       -8.6915466         2.0314397       3508.1563                           3079.6664                 23.446501                 396.08766                      8.9557506
              3       1747.4734     0.055436432       4.7509168    0.0084340947        3508.267      -6.6601069       -8.6915466         2.0314397        3508.267                           3079.7445                 23.447983                 396.10607                      8.9684862
              8       1747.3407     0.059174064       4.8708992    0.0090703312       3508.0015      -6.6601069       -8.6915466         2.0314397       3508.0015                           3079.4825                 23.448917                 396.08766                      8.9824519
              1       1747.5986     0.056764773       4.5333571    0.0094349777       3508.5174      -6.6601069       -8.6915466         2.0314397       3508.5174                           3079.9728                 23.449786                 396.10607                      8.9887372
              1       1747.4745      0.05874379       4.5309789    0.0072547825       3508.2692      -6.6601069       -8.6915466         2.0314397       3508.2692                           3079.7854                 23.446012                 396.08766                      8.9500419
              1       1747.4859     0.054671406       4.9050135    0.0065990466        3508.292      -6.6601069       -8.6915466         2.0314397        3508.292                           3079.8247                 23.444778                 396.08766                       8.934887
              3       1747.8029     0.066666586       5.0063502     0.007476886       3508.9259      -6.6601069       -8.6915466         2.0314397       3508.9259                           3080.4296                 23.445918                 396.08766                      8.9627937
              1       1747.8715     0.062373515       4.9902307    0.0050518117       3509.0633      -6.6601069       -8.6915466         2.0314397       3509.0633                           3080.6172                 23.441896                 396.08766                      8.9165484
              4       1748.1539     0.063181589       5.0283088    0.0040971114        3509.628      -6.6601069       -8.6915466         2.0314397        3509.628                           3081.1978                 23.440224                 396.08766                      8.9023426
              2       1748.0173     0.058073396       5.0905139    0.0034974793       3509.3548      -6.6601069       -8.6915466         2.0314397       3509.3548                           3080.9411                 23.439296                 396.08766                      8.8867045
              1         1748.03     0.058231632        5.099462    0.0035305807       3509.3803      -6.6601069       -8.6915466         2.0314397       3509.3803                           3080.9658                 23.439342                 396.08766                       8.887488
              4       1748.1228     0.059892346       5.0776506    0.0034381176       3509.5658      -6.6601069       -8.6915466         2.0314397       3509.5658                           3081.1511                 23.439155                 396.08766                      8.8879084
              1       1747.5457     0.047492186       5.2843338    0.0096194027       3508.4117      -6.6601069       -8.6915466         2.0314397       3508.4117                           3079.8718                 23.449933                 396.10607                      8.9838914
              3       1747.4356     0.051566827       5.1531459    0.0090979435       3508.1915      -6.6601069       -8.6915466         2.0314397       3508.1915                           3079.6597                 23.448996                 396.10607                      8.9767299
              9        1747.379     0.053116508       5.2141129    0.0094452176       3508.0782      -6.6601069       -8.6915466         2.0314397       3508.0782                           3079.5569                 23.449515                 396.08766                      8.9840546
              4       1747.4177     0.051364554       5.2422949     0.009265572       3508.1557      -6.6601069       -8.6915466         2.0314397       3508.1557                           3079.6208                  23.44924                 396.10607                      8.9794989
              2       1747.4306     0.052246064       5.2739016    0.0080914811       3508.1815      -6.6601069       -8.6915466         2.0314397       3508.1815                           3079.6874                 23.447187                 396.08766                      8.9592353
              1       1747.6003     0.048267287       5.0749071    0.0077462649       3508.5208      -6.6601069       -8.6915466         2.0314397       3508.5208                           3080.0175                 23.446811                 396.10607                      8.9504116
              2       1747.4792     0.064809514        4.763905    0.0071468776       3508.2786      -6.6601069       -8.6915466         2.0314397       3508.2786                            3079.792                 23.445558                 396.08766                      8.9533459
              6       1748.1991     0.067645879       4.9727159    0.0052331517       3509.7184      -6.6601069       -8.6915466         2.0314397       3509.7184                           3081.2623                 23.442085                 396.08766                      8.9262976
              8       1748.5648     0.067717354       5.2109309    0.0060936815       3510.4497      -6.6601069       -8.6915466         2.0314397       3510.4497                            3081.975                 23.443383                 396.08766                      8.9436634
              1       1747.8801      0.06315033       4.9972339    0.0053397975       3509.0805      -6.6601069       -8.6915466         2.0314397       3509.0805                           3080.6282                 23.442363                 396.08766                      8.9223189
              2       1747.8647     0.062387415       5.0510596    0.0055816794       3509.0496      -6.6601069       -8.6915466         2.0314397       3509.0496                           3080.5934                  23.44276                 396.08766                       8.925802
              1       1747.8436     0.046291418       4.9479683    0.0044258637       3509.0075      -6.6601069       -8.6915466         2.0314397       3509.0075                            3080.587                 23.441252                 396.08766                      8.8916008
              4       1747.7922     0.050084979        4.661547    0.0060969606       3508.9046      -6.6601069       -8.6915466         2.0314397       3508.9046                           3080.4304                 23.444151                 396.10607                      8.9238924
              3       1747.8581     0.057251107       4.8632703     0.003115254       3509.0364      -6.6601069       -8.6915466         2.0314397       3509.0364                           3080.6315                 23.438799                 396.08766                      8.8784723
              3         1747.89     0.057018378       4.9015327    0.0030269095       3509.1002      -6.6601069       -8.6915466         2.0314397       3509.1002                            3080.697                 23.438632                 396.08766                      8.8769496
              1       1747.4253     0.058287216       4.9935608    0.0076707448       3508.1709      -6.6601069       -8.6915466         2.0314397       3508.1709                             3079.68                 23.446469                 396.08766                      8.9567697
              2       1747.5271     0.061366085       5.0308723    0.0076167225       3508.3745      -6.6601069       -8.6915466         2.0314397       3508.3745                           3079.8815                 23.446275                 396.08766                      8.9590456
              1       1747.5489     0.066107296       4.9328296    0.0085098267       3508.4179      -6.6601069       -8.6915466         2.0314397       3508.4179                           3079.9031                 23.447749                 396.08766                      8.9794094
              1        1748.124     0.071654319       4.7989801    0.0055978165       3509.5682      -6.6601069       -8.6915466         2.0314397       3509.5682                           3081.1021                 23.442732                 396.08766                       8.935751
              2       1748.2692     0.071544629       4.8358558     0.005208284       3509.8587      -6.6601069       -8.6915466         2.0314397       3509.8587                           3081.3993                 23.442044                 396.08766                      8.9297066
              2       1747.7141     0.054245737       4.6921512    0.0039512277       3508.7484      -6.6601069       -8.6915466         2.0314397       3508.7484                           3080.3309                 23.440384                 396.08766                      8.8893755
              2       1747.5055     0.048979347       5.2107586    0.0082407766       3508.3313      -6.6601069       -8.6915466         2.0314397       3508.3313                           3079.8183                 23.447568                 396.10607                      8.9593481
              5       1747.5665     0.047796386        5.183769    0.0085257962       3508.4533      -6.6601069       -8.6915466         2.0314397       3508.4533                           3079.9351                 23.448102                 396.10607                      8.9639855
              4       1747.7275     0.046581438       5.0446367      0.00838496       3508.7751      -6.6601069       -8.6915466         2.0314397       3508.7751                           3080.2594                 23.447963                 396.10607                      8.9617131
              1       1747.6948     0.046895431       5.0590476    0.0083529599       3508.7097      -6.6601069       -8.6915466         2.0314397       3508.7097                           3080.1946                 23.447893                 396.10607                      8.9611851
              1       1747.3642      0.05905753       4.7634126    0.0085193121       3508.0485      -6.6601069       -8.6915466         2.0314397       3508.0485                           3079.5404                 23.448039                 396.08766                      8.9724703
              7       1747.4293     0.057851608       4.7519998    0.0071588734       3508.1789      -6.6601069       -8.6915466         2.0314397       3508.1789                           3079.6982                 23.445745                 396.08766                      8.9472625
              5       1747.6291     0.055620591       4.6246007    0.0048429405       3508.5784      -6.6601069       -8.6915466         2.0314397       3508.5784                           3080.1433                 23.441909                 396.08766                      8.9055567
              3        1747.606     0.053579243       4.7484294    0.0099519429       3508.5322      -6.6601069       -8.6915466         2.0314397       3508.5322                           3079.9801                 23.450628                 396.10607                      8.9953177
              7       1747.3222     0.071266614       4.5783448    0.0098372227       3507.9647      -6.6601069       -8.6915466         2.0314397       3507.9647                             3079.42                 23.450143                 396.08766                      9.0068195
              1       1747.4945     0.069741877       4.6959298    0.0080982758       3508.3092      -6.6601069       -8.6915466         2.0314397       3508.3092                           3079.7996                 23.447118                 396.08766                      8.9748185
             11       1747.5789     0.074352555        4.548609    0.0075472686        3508.478      -6.6601069       -8.6915466         2.0314397        3508.478                           3079.9747                 23.446177                 396.08766                      8.9694658
              2       1747.5457      0.05775702       5.0994045    0.0067466852       3508.4117      -6.6601069       -8.6915466         2.0314397       3508.4117                           3079.9387                 23.444839                 396.08766                      8.9404614
              2       1747.5407     0.055204505       5.0290214    0.0060034615       3508.4016      -6.6601069       -8.6915466         2.0314397       3508.4016                           3079.9452                 23.443677                 396.08766                      8.9250588
              3       1748.0798     0.067687682       5.1957198    0.0085176743       3509.4799      -6.6601069       -8.6915466         2.0314397       3509.4799                           3080.9606                 23.447537                 396.08766                      8.9840621
              2       1748.0529      0.07033291       5.0476547    0.0083713887       3509.4259      -6.6601069       -8.6915466         2.0314397       3509.4259                           3080.9074                 23.447325                 396.08766                       8.983581
              2       1747.4196     0.061931084       4.9535143    0.0084310639       3508.1594      -6.6601069       -8.6915466         2.0314397       3508.1594                           3079.6505                 23.447704                 396.08766                      8.9735827
             12       1747.5703     0.062616591       4.8343698    0.0061693565       3508.4608      -6.6601069       -8.6915466         2.0314397       3508.4608                           3079.9946                 23.443895                 396.08766                      8.9346038
              2       1747.8494     0.074927061       4.6598465    0.0070906672        3509.019      -6.6601069       -8.6915466         2.0314397        3509.019                           3080.5227                 23.445306                 396.08766                      8.9634048
              3       1747.8574     0.074920098       4.6650425    0.0070992005       3509.0349      -6.6601069       -8.6915466         2.0314397       3509.0349                           3080.5384                 23.445317                 396.08766                      8.9635981
              1       1747.8474     0.073366446       4.7125863    0.0070241707       3509.0151      -6.6601069       -8.6915466         2.0314397       3509.0151                           3080.5214                 23.445189                 396.08766                      8.9608376
              3       1748.5278      0.07241718       4.7057353    0.0030610283       3510.3759      -6.6601069       -8.6915466         2.0314397       3510.3759                           3081.9548                 23.438458                 396.08766                      8.8949447
              6       1747.7316     0.070290992       4.5440738     0.004988533       3508.7834      -6.6601069       -8.6915466         2.0314397       3508.7834                           3080.3323                 23.441895                 396.08766                      8.9215067
              8        1747.792     0.049131922       4.8064152    0.0043873768       3508.9043      -6.6601069       -8.6915466         2.0314397       3508.9043                           3080.4824                 23.441186                 396.08766                      8.8930325
              3       1747.7473     0.050415982       4.8021394    0.0043814386       3508.8147      -6.6601069       -8.6915466         2.0314397       3508.8147                           3080.3922                 23.441148                 396.08766                      8.8937435
              2       1747.3953     0.056463844       4.9244793    0.0080325389       3508.1108      -6.6601069       -8.6915466         2.0314397       3508.1108                           3079.6144                 23.447174                 396.08766                      8.9616067
              5       1747.6934     0.045653077       5.2512021    0.0054586076       3508.7069      -6.6601069       -8.6915466         2.0314397       3508.7069                           3080.2682                 23.442884                 396.08766                       8.908203
              3       1747.8513     0.047977268       4.7963458    0.0083004893       3509.0227      -6.6601069       -8.6915466         2.0314397       3509.0227                           3080.5069                 23.447903                 396.10607                      8.9618759
              1       1747.6911     0.049033266       4.8957274    0.0084406834       3508.7025      -6.6601069       -8.6915466         2.0314397       3508.7025                            3080.184                  23.44807                 396.10607                      8.9642879
              3       1747.8461      0.04679471       4.8973385    0.0084432527       3509.0123      -6.6601069       -8.6915466         2.0314397       3509.0123                           3080.4944                 23.448128                 396.10607                      8.9637129
             20       1747.8113      0.05242661       4.5530029    0.0086982344       3508.9429      -6.6601069       -8.6915466         2.0314397       3508.9429                           3080.4156                 23.448603                 396.10607                      8.9725718
              7       1747.7862     0.058512545       5.0677069    0.0048716454       3508.8925      -6.6601069       -8.6915466         2.0314397       3508.8925                           3080.4537                 23.441639                 396.08766                      8.9095145
              2       1747.7539     0.048825855       4.8024551    0.0071206533        3508.828      -6.6601069       -8.6915466         2.0314397        3508.828                           3080.3355                 23.445861                 396.10607                      8.9405546
              1       1747.5133     0.052873289       4.8668719    0.0087159909       3508.3469      -6.6601069       -8.6915466         2.0314397       3508.3469                            3079.821                 23.448463                 396.10607                      8.9713542
              1       1747.3558     0.060015396       4.8621751    0.0085249825       3508.0319      -6.6601069       -8.6915466         2.0314397       3508.0319                            3079.523                 23.447968                 396.08766                      8.9733093
              1        1747.386     0.059684683       4.7431104    0.0076878901       3508.0923      -6.6601069       -8.6915466         2.0314397       3508.0923                           3079.5999                 23.446613                 396.08766                        8.95807
              1       1747.5209     0.058673583       4.9125809    0.0062096663        3508.362      -6.6601069       -8.6915466         2.0314397        3508.362                           3079.8988                 23.444011                 396.08766                       8.931602
              3       1747.4919     0.060385009         4.61682     0.005823074       3508.3041      -6.6601069       -8.6915466         2.0314397       3508.3041                           3079.8469                 23.443483                 396.08766                      8.9260876
              1       1747.5219     0.056640207       4.6521773    0.0061236304       3508.3641      -6.6601069       -8.6915466         2.0314397       3508.3641                           3079.9041                 23.444058                 396.08766                      8.9283318
              1       1747.4779     0.057487266       4.6555843    0.0066481247       3508.2759      -6.6601069       -8.6915466         2.0314397       3508.2759                           3079.8052                 23.444934                 396.08766                      8.9381196
              2       1747.6147     0.059435004       4.9980894    0.0059722169       3508.5496      -6.6601069       -8.6915466         2.0314397       3508.5496                           3080.0898                 23.443535                 396.08766                      8.9286256
              2       1747.5306     0.054930804        5.139009     0.006477033       3508.3815      -6.6601069       -8.6915466         2.0314397       3508.3815                           3079.9162                  23.44443                 396.08766                      8.9331462
              2       1747.4958     0.053086604       5.1570312    0.0067706525       3508.3119      -6.6601069       -8.6915466         2.0314397       3508.3119                           3079.8426                 23.444971                 396.08766                       8.936613
              2       1747.6078     0.049492214       5.1192895    0.0056375884       3508.5357      -6.6601069       -8.6915466         2.0314397       3508.5357                           3080.0908                 23.443152                 396.08766                      8.9141311
              3        1747.698     0.051897919       5.1842202    0.0046583326       3508.7163      -6.6601069       -8.6915466         2.0314397       3508.7163                           3080.2877                 23.441383                 396.08766                      8.8994936
             12       1747.6839     0.051823175       5.1799843    0.0047587155       3508.6881      -6.6601069       -8.6915466         2.0314397       3508.6881                           3080.2578                 23.441558                 396.08766                      8.9010991
             14       1747.4774     0.065176693       4.5110675    0.0058476024        3508.275      -6.6601069       -8.6915466         2.0314397        3508.275                           3079.8132                 23.443487                 396.08766                      8.9305891
              2       1747.4821     0.058734975       4.5428581    0.0090647151       3508.2844      -6.6601069       -8.6915466         2.0314397       3508.2844                           3079.7464                 23.449105                 396.10607                      8.9828747
              1       1747.3414     0.059819827       4.8036203    0.0089037122       3508.0031      -6.6601069       -8.6915466         2.0314397       3508.0031                           3079.4868                 23.448656                 396.08766                      8.9799711
             11       1747.8635     0.048281487        4.824976    0.0094543984       3509.0473      -6.6601069       -8.6915466         2.0314397       3509.0473                           3080.5078                  23.44986                 396.10607                      8.9836026
              1       1748.1369     0.049451628       4.5405753    0.0096044774        3509.594      -6.6601069       -8.6915466         2.0314397        3509.594                           3081.0486                 23.450225                 396.10607                      8.9890781
              3       1747.8068     0.053584231       4.5359304    0.0096066797       3508.9338      -6.6601069       -8.6915466         2.0314397       3508.9338                           3080.3874                 23.450145                 396.10607                      8.9902277
              3        1747.793     0.055974541       5.1337281    0.0045068499       3508.9062      -6.6601069       -8.6915466         2.0314397       3508.9062                           3080.4765                 23.441044                 396.08766                      8.9009906
              5       1747.6449     0.052433081       5.1256949    0.0050137861       3508.6101      -6.6601069       -8.6915466         2.0314397       3508.6101                           3080.1746                 23.442007                 396.08766                      8.9058652
              2       1747.9485     0.046872299       4.8387562    0.0092244391       3509.2173      -6.6601069       -8.6915466         2.0314397       3509.2173                            3080.683                 23.449492                 396.10607                      8.9787233
              5       1748.0983     0.045210359       4.7636354    0.0079377637       3509.5167      -6.6601069       -8.6915466         2.0314397       3509.5167                           3081.0085                 23.447361                 396.10607                      8.9547655
             18       1748.0987     0.045202042       4.7636595     0.007932285       3509.5175      -6.6601069       -8.6915466         2.0314397       3509.5175                           3081.0094                 23.447352                 396.10607                      8.9546611
              5       1748.1125     0.048811573       4.5156841    0.0082219859       3509.5453      -6.6601069       -8.6915466         2.0314397       3509.5453                           3081.0286                 23.447881                 396.10607                      8.9627708
              4       1747.6612     0.051077427       4.7687969    0.0079976719       3508.6427      -6.6601069       -8.6915466         2.0314397       3508.6427                           3080.1316                 23.447326                 396.10607                      8.9577124
              4       1747.6218     0.051595489       4.7910756    0.0083394126       3508.5638      -6.6601069       -8.6915466         2.0314397       3508.5638                           3080.0457                 23.447888                 396.10607                      8.9641144
              4       1747.6878     0.048821105       4.9470725    0.0091531611       3508.6957      -6.6601069       -8.6915466         2.0314397       3508.6957                            3080.163                  23.44927                 396.10607                      8.9774009
              1       1747.6148      0.05162344       4.9107037    0.0053830082       3508.5499      -6.6601069       -8.6915466         2.0314397       3508.5499                           3080.1079                 23.442772                 396.08766                       8.911526
              1       1747.7788     0.051131013       4.9685673    0.0035714629       3508.8778      -6.6601069       -8.6915466         2.0314397       3508.8778                           3080.4699                 23.439666                 396.08766                      8.8805009
              2       1748.4885     0.069590962        4.826671    0.0032917404       3510.2972      -6.6601069       -8.6915466         2.0314397       3510.2972                           3081.8746                 23.438832                 396.08766                      8.8961517
              7       1747.7552     0.062746939       4.6492495    0.0037714116       3508.8306      -6.6601069       -8.6915466         2.0314397       3508.8306                           3080.4091                 23.439915                 396.08766                       8.893911
              2       1747.9893     0.071864638        4.674295    0.0051161948       3509.2988      -6.6601069       -8.6915466         2.0314397       3509.2988                           3080.8425                 23.441992                 396.08766                      8.9266848
              2       1747.8032     0.051318913       5.2621094    0.0040220814       3508.9265      -6.6601069       -8.6915466         2.0314397       3508.9265                           3080.5101                 23.440271                 396.08766                      8.8885365
              1       1747.6842     0.046409616       5.1236075    0.0063188815       3508.6886      -6.6601069       -8.6915466         2.0314397       3508.6886                           3080.2145                 23.444395                 396.10607                      8.9236894
              2       1747.9935     0.061498347       5.2809672    0.0064403382       3509.3072      -6.6601069       -8.6915466         2.0314397       3509.3072                           3080.8345                 23.444099                 396.08766                      8.9409319
              2        1747.961      0.06134662       5.2903584    0.0066503306       3509.2422      -6.6601069       -8.6915466         2.0314397       3509.2422                           3080.7658                 23.444455                 396.08766                      8.9443267
              2       1747.8227     0.059706893       5.2714661    0.0065733891       3508.9655      -6.6601069       -8.6915466         2.0314397       3508.9655                           3080.4928                 23.444382                 396.08766                      8.9407013
              1       1747.6134     0.063902168       4.7068422    0.0053342002       3508.5471      -6.6601069       -8.6915466         2.0314397       3508.5471                           3080.0956                 23.442519                 396.08766                      8.9212696
              4       1748.1327     0.048499368       4.5044001    0.0078966857       3509.5856      -6.6601069       -8.6915466         2.0314397       3509.5856                           3081.0755                 23.447335                 396.10607                        8.95671
              1       1748.1049     0.048682105       4.5140893    0.0079121871       3509.5301      -6.6601069       -8.6915466         2.0314397       3509.5301                           3081.0197                 23.447353                 396.10607                      8.9569697
              3       1748.1412     0.048325916       4.5155338    0.0080198593       3509.6025      -6.6601069       -8.6915466         2.0314397       3509.6025                           3081.0901                 23.447545                 396.10607                      8.9588634
              1       1748.1199     0.048129996       4.5402585    0.0079412241       3509.5601      -6.6601069       -8.6915466         2.0314397       3509.5601                           3081.0495                 23.447403                 396.10607                      8.9571373
              3       1748.3557      0.04571564       4.5119069    0.0075539574       3510.0315      -6.6601069       -8.6915466         2.0314397       3510.0315                           3081.5288                 23.446802                 396.10607                      8.9498227
              3       1748.1682     0.046208878       4.6267151    0.0077852828       3509.6566      -6.6601069       -8.6915466         2.0314397       3509.6566                           3081.1501                 23.447138                 396.10607                      8.9532689
              1       1747.3469     0.057949215        4.901666    0.0092827528        3508.014      -6.6601069       -8.6915466         2.0314397        3508.014                           3079.4917                 23.449292                 396.08766                      8.9853441
              2       1747.3642     0.056345995       4.9831563    0.0090068676       3508.0486      -6.6601069       -8.6915466         2.0314397       3508.0486                           3079.5331                 23.448812                 396.08766                      8.9790325
              2       1747.4875     0.053107855       4.9202253    0.0095613039       3508.2952      -6.6601069       -8.6915466         2.0314397       3508.2952                           3079.7523                 23.449878                 396.10607                      8.9869193
              1       1747.5109     0.055166871       4.7044173    0.0083904727        3508.342      -6.6601069       -8.6915466         2.0314397        3508.342                           3079.8203                 23.447939                 396.10607                       8.967704
              3       1747.7938     0.050298249       4.6851515    0.0082143112       3508.9078      -6.6601069       -8.6915466         2.0314397       3508.9078                           3080.3921                 23.447756                 396.10607                      8.9618537
              7       1747.6102     0.064367944       4.6673654    0.0052327779       3508.5406      -6.6601069       -8.6915466         2.0314397       3508.5406                           3080.0907                  23.44236                 396.08766                      8.9198761
              3       1747.6245     0.066598292       4.6874678    0.0058006833       3508.5692      -6.6601069       -8.6915466         2.0314397       3508.5692                           3080.1064                 23.443267                 396.08766                      8.9318899
              1       1747.6832     0.068422021        4.653921    0.0056461507       3508.6865      -6.6601069       -8.6915466         2.0314397       3508.6865                           3080.2248                 23.442985                 396.08766                      8.9311145
             14       1747.4703     0.066610842       4.6012255    0.0065745281       3508.2607      -6.6601069       -8.6915466         2.0314397       3508.2607                           3079.7838                 23.444643                 396.08766                      8.9446698
              6       1747.4687     0.060229329       4.5383518    0.0063185041       3508.2577      -6.6601069       -8.6915466         2.0314397       3508.2577                           3079.7911                 23.444377                 396.08766                      8.9345755
              1       1747.6861     0.073185816       4.7524396     0.008665299       3508.6925      -6.6601069       -8.6915466         2.0314397       3508.6925                           3080.1676                 23.447972                 396.08766                      8.9892197
             11        1747.764     0.073962076       4.7742469    0.0087605875       3508.8483      -6.6601069       -8.6915466         2.0314397       3508.8483                           3080.3204                 23.448102                 396.08766                      8.9920918
              3       1747.5235     0.060722281        4.642496    0.0054725055       3508.3673      -6.6601069       -8.6915466         2.0314397       3508.3673                           3079.9164                 23.442863                 396.08766                      8.9203834
              3       1747.5236     0.060218486       4.6415901    0.0054677135       3508.3675      -6.6601069       -8.6915466         2.0314397       3508.3675                           3079.9171                 23.442866                 396.08766                      8.9198783
              1       1747.5909     0.064755527       4.6103239    0.0051561908        3508.502      -6.6601069       -8.6915466         2.0314397        3508.502                           3080.0534                 23.442256                 396.08766                      8.9187525
              1       1747.5931     0.064668096       4.5930322    0.0050364826       3508.5064      -6.6601069       -8.6915466         2.0314397       3508.5064                           3080.0601                 23.442064                 396.08766                      8.9165926
              7       1747.8752     0.062041883       4.7753363    0.0035147759       3509.0707      -6.6601069       -8.6915466         2.0314397       3509.0707                            3080.654                 23.439419                 396.08766                       8.889612
              1        1747.739     0.054801098       4.8364129    0.0036866732       3508.7982      -6.6601069       -8.6915466         2.0314397       3508.7982                           3080.3852                 23.439844                 396.08766                      8.8854574
              4       1747.5076     0.060427844       4.8336369    0.0062738978       3508.3354      -6.6601069       -8.6915466         2.0314397       3508.3354                           3079.8694                 23.444125                 396.08766                      8.9341887
              2       1747.8488     0.069486505       4.8375626    0.0066635231       3509.0178      -6.6601069       -8.6915466         2.0314397       3509.0178                           3080.5345                 23.444575                 396.08766                      8.9510287
              1       1747.8214     0.065997276       4.9992658    0.0069434171        3508.963      -6.6601069       -8.6915466         2.0314397        3508.963                           3080.4775                 23.445027                 396.08766                      8.9527921
              5       1747.6664     0.064158762       4.9645718    0.0069206555       3508.6531      -6.6601069       -8.6915466         2.0314397       3508.6531                           3080.1705                 23.445058                 396.08766                      8.9498564
              5       1747.7895     0.072353353       4.7637443    0.0075667201       3508.8993      -6.6601069       -8.6915466         2.0314397       3508.8993                           3080.3962                 23.446103                 396.08766                      8.9693025
              1       1748.8442      0.07281397       5.1090193    0.0065659215       3511.0086      -6.6601069       -8.6915466         2.0314397       3511.0086                           3082.5187                 23.444128                 396.08766                      8.9581775
              1       1747.6855     0.067106389       4.9821632     0.008338885       3508.6912      -6.6601069       -8.6915466         2.0314397       3508.6912                           3080.1781                 23.447398                 396.08766                       8.977983
              3       1747.5361     0.072702831       4.6113131    0.0079766156       3508.3925      -6.6601069       -8.6915466         2.0314397       3508.3925                           3079.8824                 23.446903                 396.08766                      8.9754756
              5       1747.4581     0.071610034       4.6049272    0.0082571846       3508.2363      -6.6601069       -8.6915466         2.0314397       3508.2363                           3079.7221                 23.447411                 396.08766                      8.9791137
              6       1748.0955     0.068744372       4.6685381     0.003428692       3509.5111      -6.6601069       -8.6915466         2.0314397       3509.5111                           3081.0889                 23.439189                 396.08766                      8.8953403
              3       1748.0573     0.068055504       4.6853004    0.0035411118       3509.4349      -6.6601069       -8.6915466         2.0314397       3509.4349                           3081.0114                 23.439385                 396.08766                      8.8964335
              5       1747.8253     0.072207491       4.5014808    0.0046014091       3508.9708      -6.6601069       -8.6915466         2.0314397       3508.9708                           3080.5249                 23.441224                 396.08766                      8.9170145
              2       1747.5109     0.065199453       4.6363211    0.0060910284        3508.342      -6.6601069       -8.6915466         2.0314397        3508.342                           3079.8754                 23.443825                 396.08766                      8.9351116
              1       1747.4877     0.058486368       5.1078455    0.0076192564       3508.2957      -6.6601069       -8.6915466         2.0314397       3508.2957                           3079.8053                 23.446307                 396.08766                      8.9563607
              7       1747.6794     0.047035872       5.0792045    0.0059480273       3508.6791      -6.6601069       -8.6915466         2.0314397       3508.6791                           3080.2297                 23.443767                 396.08766                      8.9180035
              6       1747.7336     0.046850693       5.2382578    0.0045101203       3508.7875      -6.6601069       -8.6915466         2.0314397       3508.7875                           3080.3658                  23.44124                 396.08766                      8.8928079
             11       1748.4511     0.071848409       4.8101197    0.0042158982       3510.2223      -6.6601069       -8.6915466         2.0314397       3510.2223                           3081.7805                 23.440364                 396.08766                      8.9138209
              3       1748.7353     0.071733561        5.166823    0.0071743461       3510.7907      -6.6601069       -8.6915466         2.0314397       3510.7907                           3082.2905                 23.445152                 396.08766                      8.9673961
              1       1748.4326     0.066426882       5.2920297     0.006926978       3510.1853      -6.6601069       -8.6915466         2.0314397       3510.1853                           3081.6964                 23.444783                 396.08766                      8.9565019
              2       1748.4821      0.07453305       4.8730796    0.0060788018       3510.2845      -6.6601069       -8.6915466         2.0314397       3510.2845                           3081.8045                 23.443431                 396.08766                      8.9489124
              2       1747.4721     0.068052369       4.6892383    0.0076271159       3508.2645      -6.6601069       -8.6915466         2.0314397       3508.2645                           3079.7657                 23.446354                 396.08766                      8.9647332
              2       1747.4834     0.067877176        4.702368    0.0075688591       3508.2869      -6.6601069       -8.6915466         2.0314397       3508.2869                           3079.7894                  23.44625                 396.08766                      8.9636014
              2       1747.3208     0.064725757       4.5458458    0.0085871048       3507.9619      -6.6601069       -8.6915466         2.0314397       3507.9619                           3079.4478                 23.448159                 396.08766                      8.9782978
              6        1747.643     0.049342559       4.9661331    0.0092538936       3508.6062      -6.6601069       -8.6915466         2.0314397       3508.6062                           3080.0713                  23.44942                 396.10607                      8.9794035
             14       1747.6952     0.045388448       5.1826016    0.0080532555       3508.7106      -6.6601069       -8.6915466         2.0314397       3508.7106                           3080.2027                  23.44736                 396.10607                      8.9544479
              5       1747.5209     0.065833916        4.944468    0.0088008176        3508.362      -6.6601069       -8.6915466         2.0314397        3508.362                           3079.8418                 23.448246                 396.08766                      8.9842778
              3       1747.4903     0.061281662       5.0786223    0.0083931474       3508.3008      -6.6601069       -8.6915466         2.0314397       3508.3008                           3079.7928                 23.447576                 396.08766                      8.9727402
              4       1747.4837     0.062082817       4.9681834    0.0078192908       3508.2877      -6.6601069       -8.6915466         2.0314397       3508.2877                           3079.7903                 23.446644                 396.08766                      8.9630548
              1       1747.4566     0.052302792       5.0767149    0.0076036576       3508.2335      -6.6601069       -8.6915466         2.0314397       3508.2335                           3079.7487                  23.44646                 396.08766                      8.9506952
             10       1747.9529     0.048269185       4.6141971    0.0050841343       3509.2261      -6.6601069       -8.6915466         2.0314397       3509.2261                           3080.7721                 23.442483                 396.10607                      8.9054189
              1       1747.9201     0.048759292       4.6202125    0.0049357646       3509.1604      -6.6601069       -8.6915466         2.0314397       3509.1604                           3080.7091                 23.442217                 396.10607                      8.9030268
              7        1748.148     0.046090558       4.5762035    0.0042564369       3509.6161      -6.6601069       -8.6915466         2.0314397       3509.6161                           3081.1787                 23.441135                 396.10607                      8.8902518
              3       1747.8923     0.049405356       4.6238698    0.0042906263       3509.1048      -6.6601069       -8.6915466         2.0314397       3509.1048                           3080.6838                 23.441101                 396.08766                      8.8921733
             10       1747.5789     0.059160494       4.7606499    0.0051311682        3508.478      -6.6601069       -8.6915466         2.0314397        3508.478                           3080.0347                 23.442247                 396.08766                       8.913392
              2       1747.4992     0.061055664       4.6029787    0.0056876674       3508.3185      -6.6601069       -8.6915466         2.0314397       3508.3185                           3079.8633                 23.443246                 396.08766                      8.9243288
              3        1747.694     0.052646152       4.6916701    0.0095286971       3508.7082      -6.6601069       -8.6915466         2.0314397       3508.7082                           3080.1649                 23.449953                 396.10607                      8.9872824
              3       1747.8284      0.05046778       4.7195472    0.0097008092       3508.9771      -6.6601069       -8.6915466         2.0314397       3508.9771                           3080.4309                 23.450283                 396.10607                      8.9897651
              2       1747.7915     0.059139731       4.9073402     0.004094162       3508.9031      -6.6601069       -8.6915466         2.0314397       3508.9031                           3080.4785                 23.440394                 396.08766                      8.8965855
              2        1747.504     0.067705989       4.5158505    0.0059464765       3508.3283      -6.6601069       -8.6915466         2.0314397       3508.3283                           3079.8623                 23.443601                 396.08766                      8.9347045
              4       1747.7877     0.070225461       4.6807076    0.0057770476       3508.8957      -6.6601069       -8.6915466         2.0314397       3508.8957                           3080.4293                 23.443151                 396.08766                      8.9356275
              3       1747.7464     0.066361015       4.6958442    0.0049216488       3508.8131      -6.6601069       -8.6915466         2.0314397       3508.8131                           3080.3667                 23.441767                 396.08766                      8.9169962
             12       1748.0547     0.070767509       4.7312791     0.004898058       3509.4297      -6.6601069       -8.6915466         2.0314397       3509.4297                           3080.9781                 23.441605                 396.08766                      8.9223073
              2       1747.7468     0.061121137       4.8367836    0.0044647133       3508.8138      -6.6601069       -8.6915466         2.0314397       3508.8138                           3080.3806                 23.441021                 396.08766                      8.9044716
              2       1747.6534      0.05186902       4.9633032    0.0047426684       3508.6271      -6.6601069       -8.6915466         2.0314397       3508.6271                           3080.1971                 23.441646                 396.08766                      8.9007171
              1       1747.7354     0.050157763       4.7263499    0.0063701049        3508.791      -6.6601069       -8.6915466         2.0314397        3508.791                           3080.3118                 23.444585                 396.10607                      8.9284693
              1       1747.6904     0.053080488       4.5840184    0.0063964004       3508.7011      -6.6601069       -8.6915466         2.0314397       3508.7011                           3080.2192                 23.444636                 396.10607                      8.9311369
              1       1747.5487     0.063543322       4.7802469    0.0062482428       3508.4176      -6.6601069       -8.6915466         2.0314397       3508.4176                           3079.9492                 23.444042                 396.08766                      8.9366776
              1       1747.3997     0.063960544       4.7674381    0.0078910416       3508.1196      -6.6601069       -8.6915466         2.0314397       3508.1196                           3079.6196                 23.446848                 396.08766                      8.9654945
              3       1747.6599     0.054705993       4.5358835    0.0055599851       3508.6399      -6.6601069       -8.6915466         2.0314397       3508.6399                           3080.1915                 23.443198                 396.08766                      8.9175376
              8       1747.9091     0.045378098       5.0522766    0.0033912856       3509.1384      -6.6601069       -8.6915466         2.0314397       3509.1384                            3080.738                 23.439464                 396.08766                      8.8732439
              1       1747.6121     0.057557848       5.1551923    0.0064334749       3508.5445      -6.6601069       -8.6915466         2.0314397       3508.5445                           3080.0775                 23.444276                 396.08766                      8.9351052
              4        1748.061     0.064669265       4.9775865    0.0047338714       3509.4423      -6.6601069       -8.6915466         2.0314397       3509.4423                           3080.9992                 23.441305                 396.08766                      8.9141431
              3        1748.192     0.063350588       5.1586566    0.0050983693       3509.7042      -6.6601069       -8.6915466         2.0314397       3509.7042                           3081.2546                  23.44184                 396.08766                       8.920122
              1        1748.113     0.072358345       4.8095482    0.0060984787       3509.5462      -6.6601069       -8.6915466         2.0314397       3509.5462                           3081.0698                 23.443562                 396.08766                        8.94512
              7       1748.4424     0.074514296       4.8646755    0.0061519337        3510.205      -6.6601069       -8.6915466         2.0314397        3510.205                           3081.7238                 23.443562                 396.08766                      8.9499461
              3       1747.3054     0.066102707       4.6431909    0.0092666947        3507.931      -6.6601069       -8.6915466         2.0314397        3507.931                           3079.4023                 23.449234                 396.08766                      8.9917491
              2       1747.3065     0.066012734       4.6268295    0.0091198144       3507.9332      -6.6601069       -8.6915466         2.0314397       3507.9332                           3079.4075                 23.448995                 396.08766                      8.9890122
              6       1747.2889     0.070007834       4.5286596    0.0096294386       3507.8979      -6.6601069       -8.6915466         2.0314397       3507.8979                           3079.3587                 23.449846                 396.08766                      9.0017298
              6        1747.326     0.070881679       4.5249956    0.0089885719       3507.9722      -6.6601069       -8.6915466         2.0314397       3507.9722                           3079.4448                 23.448732                 396.08766                      8.9909789
              8        1747.295     0.064659707       4.7118342    0.0099823748       3507.9103      -6.6601069       -8.6915466         2.0314397       3507.9103                           3079.3686                  23.45045                 396.08766                      9.0035864
              9       1748.2128     0.064722623       5.2366159    0.0064520173       3509.7459      -6.6601069       -8.6915466         2.0314397       3509.7459                           3081.2689                 23.444059                 396.08766                      8.9452648
              3       1747.3894     0.056106512       5.0334407    0.0082823281        3508.099      -6.6601069       -8.6915466         2.0314397        3508.099                            3079.598                 23.447548                 396.08766                      8.9657703
              5       1747.3514     0.057340007       4.9121273    0.0097157063        3508.023      -6.6601069       -8.6915466         2.0314397        3508.023                           3079.4925                 23.450043                 396.08766                      8.9928194
              5       1747.3358     0.058244013       4.9167192    0.0098035094       3507.9919      -6.6601069       -8.6915466         2.0314397       3507.9919                           3079.4589                 23.450169                 396.08766                      8.9950949
              2       1747.3664     0.056598088        4.937452    0.0089767028       3508.0531      -6.6601069       -8.6915466         2.0314397       3508.0531                           3079.5379                  23.44878                 396.08766                      8.9787181
              2       1747.5917     0.059832564       5.0986636    0.0069814691       3508.5036      -6.6601069       -8.6915466         2.0314397       3508.5036                            3080.024                 23.445186                 396.08766                      8.9467238
              4       1747.7211     0.060952994       5.0298036    0.0058411688       3508.7624      -6.6601069       -8.6915466         2.0314397       3508.7624                           3080.3032                 23.443253                 396.08766                      8.9282583
              5       1747.6295     0.048256484       5.0666196    0.0091812824       3508.5791      -6.6601069       -8.6915466         2.0314397       3508.5791                           3080.0467                 23.449273                 396.10607                      8.9770595
              1       1747.4193     0.051594226       5.2439041    0.0085031085       3508.1589      -6.6601069       -8.6915466         2.0314397       3508.1589                           3079.6576                 23.447926                 396.08766                      8.9657639
              1       1747.7944     0.064360862       4.8836877    0.0054037903        3508.909      -6.6601069       -8.6915466         2.0314397        3508.909                           3080.4548                 23.442516                 396.08766                      8.9239843
              3       1747.7863     0.058795556       4.9322387    0.0041800937       3508.8927      -6.6601069       -8.6915466         2.0314397       3508.8927                           3080.4668                 23.440534                 396.08766                      8.8977422
              1       1747.7412     0.059551883        5.182789    0.0063418137       3508.8026      -6.6601069       -8.6915466         2.0314397       3508.8026                           3080.3349                 23.444048                 396.08766                      8.9359929
              7       1748.0772     0.048341664       4.6036453    0.0087780507       3509.4746      -6.6601069       -8.6915466         2.0314397       3509.4746                           3080.9471                 23.448803                 396.10607                      8.9725779
              6       1748.0901     0.048142305       4.6014375    0.0086792337       3509.5005      -6.6601069       -8.6915466         2.0314397       3509.5005                           3080.9751                 23.448639                 396.10607                      8.9706829
              2        1748.061     0.045285279       4.7856587    0.0078587496       3509.4423      -6.6601069       -8.6915466         2.0314397       3509.4423                           3080.9359                 23.447214                 396.10607                      8.9531632
              1       1747.3765      0.05850562       4.7357661    0.0091947361       3508.0732      -6.6601069       -8.6915466         2.0314397       3508.0732                           3079.5519                 23.449224                 396.08766                      8.9844222
              2       1747.3962     0.057978753       5.1613565    0.0091128582       3508.1125      -6.6601069       -8.6915466         2.0314397       3508.1125                           3079.5936                 23.448844                 396.08766                      8.9824745
              7       1748.4148     0.073599268       5.0636083    0.0085455592       3510.1499      -6.6601069       -8.6915466         2.0314397       3510.1499                           3081.6229                 23.447526                 396.08766                      8.9917552
              6       1748.3946     0.074308418       5.0397495    0.0087744214       3510.1093      -6.6601069       -8.6915466         2.0314397       3510.1093                           3081.5774                 23.447918                 396.08766                      8.9964015
              2       1748.0196     0.071089507         5.07498    0.0095113371       3509.3594      -6.6601069       -8.6915466         2.0314397       3509.3594                           3080.8178                 23.449237                 396.08766                      9.0047516
              5       1748.4146     0.074068465       5.0507254    0.0086669361       3510.1494      -6.6601069       -8.6915466         2.0314397       3510.1494                           3081.6197                 23.447732                 396.08766                      8.9943626
              2       1747.9271     0.068118453       5.0777727    0.0082623855       3509.1745      -6.6601069       -8.6915466         2.0314397       3509.1745                           3080.6607                 23.447174                 396.08766                      8.9789226
              5       1747.7905     0.064395501       5.0542685    0.0069599825       3508.9012      -6.6601069       -8.6915466         2.0314397       3508.9012                            3080.417                  23.44506                 396.08766                      8.9515002
              2       1747.6713      0.06397379       5.0087715    0.0072142865       3508.6628      -6.6601069       -8.6915466         2.0314397       3508.6628                           3080.1746                 23.445535                 396.08766                      8.9549794
              2       1747.4137     0.056671015       5.1991289    0.0086779533       3508.1476      -6.6601069       -8.6915466         2.0314397       3508.1476                           3079.6383                 23.448111                 396.08766                      8.9735298
              1       1747.3662     0.055775667       5.0339137    0.0090569517       3508.0525      -6.6601069       -8.6915466         2.0314397       3508.0525                           3079.5365                 23.448883                 396.08766                      8.9794691
              1       1747.6126     0.048244225       5.0955994      0.00927777       3508.5454      -6.6601069       -8.6915466         2.0314397       3508.5454                           3080.0112                 23.449424                 396.10607                      8.9787097
              2       1747.6094      0.04881069       5.0567969    0.0093449063        3508.539      -6.6601069       -8.6915466         2.0314397        3508.539                            3080.003                 23.449544                 396.10607                      8.9804053
              4       1747.5968     0.048905554       5.0314933    0.0073088975       3508.5138      -6.6601069       -8.6915466         2.0314397       3508.5138                           3080.0187                 23.446068                 396.10607                      8.9430055
              9       1748.8188     0.074405145       5.1056173    0.0076437577       3510.9577      -6.6601069       -8.6915466         2.0314397       3510.9577                           3082.4455                  23.44593                 396.08766                      8.9786404
              2       1748.6467     0.070493679        5.248665     0.007923243       3510.6136      -6.6601069       -8.6915466         2.0314397       3510.6136                           3082.1004                 23.446403                 396.08766                      8.9791855
              3       1748.6337     0.070234626       5.2488819    0.0078149808       3510.5876      -6.6601069       -8.6915466         2.0314397       3510.5876                           3082.0768                 23.446225                 396.08766                      8.9769348
              1       1747.7061     0.050137036       4.7892701    0.0082279106       3508.7325      -6.6601069       -8.6915466         2.0314397       3508.7325                           3080.2173                 23.447732                 396.10607                       8.961413
              3       1747.6189     0.051115549       4.8905842    0.0097539956       3508.5579      -6.6601069       -8.6915466         2.0314397       3508.5579                           3080.0116                 23.450273                 396.10607                      8.9899554
              2       1747.5829     0.051965241       4.8688865    0.0096553708        3508.486      -6.6601069       -8.6915466         2.0314397        3508.486                           3079.9415                 23.450094                 396.10607                      8.9883398
              1       1747.6924     0.050381964        4.842104    0.0094450698       3508.7049      -6.6601069       -8.6915466         2.0314397       3508.7049                            3080.165                 23.449786                 396.10607                      8.9841141
              3       1747.4683     0.053145143       4.9318058    0.0087357003       3508.2568      -6.6601069       -8.6915466         2.0314397       3508.2568                           3079.7306                 23.448456                 396.10607                      8.9716409
              4       1747.6481     0.059033517       4.9261183    0.0052013909       3508.6163      -6.6601069       -8.6915466         2.0314397       3508.6163                           3080.1715                 23.442273                 396.08766                      8.9149299
              2       1748.7849     0.070849437       5.0891725    0.0054320565         3510.89      -6.6601069       -8.6915466         2.0314397         3510.89                           3082.4239                 23.442259                 396.08766                      8.9361114
              5       1748.1053     0.059822162        5.189106    0.0042993764       3509.5308      -6.6601069       -8.6915466         2.0314397       3509.5308                              3081.1                 23.440553                 396.08766                      8.9025971
              4       1748.1047     0.060221517       5.2030779     0.004569341       3509.5296      -6.6601069       -8.6915466         2.0314397       3509.5296                           3081.0933                 23.440994                 396.08766                      8.9076281
              5       1747.5761     0.069597382       4.9050693    0.0098341435       3508.4724      -6.6601069       -8.6915466         2.0314397       3508.4724                            3079.928                 23.449951                 396.08766                      9.0067458
              1       1747.4333     0.068633508       4.7990592    0.0095476657       3508.1868      -6.6601069       -8.6915466         2.0314397       3508.1868                           3079.6498                 23.449556                 396.08766                      8.9998226
             10       1747.8671       0.0504177        4.604254    0.0081061378       3509.0544      -6.6601069       -8.6915466         2.0314397       3509.0544                           3080.5403                 23.447607                 396.10607                      8.9604423
              6       1747.9955      0.04909664       4.5914827    0.0083041413       3509.3112      -6.6601069       -8.6915466         2.0314397       3509.3112                           3080.7934                 23.447981                 396.10607                      8.9637723
              3       1747.9307     0.049292157        4.602022    0.0076022533       3509.1817      -6.6601069       -8.6915466         2.0314397       3509.1817                           3080.6781                  23.44677                 396.10607                       8.950754
              1       1747.5221     0.056151029       4.8477264    0.0058692115       3508.3644      -6.6601069       -8.6915466         2.0314397       3508.3644                           3079.9098                 23.443527                 396.08766                      8.9234023
              5       1747.5129     0.069112158       4.6203138    0.0069616738        3508.346      -6.6601069       -8.6915466         2.0314397        3508.346                           3079.8591                 23.445239                 396.08766                      8.9540008
              4       1747.4044     0.064654866       4.6742294    0.0073894199        3508.129      -6.6601069       -8.6915466         2.0314397        3508.129                           3079.6382                 23.446033                 396.08766                      8.9571271
              2       1747.3559     0.063345358       4.6033522    0.0078316857        3508.032      -6.6601069       -8.6915466         2.0314397        3508.032                           3079.5338                 23.446861                 396.08766                      8.9636462
              2       1747.3599     0.065241165       4.6801589    0.0081960947       3508.0399      -6.6601069       -8.6915466         2.0314397       3508.0399                            3079.533                 23.447396                 396.08766                      8.9718812
              7       1747.2998     0.064557475       4.6267245    0.0094604268       3507.9199      -6.6601069       -8.6915466         2.0314397       3507.9199                           3079.3886                  23.44961                 396.08766                      8.9939545
              5       1747.3049     0.063485941       4.7008625    0.0095163349         3507.93      -6.6601069       -8.6915466         2.0314397         3507.93                           3079.3986                 23.449684                 396.08766                      8.9940799
              4       1747.8508     0.064756946       4.8488948    0.0049098521       3509.0218      -6.6601069       -8.6915466         2.0314397       3509.0218                           3080.5765                 23.441686                 396.08766                      8.9160234
              1        1747.839     0.064126423        4.884988    0.0050502431       3508.9982      -6.6601069       -8.6915466         2.0314397       3508.9982                           3080.5508                 23.441917                 396.08766                      8.9178559
              6        1747.842     0.064157715       4.8855552    0.0050469485       3509.0041      -6.6601069       -8.6915466         2.0314397       3509.0041                           3080.5567                 23.441911                 396.08766                      8.9178435
              2       1748.5449     0.070238351       4.9305021    0.0043587357       3510.4101      -6.6601069       -8.6915466         2.0314397       3510.4101                           3081.9664                  23.44056                 396.08766                      8.9154356
              1       1748.2496     0.067755035       4.8979094    0.0043044277       3509.8195      -6.6601069       -8.6915466         2.0314397       3509.8195                           3081.3808                 23.440551                 396.08766                      8.9105219
              2       1748.2464     0.067644423       4.9027935    0.0043205329        3509.813      -6.6601069       -8.6915466         2.0314397        3509.813                           3081.3741                 23.440577                 396.08766                      8.9106838
              1       1748.0658     0.063383612       4.9805309    0.0042436957       3509.4518      -6.6601069       -8.6915466         2.0314397       3509.4518                           3081.0191                   23.4405                 396.08766                      8.9045301
              1       1747.6734     0.062287017       4.9329258    0.0059257744       3508.6669      -6.6601069       -8.6915466         2.0314397       3508.6669                           3080.2052                 23.443425                 396.08766                       8.930631
              4       1747.5795     0.057086168       5.1550356    0.0065777713       3508.4793      -6.6601069       -8.6915466         2.0314397       3508.4793                             3080.01                 23.444535                 396.08766                      8.9370683
              1       1747.5927     0.050969088       5.0334467    0.0056104277       3508.5057      -6.6601069       -8.6915466         2.0314397       3508.5057                           3080.0601                 23.443112                 396.08766                      8.9148306
              5        1747.981     0.064907511        4.779448    0.0036929439       3509.2823      -6.6601069       -8.6915466         2.0314397       3509.2823                           3080.8592                 23.439654                 396.08766                      8.8958306
              1       1747.9399     0.066251625       4.6056334     0.003120167       3509.1999      -6.6601069       -8.6915466         2.0314397       3509.1999                           3080.7866                 23.438758                 396.08766                      8.8868935
              2       1747.9391     0.066250088       4.6054453    0.0031229471       3509.1984      -6.6601069       -8.6915466         2.0314397       3509.1984                            3080.785                 23.438763                 396.08766                      8.8869353
              1       1747.6585     0.053526027       4.5989414    0.0075899147       3508.6373      -6.6601069       -8.6915466         2.0314397       3508.6373                           3080.1318                  23.44666                 396.10607                      8.9527317
              1       1747.3622     0.061854707       4.8659862    0.0086576035       3508.0447      -6.6601069       -8.6915466         2.0314397       3508.0447                           3079.5315                 23.448148                 396.08766                      8.9773049
              4       1747.4649     0.056404505       4.9625619    0.0068141357       3508.2499      -6.6601069       -8.6915466         2.0314397       3508.2499                           3079.7772                  23.44507                 396.08766                      8.9400506
              2       1747.8087      0.04845274       4.9040012    0.0039267203       3508.9376      -6.6601069       -8.6915466         2.0314397       3508.9376                            3080.525                  23.44037                 396.08766                      8.8845397
              9       1748.2087     0.065853181       4.9074686    0.0038427803       3509.7375      -6.6601069       -8.6915466         2.0314397       3509.7375                           3081.3094                 23.439804                 396.08766                      8.9006249
              3       1747.9417     0.064304494         4.96084    0.0051128495       3509.2035      -6.6601069       -8.6915466         2.0314397       3509.2035                           3080.7542                 23.441971                 396.08766                      8.9197226
              2       1748.4907     0.069855208       5.0382272    0.0056034088       3510.3017      -6.6601069       -8.6915466         2.0314397       3510.3017                           3081.8349                 23.442615                 396.08766                      8.9364774
              3       1747.5964     0.067794228       4.8831585     0.008314616       3508.5131      -6.6601069       -8.6915466         2.0314397       3508.5131                           3080.0004                 23.447407                 396.08766                      8.9776186
              9         1747.32     0.068487471       4.6550937    0.0096720661       3507.9601      -6.6601069       -8.6915466         2.0314397       3507.9601                           3079.4213                 23.449869                 396.08766                      9.0013317
              4       1747.3113       0.0685521       4.6432509     0.009773673       3507.9429      -6.6601069       -8.6915466         2.0314397       3507.9429                           3079.4019                  23.45005                 396.08766                      9.0032037
              1       1747.2879     0.068365911       4.5294794    0.0093576566       3507.8959      -6.6601069       -8.6915466         2.0314397       3507.8959                           3079.3635                 23.449414                 396.08766                      8.9953182
              3       1747.5022     0.054790464       4.7400217    0.0072586715       3508.3246      -6.6601069       -8.6915466         2.0314397       3508.3246                           3079.8441                 23.445992                 396.08766                      8.9469175
              2       1747.5206     0.054290999       4.7431128    0.0071198533       3508.3614      -6.6601069       -8.6915466         2.0314397       3508.3614                           3079.8839                 23.445764                 396.08766                      8.9441141
              1       1747.4261     0.057628122       4.7015445    0.0077079661       3508.1724      -6.6601069       -8.6915466         2.0314397       3508.1724                           3079.6811                 23.446717                 396.08766                      8.9569486
              3         1747.45     0.057127697       4.6709504    0.0077815534       3508.2203      -6.6601069       -8.6915466         2.0314397       3508.2203                           3079.7277                 23.446871                 396.08766                      8.9580049
              2       1747.4333     0.057095231       4.7128886    0.0078254935       3508.1868      -6.6601069       -8.6915466         2.0314397       3508.1868                           3079.6936                 23.446924                 396.08766                      8.9586632
              3       1747.4685     0.055321494        4.773207    0.0088545974       3508.2572      -6.6601069       -8.6915466         2.0314397       3508.2572                           3079.7264                 23.448694                 396.10607                      8.9760255
             11        1748.021     0.053944035       5.2537707    0.0032067031       3509.3623      -6.6601069       -8.6915466         2.0314397       3509.3623                           3080.9577                 23.438815                 396.08766                       8.878086
              3       1747.7006     0.058488109       4.9308937     0.004708483       3508.7215      -6.6601069       -8.6915466         2.0314397       3508.7215                           3080.2862                 23.441443                 396.08766                      8.9061425
              3       1747.8474     0.045328096       4.9893461    0.0078539701       3509.0151      -6.6601069       -8.6915466         2.0314397       3509.0151                           3080.5101                 23.447112                 396.10607                      8.9517708
              3       1747.8979     0.050407905       4.5558193    0.0075460565       3509.1161      -6.6601069       -8.6915466         2.0314397       3509.1161                           3080.6129                 23.446672                 396.10607                      8.9504512
              1       1747.4436     0.058234482       4.9865853    0.0073758606       3508.2074      -6.6601069       -8.6915466         2.0314397       3508.2074                           3079.7223                  23.44597                 396.08766                      8.9515326
              4       1747.6928     0.052863346       4.6053135    0.0055841448       3508.7059      -6.6601069       -8.6915466         2.0314397       3508.7059                           3080.2584                 23.443243                 396.08766                      8.9166072
              4       1748.2532     0.045305347       4.5334116    0.0049685858       3509.8265      -6.6601069       -8.6915466         2.0314397       3509.8265                           3081.3757                 23.442384                 396.10607                      8.9023414
              3       1747.9881     0.048864511       4.5717764    0.0073567425       3509.2963      -6.6601069       -8.6915466         2.0314397       3509.2963                           3080.7976                 23.446373                 396.10607                      8.9463127
              2       1747.4703     0.053958682       4.8542342    0.0078277429       3508.2609      -6.6601069       -8.6915466         2.0314397       3508.2609                           3079.7701                 23.446923                 396.08766                       8.956265
              2       1747.4656     0.067240693        4.770688    0.0081750839       3508.2515      -6.6601069       -8.6915466         2.0314397       3508.2515                           3079.7427                 23.447257                 396.08766                       8.973845
              4       1747.3416     0.060364874       4.7512811    0.0088229895       3508.0033      -6.6601069       -8.6915466         2.0314397       3508.0033                           3079.4882                 23.448536                 396.08766                      8.9789709
              4       1747.5375      0.05659064       4.5639607    0.0068307802       3508.3953      -6.6601069       -8.6915466         2.0314397       3508.3953                           3079.9213                 23.445314                 396.08766                      8.9409983
              1       1747.9587     0.061116861       4.9410623    0.0037901155       3509.2377      -6.6601069       -8.6915466         2.0314397       3509.2377                           3080.8162                 23.439808                 396.08766                      8.8940619
              8        1749.456     0.067409898       5.2819659    0.0032189647       3512.2322      -6.6601069       -8.6915466         2.0314397       3512.2322                           3083.8074                 23.438442                 396.08766                       8.898766
              8       1749.1284     0.066185179         5.22923    0.0031870783        3511.577      -6.6601069       -8.6915466         2.0314397        3511.577                           3083.1557                  23.43846                 396.08766                      8.8951732
              3       1747.9715     0.064426038       4.8435275    0.0040609809       3509.2631      -6.6601069       -8.6915466         2.0314397       3509.2631                           3080.8335                 23.440251                 396.08766                      8.9017094
              9       1747.8047     0.074907411       4.5662187    0.0062784667       3508.9296      -6.6601069       -8.6915466         2.0314397       3508.9296                           3080.4492                 23.443985                 396.08766                      8.9486944
             11       1747.4095      0.05874347       4.7032753    0.0074925914       3508.1393      -6.6601069       -8.6915466         2.0314397       3508.1393                           3079.6514                 23.446323                 396.08766                      8.9539012
              3       1747.9202     0.073344085       4.7084927    0.0064984746       3509.1606      -6.6601069       -8.6915466         2.0314397       3509.1606                           3080.6767                 23.444294                 396.08766                      8.9519039
              3         1747.69     0.073077583        4.581568    0.0065268181       3508.7002      -6.6601069       -8.6915466         2.0314397       3508.7002                           3080.2173                 23.444437                 396.08766                      8.9507976
              1       1747.6148     0.066706994       4.7727285    0.0065944415       3508.5498      -6.6601069       -8.6915466         2.0314397       3508.5498                           3080.0716                 23.444565                 396.08766                       8.945971
              3       1747.5112     0.057736556       4.5322625    0.0070147309       3508.3427      -6.6601069       -8.6915466         2.0314397       3508.3427                           3079.8643                 23.445622                 396.08766                      8.9451004
              5       1747.5899     0.055511643       4.5491007    0.0067971161       3508.5001      -6.6601069       -8.6915466         2.0314397       3508.5001                           3080.0273                 23.445287                 396.08766                      8.9397999
              1       1747.4881     0.059176779       4.8219298    0.0062762639       3508.2965      -6.6601069       -8.6915466         2.0314397       3508.2965                           3079.8316                 23.444166                 396.08766                      8.9330255
              5       1747.3447     0.063948299       4.7889121    0.0089456924       3508.0097      -6.6601069       -8.6915466         2.0314397       3508.0097                           3079.4891                 23.448641                 396.08766                      8.9842441
             10       1747.6526     0.052209195       4.7047923    0.0058587764       3508.6253      -6.6601069       -8.6915466         2.0314397       3508.6253                           3080.1733                 23.443676                 396.08766                      8.9206676
              5        1747.603     0.052090348        4.780889     0.008345335       3508.5263      -6.6601069       -8.6915466         2.0314397       3508.5263                           3080.0078                 23.447892                 396.10607                       8.964512
              7       1747.9219     0.048485816       4.7895928    0.0099103104       3509.1639      -6.6601069       -8.6915466         2.0314397       3509.1639                           3080.6146                 23.450654                 396.10607                      8.9925583
              6       1747.7162     0.070149876       4.9385666    0.0092699954       3508.7525      -6.6601069       -8.6915466         2.0314397       3508.7525                           3080.2182                 23.448947                 396.08766                      8.9977231
              6       1747.5221     0.047841252       5.2744494    0.0085382111       3508.3644      -6.6601069       -8.6915466         2.0314397       3508.3644                           3079.8463                 23.448076                 396.10607                      8.9639324
              1        1747.431     0.052081283        5.142944    0.0082132799       3508.1822      -6.6601069       -8.6915466         2.0314397       3508.1822                           3079.6861                 23.447473                 396.08766                       8.960993
              2        1747.743     0.045568383        5.165409    0.0051196406       3508.8063      -6.6601069       -8.6915466         2.0314397       3508.8063                           3080.3738                  23.44235                 396.08766                      8.9024918
              6       1747.6977      0.04713588       5.2792327     0.004837836       3508.7156      -6.6601069       -8.6915466         2.0314397       3508.7156                           3080.2876                  23.44177                 396.08766                      8.8985487
              2       1747.7112     0.047717851       5.2841182    0.0046224621       3508.7425      -6.6601069       -8.6915466         2.0314397       3508.7425                           3080.3181                 23.441384                 396.08766                      8.8953507
              2       1747.7131     0.046001563       5.2775092    0.0049225688       3508.7465      -6.6601069       -8.6915466         2.0314397       3508.7465                           3080.3177                 23.441947                 396.08766                      8.8991699
             11        1748.182     0.045902078       4.5599342    0.0039910511       3509.6842      -6.6601069       -8.6915466         2.0314397       3509.6842                           3081.2518                 23.440694                 396.10607                      8.8856709
              4       1747.6267     0.056617226       4.6337055    0.0046019962       3508.5736      -6.6601069       -8.6915466         2.0314397       3508.5736                           3080.1423                 23.441472                 396.08766                      8.9022085
              1       1747.5685     0.052713864        4.779955     0.008091014       3508.4571      -6.6601069       -8.6915466         2.0314397       3508.4571                           3079.9431                 23.447443                 396.10607                      8.9605461
              1       1747.5976     0.054916868       5.2235167    0.0062164433       3508.5154      -6.6601069       -8.6915466         2.0314397       3508.5154                           3080.0549                 23.443936                 396.08766                      8.9288803
              5       1747.8448     0.054958653       5.1176446    0.0038494869       3509.0098      -6.6601069       -8.6915466         2.0314397       3509.0098                           3080.5931                  23.43996                 396.08766                      8.8890275
              2       1747.4043     0.054159571       5.0179098    0.0085266669       3508.1288      -6.6601069       -8.6915466         2.0314397       3508.1288                           3079.6244                 23.448025                 396.08766                      8.9686754
              3       1747.3493     0.063259834       4.5111641    0.0084837654       3508.0189      -6.6601069       -8.6915466         2.0314397       3508.0189                           3079.5079                 23.448033                 396.08766                      8.9753473
              9       1747.3592     0.056557569       5.0153356    0.0090639047       3508.0387      -6.6601069       -8.6915466         2.0314397       3508.0387                            3079.522                 23.448885                 396.08766                      8.9802132
              2        1747.352     0.055608628       5.1290238    0.0097400607       3508.0242      -6.6601069       -8.6915466         2.0314397       3508.0242                           3079.4951                 23.450002                 396.08766                      8.9913859
              5       1747.4256     0.051984801       5.1584197    0.0099886281       3508.1713      -6.6601069       -8.6915466         2.0314397       3508.1713                           3079.6213                 23.450509                 396.10607                      8.9934535
              7       1747.6503     0.059323824       5.2915144    0.0078808281       3508.6207      -6.6601069       -8.6915466         2.0314397       3508.6207                           3080.1238                 23.446615                 396.08766                      8.9627066
              3       1747.7375     0.045946403       5.0936389    0.0085721578       3508.7952      -6.6601069       -8.6915466         2.0314397       3508.7952                           3080.2762                 23.448276                 396.10607                      8.9646488
              8       1747.4651     0.055901605       4.7479457    0.0072873745       3508.2505      -6.6601069       -8.6915466         2.0314397       3508.2505                           3079.7687                 23.446011                 396.08766                      8.9481454
              1       1747.5289     0.055340652        4.741772    0.0060866191        3508.378      -6.6601069       -8.6915466         2.0314397        3508.378                           3079.9198                 23.443975                 396.08766                      8.9266064
              2       1747.6849     0.064591922       4.8123052    0.0056796645         3508.69      -6.6601069       -8.6915466         2.0314397         3508.69                            3080.231                 23.443026                 396.08766                      8.9283747
             11       1748.0261      0.04817093       4.5847437    0.0073182178       3509.3724      -6.6601069       -8.6915466         2.0314397       3509.3724                           3080.8747                 23.446316                 396.10607                      8.9452817
              6       1747.7271     0.051117944       4.6766244    0.0074866736       3508.7745      -6.6601069       -8.6915466         2.0314397       3508.7745                            3080.273                 23.446497                 396.10607                      8.9488949
              4       1747.6668     0.070444805        4.927672    0.0097683291       3508.6538      -6.6601069       -8.6915466         2.0314397       3508.6538                           3080.1095                 23.449801                 396.08766                      9.0068182
              4       1747.4371      0.06525498        4.964062    0.0097997098       3508.1944      -6.6601069       -8.6915466         2.0314397       3508.1944                           3079.6553                 23.449959                 396.08766                      9.0015067
              1       1747.5637     0.053075904          4.7605    0.0079995201       3508.4475      -6.6601069       -8.6915466         2.0314397       3508.4475                            3079.935                 23.447288                 396.10607                      8.9591636
              6       1747.4374     0.058758969       4.6565072    0.0070052696        3508.195      -6.6601069       -8.6915466         2.0314397        3508.195                           3079.7164                 23.445516                 396.08766                       8.945341
              8       1747.8491     0.050674628       4.8216598    0.0030543897       3509.0184      -6.6601069       -8.6915466         2.0314397       3509.0184                           3080.6202                 23.438872                 396.08766                      8.8716334
              3       1747.8311     0.051539488       4.8172953    0.0030818975       3508.9824      -6.6601069       -8.6915466         2.0314397       3508.9824                           3080.5831                 23.438901                 396.08766                      8.8727624
              5       1747.9781     0.046364082       4.7270381    0.0050789138       3509.2765      -6.6601069       -8.6915466         2.0314397       3509.2765                           3080.8241                 23.442465                 396.10607                      8.9038758
              2       1748.0064     0.046343989       4.6998825    0.0061408952        3509.333      -6.6601069       -8.6915466         2.0314397        3509.333                           3080.8601                 23.444291                 396.10607                      8.9224981
              1       1747.5298     0.051297453       5.1593659    0.0063811077       3508.3798      -6.6601069       -8.6915466         2.0314397       3508.3798                           3079.9194                 23.444352                 396.08766                      8.9283599
              2       1747.4254     0.055186495       5.1080686    0.0077752727       3508.1711      -6.6601069       -8.6915466         2.0314397       3508.1711                           3079.6808                 23.446661                 396.08766                       8.956016
              8       1747.4727     0.050392892       5.1587281    0.0085723892       3508.2656      -6.6601069       -8.6915466         2.0314397       3508.2656                           3079.7451                 23.448125                 396.10607                      8.9663695
              4       1747.5306     0.053131442       4.8103098    0.0078237106       3508.3814      -6.6601069       -8.6915466         2.0314397       3508.3814                           3079.8725                 23.446959                 396.10607                      8.9558169
              2       1747.6167     0.050774731       4.8442857    0.0073547556       3508.5536      -6.6601069       -8.6915466         2.0314397       3508.5536                           3080.0554                 23.446195                 396.10607                      8.9458962
              1       1747.7295     0.051682387       4.7095052    0.0045735227       3508.7792      -6.6601069       -8.6915466         2.0314397       3508.7792                            3080.352                 23.441493                 396.08766                      8.8980652
              9        1747.726     0.051827916       4.7004462    0.0046137373       3508.7722      -6.6601069       -8.6915466         2.0314397       3508.7722                           3080.3441                 23.441562                 396.08766                        8.89887
              1       1747.6303     0.054049565       4.6517769     0.005391602       3508.5808      -6.6601069       -8.6915466         2.0314397       3508.5808                           3080.1364                 23.442865                 396.08766                      8.9138332
              1       1747.6065     0.054423325       4.6167852    0.0081732006       3508.5332      -6.6601069       -8.6915466         2.0314397       3508.5332                           3080.0157                  23.44763                 396.10607                        8.96373
              1       1747.4051     0.061035036       4.5102119    0.0081525352       3508.1305      -6.6601069       -8.6915466         2.0314397       3508.1305                           3079.6275                 23.447513                 396.08766                      8.9677776
              2       1747.3495      0.06366004        4.653721    0.0080626031       3508.0191      -6.6601069       -8.6915466         2.0314397       3508.0191                           3079.5162                 23.447219                 396.08766                       8.968038
              6       1747.4139     0.061570484       4.5244897     0.007084246       3508.1481      -6.6601069       -8.6915466         2.0314397       3508.1481                           3079.6657                 23.445666                 396.08766                       8.949051
              2       1747.7439     0.050727451       4.6911064    0.0077436404       3508.8079      -6.6601069       -8.6915466         2.0314397       3508.8079                           3080.3016                 23.446938                 396.10607                      8.9533313
              4        1747.732     0.047912048       4.9135685    0.0078414566       3508.7843      -6.6601069       -8.6915466         2.0314397       3508.7843                           3080.2784                 23.447063                 396.10607                      8.9527041
              2        1747.677     0.060533334       4.6106477    0.0039473485       3508.6742      -6.6601069       -8.6915466         2.0314397       3508.6742                           3080.2517                 23.440285                 396.08766                      8.8945423
              7       1747.6776     0.060536462       4.6113066    0.0039444968       3508.6753      -6.6601069       -8.6915466         2.0314397       3508.6753                           3080.2529                  23.44028                 396.08766                      8.8944989
              9       1747.5765     0.062738859       4.6029267    0.0049638045       3508.4732      -6.6601069       -8.6915466         2.0314397       3508.4732                             3080.03                 23.441975                 396.08766                      8.9135384
              5       1747.6698     0.062400303       4.5977144    0.0041276051       3508.6598      -6.6601069       -8.6915466         2.0314397       3508.6598                           3080.2323                  23.44056                 396.08766                      8.8992482
              7       1747.6695     0.062355816       4.6069921    0.0041591226       3508.6592      -6.6601069       -8.6915466         2.0314397       3508.6592                           3080.2311                 23.440609                 396.08766                      8.8997547
              5       1747.7749     0.063706321        4.617679    0.0036538359       3508.8701      -6.6601069       -8.6915466         2.0314397       3508.8701                           3080.4499                 23.439713                 396.08766                      8.8928379
              2       1748.1337     0.066971885       4.7405299    0.0032463948       3509.5875      -6.6601069       -8.6915466         2.0314397       3509.5875                           3081.1701                 23.438872                 396.08766                      8.8908867
              1       1747.6974     0.070485883       4.7755224    0.0075061685        3508.715      -6.6601069       -8.6915466         2.0314397        3508.715                           3080.2152                 23.446034                 396.08766                      8.9660313
              5       1747.6848     0.074321029       4.6053887    0.0073329817       3508.6898      -6.6601069       -8.6915466         2.0314397       3508.6898                           3080.1902                 23.445772                 396.08766                       8.966225
              2       1747.4536     0.072736635        4.533141    0.0079594296       3508.2274      -6.6601069       -8.6915466         2.0314397       3508.2274                           3079.7181                 23.446926                 396.08766                      8.9747169
              8       1747.7068     0.067410182       4.5396981    0.0044109486       3508.7338      -6.6601069       -8.6915466         2.0314397       3508.7338                           3080.2964                 23.440973                 396.08766                       8.908766
              1       1747.7967      0.06451156       4.6055388    0.0035994608       3508.9135      -6.6601069       -8.6915466         2.0314397       3508.9135                           3080.4935                 23.439611                 396.08766                      8.8927353
              2       1747.8333     0.065028784       4.6200722    0.0035536334       3508.9869      -6.6601069       -8.6915466         2.0314397       3508.9869                           3080.5671                 23.439513                 396.08766                      8.8926237
              8       1747.8059     0.064741009        4.632869    0.0037354339        3508.932      -6.6601069       -8.6915466         2.0314397        3508.932                           3080.5092                 23.439821                 396.08766                       8.895341
              3       1747.5056     0.068742334       4.7082981    0.0077154026       3508.3315      -6.6601069       -8.6915466         2.0314397       3508.3315                           3079.8302                 23.446477                 396.08766                      8.9671201
              4       1747.4188     0.071465646       4.5859391     0.008452933       3508.1579      -6.6601069       -8.6915466         2.0314397       3508.1579                           3079.6401                 23.447762                 396.08766                      8.9822971
              9       1747.3029     0.070214458       4.5067128    0.0091062931       3507.9259      -6.6601069       -8.6915466         2.0314397       3507.9259                           3079.3969                  23.44896                 396.08766                      8.9924139
              3       1747.3431     0.070473155       4.5924913    0.0092560849       3508.0064      -6.6601069       -8.6915466         2.0314397       3508.0064                            3079.474                 23.449154                 396.08766                      8.9955842
              4       1747.3832     0.071765339       4.6375045    0.0097411142       3508.0867      -6.6601069       -8.6915466         2.0314397       3508.0867                           3079.5433                 23.449928                 396.08766                      9.0058116
              8       1747.3502     0.059204858         4.81534    0.0087647781       3508.0206      -6.6601069       -8.6915466         2.0314397       3508.0206                           3079.5076                 23.448425                 396.08766                      8.9769685
              3       1747.7638     0.045929803       5.1122225    0.0094905467       3508.8479      -6.6601069       -8.6915466         2.0314397       3508.8479                           3080.3103                 23.449842                 396.10607                      8.9816391
              6       1747.7705     0.045915331       5.1080555    0.0095241461       3508.8612      -6.6601069       -8.6915466         2.0314397       3508.8612                           3080.3229                 23.449902                 396.10607                       8.982289
              2       1747.5287     0.048440467       5.2023228    0.0082876648       3508.3776      -6.6601069       -8.6915466         2.0314397       3508.3776                           3079.8639                 23.447667                 396.10607                      8.9599137
              1        1747.504     0.048978533       5.2109372    0.0084021775       3508.3282      -6.6601069       -8.6915466         2.0314397       3508.3282                            3079.812                 23.447844                 396.10607                       8.962283
              4       1747.7013     0.045763167       5.1565083    0.0085736147       3508.7228      -6.6601069       -8.6915466         2.0314397       3508.7228                           3080.2042                 23.448253                 396.10607                      8.9642812
              2        1747.433     0.053051761       5.0081828    0.0085415352       3508.1863      -6.6601069       -8.6915466         2.0314397       3508.1863                           3079.6827                 23.448084                 396.08766                      8.9678313
              4       1747.4803     0.051768698       5.0161085    0.0086547547       3508.2807      -6.6601069       -8.6915466         2.0314397       3508.2807                           3079.7573                 23.448306                 396.10607                      8.9690892
              8       1747.3775     0.054259638       5.1213779    0.0099927878       3508.0752      -6.6601069       -8.6915466         2.0314397       3508.0752                           3079.5236                 23.450476                 396.10607                      8.9950807
              2       1749.0296     0.071180277       5.2365434     0.006462993       3511.3794      -6.6601069       -8.6915466         2.0314397       3511.3794                           3082.8918                 23.443899                 396.08766                      8.9560238
              5       1748.4675      0.07058995       5.0200481    0.0058860503       3510.2552      -6.6601069       -8.6915466         2.0314397       3510.2552                           3081.7825                 23.443091                 396.08766                      8.9419536
              5       1748.6105     0.064808757       5.0912336    0.0032321302       3510.5412      -6.6601069       -8.6915466         2.0314397       3510.5412                           3082.1232                 23.438668                 396.08766                      8.8916222
              1       1748.7537     0.067635508       5.0663093    0.0036824907       3510.8276      -6.6601069       -8.6915466         2.0314397       3510.8276                           3082.3978                 23.439379                 396.08766                      8.9027142
              1       1748.8946     0.068478978        5.049522     0.003355789       3511.1095      -6.6601069       -8.6915466         2.0314397       3511.1095                           3082.6843                 23.438813                 396.08766                      8.8987161
              4       1749.0079     0.068758403       5.0722921    0.0032935037        3511.336      -6.6601069       -8.6915466         2.0314397        3511.336                           3082.9111                 23.438684                 396.08766                      8.8985797
              1       1747.4844     0.058059966       4.6237064    0.0064210006        3508.289      -6.6601069       -8.6915466         2.0314397        3508.289                           3079.8221                 23.444551                 396.08766                      8.9346034
              2       1747.9851     0.048508603       4.5995231    0.0036705804       3509.2905      -6.6601069       -8.6915466         2.0314397       3509.2905                           3080.8816                 23.440075                 396.08766                       8.881194
             10       1747.9961     0.047716641       4.6360766    0.0037928946       3509.3124      -6.6601069       -8.6915466         2.0314397       3509.3124                           3080.9018                 23.440284                 396.08766                      8.8827105
              3       1747.8784     0.047236565       4.7718547    0.0065909859       3509.0771      -6.6601069       -8.6915466         2.0314397       3509.0771                           3080.5955                 23.445007                 396.10607                      8.9304971
              2       1748.0834      0.06755388       5.0013877    0.0061018847       3509.4871      -6.6601069       -8.6915466         2.0314397       3509.4871                           3081.0151                  23.44355                 396.08766                      8.9407938
              1       1748.0391     0.067586416       4.9612659    0.0059466161       3509.3983      -6.6601069       -8.6915466         2.0314397       3509.3983                           3080.9295                 23.443311                 396.08766                      8.9378187
              5       1748.0706     0.060257779        5.106498    0.0040354051       3509.4614      -6.6601069       -8.6915466         2.0314397       3509.4614                           3081.0354                 23.440144                 396.08766                      8.8982114
              1       1747.5301     0.051863667       5.2611312    0.0065425287       3508.3804      -6.6601069       -8.6915466         2.0314397       3508.3804                           3079.9165                 23.444556                 396.08766                      8.9316763
              2       1747.5311     0.050001396       5.1867314     0.006600314       3508.3825      -6.6601069       -8.6915466         2.0314397       3508.3825                           3079.9189                 23.444747                 396.08766                      8.9311743
              1       1747.4937     0.051237955       5.0408556    0.0075148698       3508.3075      -6.6601069       -8.6915466         2.0314397       3508.3075                           3079.8251                 23.446356                 396.08766                      8.9484367
              7       1747.4978      0.05101251       5.0445764    0.0075745771       3508.3158      -6.6601069       -8.6915466         2.0314397       3508.3158                           3079.8323                 23.446462                 396.08766                      8.9493489
              3       1747.4616     0.051436858       5.2487861    0.0075285224       3508.2433      -6.6601069       -8.6915466         2.0314397       3508.2433                           3079.7608                  23.44626                 396.08766                      8.9485823
             12       1747.5417     0.047952456        5.240599    0.0076126063       3508.4036      -6.6601069       -8.6915466         2.0314397       3508.4036                           3079.9037                 23.446506                 396.10607                      8.9473066
              5       1747.5824     0.068264522       4.8448135    0.0082316333       3508.4851      -6.6601069       -8.6915466         2.0314397       3508.4851                           3079.9737                  23.44728                 396.08766                      8.9764491
              1       1747.4149     0.068881647        4.693188    0.0086438526         3508.15      -6.6601069       -8.6915466         2.0314397         3508.15                           3079.6308                 23.448073                 396.08766                       8.983462
              1       1747.8483     0.049678861       4.6401165    0.0072023444       3509.0168      -6.6601069       -8.6915466         2.0314397       3509.0168                           3080.5214                 23.446059                 396.10607                      8.9433239
              1        1747.598     0.052509511       4.7717365    0.0061249308       3508.5162      -6.6601069       -8.6915466         2.0314397       3508.5162                           3080.0591                  23.44409                 396.08766                      8.9253102
              1       1747.3456     0.059634683       4.9485118    0.0091294254       3508.0114      -6.6601069       -8.6915466         2.0314397       3508.0114                           3079.4909                  23.44896                 396.08766                      8.9839288
              1       1747.5033     0.072976371       4.6510808    0.0089402646       3508.3267      -6.6601069       -8.6915466         2.0314397       3508.3267                           3079.7976                 23.448519                 396.08766                      8.9929523
              6       1747.3015     0.063414988       4.7651685    0.0099539828       3507.9233      -6.6601069       -8.6915466         2.0314397       3507.9233                           3079.3832                 23.450396                 396.08766                      9.0020446
              7       1747.3555      0.05786566        4.851217    0.0095074325       3508.0312      -6.6601069       -8.6915466         2.0314397       3508.0312                           3079.5044                 23.449709                 396.08766                       8.989467
              7       1747.3553     0.058516127       4.8071949    0.0091295347       3508.0308      -6.6601069       -8.6915466         2.0314397       3508.0308                            3079.511                 23.449071                 396.08766                      8.9830888
              2       1747.3752     0.059819774       4.8659905    0.0081213829       3508.0705      -6.6601069       -8.6915466         2.0314397       3508.0705                           3079.5697                 23.447279                 396.08766                       8.965928
              1       1747.3912     0.057864765       4.7472069    0.0085634761       3508.1025      -6.6601069       -8.6915466         2.0314397       3508.1025                           3079.5943                 23.448151                 396.08766                      8.9724374
              3       1747.8802     0.051149667       4.6597478    0.0030505061       3509.0807      -6.6601069       -8.6915466         2.0314397       3509.0807                           3080.6819                 23.438934                 396.08766                       8.872157
              3       1748.1526     0.067624057       4.7088178    0.0031133138       3509.6254      -6.6601069       -8.6915466         2.0314397       3509.6254                           3081.2098                 23.438651                 396.08766                      8.8892951
              6        1748.051     0.072378206       4.5225077    0.0035742427       3509.4221      -6.6601069       -8.6915466         2.0314397       3509.4221                           3080.9942                 23.439457                 396.08766                      8.9007929
              2       1747.5792     0.072564844        4.748042    0.0092680061       3508.4786      -6.6601069       -8.6915466         2.0314397       3508.4786                            3079.943                 23.449022                 396.08766                      8.9989982
             26       1747.6512     0.073113575       4.8114706    0.0098456372       3508.6227      -6.6601069       -8.6915466         2.0314397       3508.6227                           3080.0746                 23.449954                 396.08766                      9.0104628
              1       1747.6381     0.055048549       5.0890189    0.0052658107       3508.5965      -6.6601069       -8.6915466         2.0314397       3508.5965                            3080.154                 23.442388                 396.08766                      8.9125002
              4       1747.5707     0.053074732       5.1422138    0.0058396531       3508.4616      -6.6601069       -8.6915466         2.0314397       3508.4616                             3080.01                 23.443389                 396.08766                       8.920509
              3        1747.461     0.051964581       5.0559762    0.0094705604       3508.2423      -6.6601069       -8.6915466         2.0314397       3508.2423                           3079.7024                 23.449678                 396.10607                      8.9841109
              5       1747.5256     0.049804773       5.1071301    0.0093990244       3508.3714      -6.6601069       -8.6915466         2.0314397       3508.3714                            3079.834                 23.449585                 396.10607                      8.9816904
              1       1747.4689     0.058087425       4.7497007    0.0063985614       3508.2579      -6.6601069       -8.6915466         2.0314397       3508.2579                           3079.7917                 23.444441                 396.08766                      8.9341291
              5       1747.6094     0.053687536       4.8560814    0.0050522796        3508.539      -6.6601069       -8.6915466         2.0314397        3508.539                           3080.1017                 23.442187                 396.08766                      8.9074355
              5       1747.4682     0.057344329       4.8737149    0.0065814405       3508.2567      -6.6601069       -8.6915466         2.0314397       3508.2567                           3079.7876                 23.444701                 396.08766                      8.9367328
              3       1747.5263     0.064626501       4.7355431    0.0064336608       3508.3729      -6.6601069       -8.6915466         2.0314397       3508.3729                           3079.9001                 23.444361                 396.08766                      8.9407731
              4       1747.4384     0.066192874       4.5281538    0.0064590138        3508.197      -6.6601069       -8.6915466         2.0314397        3508.197                           3079.7228                   23.4445                 396.08766                      8.9420649
              2       1747.5622     0.056868453       4.7139539    0.0052700109       3508.4446      -6.6601069       -8.6915466         2.0314397       3508.4446                           3080.0006                 23.442562                 396.08766                      8.9137242
              3       1747.5677     0.054211032       4.7969927     0.005615327       3508.4556      -6.6601069       -8.6915466         2.0314397       3508.4556                           3080.0073                 23.443167                 396.08766                      8.9175373
              1       1747.7192     0.051970981       4.6437255    0.0080536575       3508.7586      -6.6601069       -8.6915466         2.0314397       3508.7586                           3080.2453                 23.447464                 396.10607                      8.9598382
              1       1747.3319      0.06339684       4.8300505    0.0094157492        3507.984      -6.6601069       -8.6915466         2.0314397        3507.984                           3079.4546                 23.449433                 396.08766                      8.9922829
              8       1747.3641     0.054350913        5.137182    0.0099550745       3508.0484      -6.6601069       -8.6915466         2.0314397       3508.0484                           3079.5159                   23.4504                 396.08766                      8.9944219
              5       1747.3582     0.056614536       5.1455872    0.0094994948       3508.0365      -6.6601069       -8.6915466         2.0314397       3508.0365                           3079.5111                 23.449553                 396.08766                      8.9881974
              4       1747.3594      0.05769503       4.9928651    0.0088582075       3508.0389      -6.6601069       -8.6915466         2.0314397       3508.0389                           3079.5253                 23.448517                 396.08766                      8.9774142
              7       1747.5895     0.059310566       4.8990396    0.0056093389       3508.4993      -6.6601069       -8.6915466         2.0314397       3508.4993                           3080.0467                 23.442978                 396.08766                      8.9219781
              6       1747.6533     0.062358493       5.0438763    0.0069935695       3508.6268      -6.6601069       -8.6915466         2.0314397       3508.6268                           3080.1444                 23.445176                 396.08766                      8.9495185
              4        1747.472     0.062832142       4.9367122    0.0079573698       3508.2643      -6.6601069       -8.6915466         2.0314397       3508.2643                           3079.7636                 23.446881                 396.08766                      8.9661217
              1       1748.4519     0.068006142       5.1354573    0.0059162425        3510.224      -6.6601069       -8.6915466         2.0314397        3510.224                           3081.7531                 23.443127                 396.08766                      8.9401187
              2       1748.3623     0.066091799       5.2112589    0.0061562564       3510.0448      -6.6601069       -8.6915466         2.0314397       3510.0448                           3081.5715                 23.443534                 396.08766                      8.9421293
              5       1747.5505      0.06169904       5.0346519    0.0075472809       3508.4212      -6.6601069       -8.6915466         2.0314397       3508.4212                           3079.9292                 23.446146                 396.08766                      8.9582294
              3       1748.0231     0.055185496       5.1735971     0.003117144       3509.3665      -6.6601069       -8.6915466         2.0314397       3509.3665                           3080.9625                 23.438675                 396.08766                      8.8776695
              2       1748.1043     0.056145996       5.2173245    0.0032030886       3509.5287      -6.6601069       -8.6915466         2.0314397       3509.5287                           3081.1218                  23.43877                 396.08766                      8.8804591
              3       1748.1629     0.056788592       5.1996974    0.0030035909       3509.6461      -6.6601069       -8.6915466         2.0314397       3509.6461                            3081.242                 23.438423                 396.08766                      8.8779602
              2       1747.9808     0.056249606       5.1381548    0.0034511846       3509.2818      -6.6601069       -8.6915466         2.0314397       3509.2818                           3080.8708                 23.439236                 396.08766                      8.8840876
              3       1747.8206     0.062441004        4.962164    0.0051801133       3508.9614      -6.6601069       -8.6915466         2.0314397       3508.9614                            3080.513                 23.442131                 396.08766                       8.918546
              1       1747.9695     0.063064266       5.2106797    0.0066957839       3509.2592      -6.6601069       -8.6915466         2.0314397       3509.2592                           3080.7803                 23.444538                 396.08766                      8.9466883
              1       1747.8638     0.060569637       5.2438142    0.0064569463       3509.0478      -6.6601069       -8.6915466         2.0314397       3509.0478                           3080.5763                 23.444177                 396.08766                      8.9396443
              1       1747.5437     0.058151993       5.1754591     0.007397049       3508.4076      -6.6601069       -8.6915466         2.0314397       3508.4076                           3079.9217                 23.445894                 396.08766                      8.9524003
              1       1747.3813     0.055613988       4.9761679    0.0096913801       3508.0828      -6.6601069       -8.6915466         2.0314397       3508.0828                           3079.5361                 23.450007                 396.10607                       8.990677
              1       1747.4105     0.054625173       4.9634793     0.009521694       3508.1412      -6.6601069       -8.6915466         2.0314397       3508.1412                           3079.5985                 23.449749                 396.10607                      8.9869266
              1       1747.3385     0.065751838       4.6182522    0.0082965011       3507.9972      -6.6601069       -8.6915466         2.0314397       3507.9972                           3079.4879                 23.447595                 396.08766                      8.9740223
              2       1747.3231     0.069122501       4.5794089    0.0090306287       3507.9665      -6.6601069       -8.6915466         2.0314397       3507.9665                           3079.4398                 23.448805                 396.08766                      8.9902015
              9        1747.659     0.069406175       4.9723737    0.0098387925       3508.6383      -6.6601069       -8.6915466         2.0314397       3508.6383                           3080.0935                 23.449916                 396.08766                      9.0071509
              8       1747.4156      0.06856446       4.7811793    0.0095334804       3508.1514      -6.6601069       -8.6915466         2.0314397       3508.1514                           3079.6148                 23.449546                 396.08766                      8.9994004
              6       1747.6522     0.059900747       4.5679534     0.004062339       3508.6245      -6.6601069       -8.6915466         2.0314397       3508.6245                           3080.2005                 23.440518                 396.08766                      8.8958237
              1        1747.812     0.058654009       4.7647516    0.0032501816       3508.9442      -6.6601069       -8.6915466         2.0314397       3508.9442                           3080.5358                 23.439052                 396.08766                      8.8817238
              3       1747.9723      0.06615765       4.8499328    0.0046956535       3509.2648      -6.6601069       -8.6915466         2.0314397       3509.2648                           3080.8216                 23.441287                 396.08766                       8.914246
              1       1747.9361     0.057773338       5.0753436    0.0037767921       3509.1924      -6.6601069       -8.6915466         2.0314397       3509.1924                           3080.7742                 23.439788                 396.08766                      8.8907689
             12       1747.8557     0.046815603       4.8429502      0.00729543       3509.0317      -6.6601069       -8.6915466         2.0314397       3509.0317                           3080.5367                 23.446188                 396.10607                      8.9426899
              3       1747.4571     0.057534057       4.6843709    0.0098825112       3508.2345      -6.6601069       -8.6915466         2.0314397       3508.2345                           3079.6812                 23.450455                 396.10607                      8.9967195
              1       1747.6235     0.055694213       4.5008732     0.006237485       3508.5672      -6.6601069       -8.6915466         2.0314397       3508.5672                            3080.105                 23.444352                 396.08766                      8.9301669
              7       1747.5875     0.065492921       4.6159162    0.0053547394       3508.4953      -6.6601069       -8.6915466         2.0314397       3508.4953                           3080.0422                 23.442575                 396.08766                      8.9228575
              4       1747.6659     0.066869722        4.920784    0.0076840029        3508.652      -6.6601069       -8.6915466         2.0314397        3508.652                           3080.1522                 23.446325                 396.08766                      8.9658696
              4        1747.819      0.06824302       5.0994316    0.0094643438       3508.9581      -6.6601069       -8.6915466         2.0314397       3508.9581                            3080.421                 23.449213                 396.08766                      9.0002253
              2       1747.8109     0.064778687       5.2555443    0.0093387853       3508.9419      -6.6601069       -8.6915466         2.0314397       3508.9419                           3080.4105                 23.448981                 396.08766                      8.9948274
              1       1748.0718     0.066799918       5.2776558    0.0090873593       3509.4639      -6.6601069       -8.6915466         2.0314397       3509.4639                           3080.9342                 23.448478                 396.08766                      8.9935802
              3       1748.0345     0.067281407       5.2140313    0.0087978142       3509.3891      -6.6601069       -8.6915466         2.0314397       3509.3891                           3080.8649                 23.448015                 396.08766                      8.9885291
              2       1747.4744     0.058537196       5.1128867    0.0078242467        3508.269      -6.6601069       -8.6915466         2.0314397        3508.269                           3079.7747                 23.446653                 396.08766                       8.960016
              5       1747.7258     0.067148879       4.6042696    0.0046327767       3508.7717      -6.6601069       -8.6915466         2.0314397       3508.7717                           3080.3302                 23.441316                 396.08766                      8.9125161
              5       1747.6001     0.055608695       4.5663509    0.0058139473       3508.5204      -6.6601069       -8.6915466         2.0314397       3508.5204                           3080.0667                 23.443597                 396.08766                      8.9224364
             10       1747.4391     0.058485648       4.8556091    0.0069688435       3508.1985      -6.6601069       -8.6915466         2.0314397       3508.1985                            3079.721                 23.445346                 396.08766                      8.9444468
              3       1747.4758     0.066065236       4.8961983    0.0088803117       3508.2717      -6.6601069       -8.6915466         2.0314397       3508.2717                             3079.75                 23.448409                 396.08766                      8.9856589
              1       1747.6566     0.072561398       4.6688864    0.0075324527       3508.6334      -6.6601069       -8.6915466         2.0314397       3508.6334                           3080.1316                 23.446106                 396.08766                      8.9680813
              1       1747.7651     0.073389401        4.703284    0.0074963607       3508.8504      -6.6601069       -8.6915466         2.0314397       3508.8504                           3080.3479                 23.446002                 396.08766                      8.9688056
              1       1747.8417     0.071201653       4.7412353    0.0064233949       3509.0036      -6.6601069       -8.6915466         2.0314397       3509.0036                           3080.5236                 23.444191                 396.08766                      8.9482264
              6        1747.417     0.052402634       5.1419808    0.0090848977       3508.1542      -6.6601069       -8.6915466         2.0314397       3508.1542                           3079.6222                 23.448958                 396.10607                      8.9770555
              3       1747.3881     0.053459216       5.1206419    0.0092262287       3508.0965      -6.6601069       -8.6915466         2.0314397       3508.0965                           3079.5792                 23.449184                 396.08766                      8.9803965
              1       1747.4128     0.053546674       5.0577426    0.0099574558       3508.1458      -6.6601069       -8.6915466         2.0314397       3508.1458                           3079.5952                 23.450471                 396.10607                      8.9940961
              1        1747.423     0.059212317       5.1744762    0.0092706085       3508.1663      -6.6601069       -8.6915466         2.0314397       3508.1663                            3079.643                 23.449073                 396.08766                      8.9865556
              5       1747.4766     0.063392372        4.965066    0.0083805987       3508.2735      -6.6601069       -8.6915466         2.0314397       3508.2735                            3079.764                 23.447574                 396.08766                      8.9742744
              3        1748.017     0.069845328       4.8575706    0.0060128366       3509.3541      -6.6601069       -8.6915466         2.0314397       3509.3541                           3080.8822                 23.443441                 396.08766                      8.9408306
              3       1747.4682     0.063210439        4.868723    0.0075774826       3508.2566      -6.6601069       -8.6915466         2.0314397       3508.2566                           3079.7631                 23.446266                 396.08766                      8.9596085
              6       1747.9775     0.073438505        4.812962    0.0074769976       3509.2753      -6.6601069       -8.6915466         2.0314397       3509.2753                            3080.772                 23.445889                 396.08766                      8.9697684
             14         1747.86     0.072505806       4.7906195    0.0074832373       3509.0401      -6.6601069       -8.6915466         2.0314397       3509.0401                           3080.5382                 23.445938                 396.08766                      8.9683599
              2       1747.3864     0.065256849       4.8810359    0.0095815135        3508.093      -6.6601069       -8.6915466         2.0314397        3508.093                           3079.5584                  23.44964                 396.08766                       8.997217
             10       1747.3973     0.060988218       4.9603221    0.0085069385       3508.1148      -6.6601069       -8.6915466         2.0314397       3508.1148                           3079.6052                 23.447853                 396.08766                      8.9740229
              2       1747.3999      0.06335015       4.9233094    0.0089734796         3508.12      -6.6601069       -8.6915466         2.0314397         3508.12                           3079.5992                 23.448617                 396.08766                      8.9845439
             19       1747.8157     0.059475878       4.7900899    0.0034476516       3508.9517      -6.6601069       -8.6915466         2.0314397       3508.9517                           3080.5388                 23.439354                 396.08766                      8.8858602
              1       1747.6325     0.056383904       5.0231491    0.0052677934       3508.5853      -6.6601069       -8.6915466         2.0314397       3508.5853                           3080.1415                 23.442395                 396.08766                      8.9136814
              1       1747.6435      0.05660203       5.0033562    0.0051289294       3508.6072      -6.6601069       -8.6915466         2.0314397       3508.6072                           3080.1659                 23.442164                 396.08766                      8.9115077
              1       1748.1358     0.068879657       4.9672123    0.0060880637       3509.5918      -6.6601069       -8.6915466         2.0314397       3509.5918                           3081.1185                 23.443517                 396.08766                      8.9420263
              2       1747.3182     0.065429553       4.6609245    0.0089385807       3507.9565      -6.6601069       -8.6915466         2.0314397       3507.9565                           3079.4349                 23.448675                 396.08766                      8.9852654
              6       1747.4477     0.059700662       4.5088384    0.0079060493       3508.2157      -6.6601069       -8.6915466         2.0314397       3508.2157                           3079.7185                 23.447119                 396.08766                      8.9624395
              1       1747.3855     0.058073096       4.7479074    0.0086138341       3508.0911      -6.6601069       -8.6915466         2.0314397       3508.0911                           3079.5817                 23.448232                 396.08766                       8.973495
              2       1747.4514     0.060571641       4.8332427    0.0069263043        3508.223      -6.6601069       -8.6915466         2.0314397        3508.223                           3079.7445                 23.445237                 396.08766                      8.9455697
              3       1748.0713     0.062481017       5.2490603    0.0061778659       3509.4629      -6.6601069       -8.6915466         2.0314397       3509.4629                           3080.9939                 23.443644                 396.08766                      8.9376001
              4       1747.5309     0.059918777         5.18853    0.0083529036       3508.3819      -6.6601069       -8.6915466         2.0314397       3508.3819                           3079.8757                 23.447473                 396.08766                      8.9710661
              6       1747.5665     0.071092406       4.7920954    0.0091937484       3508.4533      -6.6601069       -8.6915466         2.0314397       3508.4533                           3079.9204                 23.448897                 396.08766                      8.9962771
              6       1747.6644     0.048544109       4.9866503    0.0089374869        3508.649      -6.6601069       -8.6915466         2.0314397        3508.649                           3080.1209                 23.448888                 396.10607                      8.9730625
              5       1747.4536     0.056760581       4.7162196     0.009342236       3508.2273      -6.6601069       -8.6915466         2.0314397       3508.2273                           3079.6856                 23.449528                 396.10607                      8.9860881
              8        1747.493     0.051880076       5.0206569    0.0099215342       3508.3061      -6.6601069       -8.6915466         2.0314397       3508.3061                            3079.757                 23.450472                 396.10607                      8.9925969
              4       1747.4986      0.05176706       5.0189797    0.0099040862       3508.3174      -6.6601069       -8.6915466         2.0314397       3508.3174                           3079.7686                 23.450446                 396.10607                      8.9922175
              1       1747.5493      0.05412229       5.0691086    0.0059441135       3508.4188      -6.6601069       -8.6915466         2.0314397       3508.4188                           3079.9644                 23.443581                 396.08766                      8.9231286
              1        1747.572     0.050855239        5.116899    0.0058471522       3508.4643      -6.6601069       -8.6915466         2.0314397       3508.4643                           3080.0144                 23.443475                 396.08766                      8.9187751
              6       1747.4274     0.058695612       4.6568459    0.0072952523        3508.175      -6.6601069       -8.6915466         2.0314397        3508.175                           3079.6909                 23.446013                 396.08766                      8.9504266
              1       1747.9262     0.045943323       4.8274155    0.0049759179       3509.1727      -6.6601069       -8.6915466         2.0314397       3509.1727                            3080.723                 23.442254                 396.10607                      8.9013944
              4       1747.5994      0.04707084       5.2789809    0.0062633164        3508.519      -6.6601069       -8.6915466         2.0314397        3508.519                           3080.0641                 23.444204                 396.08766                      8.9230787
              8       1747.5956     0.051364534       5.2607948    0.0057735663       3508.5114      -6.6601069       -8.6915466         2.0314397       3508.5114                           3080.0625                 23.443257                 396.08766                      8.9179963
              5       1747.7456     0.051420437       4.8308367    0.0039491783       3508.8115      -6.6601069       -8.6915466         2.0314397       3508.8115                           3080.3964                 23.440373                 396.08766                      8.8870822
              4       1748.5158     0.069739538       4.8199152     0.003170721       3510.3518      -6.6601069       -8.6915466         2.0314397       3510.3518                           3081.9312                 23.438627                 396.08766                      8.8943778
              6       1747.8605     0.063255607       4.7504925    0.0037458999       3509.0412      -6.6601069       -8.6915466         2.0314397       3509.0412                           3080.6192                   23.4398                 396.08766                      8.8945661
              3       1748.8048     0.072541965       4.9226551     0.004269789       3510.9298      -6.6601069       -8.6915466         2.0314397       3510.9298                           3082.4843                 23.440358                 396.08766                      8.9175215
              3       1748.8668     0.071874219       5.0032381    0.0046184488       3511.0537      -6.6601069       -8.6915466         2.0314397       3511.0537                           3082.6018                  23.44091                 396.08766                      8.9233301
              1       1747.5147     0.053636529        4.805005    0.0071293902       3508.3496      -6.6601069       -8.6915466         2.0314397       3508.3496                           3079.8725                 23.445763                 396.08766                      8.9436903
              1       1747.4822     0.054573101       4.7931902    0.0074636272       3508.2846      -6.6601069       -8.6915466         2.0314397       3508.2846                           3079.8003                 23.446319                 396.08766                       8.950293
              4       1747.3851     0.064799656       4.6910689    0.0077847338       3508.0905      -6.6601069       -8.6915466         2.0314397       3508.0905                           3079.5919                 23.446695                 396.08766                      8.9642317
              2       1747.7476     0.046496105       5.0618262    0.0091239202       3508.8155      -6.6601069       -8.6915466         2.0314397       3508.8155                           3080.2849                 23.449223                 396.10607                      8.9752788
              2        1747.479     0.053143902        4.959062     0.007133726       3508.2781      -6.6601069       -8.6915466         2.0314397       3508.2781                           3079.8016                 23.445699                 396.08766                      8.9431116
              1       1747.3882     0.058611253       4.9486031    0.0081048804       3508.0966      -6.6601069       -8.6915466         2.0314397       3508.0966                           3079.5971                 23.447231                 396.08766                      8.9646786
              2       1747.9232     0.063710198       4.9808578    0.0051601288       3509.1667      -6.6601069       -8.6915466         2.0314397       3509.1667                           3080.7171                 23.442053                 396.08766                      8.9199196
              6       1747.7457      0.05107343        5.002446    0.0038911383       3508.8117      -6.6601069       -8.6915466         2.0314397       3508.8117                            3080.398                 23.440195                 396.08766                      8.8857731
              1       1747.6589     0.052834869       4.9818085    0.0046214642        3508.638      -6.6601069       -8.6915466         2.0314397        3508.638                           3080.2095                 23.441406                 396.08766                      8.8994601
              3       1747.9288     0.050116263       4.5740659      0.00353877       3509.1778      -6.6601069       -8.6915466         2.0314397       3509.1778                           3080.7704                 23.439829                 396.08766                       8.879936
              1       1748.1647     0.045641741       4.6050934    0.0036901838       3509.6497      -6.6601069       -8.6915466         2.0314397       3509.6497                           3081.2233                 23.440167                 396.10607                       8.880127
              2       1747.8082     0.047654668       4.8705889    0.0046692251       3508.9366      -6.6601069       -8.6915466         2.0314397       3508.9366                           3080.5104                  23.44167                 396.08766                      8.8968003
              3       1747.7536     0.049477655       4.8732683    0.0043647262       3508.8273      -6.6601069       -8.6915466         2.0314397       3508.8273                           3080.4059                 23.441106                 396.08766                      8.8926985
              1       1747.7032     0.056457763       5.0288788    0.0047424232       3508.7266      -6.6601069       -8.6915466         2.0314397       3508.7266                           3080.2924                 23.441494                 396.08766                      8.9049879
              1       1747.6811     0.053585839       5.1198237     0.004798308       3508.6825      -6.6601069       -8.6915466         2.0314397       3508.6825                           3080.2499                 23.441612                 396.08766                      8.9033055
              8       1747.4547     0.052777069       5.0522517    0.0075183636       3508.2297      -6.6601069       -8.6915466         2.0314397       3508.2297                           3079.7462                 23.446316                 396.08766                      8.9495512
              5       1747.3916     0.056502666       4.8676119    0.0094322041       3508.1035      -6.6601069       -8.6915466         2.0314397       3508.1035                           3079.5607                 23.449603                 396.10607                      8.9871064
              6       1747.6053     0.051945141       4.7827057     0.008124048       3508.5309      -6.6601069       -8.6915466         2.0314397       3508.5309                           3080.0169                 23.447515                 396.10607                      8.9603738
              1       1747.7305     0.048712366       4.8774475    0.0085248466       3508.7812      -6.6601069       -8.6915466         2.0314397       3508.7812                           3080.2611                 23.448231                 396.10607                      8.9658135
              7        1747.334     0.058577804       5.0282884    0.0098602067       3507.9881      -6.6601069       -8.6915466         2.0314397       3507.9881                           3079.4539                 23.450191                 396.08766                      8.9963704
              3       1747.3542     0.055073414       5.1693059    0.0098504519       3508.0287      -6.6601069       -8.6915466         2.0314397       3508.0287                           3079.4978                 23.450182                 396.08766                      8.9929899
              1       1748.3214     0.059277482       5.2893303    0.0037818702        3509.963      -6.6601069       -8.6915466         2.0314397        3509.963                           3081.5413                 23.439623                 396.08766                      8.8944372
              4       1748.3472     0.059860015       5.2631267     0.003703899       3510.0146      -6.6601069       -8.6915466         2.0314397       3510.0146                           3081.5937                 23.439491                 396.08766                      8.8937653
              3        1747.755     0.048881577       5.2444255    0.0041303307       3508.8302      -6.6601069       -8.6915466         2.0314397       3508.8302                            3080.414                 23.440533                 396.08766                      8.8880372
              1       1747.6836     0.056777365       4.7800602    0.0040988648       3508.6875      -6.6601069       -8.6915466         2.0314397       3508.6875                           3080.2654                 23.440531                 396.08766                      8.8939527
              1       1747.8985     0.049168224       4.6647094    0.0082228634       3509.1173      -6.6601069       -8.6915466         2.0314397       3509.1173                           3080.6016                 23.447805                 396.10607                      8.9617382
              2       1747.8676     0.045509984        5.027865    0.0039940702       3509.0555      -6.6601069       -8.6915466         2.0314397       3509.0555                           3080.6438                 23.440498                 396.08766                       8.883551
              3       1747.7488     0.053944543       5.1377489    0.0043952577       3508.8178      -6.6601069       -8.6915466         2.0314397       3508.8178                           3080.3922                 23.440905                 396.08766                      8.8970114
              1       1747.6757     0.056205264       4.9655051    0.0046526814       3508.6716      -6.6601069       -8.6915466         2.0314397       3508.6716                           3080.2395                 23.441384                 396.08766                      8.9030438
              2       1747.5874     0.057407807       4.7583733    0.0049738216       3508.4951      -6.6601069       -8.6915466         2.0314397       3508.4951                           3080.0562                  23.44202                 396.08766                      8.9091617
              5       1748.1164      0.04537457        4.802774    0.0090762896       3509.5529      -6.6601069       -8.6915466         2.0314397       3509.5529                           3081.0218                  23.44929                 396.10607                      8.9757995
              8       1747.5589     0.061437241       4.5820923    0.0049907476       3508.4379      -6.6601069       -8.6915466         2.0314397       3508.4379                           3079.9954                 23.442061                 396.08766                      8.9127656
              9       1747.7626     0.069771581       5.0067515    0.0096181573       3508.8454      -6.6601069       -8.6915466         2.0314397       3508.8454                           3080.3042                 23.449504                 396.08766                      9.0040453
              1       1748.6923     0.074899594       4.7419574    0.0037639791       3510.7047      -6.6601069       -8.6915466         2.0314397       3510.7047                           3082.2673                 23.439573                 396.08766                      8.9102104
              7       1748.1321     0.072615394       4.6200569     0.004114187       3509.5844      -6.6601069       -8.6915466         2.0314397       3509.5844                           3081.1456                 23.440305                 396.08766                      8.9107997
              2       1747.8923      0.06030051       4.8549535    0.0034493311       3509.1048      -6.6601069       -8.6915466         2.0314397       3509.1048                           3080.6907                   23.4393                 396.08766                      8.8870751
              4        1747.639     0.047713175       5.0763161    0.0086363609       3508.5982      -6.6601069       -8.6915466         2.0314397       3508.5982                           3080.0771                 23.448349                 396.10607                       8.966685
              8       1747.6273     0.047882796       5.0773767    0.0085877323       3508.5747      -6.6601069       -8.6915466         2.0314397       3508.5747                           3080.0546                  23.44826                 396.10607                      8.9658646
              4       1747.5978     0.060577367       5.1332804    0.0074988883       3508.5157      -6.6601069       -8.6915466         2.0314397       3508.5157                           3080.0254                 23.446029                 396.08766                      8.9566423
              5       1747.5489     0.052363764       5.2983053    0.0065111782        3508.418      -6.6601069       -8.6915466         2.0314397        3508.418                           3079.9542                 23.444467                 396.08766                      8.9316376
              1       1747.5926     0.049320613       5.1549245    0.0058482344       3508.5054      -6.6601069       -8.6915466         2.0314397       3508.5054                           3080.0567                 23.443498                 396.08766                      8.9176101
              1       1747.4646     0.054229578        4.862718    0.0090732298       3508.2494      -6.6601069       -8.6915466         2.0314397       3508.2494                           3079.7156                 23.449045                 396.10607                       8.978712
              6       1747.5708     0.065087734       4.9239328    0.0077361583       3508.4618      -6.6601069       -8.6915466         2.0314397       3508.4618                            3079.963                 23.446456                 396.08766                      8.9647035
              1       1747.8375     0.045495487       4.9889511    0.0051837596       3508.9952      -6.6601069       -8.6915466         2.0314397       3508.9952                           3080.5425                 23.442545                 396.10607                      8.9041187
              5       1747.8974     0.048269403       4.7145828    0.0041075375       3509.1149      -6.6601069       -8.6915466         2.0314397       3509.1149                           3080.6984                 23.440772                 396.08766                      8.8880573
             15       1748.4551     0.045027479       4.5578699    0.0086592255       3510.2305      -6.6601069       -8.6915466         2.0314397       3510.2305                           3081.7058                  23.44869                 396.10607                      8.9699759
              4       1748.0779     0.048463333       4.5388346    0.0076918689        3509.476      -6.6601069       -8.6915466         2.0314397        3509.476                           3080.9703                  23.44697                 396.10607                       8.952615
              1       1747.9627     0.050030371       4.5487216    0.0081258599       3509.2456      -6.6601069       -8.6915466         2.0314397       3509.2456                           3080.7308                 23.447675                 396.10607                      8.9610831
              7       1748.0864     0.049054957       4.5290352     0.008403838       3509.4931      -6.6601069       -8.6915466         2.0314397       3509.4931                           3080.9727                 23.448181                 396.10607                      8.9661309
              5       1748.0509     0.047170308       4.5906075    0.0056522032        3509.422      -6.6601069       -8.6915466         2.0314397        3509.422                           3080.9574                 23.443487                 396.10607                      8.9151143
              2       1747.3232      0.06127063        4.760485    0.0092570723       3507.9665      -6.6601069       -8.6915466         2.0314397       3507.9665                           3079.4421                 23.449253                 396.08766                      8.9875574
              1       1747.3547     0.062945189       4.7744738    0.0084405326       3508.0297      -6.6601069       -8.6915466         2.0314397       3508.0297                             3079.52                 23.447808                 396.08766                      8.9742632
              3       1747.7896     0.071561496        4.959729    0.0098744299       3508.8995      -6.6601069       -8.6915466         2.0314397       3508.8995                           3080.3514                 23.449932                 396.08766                      9.0104452
              5        1747.933     0.066457875       5.0002685    0.0064481624       3509.1863      -6.6601069       -8.6915466         2.0314397       3509.1863                           3080.7094                 23.444169                 396.08766                       8.945062
              2       1747.8612     0.062824091       5.0785313    0.0060158972       3509.0425      -6.6601069       -8.6915466         2.0314397       3509.0425                           3080.5776                 23.443472                 396.08766                      8.9338067
              1       1747.7386      0.05520177       5.0463604    0.0043234154       3508.7974      -6.6601069       -8.6915466         2.0314397       3508.7974                           3080.3721                 23.440802                 396.08766                      8.8968155
              1       1747.7318     0.055322231       5.0319707    0.0043370702       3508.7838      -6.6601069       -8.6915466         2.0314397       3508.7838                           3080.3582                 23.440831                 396.08766                      8.8971182
              5       1747.6004     0.050260524       5.0317008    0.0057163921        3508.521      -6.6601069       -8.6915466         2.0314397        3508.521                           3080.0738                 23.443312                 396.08766                      8.9161509
              2        1747.601     0.050243005       5.0317818    0.0057119671       3508.5223      -6.6601069       -8.6915466         2.0314397       3508.5223                           3080.0753                 23.443305                 396.08766                      8.9160615
              6       1747.4861     0.052164791       4.9633028    0.0077724199       3508.2924      -6.6601069       -8.6915466         2.0314397       3508.2924                           3079.8041                 23.446814                 396.08766                      8.9538357
              3       1747.4107     0.058626534        4.660554    0.0079357989       3508.1417      -6.6601069       -8.6915466         2.0314397       3508.1417                           3079.6451                 23.447108                 396.08766                      8.9618236
             17       1747.3351     0.068928757       4.6111028    0.0090414299       3507.9905      -6.6601069       -8.6915466         2.0314397       3507.9905                           3079.4638                 23.448807                 396.08766                      8.9902921
              2       1747.4921     0.069843023       4.6721994    0.0079124839       3508.3044      -6.6601069       -8.6915466         2.0314397       3508.3044                           3079.7984                 23.446814                 396.08766                      8.9715476
              2       1747.4597     0.052620352       4.9957585    0.0085256123       3508.2396      -6.6601069       -8.6915466         2.0314397       3508.2396                           3079.7181                 23.448074                 396.10607                      8.9672996
              8       1747.6192     0.047860501        5.090131    0.0085512201       3508.5587      -6.6601069       -8.6915466         2.0314397       3508.5587                           3080.0393                 23.448192                 396.10607                      8.9651272
              5       1747.7937     0.045998514       5.0106992    0.0082897119       3508.9076      -6.6601069       -8.6915466         2.0314397       3508.9076                           3080.3938                 23.447831                 396.10607                      8.9599098
              2       1747.7005     0.046562702       5.0998171    0.0088560037       3508.7212      -6.6601069       -8.6915466         2.0314397       3508.7212                           3080.1963                 23.448743                 396.10607                      8.9701199
              4       1748.0897      0.04520719       4.8159606    0.0087445403       3509.4997      -6.6601069       -8.6915466         2.0314397       3509.4997                           3080.9755                  23.44872                 396.10607                      8.9694115
              4       1747.7174     0.049059327       4.9740775    0.0046240256       3508.7549      -6.6601069       -8.6915466         2.0314397       3508.7549                           3080.3291                 23.441509                 396.08766                      8.8966417
              3         1747.84     0.067339929        4.830514    0.0057511846       3509.0001      -6.6601069       -8.6915466         2.0314397       3509.0001                           3080.5364                 23.443072                 396.08766                      8.9329648
              8       1747.8151     0.066301176       4.9087945    0.0062247405       3508.9504      -6.6601069       -8.6915466         2.0314397       3508.9504                           3080.4786                 23.443853                 396.08766                      8.9402641
              1       1747.5894     0.066314941       4.9349035    0.0082394731       3508.4991      -6.6601069       -8.6915466         2.0314397       3508.4991                           3079.9892                 23.447279                 396.08766                      8.9749471
              2        1747.456     0.056040205       4.7431228    0.0085151414       3508.2323      -6.6601069       -8.6915466         2.0314397       3508.2323                           3079.7077                 23.448112                 396.10607                      8.9703639
              2       1747.3869     0.057579937       4.7913666    0.0084205858        3508.094      -6.6601069       -8.6915466         2.0314397        3508.094                           3079.5888                 23.447888                 396.08766                      8.9695624
              1       1747.3104     0.061972034       4.7608805    0.0097150494       3507.9411      -6.6601069       -8.6915466         2.0314397       3507.9411                           3079.4069                 23.450022                 396.08766                      8.9964822
             10       1747.7818     0.073553758       4.7014392    0.0074302791       3508.8839      -6.6601069       -8.6915466         2.0314397       3508.8839                           3080.3825                 23.445887                 396.08766                      8.9678662
              3       1747.7344     0.072247726       4.6951109    0.0071011505       3508.7891      -6.6601069       -8.6915466         2.0314397       3508.7891                           3080.2955                 23.445358                 396.08766                       8.960554
              4       1747.3467     0.067177265       4.5229345    0.0078346967       3508.0136      -6.6601069       -8.6915466         2.0314397       3508.0136                           3079.5122                 23.446834                 396.08766                      8.9669771
              1       1747.6198     0.060416949        4.988987    0.0061534365       3508.5597      -6.6601069       -8.6915466         2.0314397       3508.5597                           3080.0955                 23.443825                 396.08766                      8.9327142
              1       1747.3701     0.057838523       5.1043717    0.0091682812       3508.0604      -6.6601069       -8.6915466         2.0314397       3508.0604                           3079.5405                 23.448978                 396.08766                      8.9832328
              6       1747.5528     0.062975459       5.1454709    0.0092514246       3508.4257      -6.6601069       -8.6915466         2.0314397       3508.4257                            3079.899                 23.448957                 396.08766                      8.9901659
              3       1747.8045     0.065703174       4.6765818    0.0042368877       3508.9292      -6.6601069       -8.6915466         2.0314397       3508.9292                           3080.4961                 23.440627                 396.08766                      8.9048534
              6        1747.844     0.071428317       4.5164946    0.0043859882       3509.0082      -6.6601069       -8.6915466         2.0314397       3509.0082                            3080.567                 23.440863                 396.08766                      8.9126966
              2       1747.8927     0.072595129       4.5378335    0.0046345652       3509.1057      -6.6601069       -8.6915466         2.0314397       3509.1057                           3080.6584                 23.441248                 396.08766                      8.9183446
             10       1747.7655     0.069030112       4.6835902    0.0055283544       3508.8512      -6.6601069       -8.6915466         2.0314397       3508.8512                           3080.3908                 23.442751                 396.08766                      8.9300719
              6       1748.1063     0.068167673       4.8389017    0.0046356527       3509.5329      -6.6601069       -8.6915466         2.0314397       3509.5329                           3081.0883                 23.441145                 396.08766                      8.9157695
              6       1747.9623     0.068862815       4.5418826    0.0032149216       3509.2448      -6.6601069       -8.6915466         2.0314397       3509.2448                           3080.8273                 23.438905                 396.08766                      8.8909509
              2       1747.9263     0.065784154       4.8990192    0.0052400752       3509.1729      -6.6601069       -8.6915466         2.0314397       3509.1729                           3080.7199                 23.442192                 396.08766                       8.923149
              3       1748.3044      0.06811044       4.9121566    0.0043257082        3509.929      -6.6601069       -8.6915466         2.0314397        3509.929                           3081.4892                 23.440569                 396.08766                       8.911532
              5       1748.5561     0.064402102       5.0681178    0.0030846251       3510.4324      -6.6601069       -8.6915466         2.0314397       3510.4324                           3082.0179                 23.438443                 396.08766                      8.8884125
              7       1748.0136     0.062180216       5.0431032    0.0045698636       3509.3475      -6.6601069       -8.6915466         2.0314397       3509.3475                           3080.9099                 23.441045                 396.08766                      8.9088252
              4       1748.1887     0.061002325       5.1388402    0.0039538287       3509.6977      -6.6601069       -8.6915466         2.0314397       3509.6977                           3081.2719                 23.439965                 396.08766                      8.8981555
              2       1748.0522     0.060592765       5.2920156    0.0057582598       3509.4246      -6.6601069       -8.6915466         2.0314397       3509.4246                           3080.9656                 23.442953                 396.08766                       8.928421
             17       1747.5426     0.047844347       5.2497386    0.0076067696       3508.4053      -6.6601069       -8.6915466         2.0314397       3508.4053                           3079.9057                 23.446494                 396.10607                      8.9471145
              2       1747.4831     0.051035774       5.2690377    0.0072117456       3508.2864      -6.6601069       -8.6915466         2.0314397       3508.2864                           3079.8104                 23.445719                 396.08766                      8.9426675
              1       1747.4827     0.057576381       4.6393926    0.0065962162       3508.2857      -6.6601069       -8.6915466         2.0314397       3508.2857                           3079.8159                 23.444852                 396.08766                      8.9373002
              6       1747.8672     0.050322509       4.6577399    0.0090674904       3509.0545      -6.6601069       -8.6915466         2.0314397       3509.0545                           3080.5213                  23.44923                 396.10607                      8.9779666
              2        1747.539     0.054834842       4.6772997    0.0078703868       3508.3982      -6.6601069       -8.6915466         2.0314397       3508.3982                           3079.8869                 23.447071                 396.10607                      8.9581635
              2       1747.5473      0.05371924       4.7398745    0.0077507966       3508.4147      -6.6601069       -8.6915466         2.0314397       3508.4147                           3079.9067                 23.446858                 396.10607                      8.9551046
              1       1747.4486     0.058978435       4.5498256    0.0080365391       3508.2173      -6.6601069       -8.6915466         2.0314397       3508.2173                           3079.7181                 23.447335                 396.08766                      8.9641962
             10       1747.3607     0.061291897       4.6015531    0.0085352998       3508.0417      -6.6601069       -8.6915466         2.0314397       3508.0417                           3079.5313                  23.44811                 396.08766                      8.9746562
              3         1747.32     0.063436768       4.6223685     0.008872144       3507.9602      -6.6601069       -8.6915466         2.0314397       3507.9602                           3079.4416                 23.448629                 396.08766                      8.9823613
              1       1747.5395     0.067815473       4.5136327    0.0056309017       3508.3992      -6.6601069       -8.6915466         2.0314397       3508.3992                            3079.939                 23.443061                 396.08766                      8.9294498
              2        1748.206     0.070996279       4.8185861    0.0050948315       3509.7323      -6.6601069       -8.6915466         2.0314397       3509.7323                           3081.2759                 23.441875                 396.08766                       8.926859
              4        1747.665     0.065514407       4.7843643    0.0059033802       3508.6502      -6.6601069       -8.6915466         2.0314397       3508.6502                           3080.1861                 23.443405                 396.08766                      8.9329999
              1       1747.7025     0.064858073       4.7648796    0.0052876096       3508.7253      -6.6601069       -8.6915466         2.0314397       3508.7253                           3080.2734                 23.442382                 396.08766                      8.9218252
              3       1747.8515     0.066385113       4.8003839     0.005069142       3509.0232      -6.6601069       -8.6915466         2.0314397       3509.0232                           3080.5733                 23.441951                 396.08766                      8.9202325
              2       1748.2185     0.072696898       4.5746072    0.0033049736       3509.7571      -6.6601069       -8.6915466         2.0314397       3509.7571                            3081.333                 23.438957                 396.08766                      8.8974826
              1       1747.5995     0.056138946       4.8806583    0.0050613925       3508.5192      -6.6601069       -8.6915466         2.0314397       3508.5192                           3080.0798                 23.442131                 396.08766                       8.909664
              1       1747.5254     0.059978988       4.9210095    0.0064589412       3508.3711      -6.6601069       -8.6915466         2.0314397       3508.3711                           3079.9018                   23.4444                 396.08766                      8.9371805
              6       1747.5348     0.061584668        4.970017    0.0071382719       3508.3898      -6.6601069       -8.6915466         2.0314397       3508.3898                           3079.9059                  23.44549                 396.08766                      8.9507225
              4       1747.5034     0.064121606       5.0806221    0.0097208532       3508.3271      -6.6601069       -8.6915466         2.0314397       3508.3271                           3079.7902                 23.449774                 396.08766                      8.9994639
              6       1747.3802     0.055271289       5.1470596    0.0088233022       3508.0805      -6.6601069       -8.6915466         2.0314397       3508.0805                           3079.5696                  23.44843                 396.08766                      8.9748237
              7       1747.6381     0.063441099       5.2173759    0.0095254599       3508.5965      -6.6601069       -8.6915466         2.0314397       3508.5965                           3080.0634                 23.449365                 396.08766                      8.9960712
              5       1747.6768     0.063700778       5.2307709      0.00948602       3508.6739      -6.6601069       -8.6915466         2.0314397       3508.6739                           3080.1412                 23.449281                 396.08766                       8.995799
              4       1748.1323     0.047114399       4.5922144    0.0078026987       3509.5849      -6.6601069       -8.6915466         2.0314397       3509.5849                           3081.0775                 23.447164                 396.10607                      8.9541209
              1       1747.6279     0.067550701       4.5062014    0.0048141911        3508.576      -6.6601069       -8.6915466         2.0314397        3508.576                           3080.1312                 23.441678                 396.08766                       8.915432
              3       1747.6393     0.059216375        4.968006    0.0055381338       3508.5989      -6.6601069       -8.6915466         2.0314397       3508.5989                           3080.1474                 23.442818                 396.08766                      8.9209414
              7       1747.7226     0.065434926       5.1075421    0.0086026119       3508.7653      -6.6601069       -8.6915466         2.0314397       3508.7653                           3080.2483                 23.447806                 396.08766                      8.9815228
              4       1747.3512     0.055958934       5.0901391    0.0096274429       3508.0227      -6.6601069       -8.6915466         2.0314397       3508.0227                           3079.4952                 23.449823                 396.08766                      8.9899833
              7       1747.3297     0.058662559       4.9956077    0.0098958906       3507.9795      -6.6601069       -8.6915466         2.0314397       3507.9795                           3079.4445                  23.45027                 396.08766                      8.9970846
              4       1747.7404     0.058789787       5.2500405    0.0065689312        3508.801      -6.6601069       -8.6915466         2.0314397        3508.801                           3080.3296                 23.444414                 396.08766                      8.9393319
              9       1747.9243       0.0613535       5.1864334    0.0059288386       3509.1687      -6.6601069       -8.6915466         2.0314397       3509.1687                           3080.7064                 23.443292                 396.08766                        8.93135
              2       1747.7226     0.065840551       5.0227654    0.0078393432       3508.7655      -6.6601069       -8.6915466         2.0314397       3508.7655                           3080.2632                 23.446547                 396.08766                      8.9680958
              2       1747.5706     0.065219229       4.9904626    0.0084955162       3508.4613      -6.6601069       -8.6915466         2.0314397       3508.4613                           3079.9475                 23.447708                 396.08766                      8.9785007
              6       1747.4846     0.065581488       4.8282176    0.0078773233       3508.2895      -6.6601069       -8.6915466         2.0314397       3508.2895                           3079.7879                 23.446748                 396.08766                      8.9671625
              2       1747.5428     0.065657173       4.8202831    0.0072565271       3508.4058      -6.6601069       -8.6915466         2.0314397       3508.4058                            3079.916                  23.44569                 396.08766                      8.9564218
              1        1747.713     0.062514337       4.5506316    0.0036465341       3508.7463      -6.6601069       -8.6915466         2.0314397       3508.7463                           3080.3276                 23.439766                 396.08766                      8.8912819
              8       1748.0962      0.07188119       4.5195403    0.0031737709       3509.5127      -6.6601069       -8.6915466         2.0314397       3509.5127                           3081.0925                 23.438787                 396.08766                      8.8937562
              2       1747.8194     0.046295962       4.9563365    0.0082559431       3508.9591      -6.6601069       -8.6915466         2.0314397       3508.9591                           3080.4455                 23.447792                 396.10607                      8.9597114
              2       1747.7681     0.049886743       4.7850266    0.0091897997       3508.8565      -6.6601069       -8.6915466         2.0314397       3508.8565                           3080.3215                 23.449388                 396.10607                      8.9794853
             13       1748.0044     0.047359076       4.7645151    0.0093567534       3509.3289      -6.6601069       -8.6915466         2.0314397       3509.3289                           3080.7912                 23.449743                 396.10607                      8.9819175
              4       1747.7793     0.059550455       4.7447274    0.0035190886       3508.8788      -6.6601069       -8.6915466         2.0314397       3508.8788                           3080.4647                 23.439501                 396.08766                      8.8869299
              9       1747.7764     0.064787069       4.5144094    0.0033392116        3508.873      -6.6601069       -8.6915466         2.0314397        3508.873                           3080.4578                 23.439217                 396.08766                      8.8883593
              9       1747.8263     0.064315472       4.6392918    0.0035547484       3508.9728      -6.6601069       -8.6915466         2.0314397       3508.9728                           3080.5536                 23.439519                 396.08766                       8.891978
              5       1747.5447     0.058774319       4.6722146     0.005304822       3508.4096      -6.6601069       -8.6915466         2.0314397       3508.4096                           3079.9634                 23.442602                 396.08766                      8.9158865
              2       1747.5976     0.055509514       5.0411003    0.0055102345       3508.5155      -6.6601069       -8.6915466         2.0314397       3508.5155                            3080.068                 23.442821                 396.08766                       8.916957
              3       1747.5753     0.055465211       5.0387695    0.0057076058       3508.4709      -6.6601069       -8.6915466         2.0314397       3508.4709                           3080.0198                  23.44316                 396.08766                      8.9202616
              7       1747.8131     0.066132801       4.8982848    0.0060707171       3508.9464      -6.6601069       -8.6915466         2.0314397       3508.9464                           3080.4778                 23.443601                 396.08766                       8.937383
             16       1747.9138     0.073761017        4.662423    0.0061924889       3509.1478      -6.6601069       -8.6915466         2.0314397       3509.1478                           3080.6696                 23.443795                 396.08766                      8.9468148
              6       1747.9938     0.068035276       4.7342299    0.0042641775       3509.3078      -6.6601069       -8.6915466         2.0314397       3509.3078                            3080.871                 23.440585                 396.08766                      8.9085174
              1       1747.3517     0.060909256       4.6597816    0.0086359965       3508.0236      -6.6601069       -8.6915466         2.0314397       3508.0236                           3079.5115                 23.448257                 396.08766                      8.9760959
             11       1747.3149     0.064004647       4.6272387    0.0089076165       3507.9501      -6.6601069       -8.6915466         2.0314397       3507.9501                           3079.4303                 23.448674                 396.08766                      8.9834593
              5       1747.5962      0.05267526       4.7675229    0.0088947976       3508.5125      -6.6601069       -8.6915466         2.0314397       3508.5125                           3079.9826                 23.448827                 396.10607                      8.9750066
              6       1747.6977     0.050192899       4.8487292    0.0094245032       3508.7156      -6.6601069       -8.6915466         2.0314397       3508.7156                           3080.1761                 23.449751                 396.10607                      8.9836101
              3       1747.7198      0.04581596       5.1027984    0.0077872364       3508.7599      -6.6601069       -8.6915466         2.0314397       3508.7599                           3080.2567                 23.446932                 396.10607                      8.9501548
              5       1748.2711     0.070234583       4.6902182    0.0032541531       3509.8625      -6.6601069       -8.6915466         2.0314397       3509.8625                           3081.4412                 23.438845                 396.08766                      8.8947505
              2       1747.5467     0.064627799       4.5527596    0.0052552212       3508.4136      -6.6601069       -8.6915466         2.0314397       3508.4136                           3079.9633                 23.442462                 396.08766                      8.9201063
              2       1747.8758     0.062983802       4.6466417    0.0030305643       3509.0718      -6.6601069       -8.6915466         2.0314397       3509.0718                           3080.6634                 23.438651                 396.08766                      8.8821103
              1        1747.881     0.050320308       4.5838124    0.0077457053       3509.0823      -6.6601069       -8.6915466         2.0314397       3509.0823                           3080.5753                 23.447002                 396.10607                       8.953894
              1       1747.3734     0.060077962        4.643207    0.0094561027        3508.067      -6.6601069       -8.6915466         2.0314397        3508.067                           3079.5391                  23.44969                 396.08766                      8.9905475
              4       1747.3711     0.055142736        5.034907    0.0092730811       3508.0625      -6.6601069       -8.6915466         2.0314397       3508.0625                           3079.5427                 23.449269                 396.08766                      8.9829317
              1        1747.691      0.05998253       5.1443589    0.0065802256       3508.7023      -6.6601069       -8.6915466         2.0314397       3508.7023                           3080.2298                 23.444468                 396.08766                      8.9403031
              2       1747.7245     0.050735793       4.8427336    0.0043785172       3508.7692      -6.6601069       -8.6915466         2.0314397       3508.7692                           3080.3466                 23.441115                 396.08766                      8.8938282
              4       1747.8571     0.045326386        4.975705    0.0051161021       3509.0345      -6.6601069       -8.6915466         2.0314397       3509.0345                           3080.5831                  23.44244                 396.10607                      8.9029065
             20       1748.1389     0.066653112       4.7464711    0.0031662675        3509.598      -6.6601069       -8.6915466         2.0314397        3509.598                           3081.1823                 23.438739                 396.08766                       8.889265
              1       1748.1059     0.066428341       4.7486572    0.0032766886        3509.532      -6.6601069       -8.6915466         2.0314397        3509.532                           3081.1147                  23.43893                 396.08766                      8.8907595
              6       1748.1282     0.068550792       4.7132109    0.0035648255       3509.5766      -6.6601069       -8.6915466         2.0314397       3509.5766                           3081.1518                 23.439396                 396.08766                      8.8977113
              5        1748.324     0.045742556       4.5657154    0.0081625112       3509.9682      -6.6601069       -8.6915466         2.0314397       3509.9682                           3081.4536                 23.447821                 396.10607                      8.9606956
              7       1747.5533     0.067634304       4.6429223    0.0063412695       3508.4268      -6.6601069       -8.6915466         2.0314397       3508.4268                            3079.953                 23.444196                 396.08766                      8.9419212
              2       1747.6029     0.071109932       4.5650421    0.0063401787        3508.526      -6.6601069       -8.6915466         2.0314397        3508.526                           3080.0489                 23.444171                 396.08766                      8.9452414
              1       1747.7988     0.071663627        4.674308    0.0061873812       3508.9179      -6.6601069       -8.6915466         2.0314397       3508.9179                           3080.4422                 23.443824                 396.08766                      8.9441958
              6       1747.7683     0.054439053       4.7732763    0.0033746104       3508.8567      -6.6601069       -8.6915466         2.0314397       3508.8567                           3080.4498                 23.439355                 396.08766                      8.8799375
              1       1747.7892     0.049611571       4.7254147    0.0079019869       3508.8986      -6.6601069       -8.6915466         2.0314397       3508.8986                           3080.3898                 23.447217                 396.10607                      8.9555717
              3        1747.671     0.067328692       5.0393352    0.0093314982       3508.6623      -6.6601069       -8.6915466         2.0314397       3508.6623                           3080.1294                 23.449052                 396.08766                      8.9961245
              1       1747.6371     0.065089171       5.0418885    0.0083805757       3508.5945      -6.6601069       -8.6915466         2.0314397       3508.5945                           3080.0826                  23.44748                 396.08766                      8.9767005
              1       1747.8926     0.063407822       4.7654182    0.0036846659       3509.1054      -6.6601069       -8.6915466         2.0314397       3509.1054                           3080.6842                 23.439683                 396.08766                      8.8938381
             13       1747.5891      0.05868838       4.5923038    0.0047841403       3508.4984      -6.6601069       -8.6915466         2.0314397       3508.4984                            3080.062                 23.441761                 396.08766                       8.906961
              1       1747.9381     0.048366645       4.6194272    0.0055120269       3509.1964      -6.6601069       -8.6915466         2.0314397       3509.1964                           3080.7341                 23.443209                 396.10607                      8.9129581
             10       1747.5332     0.065049729       5.0364986    0.0093458323       3508.3867      -6.6601069       -8.6915466         2.0314397       3508.3867                           3079.8563                 23.449137                 396.08766                      8.9935721
              2       1747.6481     0.051849504       4.7308827    0.0079834282       3508.6163      -6.6601069       -8.6915466         2.0314397       3508.6163                            3080.105                 23.447303                 396.10607                      8.9580095
              3       1748.0139     0.062167218       4.9333504    0.0037558757        3509.348      -6.6601069       -8.6915466         2.0314397        3509.348                           3080.9259                 23.439729                 396.08766                      8.8947209
              1       1748.1997     0.070147935       4.6954689    0.0036062651       3509.7195      -6.6601069       -8.6915466         2.0314397       3509.7195                           3081.2922                 23.439443                 396.08766                      8.9002697
             10       1747.6825     0.068834852       4.6506757    0.0057536047       3508.6852      -6.6601069       -8.6915466         2.0314397       3508.6852                            3080.221                 23.443161                 396.08766                      8.9333633
              4       1747.3293     0.061871804       4.9129215    0.0097756531       3507.9789      -6.6601069       -8.6915466         2.0314397       3507.9789                           3079.4436                 23.450035                 396.08766                      8.9975807
              2       1747.3582     0.057065411       5.0045543    0.0089791566       3508.0365      -6.6601069       -8.6915466         2.0314397       3508.0365                           3079.5211                 23.448734                 396.08766                      8.9790852
              9        1747.615      0.06101487       4.5010679    0.0043227196       3508.5503      -6.6601069       -8.6915466         2.0314397       3508.5503                           3080.1205                 23.440977                 396.08766                      8.9010792
             11       1747.4831     0.063935265       4.5899909    0.0059584826       3508.2863      -6.6601069       -8.6915466         2.0314397       3508.2863                           3079.8235                 23.443654                 396.08766                      8.9314987
              3       1747.7545     0.050621442        4.681866    0.0053158184       3508.8292      -6.6601069       -8.6915466         2.0314397       3508.8292                           3080.3884                 23.442796                 396.08766                      8.9103458
              7       1747.4942     0.065902838       4.8793692    0.0084093228       3508.3086      -6.6601069       -8.6915466         2.0314397       3508.3086                           3079.7962                 23.447617                 396.08766                      8.9770911
              8        1747.369     0.067872818       4.5905237     0.008014493       3508.0582      -6.6601069       -8.6915466         2.0314397       3508.0582                           3079.5525                 23.447085                 396.08766                      8.9709428
              1       1747.3653     0.067687204       4.5189689    0.0075762168       3508.0508      -6.6601069       -8.6915466         2.0314397       3508.0508                           3079.5539                 23.446384                 396.08766                      8.9628832
              8       1747.4081     0.062277108       4.6056235    0.0069212535       3508.1364      -6.6601069       -8.6915466         2.0314397       3508.1364                           3079.6567                 23.445325                 396.08766                      8.9467133
              3       1747.5121     0.054578252       4.7448155    0.0085457055       3508.3443      -6.6601069       -8.6915466         2.0314397       3508.3443                             3079.82                 23.448197                 396.10607                      8.9700371
             10       1747.8226     0.045250863       5.1132682    0.0043277813       3508.9654      -6.6601069       -8.6915466         2.0314397       3508.9654                           3080.5479                 23.441033                 396.08766                      8.8888509
              3        1747.631     0.052439075       4.9024487    0.0049605386       3508.5822      -6.6601069       -8.6915466         2.0314397       3508.5822                           3080.1476                 23.442036                 396.08766                      8.9048872
              1       1747.7343       0.0608901        4.750915    0.0040673118       3508.7889      -6.6601069       -8.6915466         2.0314397       3508.7889                           3080.3635                   23.4404                 396.08766                      8.8972946
              3       1747.7633     0.048614481       4.8875117    0.0046013567       3508.8468      -6.6601069       -8.6915466         2.0314397       3508.8468                           3080.4215                 23.441523                 396.08766                      8.8961541
             13        1747.524     0.055655626       4.7610197    0.0059922491       3508.3682      -6.6601069       -8.6915466         2.0314397       3508.3682                           3079.9115                 23.443797                 396.08766                      8.9251711
              2       1747.5117     0.056069414       4.7531733    0.0061004116       3508.3437      -6.6601069       -8.6915466         2.0314397       3508.3437                           3079.8847                 23.443976                 396.08766                      8.9273678
              2       1747.5496     0.057866197       4.8479185    0.0055799289       3508.4194      -6.6601069       -8.6915466         2.0314397       3508.4194                           3079.9688                 23.442993                 396.08766                      8.9199626
              2       1747.5758     0.062809833       4.7816757    0.0058408429       3508.4717      -6.6601069       -8.6915466         2.0314397       3508.4717                           3080.0117                 23.443362                 396.08766                      8.9290034
              1       1747.5127     0.050265819       5.0834056    0.0078358432       3508.3456      -6.6601069       -8.6915466         2.0314397       3508.3456                           3079.8395                 23.446907                 396.10607                      8.9531198
              6       1747.3701     0.054827341         5.09271    0.0092146612       3508.0604      -6.6601069       -8.6915466         2.0314397       3508.0604                           3079.5421                 23.449144                 396.08766                      8.9815714
              1       1747.3433     0.064338952       4.7381902    0.0086958413       3508.0067      -6.6601069       -8.6915466         2.0314397       3508.0067                           3079.4908                 23.448235                 396.08766                      8.9800308
              3       1747.7821     0.051224415       4.6972911    0.0094772526       3508.8845      -6.6601069       -8.6915466         2.0314397       3508.8845                           3080.3428                 23.449894                 396.10607                       8.985722
             19       1747.3368     0.058726713       4.8645385    0.0096956927       3507.9939      -6.6601069       -8.6915466         2.0314397       3507.9939                           3079.4627                 23.450003                 396.08766                      8.9935332
              2       1747.3287     0.059695648       4.8820192    0.0094574228       3507.9777      -6.6601069       -8.6915466         2.0314397       3507.9777                           3079.4505                 23.449561                 396.08766                      8.9899085
              4       1747.6121     0.064921742       4.9752936    0.0078041461       3508.5444      -6.6601069       -8.6915466         2.0314397       3508.5444                           3080.0442                 23.446542                 396.08766                      8.9660233
              4       1747.5751     0.064308495       4.9953445    0.0080629646       3508.4704      -6.6601069       -8.6915466         2.0314397       3508.4704                           3079.9658                 23.446987                 396.08766                      8.9699216
              5       1747.5587     0.064077462       4.9815344    0.0079755509       3508.4377      -6.6601069       -8.6915466         2.0314397       3508.4377                           3079.9351                 23.446852                 396.08766                      8.9680491
              3       1747.6298     0.070110486       4.8524803    0.0088400483       3508.5798      -6.6601069       -8.6915466         2.0314397       3508.5798                           3080.0545                 23.448272                 396.08766                       8.989357
              5       1747.3432     0.061661631       4.6390581    0.0086710063       3508.0067      -6.6601069       -8.6915466         2.0314397       3508.0067                           3079.4934                 23.448313                 396.08766                      8.9773243
              8       1747.3525     0.060652959       4.6578389     0.009039865       3508.0252      -6.6601069       -8.6915466         2.0314397       3508.0252                           3079.5054                 23.448956                 396.08766                      8.9832674
              7       1747.3453     0.061150914       4.6467165    0.0090914923       3508.0108      -6.6601069       -8.6915466         2.0314397       3508.0108                           3079.4896                  23.44904                 396.08766                      8.9845914
              1       1747.3466     0.060940937       4.6567242    0.0091018967       3508.0134      -6.6601069       -8.6915466         2.0314397       3508.0134                           3079.4921                 23.449056                 396.08766                      8.9846094
              1       1747.5684      0.06226259       4.7197483    0.0054603149       3508.4571      -6.6601069       -8.6915466         2.0314397       3508.4571                           3080.0049                 23.442763                 396.08766                      8.9217837
              4       1748.0409     0.047805881       4.5548105    0.0049317658       3509.4021      -6.6601069       -8.6915466         2.0314397       3509.4021                           3080.9509                  23.44226                 396.10607                      8.9028773
              3         1748.05     0.047508709       4.5664861    0.0049259607       3509.4202      -6.6601069       -8.6915466         2.0314397       3509.4202                           3080.9693                 23.442251                 396.10607                      8.9025797
             10       1748.1914      0.04638469        4.510786    0.0048688676        3509.703      -6.6601069       -8.6915466         2.0314397        3509.703                           3081.2532                 23.442201                 396.10607                      8.9014791
              5       1747.8211     0.048353162       4.7767009    0.0051138333       3508.9625      -6.6601069       -8.6915466         2.0314397       3508.9625                           3080.5087                 23.442457                 396.10607                      8.9052182
              9       1747.5467     0.055624636       4.9495889    0.0057484532       3508.4137      -6.6601069       -8.6915466         2.0314397       3508.4137                           3079.9618                 23.443277                 396.08766                      8.9209588
              4       1747.6493     0.059842513       4.8202632     0.004837363       3508.6188      -6.6601069       -8.6915466         2.0314397       3508.6188                           3080.1802                 23.441696                 396.08766                      8.9092596
              5       1747.6765     0.051623945       5.0871746     0.004610177       3508.6733      -6.6601069       -8.6915466         2.0314397       3508.6733                           3080.2459                 23.441361                 396.08766                      8.8983131
              4       1747.6711     0.052360075       5.0640536    0.0046323485       3508.6623      -6.6601069       -8.6915466         2.0314397       3508.6623                            3080.234                 23.441392                 396.08766                      8.8993032
              1        1747.456     0.051991862       5.0877087    0.0077510302       3508.2321      -6.6601069       -8.6915466         2.0314397       3508.2321                           3079.7447                 23.446715                 396.08766                      8.9530873
              1       1747.7318     0.047871412       4.9180367    0.0078796674       3508.7839      -6.6601069       -8.6915466         2.0314397       3508.7839                           3080.2773                 23.447127                 396.10607                      8.9533633
              1       1747.5099     0.056589869        4.831354    0.0059867736         3508.34      -6.6601069       -8.6915466         2.0314397         3508.34                           3079.8828                 23.443727                 396.08766                       8.925785
              6       1747.5238     0.056345315       4.8624803    0.0058551836       3508.3678      -6.6601069       -8.6915466         2.0314397       3508.3678                           3079.9133                  23.44349                 396.08766                      8.9233309
              2       1747.6603     0.054885452       4.6912945    0.0044383269       3508.6409      -6.6601069       -8.6915466         2.0314397       3508.6409                           3080.2139                   23.4412                 396.08766                        8.89806
              2       1747.6156      0.05813611       4.6339831    0.0045395881       3508.5515      -6.6601069       -8.6915466         2.0314397       3508.5515                           3080.1201                 23.441333                 396.08766                      8.9023815
              3       1747.8419     0.063169267       4.8959367    0.0047987018        3509.004      -6.6601069       -8.6915466         2.0314397        3509.004                           3080.5622                 23.441505                 396.08766                      8.9126464
              2       1747.9376     0.063331517       4.9294445     0.004532812       3509.1954      -6.6601069       -8.6915466         2.0314397       3509.1954                            3080.758                 23.441026                 396.08766                      8.9087338
              2       1747.6189     0.055917306       5.0126072    0.0052675213       3508.5581      -6.6601069       -8.6915466         2.0314397       3508.5581                           3080.1148                 23.442413                 396.08766                      8.9131886
              2       1747.8419     0.046578828       4.9209985    0.0044657242       3509.0041      -6.6601069       -8.6915466         2.0314397       3509.0041                           3080.5826                 23.441326                 396.08766                       8.892532
              6       1748.3931     0.045513424       4.5990427    0.0091616153       3510.1064      -6.6601069       -8.6915466         2.0314397       3510.1064                           3081.5716                 23.449523                 396.10607                       8.979214
              3       1747.4641     0.053564376       4.9079581    0.0086245755       3508.2484      -6.6601069       -8.6915466         2.0314397       3508.2484                           3079.7241                 23.448268                 396.10607                      8.9699305
              5        1747.449      0.05954775       4.8039098    0.0067335857       3508.2182      -6.6601069       -8.6915466         2.0314397       3508.2182                           3079.7443                 23.444949                 396.08766                      8.9412231
              2       1747.5777     0.057808831       4.8116903    0.0051918251       3508.4756      -6.6601069       -8.6915466         2.0314397       3508.4756                           3080.0323                 23.442353                 396.08766                      8.9132696
              3       1747.5743     0.054669663       4.9338763     0.005402957       3508.4688      -6.6601069       -8.6915466         2.0314397       3508.4688                           3080.0242                 23.442719                 396.08766                      8.9142197
              6       1747.9251     0.047565423       4.6962505    0.0051855546       3509.1703      -6.6601069       -8.6915466         2.0314397       3509.1703                           3080.7152                 23.442634                 396.10607                      8.9064446
              4        1747.823     0.046821255       4.8751408    0.0057353941       3508.9662      -6.6601069       -8.6915466         2.0314397       3508.9662                           3080.5017                 23.443507                 396.10607                      8.9149038
              8       1747.5456     0.051600488       4.8995686    0.0077378734       3508.4114      -6.6601069       -8.6915466         2.0314397       3508.4114                           3079.9055                 23.446802                 396.10607                      8.9530579
             19       1747.9159     0.068266858       4.6624968    0.0041926125        3509.152      -6.6601069       -8.6915466         2.0314397        3509.152                           3080.7168                 23.440505                 396.08766                      8.9070019
              6       1747.6281     0.055972671       4.5157595    0.0054563215       3508.5765      -6.6601069       -8.6915466         2.0314397       3508.5765                           3080.1292                 23.443005                 396.08766                      8.9166012
              3       1747.5957     0.057565182       4.5602093    0.0049640966       3508.5117      -6.6601069       -8.6915466         2.0314397       3508.5117                           3080.0728                 23.442109                 396.08766                      8.9091609
              2        1747.465     0.056176394       4.7357554    0.0093487992       3508.2501      -6.6601069       -8.6915466         2.0314397       3508.2501                           3079.7087                 23.449541                 396.10607                      8.9857849
              5        1747.479     0.056182992       4.7109268    0.0092865551       3508.2782      -6.6601069       -8.6915466         2.0314397       3508.2782                           3079.7379                 23.449448                 396.10607                      8.9847396
              1       1747.3413      0.06130392       4.6473454    0.0094088963       3508.0027      -6.6601069       -8.6915466         2.0314397       3508.0027                            3079.475                  23.44958                 396.08766                       8.990515
              4       1747.3593     0.060222104       4.6786017    0.0098608925       3508.0388      -6.6601069       -8.6915466         2.0314397       3508.0388                           3079.5028                 23.450361                 396.08766                      8.9980268
              1       1747.5348     0.060023214       4.7553227    0.0056232088       3508.3898      -6.6601069       -8.6915466         2.0314397       3508.3898                           3079.9365                  23.44307                 396.08766                      8.9225141
              1       1747.6699     0.059760183       5.0611047    0.0060424513         3508.66      -6.6601069       -8.6915466         2.0314397         3508.66                           3080.1983                 23.443608                 396.08766                       8.930474
              3       1747.5658     0.053573212       4.7880182    0.0098110793       3508.4518      -6.6601069       -8.6915466         2.0314397       3508.4518                            3079.903                 23.450366                 396.10607                      8.9924408
              7       1747.7009     0.049574242       4.8154808    0.0065809746       3508.7219      -6.6601069       -8.6915466         2.0314397       3508.7219                           3080.2394                 23.444915                 396.10607                      8.9315255
              1       1747.7008     0.049118838       4.8518381    0.0065221368       3508.7218      -6.6601069       -8.6915466         2.0314397       3508.7218                           3080.2408                 23.444807                 396.10607                      8.9300874
              5       1747.6237     0.050626796       4.8605517    0.0065675848       3508.5676      -6.6601069       -8.6915466         2.0314397       3508.5676                            3080.085                 23.444845                 396.10607                      8.9316978
              1       1747.9136      0.06032413       4.8073865    0.0030822647       3509.1474      -6.6601069       -8.6915466         2.0314397       3509.1474                           3080.7401                 23.438703                 396.08766                      8.8809185
              1       1747.7084     0.069288967       4.5010336    0.0045733377       3508.7371      -6.6601069       -8.6915466         2.0314397       3508.7371                           3080.2949                 23.441236                 396.08766                       8.913243
              1       1747.7626     0.067596465       4.5999913    0.0044726597       3508.8454      -6.6601069       -8.6915466         2.0314397       3508.8454                           3080.4064                 23.441036                 396.08766                      8.9103452
              1       1747.6593     0.057729681       4.5096713    0.0042449867       3508.6387      -6.6601069       -8.6915466         2.0314397       3508.6387                            3080.213                 23.440906                 396.08766                       8.897132
              1       1747.6474     0.054970968       4.5451991    0.0084496363       3508.6151      -6.6601069       -8.6915466         2.0314397       3508.6151                           3080.0914                 23.448128                 396.10607                      8.9694817
              5       1747.7879     0.051405993       4.5780941    0.0058981064        3508.896      -6.6601069       -8.6915466         2.0314397        3508.896                           3080.4247                 23.443823                 396.10607                      8.9214507
              4       1747.9525     0.064299726       5.0903354    0.0062175243       3509.2251      -6.6601069       -8.6915466         2.0314397       3509.2251                           3080.7545                  23.44377                 396.08766                      8.9392035
              1        1747.448     0.054236071       5.1681595    0.0075451448       3508.2162      -6.6601069       -8.6915466         2.0314397       3508.2162                           3079.7311                 23.446258                 396.08766                      8.9511833
              3       1747.3585     0.057053068       5.0475457    0.0090720976       3508.0372      -6.6601069       -8.6915466         2.0314397       3508.0372                           3079.5199                 23.448868                 396.08766                       8.980763
              2       1747.3392     0.060961065       4.9243308     0.009364823       3507.9986      -6.6601069       -8.6915466         2.0314397       3507.9986                           3079.4723                 23.449345                 396.08766                      8.9893235
              5       1747.3435     0.061814994       4.9196361    0.0094388536       3508.0073      -6.6601069       -8.6915466         2.0314397       3508.0073                           3079.4788                 23.449454                 396.08766                      8.9914283
              7       1747.3849     0.056899165        4.828964    0.0092387923         3508.09      -6.6601069       -8.6915466         2.0314397         3508.09                           3079.5692                 23.449284                 396.08766                      8.9839112
              4       1747.4351     0.055592586       5.1328113    0.0077539094       3508.1903      -6.6601069       -8.6915466         2.0314397       3508.1903                              3079.7                 23.446599                 396.08766                      8.9560226
              2       1747.5461     0.052543817       5.1633627    0.0061369576       3508.4124      -6.6601069       -8.6915466         2.0314397       3508.4124                           3079.9556                 23.443899                 396.08766                        8.92517
             17       1747.8214     0.049534709       5.2629569    0.0036686276       3508.9631      -6.6601069       -8.6915466         2.0314397       3508.9631                           3080.5547                 23.439719                 396.08766                       8.880991
              1       1747.7598     0.049996249        5.112065    0.0039038091       3508.8397      -6.6601069       -8.6915466         2.0314397       3508.8397                           3080.4267                 23.440187                 396.08766                      8.8851316
              1       1747.6724     0.054576125       5.0033179    0.0046122982        3508.665      -6.6601069       -8.6915466         2.0314397        3508.665                           3080.2351                 23.441335                 396.08766                      8.9008972
              1         1747.91     0.057644509       4.9786202    0.0033775569       3509.1402      -6.6601069       -8.6915466         2.0314397       3509.1402                           3080.7297                 23.439169                 396.08766                      8.8836319
              5       1748.1179     0.060148146        5.088682    0.0036259631       3509.5559      -6.6601069       -8.6915466         2.0314397       3509.5559                           3081.1375                 23.439461                 396.08766                      8.8913337
             11       1747.7624       0.0590067       4.9180428    0.0043151022        3508.845      -6.6601069       -8.6915466         2.0314397        3508.845                           3080.4164                 23.440768                 396.08766                      8.9001246
              1       1747.7143     0.062479223       4.8756651    0.0052844795       3508.7488      -6.6601069       -8.6915466         2.0314397       3508.7488                            3080.299                 23.442362                 396.08766                      8.9197693
              3       1747.5192      0.05770412       5.0151122    0.0065355336       3508.3586      -6.6601069       -8.6915466         2.0314397       3508.3586                           3079.8899                 23.444531                 396.08766                      8.9365127
              4       1747.4602     0.057203169       5.0216718      0.00715612       3508.2406      -6.6601069       -8.6915466         2.0314397       3508.2406                           3079.7605                   23.4456                 396.08766                      8.9468077
              2       1747.4023     0.057104658       4.9873036    0.0078905462       3508.1248      -6.6601069       -8.6915466         2.0314397       3508.1248                           3079.6307                 23.446879                 396.08766                      8.9596063
              3        1747.392     0.055460384       5.1805621    0.0087020113       3508.1042      -6.6601069       -8.6915466         2.0314397       3508.1042                           3079.5955                 23.448197                 396.08766                      8.9728283
              3       1747.4326     0.058916634       5.0223018    0.0078593281       3508.1854      -6.6601069       -8.6915466         2.0314397       3508.1854                           3079.6902                 23.446758                 396.08766                      8.9607412
              2       1747.5008      0.04975819       5.1620591    0.0075444199       3508.3218      -6.6601069       -8.6915466         2.0314397       3508.3218                           3079.8404                 23.446381                 396.08766                      8.9473806
              1       1747.5444     0.048787607       5.1557855    0.0071349066        3508.409      -6.6601069       -8.6915466         2.0314397        3508.409                           3079.9362                  23.44571                 396.08766                       8.939465
             10       1747.5331     0.048635375       5.2391457    0.0069779381       3508.3865      -6.6601069       -8.6915466         2.0314397       3508.3865                            3079.917                 23.445402                 396.08766                      8.9364113
              3       1747.6772      0.04685208       5.2274997    0.0052414691       3508.6745      -6.6601069       -8.6915466         2.0314397       3508.6745                           3080.2391                 23.442492                 396.08766                      8.9052972
              2        1747.663     0.047453497       5.2001166    0.0053016738       3508.6461      -6.6601069       -8.6915466         2.0314397       3508.6461                           3080.2091                 23.442592                 396.08766                      8.9067904
              6       1747.7002     0.057916143       5.0371197    0.0051331106       3508.7205      -6.6601069       -8.6915466         2.0314397       3508.7205                           3080.2777                 23.442118                 396.08766                      8.9130655
              1       1747.6723     0.051886449       5.0226198    0.0045645572       3508.6647      -6.6601069       -8.6915466         2.0314397       3508.6647                            3080.238                 23.441311                 396.08766                      8.8977276
              3       1747.6886     0.056164852       4.6719364    0.0039603521       3508.6974      -6.6601069       -8.6915466         2.0314397       3508.6974                           3080.2783                 23.440368                 396.08766                      8.8910527
              2        1747.728     0.051996344       4.6785907    0.0046477332       3508.7762      -6.6601069       -8.6915466         2.0314397       3508.7762                           3080.3473                 23.441627                 396.08766                      8.8996192
              2       1747.8091     0.050183042       4.8225057    0.0035903979       3508.9384      -6.6601069       -8.6915466         2.0314397       3508.9384                           3080.5308                 23.439796                 396.08766                       8.880193
              3       1747.8014     0.067683014       4.5308995    0.0037970253       3508.9231      -6.6601069       -8.6915466         2.0314397       3508.9231                           3080.4966                 23.439927                 396.08766                      8.8989399
             19       1747.6453     0.057747201       4.7568718    0.0044227138       3508.6109      -6.6601069       -8.6915466         2.0314397       3508.6109                           3080.1819                 23.441074                 396.08766                      8.9001848
              2       1747.5913     0.050812842       4.9428151    0.0060336851       3508.5028      -6.6601069       -8.6915466         2.0314397       3508.5028                           3080.0491                 23.443886                 396.08766                      8.9221992
              3       1747.7841     0.051325443       4.6465608    0.0086790217       3508.8883      -6.6601069       -8.6915466         2.0314397       3508.8883                           3080.3626                 23.448548                 396.10607                      8.9711353
              3       1747.7533     0.049886422       4.7619002    0.0083940091       3508.8268      -6.6601069       -8.6915466         2.0314397       3508.8268                           3080.3081                 23.448036                 396.10607                      8.9645368
              5       1747.3244     0.062029265       4.6590089    0.0094861985        3507.969      -6.6601069       -8.6915466         2.0314397        3507.969                           3079.4392                  23.44969                 396.08766                      8.9924391
              1       1747.3235     0.062641092       4.6364181    0.0090659208       3507.9672      -6.6601069       -8.6915466         2.0314397       3507.9672                           3079.4453                  23.44897                 396.08766                      8.9852431
              3       1747.3208     0.062497242       4.6659347    0.0091111849       3507.9619      -6.6601069       -8.6915466         2.0314397       3507.9619                           3079.4393                 23.449033                 396.08766                      8.9859245
              4       1747.9134     0.050542339       4.5167564    0.0042708945        3509.147      -6.6601069       -8.6915466         2.0314397        3509.147                           3080.7253                 23.441094                 396.08766                       8.892904
              2        1747.904     0.050684207       4.5895641    0.0033865573       3509.1282      -6.6601069       -8.6915466         2.0314397       3509.1282                           3080.7233                  23.43955                 396.08766                       8.877651
              3       1747.8793     0.050262165       4.6311482    0.0036765256       3509.0789      -6.6601069       -8.6915466         2.0314397       3509.0789                           3080.6691                 23.440033                 396.08766                      8.8821538
              1       1747.5486     0.061306965       4.5322068    0.0050320476       3508.4173      -6.6601069       -8.6915466         2.0314397       3508.4173                           3079.9742                 23.442162                 396.08766                      8.9133087
              5       1747.4866     0.059743586       4.6070035     0.005970138       3508.2934      -6.6601069       -8.6915466         2.0314397       3508.2934                           3079.8339                 23.443754                 396.08766                      8.9280925
              2       1747.7008     0.050641221       4.8636921     0.004658968       3508.7218      -6.6601069       -8.6915466         2.0314397       3508.7218                           3080.2941                 23.441585                 396.08766                      8.8985079
              4       1747.6602     0.048176602       4.9840422     0.007134485       3508.6406      -6.6601069       -8.6915466         2.0314397       3508.6406                            3080.149                 23.445812                 396.10607                      8.9396655
              2       1747.6874     0.047348046       5.0123188    0.0075012752        3508.695      -6.6601069       -8.6915466         2.0314397        3508.695                           3080.1967                 23.446446                 396.10607                       8.945778
              1       1747.6583     0.050822156       4.8228092    0.0089245328       3508.6369      -6.6601069       -8.6915466         2.0314397       3508.6369                           3080.1075                 23.448892                 396.10607                      8.9744187
             11       1747.6013     0.051715133       4.8302574    0.0089560571       3508.5228      -6.6601069       -8.6915466         2.0314397       3508.5228                           3079.9924                 23.448922                 396.10607                       8.975369
              5       1747.7093     0.053510262       5.2787372    0.0052223083       3508.7389      -6.6601069       -8.6915466         2.0314397       3508.7389                           3080.2982                 23.442246                 396.08766                      8.9107849
              1       1747.5073     0.062594761       4.8470757    0.0068316636       3508.3349      -6.6601069       -8.6915466         2.0314397       3508.3349                           3079.8562                 23.445019                 396.08766                      8.9459787
              1       1747.6209     0.064999934       4.8768421     0.006832312        3508.562      -6.6601069       -8.6915466         2.0314397        3508.562                           3080.0806                 23.444944                 396.08766                      8.9487464
              2       1748.3367     0.068965899       4.8592071    0.0040222913       3509.9935      -6.6601069       -8.6915466         2.0314397       3509.9935                           3081.5586                 23.440067                 396.08766                      8.9072322
              1       1749.1819     0.068235592       5.2197965    0.0039550106        3511.684      -6.6601069       -8.6915466         2.0314397        3511.684                           3083.2461                 23.439717                 396.08766                      8.9104988
              1       1749.0474     0.066883974       5.2493316    0.0040519654       3511.4149      -6.6601069       -8.6915466         2.0314397       3511.4149                           3082.9772                 23.439898                 396.08766                      8.9101602
              1         1749.25     0.067039926       5.2748337    0.0036618413       3511.8201      -6.6601069       -8.6915466         2.0314397       3511.8201                           3083.3885                 23.439211                 396.08766                      8.9047858
             11       1748.9286     0.065020467       5.2189841    0.0032525102       3511.1774      -6.6601069       -8.6915466         2.0314397       3511.1774                           3082.7571                  23.43861                 396.08766                      8.8940522
              5       1748.9912     0.064420174       5.2645236    0.0031588265       3511.3026      -6.6601069       -8.6915466         2.0314397       3511.3026                           3082.8842                 23.438436                 396.08766                      8.8922818
             11       1748.5248     0.064058506       5.1821162    0.0040820887       3510.3698      -6.6601069       -8.6915466         2.0314397       3510.3698                            3081.937                 23.440073                 396.08766                      8.9050643
              3       1747.9498     0.059973426       5.0582236    0.0042609344       3509.2198      -6.6601069       -8.6915466         2.0314397       3509.2198                           3080.7905                 23.440566                 396.08766                      8.9011492
             10       1748.2833     0.061088364       5.2985978    0.0048458937       3509.8868      -6.6601069       -8.6915466         2.0314397       3509.8868                           3081.4435                 23.441378                 396.08766                      8.9142502
              1       1747.8028     0.050287866       4.7898365    0.0037450901       3508.9258      -6.6601069       -8.6915466         2.0314397       3508.9258                           3080.5151                 23.440073                 396.08766                      8.8829174
              3       1747.5446     0.056213292       4.6179575    0.0061356287       3508.4095      -6.6601069       -8.6915466         2.0314397       3508.4095                           3079.9494                 23.444106                 396.08766                      8.9283181
              3       1748.1419     0.073273096       4.7942502    0.0061941655       3509.6041      -6.6601069       -8.6915466         2.0314397       3509.6041                           3081.1249                 23.443715                 396.08766                      8.9477869
              1       1748.5137     0.070438738       5.0781048    0.0062859551       3510.3477      -6.6601069       -8.6915466         2.0314397       3510.3477                           3081.8671                 23.443735                 396.08766                      8.9491549
              2       1747.5949     0.064192071       5.0510704     0.008407082         3508.51      -6.6601069       -8.6915466         2.0314397         3508.51                           3079.9987                 23.447542                 396.08766                      8.9761445
              2       1747.5912     0.063897214        5.052425    0.0083080593       3508.5026      -6.6601069       -8.6915466         2.0314397       3508.5026                           3079.9935                 23.447379                 396.08766                       8.974076
              6       1747.7983     0.065572123       5.1020428     0.008015184       3508.9168      -6.6601069       -8.6915466         2.0314397       3508.9168                           3080.4109                 23.446801                 396.08766                      8.9714903
              3       1747.8801     0.064717279       4.9347159    0.0054154289       3509.0804      -6.6601069       -8.6915466         2.0314397       3509.0804                           3080.6252                 23.442494                 396.08766                      8.9250143
              2       1747.8026     0.062569723       4.9468529    0.0052244052       3508.9255      -6.6601069       -8.6915466         2.0314397       3508.9255                           3080.4763                 23.442213                 396.08766                      8.9193262
              1       1747.7776     0.063498359       4.7799001    0.0045072605       3508.8755      -6.6601069       -8.6915466         2.0314397       3508.8755                           3080.4393                 23.441073                 396.08766                      8.9074672
              9       1747.3326     0.062415564       4.6047537    0.0091264965       3507.9854      -6.6601069       -8.6915466         2.0314397       3507.9854                           3079.4624                 23.449097                 396.08766                      8.9862263
              3       1747.4193     0.058309813       4.6481079    0.0083490408       3508.1589      -6.6601069       -8.6915466         2.0314397       3508.1589                           3079.6543                 23.447829                 396.08766                      8.9691036
              4       1747.3346     0.061968536       4.8191019    0.0089890685       3507.9893      -6.6601069       -8.6915466         2.0314397       3507.9893                           3079.4696                 23.448742                 396.08766                      8.9832872
              3       1747.4112     0.064819459       4.8595121    0.0087721222       3508.1427      -6.6601069       -8.6915466         2.0314397       3508.1427                           3079.6245                 23.448277                 396.08766                      8.9822291
              1       1747.5111     0.059041496       4.5874104    0.0057640566       3508.3424      -6.6601069       -8.6915466         2.0314397       3508.3424                           3079.8873                 23.443428                 396.08766                      8.9239902
              9        1747.603     0.053958612       4.6735714    0.0058523507       3508.5262      -6.6601069       -8.6915466         2.0314397       3508.5262                           3080.0731                 23.443642                 396.08766                      8.9217379
              2       1747.4952     0.056722585       4.6940436    0.0064038016       3508.3105      -6.6601069       -8.6915466         2.0314397       3508.3105                           3079.8451                 23.444512                 396.08766                      8.9332166
              7       1747.5751     0.054387663       4.6459475    0.0067955126       3508.4703      -6.6601069       -8.6915466         2.0314397       3508.4703                           3079.9987                 23.445258                 396.08766                      8.9387227
              1       1747.5056     0.057409426       4.5760091    0.0067585212       3508.3315      -6.6601069       -8.6915466         2.0314397       3508.3315                           3079.8585                 23.445167                 396.08766                      8.9401979
              7       1747.4185     0.060048875       4.6269029      0.00708678       3508.1573      -6.6601069       -8.6915466         2.0314397       3508.1573                           3079.6762                 23.445644                 396.08766                      8.9477925
              2       1747.5086     0.052156675       4.9258362    0.0080493702       3508.3375      -6.6601069       -8.6915466         2.0314397       3508.3375                           3079.8255                 23.447308                 396.10607                      8.9585625
              4       1747.5605     0.062522599       4.8401792    0.0062677848       3508.4413      -6.6601069       -8.6915466         2.0314397       3508.4413                           3079.9734                 23.444061                 396.08766                      8.9362058
              1       1747.5995     0.056208191       4.6215191    0.0050967669       3508.5192      -6.6601069       -8.6915466         2.0314397       3508.5192                           3080.0789                 23.442331                 396.08766                      8.9103304
              5       1747.7275     0.051487727       4.6415901    0.0066583577       3508.7753      -6.6601069       -8.6915466         2.0314397       3508.7753                           3080.2894                 23.445089                 396.10607                      8.9346921
              4       1747.9544      0.04730694         4.72285    0.0077046355        3509.229      -6.6601069       -8.6915466         2.0314397        3509.229                           3080.7249                 23.446933                 396.10607                      8.9511261
              1       1747.8417     0.049673894        4.745116    0.0094350996       3509.0036      -6.6601069       -8.6915466         2.0314397       3509.0036                           3080.4635                 23.449833                 396.10607                      8.9842823
              7       1747.7645     0.050443536       4.7576745     0.009328179       3508.8492      -6.6601069       -8.6915466         2.0314397       3508.8492                            3080.311                 23.449626                 396.10607                      8.9824748
              5       1747.5477     0.048533031       5.1825779    0.0073345198       3508.4156      -6.6601069       -8.6915466         2.0314397       3508.4156                           3079.9207                 23.446044                 396.10607                      8.9428115
             13       1747.6371     0.045720472       5.2431191    0.0079665921       3508.5945      -6.6601069       -8.6915466         2.0314397       3508.5945                           3080.0885                 23.447173                 396.10607                       8.952769
              1       1747.4426     0.059600955       4.9737242      0.00759758       3508.2054      -6.6601069       -8.6915466         2.0314397       3508.2054                           3079.7148                 23.446323                 396.08766                      8.9566768
             10        1747.471     0.062975523       5.0852923    0.0095342255       3508.2623      -6.6601069       -8.6915466         2.0314397       3508.2623                           3079.7303                 23.449481                 396.08766                      8.9948697
              1       1747.6884     0.067529628       4.9854481    0.0085870149       3508.6971      -6.6601069       -8.6915466         2.0314397       3508.6971                           3080.1787                 23.447809                 396.08766                      8.9828587
              1       1747.3029      0.06352979       4.6540037    0.0098454663       3507.9261      -6.6601069       -8.6915466         2.0314397       3507.9261                           3079.3879                 23.450276                 396.08766                      9.0001884
              1       1747.5231     0.055354903       4.6688744    0.0076513169       3508.3664      -6.6601069       -8.6915466         2.0314397       3508.3664                           3079.8591                 23.446689                 396.10607                      8.9545457
             10       1747.4676     0.056002294       4.7528766    0.0070761316       3508.2555      -6.6601069       -8.6915466         2.0314397       3508.2555                           3079.7777                 23.445645                 396.08766                      8.9444529
              3       1747.4512     0.056871431       4.8654027    0.0068449137       3508.2225      -6.6601069       -8.6915466         2.0314397       3508.2225                           3079.7488                 23.445167                 396.08766                      8.9409279
              2        1747.536     0.067136257       4.6955289    0.0067603919       3508.3922      -6.6601069       -8.6915466         2.0314397       3508.3922                           3079.9108                 23.444889                 396.08766                      8.9488249
              7       1747.5074     0.058387445       4.5048985    0.0080454763        3508.335      -6.6601069       -8.6915466         2.0314397        3508.335                           3079.8174                 23.447387                 396.10607                      8.9641689
              7        1747.394     0.059668261       4.6350567     0.007990282       3508.1082      -6.6601069       -8.6915466         2.0314397       3508.1082                           3079.6098                 23.447193                 396.08766                      8.9635851
              3       1747.4497     0.059435147        4.544663    0.0088819524       3508.2196      -6.6601069       -8.6915466         2.0314397       3508.2196                           3079.6848                 23.448776                 396.10607                       8.979921
              1       1747.4675     0.053916191       4.8767871    0.0076043735       3508.2552      -6.6601069       -8.6915466         2.0314397       3508.2552                           3079.7688                  23.44653                 396.08766                      8.9521748
              1       1747.4925     0.065111537       4.9586032    0.0089203879       3508.3053      -6.6601069       -8.6915466         2.0314397       3508.3053                           3079.7835                 23.448459                 396.08766                      8.9856484
              2       1747.4072     0.065643407       4.8740609    0.0093470318       3508.1347      -6.6601069       -8.6915466         2.0314397       3508.1347                           3079.6044                 23.449233                 396.08766                       8.993379
              4       1747.4356     0.065457946       4.9027792    0.0091763898       3508.1914      -6.6601069       -8.6915466         2.0314397       3508.1914                           3079.6646                 23.448926                 396.08766                      8.9902807
              8       1747.4653     0.058808815       4.7851968     0.006446773       3508.2507      -6.6601069       -8.6915466         2.0314397       3508.2507                            3079.783                 23.444487                 396.08766                      8.9355822
              2       1747.5838     0.054184317       4.8526325    0.0052970889       3508.4877      -6.6601069       -8.6915466         2.0314397       3508.4877                           3080.0455                 23.442595                 396.08766                      8.9120043
              7       1747.9344     0.062445376       4.7366551    0.0030463995       3509.1891      -6.6601069       -8.6915466         2.0314397       3509.1891                           3080.7805                 23.438636                 396.08766                      8.8822791
              2       1748.0825     0.073950572       4.5979215    0.0046348396       3509.4852      -6.6601069       -8.6915466         2.0314397       3509.4852                           3081.0356                 23.441179                 396.08766                      8.9207068
              4       1747.8169     0.071721166       4.6376551    0.0057244018       3508.9541      -6.6601069       -8.6915466         2.0314397       3508.9541                           3080.4872                 23.443058                 396.08766                      8.9361845
              2       1747.8215     0.071917868       4.6318868    0.0057114054       3508.9633      -6.6601069       -8.6915466         2.0314397       3508.9633                           3080.4964                 23.443035                 396.08766                      8.9361559
              9        1747.703      0.06456389       4.5112259      0.00380565       3508.7261      -6.6601069       -8.6915466         2.0314397       3508.7261                           3080.3027                 23.440018                 396.08766                      8.8957557
              3       1747.6902     0.070743875       4.6278815    0.0061333601       3508.7007      -6.6601069       -8.6915466         2.0314397       3508.7007                           3080.2275                 23.443783                 396.08766                      8.9417823
              2       1747.5376     0.058891587       4.7051314    0.0054192667       3508.3954      -6.6601069       -8.6915466         2.0314397       3508.3954                            3079.947                 23.442777                 396.08766                      8.9179573
              3       1747.7687     0.061257078       4.6733195    0.0035509625       3508.8576      -6.6601069       -8.6915466         2.0314397       3508.8576                           3080.4415                 23.439558                 396.08766                      8.8888939
              1       1747.5565     0.056525361       4.6398634    0.0055953999       3508.4331      -6.6601069       -8.6915466         2.0314397       3508.4331                           3079.9832                 23.443165                 396.08766                      8.9190998
              7          1747.5     0.056770187       4.9010792    0.0062178861       3508.3203      -6.6601069       -8.6915466         2.0314397       3508.3203                           3079.8586                 23.444078                 396.08766                      8.9299699
              6       1747.6678     0.051090119       4.9564852    0.0047129859       3508.6557      -6.6601069       -8.6915466         2.0314397       3508.6557                           3080.2268                 23.441619                 396.08766                      8.8996199
              5       1747.8454     0.049412351       5.1711993    0.0032871574        3509.011      -6.6601069       -8.6915466         2.0314397        3509.011                           3080.6098                 23.439121                 396.08766                      8.8744861
              8       1747.8519     0.045348688       5.2857299    0.0035351201        3509.024      -6.6601069       -8.6915466         2.0314397        3509.024                           3080.6215                 23.439597                 396.08766                      8.8752843
              5       1747.5612     0.055108808       5.1913653    0.0064400357       3508.4425      -6.6601069       -8.6915466         2.0314397       3508.4425                           3079.9777                 23.444331                 396.08766                      8.9328068
              6        1747.748     0.051895112        5.236463    0.0044297801       3508.8161      -6.6601069       -8.6915466         2.0314397       3508.8161                           3080.3917                 23.440964                 396.08766                      8.8957919
              1       1747.6287     0.051757384       4.9621676    0.0050522765       3508.5777      -6.6601069       -8.6915466         2.0314397       3508.5777                            3080.142                 23.442178                 396.08766                      8.9058955
              2       1747.6488     0.051917983       4.9544384     0.004791962       3508.6178      -6.6601069       -8.6915466         2.0314397       3508.6178                           3080.1869                 23.441734                 396.08766                      8.9015935
             14       1747.3455      0.06029543        4.713265    0.0089957577       3508.0112      -6.6601069       -8.6915466         2.0314397       3508.0112                           3079.4926                 23.448856                 396.08766                      8.9821016
              5       1747.3727      0.05955584       4.6735686    0.0089764134       3508.0656      -6.6601069       -8.6915466         2.0314397       3508.0656                           3079.5477                 23.448862                 396.08766                      8.9813011
              1       1748.0394     0.047289958       4.7074192    0.0088128417        3509.399      -6.6601069       -8.6915466         2.0314397        3509.399                            3080.872                 23.448838                 396.10607                      8.9720951
              3       1747.8083     0.046885946       4.9127595    0.0080425026       3508.9368      -6.6601069       -8.6915466         2.0314397       3508.9368                           3080.4271                 23.447432                 396.10607                      8.9562604
              4        1747.345     0.069253328       4.5958948    0.0088221911       3508.0102      -6.6601069       -8.6915466         2.0314397       3508.0102                           3079.4875                 23.448435                 396.08766                      8.9866272
              1       1747.8488     0.051678275       4.5244854     0.007696031       3509.0178      -6.6601069       -8.6915466         2.0314397       3509.0178                           3080.5109                 23.446917                 396.10607                       8.953914
              2       1747.8354     0.051483393       4.5468098    0.0076332862        3508.991      -6.6601069       -8.6915466         2.0314397        3508.991                           3080.4856                 23.446803                 396.10607                      8.9525307
              4       1747.6487     0.060294487       4.6269541    0.0042116973       3508.6176      -6.6601069       -8.6915466         2.0314397       3508.6176                           3080.1905                 23.440731                 396.08766                       8.898745
              2       1747.4923     0.064075811       4.5155096    0.0056283176       3508.3047      -6.6601069       -8.6915466         2.0314397       3508.3047                           3079.8481                 23.443132                 396.08766                      8.9258522
              2       1747.4861     0.066543384       4.9084977    0.0091411818       3508.2924      -6.6601069       -8.6915466         2.0314397       3508.2924                           3079.7651                 23.448836                 396.08766                      8.9908823
              4       1747.5883      0.06848021       4.9037819    0.0090100101       3508.4967      -6.6601069       -8.6915466         2.0314397       3508.4967                           3079.9697                 23.448567                 396.08766                      8.9907938
              5       1747.4605     0.054866754         4.80464    0.0079359498       3508.2412      -6.6601069       -8.6915466         2.0314397       3508.2412                           3079.7475                 23.447114                 396.08766                      8.9589349
              1       1747.4205     0.055912113       4.8378186    0.0079521045       3508.1613      -6.6601069       -8.6915466         2.0314397       3508.1613                           3079.6667                 23.447099                 396.08766                      8.9598572
              2       1747.6221     0.048192108       5.0600904    0.0068298412       3508.5645      -6.6601069       -8.6915466         2.0314397       3508.5645                           3080.0792                 23.445253                 396.10607                      8.9339428
              1       1747.5949     0.047816027       5.1245591    0.0078329693       3508.5101      -6.6601069       -8.6915466         2.0314397       3508.5101                           3080.0055                 23.446946                 396.10607                      8.9515694
              1       1747.4866     0.050918117       5.0804533    0.0091671483       3508.2934      -6.6601069       -8.6915466         2.0314397       3508.2934                           3079.7603                 23.449172                 396.10607                      8.9778224
              1       1747.4087     0.053758196       5.0236617    0.0086898803       3508.1376      -6.6601069       -8.6915466         2.0314397       3508.1376                           3079.6303                 23.448311                 396.08766                      8.9713405
              2       1747.4983     0.058249695       5.2444918    0.0084685886       3508.3167      -6.6601069       -8.6915466         2.0314397       3508.3167                           3079.8098                 23.447681                 396.08766                      8.9715449
             16       1747.4977     0.058170503       5.2460963    0.0084539933       3508.3157      -6.6601069       -8.6915466         2.0314397       3508.3157                           3079.8092                 23.447657                 396.08766                      8.9712094
              3       1747.5154     0.054630439       4.9483337    0.0061414036        3508.351      -6.6601069       -8.6915466         2.0314397        3508.351                           3079.8925                 23.443973                 396.08766                      8.9268748
              1       1747.3516     0.061800591       4.8330019    0.0086533634       3508.0233      -6.6601069       -8.6915466         2.0314397       3508.0233                           3079.5104                 23.448163                 396.08766                      8.9771251
              2       1747.3433     0.060795165       4.8424804    0.0087831974       3508.0069      -6.6601069       -8.6915466         2.0314397       3508.0069                           3079.4922                 23.448403                 396.08766                      8.9785877
              1       1747.4878     0.058924967       5.0435759    0.0073211597       3508.2958      -6.6601069       -8.6915466         2.0314397       3508.2958                            3079.811                 23.445825                 396.08766                      8.9513946
              9       1747.8916     0.056487388       5.0293291    0.0034772088       3509.1035      -6.6601069       -8.6915466         2.0314397       3509.1035                           3080.6922                 23.439338                 396.08766                      8.8842211
              1       1747.7666     0.068711199       4.7282211    0.0058062116       3508.8534      -6.6601069       -8.6915466         2.0314397       3508.8534                           3080.3878                 23.443203                 396.08766                       8.934689
              4       1747.8945     0.069930615       4.7434004    0.0055978028       3509.1093      -6.6601069       -8.6915466         2.0314397       3509.1093                            3080.646                 23.442809                 396.08766                      8.9328598
              2       1747.9711     0.061580423       4.9936039    0.0042234899       3509.2624      -6.6601069       -8.6915466         2.0314397       3509.2624                           3080.8322                 23.440502                 396.08766                      8.9020353
              2        1747.619     0.068198584       4.8951478    0.0084543979       3508.5581      -6.6601069       -8.6915466         2.0314397       3508.5581                           3080.0422                 23.447628                 396.08766                       8.980632
              1       1747.6326     0.061218724       4.7694597    0.0049759556       3508.5854      -6.6601069       -8.6915466         2.0314397       3508.5854                            3080.143                  23.44193                 396.08766                      8.9127757
              6       1748.1481     0.045575384        4.678526    0.0075882634       3509.6164      -6.6601069       -8.6915466         2.0314397       3509.6164                           3081.1145                 23.446792                 396.10607                      8.9490461
              2       1748.1487     0.045353838       4.6794665    0.0072576993       3509.6177      -6.6601069       -8.6915466         2.0314397       3509.6177                           3081.1225                 23.446231                 396.10607                      8.9428943
              8       1747.8267     0.048328174        4.746435    0.0062240086       3508.9737      -6.6601069       -8.6915466         2.0314397       3508.9737                           3080.4984                 23.444367                 396.10607                      8.9248811
              2       1747.8415      0.04815413       4.7419125     0.006212329       3509.0032      -6.6601069       -8.6915466         2.0314397       3509.0032                           3080.5282                 23.444353                 396.10607                      8.9246163
              3       1747.9239     0.046879517       4.7458933    0.0062743188       3509.1681      -6.6601069       -8.6915466         2.0314397       3509.1681                           3080.6927                 23.444486                 396.10607                      8.9248139
              6       1748.4043     0.046785584       4.5318509     0.009536383       3510.1289      -6.6601069       -8.6915466         2.0314397       3510.1289                           3081.5854                 23.450168                 396.10607                      8.9872563
              3       1748.4456     0.047054162       4.5122802    0.0098598702       3510.2114      -6.6601069       -8.6915466         2.0314397       3510.2114                           3081.6609                 23.450726                 396.10607                      8.9937234
              1       1747.7123     0.054531431       4.5507742     0.009403685       3508.7448      -6.6601069       -8.6915466         2.0314397       3508.7448                           3080.2023                  23.44977                 396.10607                      8.9866579
              5       1747.6785     0.051722135       4.7205989    0.0085132802       3508.6771      -6.6601069       -8.6915466         2.0314397       3508.6771                           3080.1551                 23.448219                 396.10607                       8.967758
              1       1747.4796     0.057123915       4.6937555    0.0065608011       3508.2794      -6.6601069       -8.6915466         2.0314397       3508.2794                           3079.8107                 23.444771                 396.08766                      8.9362606
              1       1747.5309     0.054065795       4.9609812    0.0059891033       3508.3819      -6.6601069       -8.6915466         2.0314397       3508.3819                           3079.9268                  23.44372                 396.08766                      8.9237863
              6       1747.7261     0.060282683       4.8225964    0.0043539526       3508.7724      -6.6601069       -8.6915466         2.0314397       3508.7724                           3080.3422                  23.44086                 396.08766                      8.9016901
              5       1747.8122     0.047679883       4.8961129    0.0043428214       3508.9446      -6.6601069       -8.6915466         2.0314397       3508.9446                           3080.5247                 23.441101                 396.08766                      8.8911416
              1       1747.4421     0.063971834       4.5504169       0.0063131       3508.2044      -6.6601069       -8.6915466         2.0314397       3508.2044                           3079.7349                 23.444283                 396.08766                      8.9375605
              5       1747.4427     0.063779192       4.5504732    0.0062997201       3508.2055      -6.6601069       -8.6915466         2.0314397       3508.2055                           3079.7365                 23.444264                 396.08766                      8.9371589
              1       1747.5372     0.063902089        4.766192    0.0063519147       3508.3946      -6.6601069       -8.6915466         2.0314397       3508.3946                            3079.924                 23.444219                 396.08766                      8.9387578
              2       1747.3273     0.060117604       4.8814642    0.0094412234       3507.9749      -6.6601069       -8.6915466         2.0314397       3507.9749                           3079.4477                 23.449523                 396.08766                      8.9899568
              8       1748.0807     0.068532286       5.1963345    0.0090952939       3509.4815      -6.6601069       -8.6915466         2.0314397       3509.4815                           3080.9501                 23.448503                 396.08766                      8.9952868
              2       1747.3431     0.057519431       4.9533759    0.0095864546       3508.0063      -6.6601069       -8.6915466         2.0314397       3508.0063                           3079.4784                 23.449793                 396.08766                      8.9905251
              1       1747.3506     0.060520964       4.7471874    0.0084409096       3508.0213      -6.6601069       -8.6915466         2.0314397       3508.0213                           3079.5136                  23.44788                 396.08766                      8.9721914
              6        1748.103     0.061546396       5.0750221    0.0041043096       3509.5262      -6.6601069       -8.6915466         2.0314397       3509.5262                           3081.0976                 23.440248                 396.08766                      8.9007275
              2       1747.8401     0.059743594       4.9977584    0.0044500464       3509.0004      -6.6601069       -8.6915466         2.0314397       3509.0004                           3080.5683                 23.440931                 396.08766                      8.9035758
              1       1747.5664     0.055038773       5.1304204    0.0060918183       3508.4531      -6.6601069       -8.6915466         2.0314397       3508.4531                            3079.995                 23.443774                 396.08766                       8.926615
              3       1747.5296      0.06891531       4.8786829     0.009560095       3508.3795      -6.6601069       -8.6915466         2.0314397       3508.3795                           3079.8414                 23.449516                 396.08766                      9.0008579
              3       1747.3175     0.067441145       4.6770371    0.0095868216       3507.9552      -6.6601069       -8.6915466         2.0314397       3507.9552                           3079.4189                 23.449732                 396.08766                      8.9988371
              2       1747.4484     0.058370315       4.6126615    0.0073042946       3508.2171      -6.6601069       -8.6915466         2.0314397       3508.2171                           3079.7329                  23.44606                 396.08766                       8.950446
              2       1747.5753     0.055305256       4.6005358    0.0081768207       3508.4707      -6.6601069       -8.6915466         2.0314397       3508.4707                           3079.9527                 23.447625                 396.10607                      8.9643475
              2       1747.5428     0.049525983       5.0749752    0.0079718628       3508.4059      -6.6601069       -8.6915466         2.0314397       3508.4059                           3079.8974                 23.447164                 396.10607                      8.9551773
              1       1747.4922     0.052055236       5.0177274    0.0070960552       3508.3046      -6.6601069       -8.6915466         2.0314397       3508.3046                           3079.8297                 23.445631                 396.08766                      8.9415873
              6       1747.8463     0.048179119       4.7597325    0.0076116696       3509.0127      -6.6601069       -8.6915466         2.0314397       3509.0127                           3080.5104                 23.446737                 396.10607                      8.9494792
              5       1747.8272     0.048647582        4.752257    0.0078213361       3508.9746      -6.6601069       -8.6915466         2.0314397       3508.9746                           3080.4679                 23.447088                 396.10607                      8.9535503
              9       1747.6524     0.066322468       5.1053764    0.0097831172       3508.6249      -6.6601069       -8.6915466         2.0314397       3508.6249                           3080.0841                 23.449806                 396.08766                      9.0033753
              2       1747.6925     0.066931955       5.0881909    0.0095503549       3508.7052      -6.6601069       -8.6915466         2.0314397       3508.7052                           3080.1682                 23.449403                 396.08766                      8.9998993
              1       1747.4031     0.062089673        5.039133    0.0095580457       3508.1264      -6.6601069       -8.6915466         2.0314397       3508.1264                            3079.595                 23.449576                 396.08766                      8.9941731
              1       1748.1698     0.063481835       4.9800461     0.003746448       3509.6598      -6.6601069       -8.6915466         2.0314397       3509.6598                           3081.2358                 23.439651                 396.08766                      8.8966487
              3       1747.9973      0.06877486       4.6810321    0.0040495803       3509.3148      -6.6601069       -8.6915466         2.0314397       3509.3148                           3080.8814                 23.440238                 396.08766                      8.9054699
              2       1748.1621     0.046493335       4.5386131    0.0056955431       3509.6444      -6.6601069       -8.6915466         2.0314397       3509.6444                           3081.1791                 23.443598                 396.10607                      8.9156392
              2       1747.7112     0.061836356       4.8192445     0.004780777       3508.7426      -6.6601069       -8.6915466         2.0314397       3508.7426                            3080.303                 23.441553                 396.08766                      8.9103833
             11       1747.5979     0.062922571       4.6143259    0.0048394591       3508.5159      -6.6601069       -8.6915466         2.0314397       3508.5159                           3080.0749                 23.441752                 396.08766                      8.9116561
              3       1747.4935     0.064666609        4.798491    0.0072200431       3508.3071      -6.6601069       -8.6915466         2.0314397       3508.3071                           3079.8192                 23.445665                 396.08766                      8.9546136
              1       1747.3999     0.061266027       4.7612567    0.0074130047         3508.12      -6.6601069       -8.6915466         2.0314397         3508.12                           3079.6317                 23.446096                 396.08766                      8.9545583
              3       1748.0086     0.073565422       4.6978986    0.0059492416       3509.3374      -6.6601069       -8.6915466         2.0314397       3509.3374                           3080.8635                 23.443359                 396.08766                      8.9429208
              3       1748.2623     0.072933557       4.6834308    0.0042195586       3509.8448      -6.6601069       -8.6915466         2.0314397       3509.8448                            3081.403                 23.440434                 396.08766                      8.9137105
              4       1747.5053     0.066372174       4.7097254    0.0069283524       3508.3308      -6.6601069       -8.6915466         2.0314397       3508.3308                            3079.847                 23.445184                 396.08766                      8.9509653
              4       1747.7988     0.069602702       4.8416538    0.0070995241       3508.9178      -6.6601069       -8.6915466         2.0314397       3508.9178                           3080.4262                 23.445314                 396.08766                      8.9585926
              1       1747.4304     0.054473586       5.2268307    0.0080787365       3508.1809      -6.6601069       -8.6915466         2.0314397       3508.1809                           3079.6853                  23.44713                 396.08766                      8.9608909
             21       1747.4825     0.048855237       5.2932438    0.0083580932       3508.2853      -6.6601069       -8.6915466         2.0314397       3508.2853                           3079.7703                 23.447728                 396.10607                      8.9612058
              4       1747.4518     0.049964989       5.2748348    0.0086646486       3508.2239      -6.6601069       -8.6915466         2.0314397       3508.2239                           3079.7021                 23.448232                 396.10607                      8.9675278
             13       1747.7614     0.061095452       4.7808606    0.0040629916       3508.8431      -6.6601069       -8.6915466         2.0314397       3508.8431                           3080.4175                  23.44037                 396.08766                      8.8975646
              4       1747.6209     0.061204932       5.0594593    0.0069336946        3508.562      -6.6601069       -8.6915466         2.0314397        3508.562                            3080.082                 23.445094                 396.08766                      8.9472487
              1       1747.6273     0.060971532       5.0688039    0.0068666174       3508.5748      -6.6601069       -8.6915466         2.0314397       3508.5748                           3080.0963                 23.444979                 396.08766                      8.9458877
              2       1747.5136     0.059099238       5.0926064    0.0074285508       3508.3475      -6.6601069       -8.6915466         2.0314397       3508.3475                           3079.8602                 23.445974                 396.08766                      8.9536147
              4       1747.5226     0.061364685       5.0741473    0.0080344127       3508.3655      -6.6601069       -8.6915466         2.0314397       3508.3655                           3079.8643                 23.446962                 396.08766                      8.9665184
              4       1747.5728     0.064110872       5.1223348    0.0094242463       3508.4658      -6.6601069       -8.6915466         2.0314397       3508.4658                           3079.9345                 23.449238                 396.08766                      8.9944218
              5       1747.6139     0.062615792       5.2274127    0.0093705936        3508.548      -6.6601069       -8.6915466         2.0314397        3508.548                           3080.0188                 23.449116                 396.08766                      8.9923833
              1       1747.7182     0.063883707       5.2362667    0.0092900664       3508.7567      -6.6601069       -8.6915466         2.0314397       3508.7567                           3080.2274                 23.448936                 396.08766                      8.9926174
              3       1747.8804     0.063090574       5.1030086    0.0062295801       3509.0811      -6.6601069       -8.6915466         2.0314397       3509.0811                           3080.6117                 23.443814                 396.08766                      8.9379276
              4       1748.0637     0.071959066       4.8159065    0.0062583159       3509.4477      -6.6601069       -8.6915466         2.0314397       3509.4477                           3080.9689                  23.44384                 396.08766                      8.9472995
              3       1747.8685     0.060976812       4.8746202    0.0038656981       3509.0573      -6.6601069       -8.6915466         2.0314397       3509.0573                            3080.635                 23.439981                 396.08766                         8.8947
              6       1747.7609     0.063617846        4.709733    0.0042194046        3508.842      -6.6601069       -8.6915466         2.0314397        3508.842                           3080.4112                 23.440623                 396.08766                      8.9024655
              2       1748.5953     0.069463797       5.0368077    0.0049167406       3510.5108      -6.6601069       -8.6915466         2.0314397       3510.5108                           3082.0569                 23.441455                 396.08766                      8.9247467
              2       1748.5949     0.069426266       5.0376687    0.0049090145       3510.5101      -6.6601069       -8.6915466         2.0314397       3510.5101                           3082.0564                 23.441442                 396.08766                      8.9245765
              6       1748.6985     0.069905261       5.0487223     0.004828368       3510.7172      -6.6601069       -8.6915466         2.0314397       3510.7172                            3082.264                 23.441284                 396.08766                       8.924218
              1       1747.4652     0.055604171       5.2771589      0.00812847       3508.2506      -6.6601069       -8.6915466         2.0314397       3508.2506                           3079.7529                 23.447153                 396.08766                      8.9629318
              3       1747.3709     0.058257744        5.125015    0.0094159019        3508.062      -6.6601069       -8.6915466         2.0314397        3508.062                           3079.5369                 23.449378                 396.08766                      8.9881205
              7       1747.9104     0.064615939       5.1750211    0.0075217431        3509.141      -6.6601069       -8.6915466         2.0314397        3509.141                            3080.645                 23.445932                 396.08766                      8.9624353
              2       1747.7921     0.045215911       5.0994527    0.0051863545       3508.9044      -6.6601069       -8.6915466         2.0314397       3508.9044                           3080.4522                 23.442505                 396.10607                      8.9036304
              2       1747.7793     0.052666887        4.563708    0.0043359741       3508.8789      -6.6601069       -8.6915466         2.0314397       3508.8789                           3080.4551                 23.441138                 396.08766                      8.8950518
              4       1748.0059     0.045215325       4.7834896    0.0052948983        3509.332      -6.6601069       -8.6915466         2.0314397        3509.332                           3080.8765                 23.442835                 396.10607                      8.9065287
              1       1747.9007     0.046233026       4.8375571     0.004998545       3509.1215      -6.6601069       -8.6915466         2.0314397       3509.1215                           3080.6713                 23.442281                 396.10607                      8.9018811
              1       1747.4762      0.05221358       5.0828105    0.0071582274       3508.2726      -6.6601069       -8.6915466         2.0314397       3508.2726                           3079.7965                 23.445698                 396.08766                      8.9427224
             10       1748.2035      0.05822527       5.2793883    0.0038432372       3509.7272      -6.6601069       -8.6915466         2.0314397       3509.7272                           3081.3059                 23.439763                 396.08766                      8.8938712
             20       1748.3569     0.073392741       5.1342912    0.0098944829       3510.0341      -6.6601069       -8.6915466         2.0314397       3510.0341                           3081.4808                 23.449787                 396.08766                      9.0157932
              2       1748.4457     0.071878349       5.2170596    0.0095496801       3510.2116      -6.6601069       -8.6915466         2.0314397       3510.2116                           3081.6661                 23.449173                 396.08766                      9.0086823
              5       1748.4018     0.072963442       5.1401674    0.0093840066       3510.1238      -6.6601069       -8.6915466         2.0314397       3510.1238                           3081.5808                  23.44892                 396.08766                      9.0063494
              3       1749.0445     0.074403829       5.2590276     0.008981579       3511.4093      -6.6601069       -8.6915466         2.0314397       3511.4093                           3082.8694                 23.448097                 396.08766                      9.0041309
              3       1748.5737     0.073858756       4.9441746    0.0062059467       3510.4676      -6.6601069       -8.6915466         2.0314397       3510.4676                           3081.9852                 23.443611                 396.08766                      8.9511105
              4       1748.0015     0.069741092       4.5563123    0.0033393633       3509.3232      -6.6601069       -8.6915466         2.0314397       3509.3232                           3080.9024                 23.439089                 396.08766                      8.8941044
              2        1747.729     0.064751209       5.0033892     0.007065297       3508.7783      -6.6601069       -8.6915466         2.0314397       3508.7783                            3080.292                 23.445264                 396.08766                      8.9533237
              9       1747.4335     0.062077993       4.9030192    0.0079005465       3508.1873      -6.6601069       -8.6915466         2.0314397       3508.1873                           3079.6886                 23.446824                 396.08766                      8.9642092
              4       1748.0039     0.072289535       4.8565497    0.0072688479       3509.3281      -6.6601069       -8.6915466         2.0314397       3509.3281                           3080.8297                 23.445529                 396.08766                      8.9651958
              5       1747.5544      0.06308696       5.0622654     0.008373055        3508.429      -6.6601069       -8.6915466         2.0314397        3508.429                           3079.9195                 23.447505                 396.08766                      8.9743113
              1       1747.4216     0.070085202       4.7404702    0.0097020824       3508.1635      -6.6601069       -8.6915466         2.0314397       3508.1635                           3079.6222                 23.449827                 396.08766                      9.0038566
              5       1747.5172     0.071662851       4.6972776    0.0087430588       3508.3546      -6.6601069       -8.6915466         2.0314397       3508.3546                           3079.8305                 23.448178                 396.08766                      8.9882971
              3       1747.7587     0.073395883       4.8488308    0.0096053686       3508.8376      -6.6601069       -8.6915466         2.0314397       3508.8376                           3080.2935                 23.449508                 396.08766                      9.0069446
              2        1748.193     0.074192045       4.8610326    0.0072338519       3509.7062      -6.6601069       -8.6915466         2.0314397       3509.7062                           3081.2058                 23.445421                 396.08766                        8.96737
              2       1747.5179     0.055117962       4.8667152    0.0060395133        3508.356      -6.6601069       -8.6915466         2.0314397        3508.356                            3079.899                 23.443832                 396.08766                      8.9255071
              1       1747.4683       0.0557236       4.8841404     0.006711328       3508.2568      -6.6601069       -8.6915466         2.0314397       3508.2568                           3079.7865                 23.444956                 396.08766                      8.9376693
              1       1747.4687     0.055591298       4.8092261    0.0069145149       3508.2576      -6.6601069       -8.6915466         2.0314397       3508.2576                           3079.7834                 23.445347                 396.08766                        8.94121
              5       1747.5882     0.066484027       4.7260664    0.0063516304       3508.4967      -6.6601069       -8.6915466         2.0314397       3508.4967                           3080.0235                 23.444185                 396.08766                      8.9413091
              4       1747.4818     0.071119227       4.6485199    0.0082833704       3508.2839      -6.6601069       -8.6915466         2.0314397       3508.2839                           3079.7695                 23.447437                 396.08766                      8.9792926
              1       1747.3802     0.073416369       4.5214077    0.0090103403       3508.0806      -6.6601069       -8.6915466         2.0314397       3508.0806                           3079.5503                 23.448719                 396.08766                      8.9939136
              8       1747.3385     0.069963133       4.5218757    0.0084737701       3507.9972      -6.6601069       -8.6915466         2.0314397       3507.9972                           3079.4808                 23.447871                 396.08766                      8.9808996
              5       1747.3997     0.067894898       4.5682513    0.0074427181       3508.1196      -6.6601069       -8.6915466         2.0314397       3508.1196                            3079.625                  23.44612                 396.08766                      8.9608669
              1       1747.7786     0.068783434       4.7079077    0.0055711891       3508.8773      -6.6601069       -8.6915466         2.0314397       3508.8773                           3080.4162                 23.442814                 396.08766                      8.9306883
              1       1747.7793     0.068803751       4.7075886    0.0055703589       3508.8789      -6.6601069       -8.6915466         2.0314397       3508.8789                           3080.4177                 23.442812                 396.08766                      8.9306956
              1       1747.4285     0.054832639       5.0161066    0.0075708328       3508.1772      -6.6601069       -8.6915466         2.0314397       3508.1772                           3079.6911                 23.446373                 396.08766                      8.9520747
              1       1747.4212      0.05457569       4.9163384    0.0084704374       3508.1627      -6.6601069       -8.6915466         2.0314397       3508.1627                           3079.6589                 23.447975                 396.08766                      8.9681299
              1       1747.3469     0.060257555       5.0137337    0.0096900591        3508.014      -6.6601069       -8.6915466         2.0314397        3508.014                           3079.4818                 23.449865                 396.08766                      8.9947258
              6       1747.7426     0.066295068        5.170927    0.0098238216       3508.8054      -6.6601069       -8.6915466         2.0314397       3508.8054                           3080.2633                  23.44983                 396.08766                      9.0046265
              1       1747.6533     0.064886844       5.1706971    0.0097134716       3508.6268      -6.6601069       -8.6915466         2.0314397       3508.6268                           3080.0886                  23.44968                 396.08766                      9.0008573
              4       1747.5919     0.064609113       5.1569912    0.0099994727       3508.5039      -6.6601069       -8.6915466         2.0314397       3508.5039                           3079.9606                 23.450187                 396.08766                      9.0055139
              2       1747.5286      0.06196793       5.2001375    0.0095902328       3508.3774      -6.6601069       -8.6915466         2.0314397       3508.3774                           3079.8448                 23.449528                 396.08766                       8.995367
              6       1747.5092     0.061768905       5.1868161     0.009550312       3508.3386      -6.6601069       -8.6915466         2.0314397       3508.3386                           3079.8071                 23.449474                 396.08766                      8.9943543
              5       1747.3729     0.059800271       5.0094906     0.008947946        3508.066      -6.6601069       -8.6915466         2.0314397        3508.066                           3079.5488                 23.448608                 396.08766                         8.9809
              7       1747.4741     0.060678717       5.0573573    0.0081500988       3508.2684      -6.6601069       -8.6915466         2.0314397       3508.2684                           3079.7658                 23.447189                 396.08766                      8.9677334
              4       1747.7841     0.064291907       4.7674984    0.0045973762       3508.8884      -6.6601069       -8.6915466         2.0314397       3508.8884                           3080.4497                 23.441216                 396.08766                       8.909765
              2       1747.7158     0.050648228       4.9173588    0.0043049075       3508.7519      -6.6601069       -8.6915466         2.0314397       3508.7519                           3080.3308                 23.440954                 396.08766                      8.8924166
              1       1747.7462     0.050205846       4.8964649    0.0041088928       3508.8127      -6.6601069       -8.6915466         2.0314397       3508.8127                           3080.3956                 23.440641                 396.08766                       8.888814
              1       1747.8448     0.046543189       4.9812124    0.0039884691       3509.0098      -6.6601069       -8.6915466         2.0314397       3509.0098                           3080.5975                 23.440485                 396.08766                      8.8841988
              2       1747.8246     0.048496568       4.8979588     0.003731471       3508.9695      -6.6601069       -8.6915466         2.0314397       3508.9695                           3080.5605                 23.440039                 396.08766                      8.8812813
              1       1747.7728     0.048642926       4.7904409    0.0062639754       3508.8658      -6.6601069       -8.6915466         2.0314397       3508.8658                           3080.3898                 23.444407                 396.10607                      8.9255265
              2       1747.8864      0.04681674       4.7972155    0.0067199508        3509.093      -6.6601069       -8.6915466         2.0314397        3509.093                           3080.6091                 23.445226                 396.10607                      8.9325144
              1       1747.8617     0.047080399       4.8050746    0.0067875946       3509.0437      -6.6601069       -8.6915466         2.0314397       3509.0437                           3080.5585                 23.445331                 396.10607                      8.9337938
              1       1747.3281     0.065439635       4.5762428    0.0083133354       3507.9765      -6.6601069       -8.6915466         2.0314397       3507.9765                           3079.4672                 23.447657                 396.08766                      8.9740024
              2        1747.943     0.070867268       4.7532006    0.0057840492       3509.2063      -6.6601069       -8.6915466         2.0314397       3509.2063                           3080.7383                 23.443099                 396.08766                      8.9372475
              2       1747.5433     0.062314819       5.1954253    0.0095688348       3508.4068      -6.6601069       -8.6915466         2.0314397       3508.4068                           3079.8743                 23.449485                 396.08766                      8.9953478
              1       1747.4508     0.051810833       5.2893885    0.0077564255       3508.2219      -6.6601069       -8.6915466         2.0314397       3508.2219                           3079.7347                 23.446617                 396.08766                      8.9529233
              8       1747.4614      0.05403917       5.2109164    0.0074833865        3508.243      -6.6601069       -8.6915466         2.0314397        3508.243                           3079.7593                 23.446133                 396.08766                      8.9499708
             10       1747.5449     0.048342819       5.2014144    0.0074556819       3508.4099      -6.6601069       -8.6915466         2.0314397       3508.4099                           3079.9128                 23.446247                 396.10607                      8.9448206
              3       1747.5532     0.050075052       5.0348749    0.0067922525       3508.4266      -6.6601069       -8.6915466         2.0314397       3508.4266                           3079.9589                 23.445153                 396.08766                      8.9348461
              2       1747.4437     0.053283598       5.0453366    0.0076046723       3508.2077      -6.6601069       -8.6915466         2.0314397       3508.2077                           3079.7221                 23.446454                 396.08766                      8.9514668
              3        1747.624     0.054801853       4.5749966    0.0082602965       3508.5683      -6.6601069       -8.6915466         2.0314397       3508.5683                           3080.0487                 23.447792                 396.10607                      8.9657446
              2       1747.9939      0.06142315       5.2164511    0.0058100682       3509.3079      -6.6601069       -8.6915466         2.0314397       3509.3079                           3080.8475                 23.443068                 396.08766                      8.9297286
              1       1747.8485     0.061077778       5.1966873     0.006373532       3509.0171      -6.6601069       -8.6915466         2.0314397       3509.0171                           3080.5469                 23.444052                 396.08766                      8.9385301
              7       1747.6762     0.061104589       4.9265175    0.0055023733       3508.6726      -6.6601069       -8.6915466         2.0314397       3508.6726                             3080.22                 23.442736                 396.08766                      8.9221649
              6       1747.7257     0.059352167       4.9205751    0.0046609827       3508.7716      -6.6601069       -8.6915466         2.0314397       3508.7716                           3080.3364                 23.441347                 396.08766                      8.9062185
              1       1747.5989      0.07289478       4.7392465    0.0091261888        3508.518      -6.6601069       -8.6915466         2.0314397        3508.518                           3079.9848                 23.448777                 396.08766                      8.9968203
              5       1747.5236     0.072486791        4.697498    0.0090982679       3508.3675      -6.6601069       -8.6915466         2.0314397       3508.3675                           3079.8356                 23.448768                 396.08766                      8.9955132
              2       1747.5713     0.072682657       4.7338776    0.0092113914       3508.4628      -6.6601069       -8.6915466         2.0314397       3508.4628                           3079.9282                 23.448932                 396.08766                      8.9980236
              4       1747.6546     0.061398024       4.9450816    0.0058757895       3508.6294      -6.6601069       -8.6915466         2.0314397       3508.6294                           3080.1695                 23.443354                 396.08766                      8.9288622
              9       1747.9402     0.063047203       4.7142175    0.0030235285       3509.2006      -6.6601069       -8.6915466         2.0314397       3509.2006                           3080.7919                 23.438597                 396.08766                      8.8824463
              1       1748.0905     0.067166023       4.7301711    0.0034430048       3509.5013      -6.6601069       -8.6915466         2.0314397       3509.5013                           3081.0803                 23.439209                 396.08766                      8.8941689
              2       1747.6773     0.060676409       5.0120679    0.0059416627       3508.6749      -6.6601069       -8.6915466         2.0314397       3508.6749                           3080.2142                 23.443443                 396.08766                      8.9295452
              1       1747.7563     0.062615103       5.0022947     0.005980296       3508.8329      -6.6601069       -8.6915466         2.0314397       3508.8329                           3080.3694                 23.443466                 396.08766                      8.9323735
              2       1747.3625      0.06155092       4.6391865    0.0079898754       3508.0452      -6.6601069       -8.6915466         2.0314397       3508.0452                           3079.5454                 23.447149                 396.08766                      8.9649849
             11       1747.4211     0.065663334       4.8700333    0.0091061471       3508.1624      -6.6601069       -8.6915466         2.0314397       3508.1624                           3079.6368                 23.448823                 396.08766                      8.9890939
              1       1747.4128     0.065108596       4.8395876    0.0086696794       3508.1458      -6.6601069       -8.6915466         2.0314397       3508.1458                           3079.6294                 23.448108                 396.08766                      8.9806348
              1       1747.5665     0.065548316       4.9277808    0.0080180829       3508.4533      -6.6601069       -8.6915466         2.0314397       3508.4533                           3079.9485                 23.446924                 396.08766                      8.9701502
              6       1747.5058     0.064044418       5.0135049    0.0088461002       3508.3317      -6.6601069       -8.6915466         2.0314397       3508.3317                           3079.8123                 23.448322                 396.08766                      8.9834356
              8       1747.6241     0.047292365       5.1241539    0.0072571126       3508.5683      -6.6601069       -8.6915466         2.0314397       3508.5683                           3080.0754                 23.445975                 396.10607                       8.940895
              3       1747.4789     0.058276737       4.9423626    0.0067408637       3508.2781      -6.6601069       -8.6915466         2.0314397       3508.2781                           3079.8051                  23.44491                 396.08766                       8.940428
              2        1747.569     0.058634492       4.9805332     0.006069883       3508.4581      -6.6601069       -8.6915466         2.0314397       3508.4581                           3079.9974                 23.443733                 396.08766                      8.9293795
              3       1747.5363      0.05656334       5.1042488    0.0065707075       3508.3928      -6.6601069       -8.6915466         2.0314397       3508.3928                           3079.9243                 23.444567                 396.08766                      8.9362472
              1       1747.5549     0.061259796       4.8770537    0.0062268521         3508.43      -6.6601069       -8.6915466         2.0314397         3508.43                            3079.964                 23.443999                 396.08766                      8.9343644
              2       1748.1576     0.061068691       5.2764687    0.0052753679       3509.6354      -6.6601069       -8.6915466         2.0314397       3509.6354                           3081.1846                 23.442126                 396.08766                      8.9209921
              4       1748.0958     0.059346769       5.2667725    0.0047532546       3509.5118      -6.6601069       -8.6915466         2.0314397       3509.5118                           3081.0728                  23.44129                 396.08766                      8.9099952
             13       1747.9479     0.060213752       5.2792881    0.0060753217       3509.2161      -6.6601069       -8.6915466         2.0314397       3509.2161                           3080.7518                 23.443513                 396.08766                      8.9330762
              3       1747.9006     0.048125177       4.6852651     0.005133551       3509.1215      -6.6601069       -8.6915466         2.0314397       3509.1215                            3080.667                 23.442538                 396.10607                      8.9058539
              5       1747.8024     0.050266774       4.6372676    0.0065850696        3508.925      -6.6601069       -8.6915466         2.0314397        3508.925                           3080.4411                 23.444993                 396.10607                      8.9328094
              5       1747.6746     0.051919395       4.7254412    0.0053073349       3508.6695      -6.6601069       -8.6915466         2.0314397       3508.6695                           3080.2283                 23.442731                 396.08766                      8.9108147
              5       1747.6507     0.049929392       4.9070215    0.0056638091       3508.6217      -6.6601069       -8.6915466         2.0314397       3508.6217                           3080.1755                 23.443295                 396.08766                      8.9152654
              2       1747.9176     0.063504795       4.7792449    0.0036519903       3509.1554      -6.6601069       -8.6915466         2.0314397       3509.1554                           3080.7347                 23.439616                 396.08766                      8.8935124
              2       1747.6425     0.057669262       4.6287835     0.004295292       3508.6052      -6.6601069       -8.6915466         2.0314397       3508.6052                           3080.1787                 23.440929                 396.08766                      8.8978709
              1       1747.5943      0.05443973        4.769312    0.0052296584       3508.5088      -6.6601069       -8.6915466         2.0314397       3508.5088                           3080.0675                 23.442518                 396.08766                      8.9111032
              1        1747.591     0.062903972       4.8288846     0.006033484       3508.5022      -6.6601069       -8.6915466         2.0314397       3508.5022                           3080.0383                 23.443659                 396.08766                      8.9325767
              4       1747.4679     0.054947531       5.2490768    0.0077435855       3508.2561      -6.6601069       -8.6915466         2.0314397       3508.2561                           3079.7665                  23.44653                 396.08766                      8.9554495
              1       1747.3817     0.054328714       5.2025357    0.0089715025       3508.0837      -6.6601069       -8.6915466         2.0314397       3508.0837                           3079.5706                 23.448677                 396.08766                      8.9767317
              2       1747.3795     0.054039487       5.2050632    0.0090746935       3508.0793      -6.6601069       -8.6915466         2.0314397       3508.0793                           3079.5648                  23.44886                 396.08766                      8.9779907
              5        1747.345     0.056708197       5.0376385    0.0096911497       3508.0102      -6.6601069       -8.6915466         2.0314397       3508.0102                           3079.4808                 23.449944                 396.08766                      8.9917601
             13       1747.3434     0.059193598       5.0544116    0.0098242518        3508.007      -6.6601069       -8.6915466         2.0314397        3508.007                           3079.4729                 23.450097                 396.08766                      8.9962708
              2       1747.4246      0.06619883       4.8608789    0.0092043898       3508.1694      -6.6601069       -8.6915466         2.0314397       3508.1694                           3079.6414                 23.448984                 396.08766                      8.9913702
              4       1747.7175     0.068640784       4.9166077    0.0081012666       3508.7552      -6.6601069       -8.6915466         2.0314397       3508.7552                           3080.2453                 23.446998                 396.08766                      8.9752286
              8       1747.8083     0.064928006       4.9475266    0.0060647388       3508.9367      -6.6601069       -8.6915466         2.0314397       3508.9367                           3080.4693                 23.443588                 396.08766                      8.9361966
              4       1747.5373     0.063494425       4.9916901    0.0080283853       3508.3948      -6.6601069       -8.6915466         2.0314397       3508.3948                           3079.8919                 23.446951                 396.08766                      8.9683644
              1       1747.5173     0.063317751       4.9573455     0.007836658       3508.3549      -6.6601069       -8.6915466         2.0314397       3508.3549                            3079.856                  23.44665                 396.08766                      8.9646434
              3       1748.2367     0.072037204       4.7019832    0.0041805883       3509.7936      -6.6601069       -8.6915466         2.0314397       3509.7936                           3081.3535                 23.440375                 396.08766                      8.9120733
              6       1748.5366     0.073880829       4.7113455    0.0036539696       3510.3934      -6.6601069       -8.6915466         2.0314397       3510.3934                           3081.9599                 23.439431                 396.08766                      8.9064712
              5       1748.5735     0.074377388       4.7055753    0.0036391204       3510.4673      -6.6601069       -8.6915466         2.0314397       3510.4673                           3082.0333                 23.439398                 396.08766                      8.9068744
              2       1747.4102     0.073561206       4.6097663    0.0098687786       3508.1406      -6.6601069       -8.6915466         2.0314397       3508.1406                           3079.5929                 23.450127                 396.08766                      9.0098886
              4       1747.3606     0.072564941       4.5919099    0.0098919229       3508.0414      -6.6601069       -8.6915466         2.0314397       3508.0414                           3079.4944                   23.4502                 396.08766                      9.0091563
              7       1747.4572     0.074632422        4.543695    0.0088297227       3508.2346      -6.6601069       -8.6915466         2.0314397       3508.2346                           3079.7064                 23.448369                 396.08766                       8.992147
              2       1747.5142     0.057105847       5.2257569    0.0076951408       3508.3487      -6.6601069       -8.6915466         2.0314397       3508.3487                            3079.858                 23.446401                 396.08766                      8.9566884
              3       1747.6404     0.059283922       5.2657713    0.0077124808        3508.601      -6.6601069       -8.6915466         2.0314397        3508.601                           3080.1074                 23.446345                 396.08766                      8.9595898
              1       1747.6361     0.059575772       5.2570842      0.00780948       3508.5924      -6.6601069       -8.6915466         2.0314397       3508.5924                           3080.0967                 23.446508                 396.08766                      8.9615632
              5       1747.8349     0.065599568        4.933592    0.0060377877         3508.99      -6.6601069       -8.6915466         2.0314397         3508.99                           3080.5223                 23.443535                 396.08766                      8.9364666
              1       1747.8469     0.065435888        4.981831    0.0063446744       3509.0139      -6.6601069       -8.6915466         2.0314397       3509.0139                           3080.5404                 23.444031                 396.08766                      8.9418206
             10        1748.207     0.064688917       5.2085482      0.00616752       3509.7342      -6.6601069       -8.6915466         2.0314397       3509.7342                           3081.2628                 23.443593                 396.08766                      8.9401709
              8       1747.7199     0.058675774       4.9146026    0.0045260123       3508.7601      -6.6601069       -8.6915466         2.0314397       3508.7601                           3080.3281                 23.441137                 396.08766                      8.9032451
              1       1747.7877     0.046061457       4.9778167    0.0069389871       3508.8956      -6.6601069       -8.6915466         2.0314397       3508.8956                           3080.4088                 23.445534                 396.10607                      8.9352042
             11       1747.7888     0.045107779       5.0588591    0.0066056859       3508.8978      -6.6601069       -8.6915466         2.0314397       3508.8978                           3080.4184                  23.44495                 396.10607                      8.9284237
              3       1747.6905     0.046370557       5.0915703    0.0073246403       3508.7011      -6.6601069       -8.6915466         2.0314397       3508.7011                           3080.2072                 23.446131                 396.10607                      8.9417847
              1        1747.602     0.050784107       4.8859524    0.0086577587       3508.5241      -6.6601069       -8.6915466         2.0314397       3508.5241                           3080.0005                 23.448404                 396.10607                      8.9691328
              2       1748.0865     0.068989061       4.7604774    0.0043347842       3509.4932      -6.6601069       -8.6915466         2.0314397       3509.4932                           3081.0537                 23.440666                 396.08766                      8.9111414
              2       1747.6934     0.065042624        4.830954    0.0059078262       3508.7071      -6.6601069       -8.6915466         2.0314397       3508.7071                           3080.2432                 23.443393                 396.08766                      8.9328391
              3       1747.7661     0.067468555       4.8294046    0.0062759155       3508.8525      -6.6601069       -8.6915466         2.0314397       3508.8525                            3080.379                 23.443966                 396.08766                      8.9418955
             15       1747.7259     0.060562363       5.1149488    0.0063142383       3508.7721      -6.6601069       -8.6915466         2.0314397       3508.7721                           3080.3041                 23.444017                 396.08766                      8.9363088
              1       1747.9471     0.062379506       4.8783345    0.0038152729       3509.2144      -6.6601069       -8.6915466         2.0314397       3509.2144                           3080.7914                 23.439859                 396.08766                      8.8955274
              4       1747.7322     0.063645672       4.6428701    0.0040564798       3508.7846      -6.6601069       -8.6915466         2.0314397       3508.7846                           3080.3571                 23.440385                 396.08766                      8.8994857
              7       1747.5572      0.05624912       4.8179232    0.0054088069       3508.4346      -6.6601069       -8.6915466         2.0314397       3508.4346                           3079.9886                 23.442756                 396.08766                      8.9155844
              8       1748.7771     0.064558174        5.154406    0.0030205174       3510.8744      -6.6601069       -8.6915466         2.0314397       3510.8744                           3082.4597                 23.438272                 396.08766                      8.8887746
              1        1748.002     0.065675008       4.7880033    0.0038766797       3509.3242      -6.6601069       -8.6915466         2.0314397       3509.3242                           3080.8968                 23.439944                 396.08766                      8.8997999
              2       1748.0023     0.065672145       4.7879118    0.0038735445       3509.3247      -6.6601069       -8.6915466         2.0314397       3509.3247                           3080.8974                 23.439938                 396.08766                      8.8997449
              3       1747.6343     0.051396139       4.7734988    0.0069701838       3508.5889      -6.6601069       -8.6915466         2.0314397       3508.5889                           3080.0977                 23.445559                 396.10607                      8.9396233
              3         1747.75     0.046894344       5.1722545    0.0043982761       3508.8203      -6.6601069       -8.6915466         2.0314397       3508.8203                           3080.4005                 23.441081                 396.08766                      8.8910161
              1       1747.4808      0.05266766       4.9333751    0.0078032581       3508.2818      -6.6601069       -8.6915466         2.0314397       3508.2818                           3079.7925                  23.44687                 396.08766                      8.9547885
              2       1747.8281     0.050547741       4.5877771    0.0061583565       3508.9765      -6.6601069       -8.6915466         2.0314397       3508.9765                           3080.5005                 23.444281                 396.10607                      8.9255938
              2       1747.3457      0.06080393       4.7860351    0.0085540665       3508.0116      -6.6601069       -8.6915466         2.0314397       3508.0116                           3079.5015                 23.448045                 396.08766                      8.9744502
              2       1747.4442     0.063694692       5.0080455    0.0093843801       3508.2086      -6.6601069       -8.6915466         2.0314397       3508.2086                           3079.6791                 23.449257                 396.08766                       8.992592
              1       1747.4735     0.064014043        5.011441    0.0091961673       3508.2673      -6.6601069       -8.6915466         2.0314397       3508.2673                           3079.7411                 23.448924                 396.08766                       8.989598
              6       1747.6222     0.061704585        5.200494    0.0084549118       3508.5645      -6.6601069       -8.6915466         2.0314397       3508.5645                           3080.0543                 23.447591                 396.08766                      8.9749832
              4       1747.5628     0.060600847       5.1618224    0.0080914206       3508.4459      -6.6601069       -8.6915466         2.0314397       3508.4459                           3079.9441                 23.447024                 396.08766                      8.9671146
              1       1747.5725     0.052029922       5.2683119    0.0061047393       3508.4653      -6.6601069       -8.6915466         2.0314397       3508.4653                           3080.0096                   23.4438                 396.08766                       8.924284
              3       1747.5457     0.048793192         5.20483    0.0067540918       3508.4117      -6.6601069       -8.6915466         2.0314397       3508.4117                            3079.946                 23.445033                 396.08766                      8.9329885
              8       1747.8181     0.061179026       5.0716254    0.0055790284       3508.9563      -6.6601069       -8.6915466         2.0314397       3508.9563                           3080.5015                 23.442774                 396.08766                      8.9244189
              7       1748.1527     0.065452961       4.8889178    0.0038160951       3509.6255      -6.6601069       -8.6915466         2.0314397       3509.6255                           3081.1986                  23.43978                 396.08766                      8.8994749
              6       1749.0013      0.06891593       5.1128505    0.0038215574       3511.3228      -6.6601069       -8.6915466         2.0314397       3511.3228                           3082.8879                 23.439549                 396.08766                      8.9077422
              1       1748.9338     0.068666727       5.1058328    0.0038796522       3511.1879      -6.6601069       -8.6915466         2.0314397       3511.1879                           3082.7524                 23.439659                 396.08766                       8.908105
              1       1748.5426     0.065722987       5.1057552    0.0040574991       3510.4054      -6.6601069       -8.6915466         2.0314397       3510.4054                           3081.9715                 23.440039                 396.08766                      8.9062208
              1       1748.1922     0.066967608       4.8714718    0.0040338909       3509.7046      -6.6601069       -8.6915466         2.0314397       3509.7046                            3081.272                 23.440126                 396.08766                      8.9048002
              8         1747.77     0.071172601       4.8754366    0.0085399573       3508.8601      -6.6601069       -8.6915466         2.0314397       3508.8601                           3080.3391                 23.447717                 396.08766                      8.9856786
              2       1747.9335     0.069187716       5.0658334    0.0087194807       3509.1872      -6.6601069       -8.6915466         2.0314397       3509.1872                           3080.6634                 23.447937                 396.08766                      8.9881644
              7       1747.9367     0.069208407       5.0670349    0.0087264334       3509.1935      -6.6601069       -8.6915466         2.0314397       3509.1935                           3080.6696                 23.447947                 396.08766                       8.988327
              1       1747.9017     0.068832397       5.0638025    0.0086980197       3509.1237      -6.6601069       -8.6915466         2.0314397       3509.1237                           3080.6008                 23.447911                 396.08766                      8.9872751
              3       1747.7914     0.069400527       5.0014129    0.0090483291       3508.9031      -6.6601069       -8.6915466         2.0314397       3508.9031                           3080.3734                 23.448541                 396.08766                      8.9934772
              3       1748.4927     0.067741302       5.1074928    0.0052759634       3510.3055      -6.6601069       -8.6915466         2.0314397       3510.3055                           3081.8469                 23.442061                 396.08766                      8.9288882
              1       1748.3994     0.069959192       5.1111813    0.0069890582       3510.1191      -6.6601069       -8.6915466         2.0314397       3510.1191                            3081.626                 23.444924                 396.08766                       8.960527
              3       1747.3943       0.0591583       4.7288205    0.0076431111       3508.1087      -6.6601069       -8.6915466         2.0314397       3508.1087                           3079.6176                 23.446557                 396.08766                      8.9568681
              2       1747.3606     0.061370921       4.8349301    0.0084192299       3508.0414      -6.6601069       -8.6915466         2.0314397       3508.0414                           3079.5335                 23.447771                 396.08766                        8.97256
              2       1747.3999      0.06972653       4.6496958    0.0087126021         3508.12      -6.6601069       -8.6915466         2.0314397         3508.12                           3079.5988                 23.448201                 396.08766                      8.9853627
              2       1747.5743     0.065730029       4.8978129    0.0077220144       3508.4688      -6.6601069       -8.6915466         2.0314397       3508.4688                           3079.9697                 23.446433                 396.08766                      8.9650125
              8       1747.5813     0.060357735        4.958805    0.0062639514       3508.4828      -6.6601069       -8.6915466         2.0314397       3508.4828                           3080.0167                 23.444034                 396.08766                      8.9343885
              1       1747.3437     0.064949817       4.6227112    0.0081320092       3508.0076      -6.6601069       -8.6915466         2.0314397       3508.0076                           3079.5022                 23.447328                 396.08766                      8.9703824
              9        1747.731     0.062996468       4.5083281    0.0034220146       3508.7821      -6.6601069       -8.6915466         2.0314397       3508.7821                           3080.3672                 23.439398                 396.08766                      8.8879367
              3       1747.8934     0.067479075       4.6487804    0.0039882906        3509.107      -6.6601069       -8.6915466         2.0314397        3509.107                           3080.6765                 23.440182                 396.08766                      8.9026405
              3       1747.6624     0.062330667       4.6191251    0.0042571818        3508.645      -6.6601069       -8.6915466         2.0314397        3508.645                           3080.2152                  23.44077                 396.08766                      8.9013928
              1       1747.7486      0.05926427        4.603579    0.0033009805       3508.8174      -6.6601069       -8.6915466         2.0314397       3508.8174                           3080.4078                 23.439216                 396.08766                      8.8827194
              1       1748.0039     0.046609998        4.679068    0.0058512899        3509.328      -6.6601069       -8.6915466         2.0314397        3509.328                           3080.8606                   23.4438                 396.10607                      8.9175396
              7       1747.9783     0.046500359       4.7132072     0.005797522       3509.2768      -6.6601069       -8.6915466         2.0314397       3509.2768                           3080.8106                 23.443695                 396.10607                      8.9163352
              2       1748.0178     0.045490345       4.7509755    0.0059690463       3509.3558      -6.6601069       -8.6915466         2.0314397       3509.3558                            3080.887                 23.443994                 396.10607                      8.9188005
              6        1747.425     0.057522919       4.9054028    0.0072930826       3508.1703      -6.6601069       -8.6915466         2.0314397       3508.1703                           3079.6874                 23.445894                 396.08766                      8.9493449
              1       1747.4912     0.053830409       4.9116046     0.006742785       3508.3026      -6.6601069       -8.6915466         2.0314397       3508.3026                           3079.8331                  23.44504                 396.08766                      8.9367727
              1       1747.5096     0.053146479       4.9559077    0.0064943207       3508.3394      -6.6601069       -8.6915466         2.0314397       3508.3394                           3079.8752                 23.444608                 396.08766                      8.9318656
              1       1747.6761     0.047358122       5.0456301    0.0083658868       3508.6723      -6.6601069       -8.6915466         2.0314397       3508.6723                           3080.1566                  23.44791                 396.10607                      8.9616933
              1       1747.3732     0.056736719       5.2208092    0.0096462651       3508.0667      -6.6601069       -8.6915466         2.0314397       3508.0667                           3079.5382                 23.449756                 396.08766                      8.9910586
              1       1747.9113     0.068606985       4.8512704    0.0060257882       3509.1429      -6.6601069       -8.6915466         2.0314397       3509.1429                           3080.6724                 23.443497                 396.08766                      8.9393413
              1       1748.0248     0.069705608       4.8730104    0.0060703814       3509.3698      -6.6601069       -8.6915466         2.0314397       3509.3698                           3080.8969                 23.443532                 396.08766                      8.9417711
              3       1747.5856     0.074983443       4.6279743    0.0087923986       3508.4914      -6.6601069       -8.6915466         2.0314397       3508.4914                            3079.963                 23.448239                 396.08766                      8.9925203
              4        1747.749     0.073053787       4.7876556    0.0085585891       3508.8182      -6.6601069       -8.6915466         2.0314397       3508.8182                           3080.2953                 23.447767                 396.08766                      8.9875424
              2       1747.5035     0.052409496       4.9151462    0.0082263163       3508.3271      -6.6601069       -8.6915466         2.0314397       3508.3271                           3079.8115                  23.44761                 396.10607                        8.96196
              6       1747.4404     0.053318233       5.2977092     0.008058484        3508.201      -6.6601069       -8.6915466         2.0314397        3508.201                           3079.7066                 23.447086                 396.08766                      8.9595833
              1       1747.5903     0.054465051       4.6332546    0.0062931543       3508.5008      -6.6601069       -8.6915466         2.0314397       3508.5008                           3080.0388                 23.444405                 396.08766                      8.9299169
              1       1747.9748      0.06906268       4.8275271    0.0056044631       3509.2698      -6.6601069       -8.6915466         2.0314397       3509.2698                           3080.8067                 23.442784                 396.08766                      8.9327007
              5       1748.2919     0.058078924       5.2578409    0.0032117332       3509.9041      -6.6601069       -8.6915466         2.0314397       3509.9041                           3081.4943                 23.438706                 396.08766                       8.883413
              2       1748.6502     0.064892594       5.1613606    0.0037461623       3510.6206      -6.6601069       -8.6915466         2.0314397       3510.6206                           3082.1927                 23.439493                 396.08766                       8.900755
              1       1748.0069     0.062329332       5.2685657    0.0066662506       3509.3341      -6.6601069       -8.6915466         2.0314397       3509.3341                           3080.8562                 23.444469                 396.08766                      8.9457335
              3       1747.3568     0.055304935       5.0815841    0.0098794214       3508.0338      -6.6601069       -8.6915466         2.0314397       3508.0338                            3079.502                 23.450277                 396.08766                      8.9937692
              6       1747.8472     0.062372402       5.2365313    0.0073935686       3509.0147      -6.6601069       -8.6915466         2.0314397       3509.0147                           3080.5235                 23.445733                 396.08766                       8.957806
              4       1748.5338     0.069796074       5.1235714    0.0063852909       3510.3877      -6.6601069       -8.6915466         2.0314397       3510.3877                           3081.9057                 23.443888                 396.08766                      8.9504655
              2       1747.3714     0.065359043       4.8737722    0.0098174119        3508.063      -6.6601069       -8.6915466         2.0314397        3508.063                           3079.5238                 23.450047                 396.08766                      9.0015489
              3       1747.8231     0.045300629       4.9950726    0.0066877296       3508.9664      -6.6601069       -8.6915466         2.0314397       3508.9664                           3080.4849                 23.445115                 396.10607                      8.9302795
              5       1747.8272     0.045050494       5.0114564    0.0066848453       3508.9746      -6.6601069       -8.6915466         2.0314397       3508.9746                           3080.4934                 23.445109                 396.10607                      8.9300454
              3        1747.631     0.051070349       4.9095461    0.0053491573       3508.5821      -6.6601069       -8.6915466         2.0314397       3508.5821                           3080.1412                 23.442728                 396.08766                      8.9105577
              1       1747.5029     0.064972235       4.6545023    0.0062271632       3508.3261      -6.6601069       -8.6915466         2.0314397       3508.3261                           3079.8571                 23.444052                 396.08766                      8.9372742
              3        1747.514     0.064678863       4.6481229    0.0060267268       3508.3482      -6.6601069       -8.6915466         2.0314397       3508.3482                           3079.8833                  23.44372                 396.08766                      8.9335396
              7       1747.7714     0.063741466       4.7396239    0.0043572821        3508.863      -6.6601069       -8.6915466         2.0314397        3508.863                           3080.4294                 23.440837                 396.08766                      8.9050324
              3       1747.3686     0.061102991        4.588215    0.0085642059       3508.0574      -6.6601069       -8.6915466         2.0314397       3508.0574                           3079.5465                 23.448172                 396.08766                      8.9750736
              1       1747.3325     0.063438174       4.5422813    0.0089003463       3507.9852      -6.6601069       -8.6915466         2.0314397       3507.9852                           3079.4659                 23.448725                 396.08766                      8.9829775
              6       1747.3189     0.065720948        4.627524    0.0087648581        3507.958      -6.6601069       -8.6915466         2.0314397        3507.958                           3079.4396                 23.448392                 396.08766                      8.9823698
              1       1747.3646      0.06487987       4.6005562    0.0076531977       3508.0495      -6.6601069       -8.6915466         2.0314397       3508.0495                           3079.5535                 23.446524                 396.08766                      8.9618248
              2       1747.5065     0.052917235       5.2284274    0.0068221714       3508.3333      -6.6601069       -8.6915466         2.0314397       3508.3333                           3079.8631                 23.445023                 396.08766                      8.9374297
              5       1747.6126     0.053830473       5.2175637    0.0058106554       3508.5455      -6.6601069       -8.6915466         2.0314397       3508.5455                           3080.0937                 23.443277                 396.08766                      8.9208602
              6       1747.7201     0.062810584       5.1705123    0.0078835019       3508.7604      -6.6601069       -8.6915466         2.0314397       3508.7604                           3080.2599                 23.446603                 396.08766                        8.96623
              1       1748.7034     0.071750754       5.0901741    0.0063106879        3510.727      -6.6601069       -8.6915466         2.0314397        3510.727                           3082.2437                 23.443734                 396.08766                      8.9518823
              1       1749.0765     0.068651265       5.2506304    0.0049278227       3511.4731      -6.6601069       -8.6915466         2.0314397       3511.4731                            3083.017                  23.44134                 396.08766                      8.9270949
              5       1747.4576     0.058454725       4.8415518    0.0066717344       3508.2355      -6.6601069       -8.6915466         2.0314397       3508.2355                           3079.7637                 23.444847                 396.08766                      8.9392312
              9       1747.6857     0.047848066       5.0827289    0.0051896808       3508.6916      -6.6601069       -8.6915466         2.0314397       3508.6916                           3080.2561                  23.44245                 396.08766                      8.9053253
              1       1747.6757     0.048164026       5.0795021    0.0052123695       3508.6715      -6.6601069       -8.6915466         2.0314397       3508.6715                           3080.2355                 23.442482                 396.08766                      8.9059316
             11       1747.7464     0.054036222       4.5875001    0.0039538374        3508.813      -6.6601069       -8.6915466         2.0314397        3508.813                           3080.3954                 23.440447                 396.08766                      8.8894161
              1       1747.6024     0.058336528       4.6953187    0.0047229131        3508.525      -6.6601069       -8.6915466         2.0314397        3508.525                             3080.09                 23.441607                 396.08766                      8.9056771
              3       1747.7513     0.056135346       4.6359001    0.0033747495       3508.8228      -6.6601069       -8.6915466         2.0314397       3508.8228                           3080.4145                  23.43939                 396.08766                      8.8812789
              3       1747.7632     0.055604828       4.6299954    0.0033196952       3508.8467      -6.6601069       -8.6915466         2.0314397       3508.8467                           3080.4398                 23.439311                 396.08766                      8.8799407
              7       1747.7009     0.059986882         4.55876     0.003622362        3508.722      -6.6601069       -8.6915466         2.0314397        3508.722                            3080.306                 23.439772                 396.08766                      8.8885864
              7       1747.7293     0.061318032        4.557836    0.0034473294       3508.7789      -6.6601069       -8.6915466         2.0314397       3508.7789                           3080.3649                 23.439447                 396.08766                      8.8869042
              2       1747.6428     0.067499606       4.6345466    0.0055236163       3508.6058      -6.6601069       -8.6915466         2.0314397       3508.6058                           3080.1474                 23.442808                 396.08766                      8.9279106
              3       1747.7257     0.070796033        4.623767    0.0058644041       3508.7715      -6.6601069       -8.6915466         2.0314397       3508.7715                           3080.3033                 23.443326                 396.08766                      8.9372931
              1       1747.6979     0.070070907       4.6436216    0.0059904643        3508.716      -6.6601069       -8.6915466         2.0314397        3508.716                           3080.2461                 23.443544                 396.08766                      8.9387141
             14       1747.5056     0.069955421       4.5650057    0.0068184708       3508.3314      -6.6601069       -8.6915466         2.0314397       3508.3314                           3079.8466                 23.445012                 396.08766                      8.9521474
              4        1747.386     0.068414409       4.5377179    0.0075266295       3508.0922      -6.6601069       -8.6915466         2.0314397       3508.0922                           3079.5955                 23.446273                 396.08766                      8.9627475
              1       1747.8996     0.069283839       4.8618696    0.0065078252       3509.1194      -6.6601069       -8.6915466         2.0314397       3509.1194                            3080.639                 23.444297                 396.08766                      8.9483918
              1       1747.7821     0.067088076       4.7572124    0.0053894217       3508.8843      -6.6601069       -8.6915466         2.0314397       3508.8843                           3080.4281                 23.442509                 396.08766                      8.9260366
              1       1747.4624     0.064493468        4.663697    0.0066040808       3508.2451      -6.6601069       -8.6915466         2.0314397       3508.2451                           3079.7694                   23.4447                 396.08766                      8.9433003
              1       1747.5552     0.051461104       4.9367576    0.0064602695       3508.4306      -6.6601069       -8.6915466         2.0314397       3508.4306                           3079.9682                 23.444602                 396.08766                      8.9301154
              5       1747.3532     0.061047809       5.0305782    0.0099934803       3508.0266      -6.6601069       -8.6915466         2.0314397       3508.0266                           3079.4875                 23.450355                 396.08766                      9.0010115
              5       1747.4945     0.054521006       5.2344497    0.0072423823       3508.3091      -6.6601069       -8.6915466         2.0314397       3508.3091                           3079.8295                 23.445693                 396.08766                      8.9462365
              7       1747.4755     0.051246355       5.1578714    0.0073460369       3508.2711      -6.6601069       -8.6915466         2.0314397       3508.2711                           3079.7922                 23.446004                 396.08766                      8.9452568
              2       1747.4776     0.049577979       5.2347596    0.0079121876       3508.2755      -6.6601069       -8.6915466         2.0314397       3508.2755                           3079.7871                 23.446976                 396.08766                      8.9537267
              7       1747.4579     0.050523071       5.1973672    0.0080818514       3508.2359      -6.6601069       -8.6915466         2.0314397       3508.2359                           3079.7436                 23.447261                 396.08766                      8.9574737
              2       1747.4615     0.050533928       5.1840899    0.0080390232       3508.2432      -6.6601069       -8.6915466         2.0314397       3508.2432                           3079.7517                 23.447194                 396.08766                      8.9567319
              4        1747.767     0.054685018       4.9063053    0.0035992553       3508.8543      -6.6601069       -8.6915466         2.0314397       3508.8543                           3080.4429                  23.43966                 396.08766                      8.8840207
              2       1747.7559     0.054616375       4.9137408    0.0036987222        3508.832      -6.6601069       -8.6915466         2.0314397        3508.832                           3080.4189                 23.439827                 396.08766                      8.8856078
              1       1747.8366     0.045930809       5.1415219    0.0037469624       3508.9934      -6.6601069       -8.6915466         2.0314397       3508.9934                           3080.5863                 23.440012                 396.08766                      8.8794066
              2       1747.8367     0.045934524       5.1416339    0.0037446678       3508.9935      -6.6601069       -8.6915466         2.0314397       3508.9935                           3080.5865                 23.440008                 396.08766                      8.8793703
             12       1747.8481     0.045969741       5.1222271    0.0036514093       3509.0164      -6.6601069       -8.6915466         2.0314397       3509.0164                           3080.6111                 23.439858                 396.08766                      8.8778598
              2       1747.8667     0.048978976       4.8601973    0.0032089252       3509.0535      -6.6601069       -8.6915466         2.0314397       3509.0535                           3080.6538                 23.439156                 396.08766                      8.8729312
              1       1747.5609     0.055165161       4.7197966    0.0056791444        3508.442      -6.6601069       -8.6915466         2.0314397        3508.442                           3079.9916                 23.443295                 396.08766                      8.9194387
              6       1747.5145     0.057170251       5.0984575     0.006905186       3508.3493      -6.6601069       -8.6915466         2.0314397       3508.3493                           3079.8739                 23.445126                 396.08766                      8.9426003
              4       1747.5251     0.057370062       5.1089611    0.0069056519       3508.3704      -6.6601069       -8.6915466         2.0314397       3508.3704                           3079.8948                 23.445115                 396.08766                        8.94284
             13       1747.4055      0.05449302       4.9957741    0.0098300469       3508.1311      -6.6601069       -8.6915466         2.0314397       3508.1311                           3079.5823                 23.450263                 396.10607                      8.9924772
              5       1748.1156     0.067434883       5.2186054    0.0084271823       3509.5514      -6.6601069       -8.6915466         2.0314397       3509.5514                            3081.034                 23.447373                 396.08766                      8.9824159
              2       1747.5842     0.053315596       4.7957483    0.0056868873       3508.4886      -6.6601069       -8.6915466         2.0314397       3508.4886                           3080.0394                 23.443311                 396.08766                      8.9181481
              2       1747.7572     0.051434034       4.6183791    0.0057336725       3508.8345      -6.6601069       -8.6915466         2.0314397       3508.8345                           3080.3666                 23.443522                 396.10607                       8.918374
              2       1747.6219     0.056750133       4.9645268    0.0051772767        3508.564      -6.6601069       -8.6915466         2.0314397        3508.564                           3080.1218                 23.442266                 396.08766                       8.912356
              2       1747.3944     0.063480623       4.9506806    0.0093970534        3508.109      -6.6601069       -8.6915466         2.0314397        3508.109                           3079.5797                 23.449322                 396.08766                      8.9923572
              1       1747.6553     0.068692443       4.8271007    0.0075971937       3508.6307      -6.6601069       -8.6915466         2.0314397       3508.6307                            3080.131                 23.446196                 396.08766                      8.9658426
              2       1747.8776     0.047358608       4.8192858    0.0041350474       3509.0754      -6.6601069       -8.6915466         2.0314397       3509.0754                           3080.6594                 23.440791                 396.08766                       8.887647
              3       1747.7564     0.055617204       4.6925999    0.0033750694        3508.833      -6.6601069       -8.6915466         2.0314397        3508.833                           3080.4251                 23.439372                 396.08766                      8.8808742
              1       1747.5695     0.060170454       4.6156635    0.0049303313       3508.4591      -6.6601069       -8.6915466         2.0314397       3508.4591                           3080.0188                 23.441965                 396.08766                      8.9106727
              1       1748.2341     0.065225312       5.1649258    0.0058510467       3509.7884      -6.6601069       -8.6915466         2.0314397       3509.7884                           3081.3224                 23.443069                 396.08766                      8.9352241
              1       1748.1997     0.065769933       5.1764914     0.006440608       3509.7196      -6.6601069       -8.6915466         2.0314397       3509.7196                            3081.242                 23.444052                 396.08766                      8.9459106
              2       1748.3116     0.066990616       5.1641172    0.0063803647       3509.9435      -6.6601069       -8.6915466         2.0314397       3509.9435                           3081.4653                 23.443925                 396.08766                      8.9465834
              7       1747.4037     0.064335217        4.930989    0.0094271952       3508.1277      -6.6601069       -8.6915466         2.0314397       3508.1277                            3079.597                 23.449365                 396.08766                      8.9936961
              1       1747.6133     0.055703697       4.8710575    0.0048927704       3508.5468      -6.6601069       -8.6915466         2.0314397       3508.5468                           3080.1109                 23.441859                 396.08766                      8.9064202
              3       1747.6781     0.052879138       5.1477722    0.0048261848       3508.6763      -6.6601069       -8.6915466         2.0314397       3508.6763                           3080.2438                 23.441663                 396.08766                      8.9031592
              6       1747.8569     0.049600154       5.1897155    0.0032448264       3509.0339      -6.6601069       -8.6915466         2.0314397       3509.0339                           3080.6333                 23.439034                 396.08766                      8.8739844
              5       1747.4941     0.055256691       4.8351501    0.0064337837       3508.3084      -6.6601069       -8.6915466         2.0314397       3508.3084                           3079.8437                  23.44452                 396.08766                      8.9324873
              3       1747.6432     0.050618829       4.8163987    0.0073431281       3508.6066      -6.6601069       -8.6915466         2.0314397       3508.6066                            3080.109                 23.446193                 396.10607                      8.9453563
              4       1747.5988     0.051277674       4.9012958      0.00971366       3508.5178      -6.6601069       -8.6915466         2.0314397       3508.5178                           3079.9726                 23.450194                 396.10607                      8.9889518
              1       1747.6286     0.050208947       4.9021709    0.0088867854       3508.5773      -6.6601069       -8.6915466         2.0314397       3508.5773                           3080.0494                 23.448802                 396.10607                      8.9730265
              1       1747.7185      0.04923126       4.8352755    0.0080564799       3508.7573      -6.6601069       -8.6915466         2.0314397       3508.7573                           3080.2462                 23.447437                 396.10607                      8.9576202
              9       1747.9177     0.048893767       4.7063503    0.0089921793       3509.1557      -6.6601069       -8.6915466         2.0314397       3509.1557                           3080.6245                  23.44911                 396.10607                      8.9759666
              3       1747.4064     0.061577642       4.5340135    0.0072207273       3508.1331      -6.6601069       -8.6915466         2.0314397       3508.1331                            3079.648                 23.445894                 396.08766                      8.9514554
              5       1747.4044     0.061762721       4.5195666    0.0072795964        3508.129      -6.6601069       -8.6915466         2.0314397        3508.129                           3079.6427                 23.445999                 396.08766                      8.9526603
              1       1747.4018     0.061177149       4.5432652    0.0075048667       3508.1238      -6.6601069       -8.6915466         2.0314397       3508.1238                           3079.6336                 23.446383                 396.08766                      8.9561725
              1       1747.5295     0.056613099        4.679087    0.0058642625       3508.3793      -6.6601069       -8.6915466         2.0314397       3508.3793                           3079.9242                 23.443601                 396.08766                      8.9237602
              2       1748.0901     0.048014902       4.5040762    0.0060680051       3509.5004      -6.6601069       -8.6915466         2.0314397       3509.5004                            3081.027                 23.444218                 396.10607                      8.9230866
              5        1747.641     0.049890493       5.1845555    0.0051360347       3508.6021      -6.6601069       -8.6915466         2.0314397       3508.6021                           3080.1664                 23.442251                 396.08766                      8.9058109
              4        1747.692     0.054956163       5.0743903    0.0047494952       3508.7042      -6.6601069       -8.6915466         2.0314397       3508.7042                           3080.2713                 23.441519                 396.08766                      8.9037278
              2       1747.6478     0.059121483       4.7601468    0.0045139739       3508.6157      -6.6601069       -8.6915466         2.0314397       3508.6157                           3080.1839                 23.441196                 396.08766                      8.9029831
              3       1747.5692     0.060160628       4.7565815    0.0053080559       3508.4585      -6.6601069       -8.6915466         2.0314397       3508.4585                           3080.0111                 23.442529                 396.08766                      8.9172873
              3       1747.7241     0.062809863       4.6588175    0.0040416265       3508.7685      -6.6601069       -8.6915466         2.0314397       3508.7685                            3080.342                 23.440369                 396.08766                      8.8984522
              3       1747.4092     0.071668258       4.5196796    0.0079616678       3508.1386      -6.6601069       -8.6915466         2.0314397       3508.1386                           3079.6304                 23.446961                 396.08766                      8.9735579
              2       1747.4126     0.071537569       4.5218942    0.0078990171       3508.1455      -6.6601069       -8.6915466         2.0314397       3508.1455                           3079.6386                 23.446855                 396.08766                       8.972335
              2       1747.3926     0.070853291       4.5286988    0.0079969924       3508.1054      -6.6601069       -8.6915466         2.0314397       3508.1054                           3079.5973                 23.447032                 396.08766                      8.9733797
              6       1747.5072     0.073049382       4.5124668    0.0073141533       3508.3346      -6.6601069       -8.6915466         2.0314397       3508.3346                           3079.8374                  23.44583                 396.08766                      8.9637229
              4       1747.8873     0.055963266       5.0215969    0.0033586139       3509.0947      -6.6601069       -8.6915466         2.0314397       3509.0947                           3080.6862                 23.439154                 396.08766                      8.8816997
              4       1747.9171     0.048942659       4.6391753    0.0076392441       3509.1544      -6.6601069       -8.6915466         2.0314397       3509.1544                           3080.6505                 23.446823                 396.10607                      8.9510523
              3       1747.7408     0.048009334        4.898414    0.0058447015       3508.8018      -6.6601069       -8.6915466         2.0314397       3508.8018                           3080.3348                 23.443654                 396.10607                      8.9173398
              4       1747.6402     0.061521576       4.5881066    0.0042573363       3508.6006      -6.6601069       -8.6915466         2.0314397       3508.6006                           3080.1715                 23.440805                 396.08766                      8.9005515
              1       1747.4691     0.057061592       4.6711315    0.0070292507       3508.2583      -6.6601069       -8.6915466         2.0314397       3508.2583                           3079.7806                 23.445586                 396.08766                      8.9445181
              2       1747.4958     0.054661611       4.8845338    0.0064605839       3508.3119      -6.6601069       -8.6915466         2.0314397       3508.3119                           3079.8472                 23.444552                 396.08766                      8.9324739
              2        1747.882     0.073002305         4.59835    0.0054065168       3509.0842      -6.6601069       -8.6915466         2.0314397       3509.0842                           3080.6219                 23.442515                 396.08766                       8.932121
              3       1747.8909     0.072910144        4.604164    0.0053775137        3509.102      -6.6601069       -8.6915466         2.0314397        3509.102                           3080.6403                 23.442463                 396.08766                       8.931585
              1       1747.5628     0.061148625       4.7507886    0.0054752223       3508.4459      -6.6601069       -8.6915466         2.0314397       3508.4459                           3079.9944                 23.442795                 396.08766                      8.9210433
              3       1747.7043     0.062469752       4.8728444    0.0053330928       3508.7289      -6.6601069       -8.6915466         2.0314397       3508.7289                           3080.2782                 23.442447                 396.08766                      8.9205536
              3       1747.7446     0.059844799       5.0274501    0.0052982487       3508.8093      -6.6601069       -8.6915466         2.0314397       3508.8093                           3080.3614                 23.442357                 396.08766                      8.9178907
              1       1747.7743     0.061018282          4.9735    0.0050977101       3508.8689      -6.6601069       -8.6915466         2.0314397       3508.8689                           3080.4236                 23.442018                 396.08766                      8.9155846
              3       1747.6423     0.061726148        4.939353    0.0060320071       3508.6048      -6.6601069       -8.6915466         2.0314397       3508.6048                           3080.1417                 23.443616                 396.08766                      8.9318313
              2       1747.6951     0.059434819       5.0474626    0.0056574104       3508.7104      -6.6601069       -8.6915466         2.0314397       3508.7104                           3080.2562                 23.442968                 396.08766                      8.9235572
              2       1747.7404     0.059403062       5.0927749     0.005626454       3508.8011      -6.6601069       -8.6915466         2.0314397       3508.8011                           3080.3473                 23.442888                 396.08766                      8.9232523
              1       1747.6321     0.050877775       4.9667382    0.0052104162       3508.5845      -6.6601069       -8.6915466         2.0314397       3508.5845                           3080.1464                 23.442467                 396.08766                      8.9079539
              2       1747.6506     0.047419706       5.0658801    0.0071227685       3508.6214      -6.6601069       -8.6915466         2.0314397       3508.6214                           3080.1308                 23.445771                 396.10607                      8.9387567
              1        1747.659     0.047287779       5.0684094    0.0068566791       3508.6382      -6.6601069       -8.6915466         2.0314397       3508.6382                           3080.1529                 23.445318                 396.10607                      8.9339096
              1       1747.9089     0.049124012       4.6015945     0.006402013       3509.1381      -6.6601069       -8.6915466         2.0314397       3509.1381                           3080.6581                 23.444721                 396.10607                      8.9292278
              1       1747.9478     0.048566176       4.6022861    0.0064181036       3509.2158      -6.6601069       -8.6915466         2.0314397       3509.2158                           3080.7361                  23.44476                 396.10607                      8.9289253
             16       1747.5811     0.066806737       4.9435281      0.00866782       3508.4824      -6.6601069       -8.6915466         2.0314397       3508.4824                           3079.9637                 23.447995                 396.08766                      8.9830732
              2       1747.4577     0.063708017       4.9644003    0.0087380107       3508.2357      -6.6601069       -8.6915466         2.0314397       3508.2357                            3079.719                 23.448178                 396.08766                      8.9809022
              5        1747.432     0.062487645       4.6300954    0.0066046734       3508.1842      -6.6601069       -8.6915466         2.0314397       3508.1842                           3079.7104                 23.444765                 396.08766                      8.9414011
              4       1747.7409     0.067664831       4.6699297    0.0051439378       3508.8021      -6.6601069       -8.6915466         2.0314397       3508.8021                           3080.3503                 23.442134                 396.08766                      8.9219878
              6       1747.6494     0.060696881       4.7795919    0.0047979077        3508.619      -6.6601069       -8.6915466         2.0314397        3508.619                           3080.1804                 23.441633                 396.08766                      8.9093141
             13       1747.5169     0.051653716       4.9568432    0.0076731356        3508.354      -6.6601069       -8.6915466         2.0314397        3508.354                           3079.8495                  23.44666                 396.10607                      8.9517461
              3       1748.1289     0.074685047       4.6382576     0.005101975       3509.5779      -6.6601069       -8.6915466         2.0314397       3509.5779                           3081.1186                 23.441932                 396.08766                      8.9297776
              3       1747.9796       0.0713474       4.9971766    0.0087952487       3509.2795      -6.6601069       -8.6915466         2.0314397       3509.2795                            3080.752                 23.448061                 396.08766                      8.9917055
              2       1747.9428      0.06476092       5.2452951    0.0082001767       3509.2058      -6.6601069       -8.6915466         2.0314397       3509.2058                           3080.6961                  23.44704                 396.08766                       8.974957
              1       1748.4047     0.069177014        5.087963    0.0062328986       3510.1295      -6.6601069       -8.6915466         2.0314397       3510.1295                           3081.6518                  23.44367                 396.08766                      8.9464542
              3       1748.5338     0.070214388       5.0976317    0.0063044891       3510.3878      -6.6601069       -8.6915466         2.0314397       3510.3878                            3081.907                 23.443758                 396.08766                      8.9494049
              1        1748.523     0.070122311       5.0981769    0.0063101529       3510.3663      -6.6601069       -8.6915466         2.0314397       3510.3663                           3081.8855                  23.44377                 396.08766                      8.9493596
              2       1748.4772     0.070280671       5.0864591    0.0064759102       3510.2746      -6.6601069       -8.6915466         2.0314397       3510.2746                           3081.7907                 23.444057                 396.08766                       8.952159
             13       1748.4634     0.070336588       5.0840077    0.0065445459       3510.2471      -6.6601069       -8.6915466         2.0314397       3510.2471                           3081.7619                 23.444175                 396.08766                       8.953342
              2       1748.5342     0.070367431       5.0549895    0.0058699105       3510.3887      -6.6601069       -8.6915466         2.0314397       3510.3887                           3081.9161                 23.443044                 396.08766                      8.9418741
              1       1747.6098     0.063256323       5.0398764    0.0077077641       3508.5397      -6.6601069       -8.6915466         2.0314397       3508.5397                           3080.0429                 23.446377                 396.08766                      8.9628184
              3       1747.4883     0.060824702       4.8442495    0.0066013467       3508.2968      -6.6601069       -8.6915466         2.0314397       3508.2968                           3079.8243                 23.444669                 396.08766                      8.9402261
              2       1747.6545      0.07083278        4.738501    0.0075816264       3508.6292      -6.6601069       -8.6915466         2.0314397       3508.6292                            3080.128                 23.446181                 396.08766                      8.9674324
              3       1747.5403     0.072720462       4.7144771    0.0092835755       3508.4009      -6.6601069       -8.6915466         2.0314397       3508.4009                            3079.865                 23.449069                 396.08766                       8.999192
              2       1747.5435     0.052653378       5.1045714    0.0060539346       3508.4073      -6.6601069       -8.6915466         2.0314397       3508.4073                            3079.952                 23.443787                 396.08766                      8.9237921
              1       1747.6526     0.054928598       4.6924567    0.0045204088       3508.6254      -6.6601069       -8.6915466         2.0314397       3508.6254                           3080.1969                 23.441339                 396.08766                      8.8994794
              4       1747.7881     0.051688188        4.731456     0.003657995       3508.8965      -6.6601069       -8.6915466         2.0314397       3508.8965                           3080.4864                 23.439921                 396.08766                      8.8825245
              5       1747.6952     0.059568958       4.7463534    0.0041379678       3508.7106      -6.6601069       -8.6915466         2.0314397       3508.7106                           3080.2853                 23.440553                 396.08766                      8.8971291
              1       1747.5744     0.058652616       4.6624812    0.0049685913       3508.4689      -6.6601069       -8.6915466         2.0314397       3508.4689                           3080.0292                 23.442037                 396.08766                      8.9100701
              4        1747.367     0.055171535        5.231878    0.0095399899       3508.0543      -6.6601069       -8.6915466         2.0314397       3508.0543                           3079.5293                  23.44961                 396.08766                      8.9877572
              2       1747.3982     0.054608508       5.2746465    0.0089182296       3508.1167      -6.6601069       -8.6915466         2.0314397       3508.1167                           3079.6044                 23.448535                 396.08766                      8.9760589
              1       1747.4045     0.055074339       5.1966872    0.0084785148       3508.1293      -6.6601069       -8.6915466         2.0314397       3508.1293                           3079.6253                 23.447815                 396.08766                      8.9685054
              3       1748.1807     0.067030822       5.2348766    0.0079770265       3509.6815      -6.6601069       -8.6915466         2.0314397       3509.6815                            3081.173                 23.446602                 396.08766                      8.9743305
              4        1747.708     0.062116609        5.161773    0.0075406708       3508.7361      -6.6601069       -8.6915466         2.0314397       3508.7361                            3080.243                 23.446041                 396.08766                      8.9593976
              2       1747.7201     0.062232871       5.1630645    0.0075155085       3508.7604      -6.6601069       -8.6915466         2.0314397       3508.7604                           3080.2676                 23.445994                 396.08766                      8.9591205
              1       1747.6151     0.062399709       5.1483319    0.0083371423       3508.5504      -6.6601069       -8.6915466         2.0314397       3508.5504                            3080.042                 23.447405                 396.08766                      8.9734174
              1       1747.4072      0.06722656       4.5982438    0.0074033756       3508.1346      -6.6601069       -8.6915466         2.0314397       3508.1346                           3079.6413                 23.446048                 396.08766                      8.9596204
              1       1747.5497      0.07171224       4.6079195    0.0074138053       3508.4195      -6.6601069       -8.6915466         2.0314397       3508.4195                           3079.9213                 23.445964                 396.08766                      8.9645785
              3        1747.697     0.057226236       4.5726308    0.0038086499       3508.7142      -6.6601069       -8.6915466         2.0314397       3508.7142                           3080.2971                  23.44014                 396.08766                       8.889372
              2        1747.792     0.050126765       4.6725257    0.0074271646       3508.9043      -6.6601069       -8.6915466         2.0314397       3508.9043                           3080.4044                 23.446419                 396.10607                      8.9474043
              1       1747.7936     0.050074694       4.6742313    0.0074189022       3508.9075      -6.6601069       -8.6915466         2.0314397       3508.9075                           3080.4078                 23.446405                 396.10607                      8.9472219
             10       1747.8068     0.050523644       4.6475026    0.0079590565       3508.9338      -6.6601069       -8.6915466         2.0314397       3508.9338                            3080.423                 23.447332                 396.10607                      8.9574727
             11        1749.189     0.074958425       4.9347278    0.0041332681       3511.6983      -6.6601069       -8.6915466         2.0314397       3511.6983                           3083.2509                 23.440058                 396.08766                      8.9196342
              4       1748.4836     0.069672885        4.941662    0.0044868022       3510.2875      -6.6601069       -8.6915466         2.0314397       3510.2875                           3081.8422                 23.440784                 396.08766                      8.9167846
              2       1748.1275     0.046506118       4.6123969    0.0072225742       3509.5751      -6.6601069       -8.6915466         2.0314397       3509.5751                           3081.0801                 23.446175                 396.10607                      8.9428141
              2       1747.6132     0.051082323       4.8359836    0.0063748179       3508.5467      -6.6601069       -8.6915466         2.0314397       3508.5467                           3080.0859                 23.444517                 396.08766                      8.9286381
              2       1747.5529     0.050877708       4.9667072    0.0091420749        3508.426      -6.6601069       -8.6915466         2.0314397        3508.426                           3079.8929                  23.44919                 396.10607                      8.9777751
              2       1747.3427     0.062539347       4.5739619    0.0086897047       3508.0056      -6.6601069       -8.6915466         2.0314397       3508.0056                           3079.4912                 23.448364                 396.08766                      8.9784236
              5        1747.284     0.068208793       4.5092473    0.0093920263       3507.8882      -6.6601069       -8.6915466         2.0314397       3507.8882                           3079.3552                 23.449489                 396.08766                      8.9957958
              2       1747.5508     0.050658251       4.9786769    0.0089073996       3508.4218      -6.6601069       -8.6915466         2.0314397       3508.4218                           3079.8937                 23.448787                 396.10607                      8.9732676
              1       1747.6034     0.049427281       4.9736093    0.0080098538        3508.527      -6.6601069       -8.6915466         2.0314397        3508.527                           3080.0174                 23.447283                 396.10607                      8.9561915
              2       1747.6834     0.062212167       5.0592805    0.0068305618        3508.687      -6.6601069       -8.6915466         2.0314397        3508.687                           3080.2077                 23.444892                 396.08766                       8.946666
              3       1747.7559     0.058020791       4.9487744    0.0043022459       3508.8319      -6.6601069       -8.6915466         2.0314397       3508.8319                           3080.4045                 23.440752                 396.08766                      8.8990025
              2       1747.8319     0.048475168       4.8204095    0.0091226161       3508.9841      -6.6601069       -8.6915466         2.0314397       3508.9841                           3080.4512                 23.449289                 396.10607                      8.9774668
              1       1747.6134     0.053168948       4.6799362    0.0069338435       3508.5471      -6.6601069       -8.6915466         2.0314397       3508.5471                           3080.0552                 23.445504                 396.10607                      8.9403449
              6       1747.3078     0.072135051       4.5241776    0.0098312967       3507.9358      -6.6601069       -8.6915466         2.0314397       3507.9358                           3079.3906                 23.450151                 396.08766                      9.0073815
              3       1747.6562     0.054015216         4.57452    0.0077761746       3508.6326      -6.6601069       -8.6915466         2.0314397       3508.6326                            3080.123                  23.44698                 396.10607                      8.9564979
              2       1747.6625     0.062982816       4.8104456      0.00536936       3508.6451      -6.6601069       -8.6915466         2.0314397       3508.6451                           3080.1936                 23.442536                 396.08766                       8.921384
              1       1747.7368     0.061389788       4.9134516     0.005064444       3508.7937      -6.6601069       -8.6915466         2.0314397       3508.7937                            3080.349                  23.44199                 396.08766                      8.9151025
              8       1748.3121      0.06593088       4.8627763     0.003018678       3509.9445      -6.6601069       -8.6915466         2.0314397       3509.9445                           3081.5312                 23.438429                 396.08766                      8.8871619
              3       1747.7239     0.052250187       4.6143903     0.007850849        3508.768      -6.6601069       -8.6915466         2.0314397        3508.768                           3080.2584                 23.447126                 396.10607                      8.9564137
             16       1747.8893      0.04911022       4.6216627    0.0063418302       3509.0988      -6.6601069       -8.6915466         2.0314397       3509.0988                           3080.6201                 23.444609                 396.10607                      8.9280224
              4        1747.601     0.055342298       4.5536354    0.0072554836       3508.5223      -6.6601069       -8.6915466         2.0314397       3508.5223                           3080.0223                 23.446072                 396.10607                      8.9478911
              2       1747.5418     0.056225993       4.5717248    0.0071765964       3508.4038      -6.6601069       -8.6915466         2.0314397       3508.4038                           3079.9233                 23.445909                 396.08766                      8.9469143
              1       1747.6573     0.058894912       4.7792679    0.0044757422       3508.6347      -6.6601069       -8.6915466         2.0314397       3508.6347                           3080.2038                 23.441125                 396.08766                      8.9021793
              6       1747.7195     0.062579619       4.6693422    0.0040844859       3508.7593      -6.6601069       -8.6915466         2.0314397       3508.7593                           3080.3322                  23.44044                 396.08766                      8.8989667
              4       1747.6718     0.068253524       4.5450443    0.0048795988       3508.6638      -6.6601069       -8.6915466         2.0314397       3508.6638                           3080.2169                 23.441751                 396.08766                       8.917458
              5       1747.6455     0.068347429       4.5137799    0.0048894491       3508.6113      -6.6601069       -8.6915466         2.0314397       3508.6113                           3080.1643                 23.441786                 396.08766                      8.9175524
              7       1748.1534     0.070342075       4.7052855    0.0039879958        3509.627      -6.6601069       -8.6915466         2.0314397        3509.627                           3081.1925                 23.440082                 396.08766                      8.9067387
              1       1748.4356     0.073949396       4.7578759    0.0046301523       3510.1915      -6.6601069       -8.6915466         2.0314397       3510.1915                             3081.74                 23.441058                 396.08766                      8.9227818
              1       1748.5004      0.06911423       4.9822769    0.0045789798       3510.3211      -6.6601069       -8.6915466         2.0314397       3510.3211                           3081.8745                 23.440927                 396.08766                      8.9179928
              4       1747.4019     0.061850623       4.9060492    0.0082859577        3508.124      -6.6601069       -8.6915466         2.0314397        3508.124                           3079.6181                 23.447487                 396.08766                      8.9707874
              2       1747.5704     0.049242912       5.0663918    0.0071204432        3508.461      -6.6601069       -8.6915466         2.0314397        3508.461                           3079.9694                 23.445719                 396.10607                      8.9397111
              2       1747.7263     0.046718779       5.0422708    0.0085773829       3508.7728      -6.6601069       -8.6915466         2.0314397       3508.7728                           3080.2531                  23.44829                 396.10607                      8.9653298
              1       1747.4773     0.051558996       5.0434035    0.0090164715       3508.2749      -6.6601069       -8.6915466         2.0314397       3508.2749                           3079.7444                 23.448917                 396.10607                       8.975526
              1       1747.5281      0.05295456       4.8419992    0.0088990626       3508.3765      -6.6601069       -8.6915466         2.0314397       3508.3765                           3079.8468                 23.448788                 396.10607                      8.9748745
              3        1747.392     0.053655948       5.0871029    0.0090865085       3508.1043      -6.6601069       -8.6915466         2.0314397       3508.1043                           3079.5897                 23.448958                 396.08766                       8.978025
              2       1747.7406     0.046542719       5.1845178    0.0045958256       3508.8015      -6.6601069       -8.6915466         2.0314397       3508.8015                           3080.3783                 23.441421                 396.08766                      8.8941082
              2       1747.8837     0.055037551        5.153703    0.0037913313       3509.0877      -6.6601069       -8.6915466         2.0314397       3509.0877                           3080.6719                 23.439838                 396.08766                        8.88832
              1       1747.6204     0.051592387       5.0522083    0.0051525366        3508.561      -6.6601069       -8.6915466         2.0314397        3508.561                           3080.1236                 23.442305                 396.08766                      8.9074507
              2       1747.5142     0.052735688       5.2459806    0.0067676337       3508.3486      -6.6601069       -8.6915466         2.0314397       3508.3486                           3079.8797                 23.444925                 396.08766                      8.9363411
              8       1747.5389     0.054209597       5.1725017    0.0064101135       3508.3981      -6.6601069       -8.6915466         2.0314397       3508.3981                           3079.9347                 23.444316                 396.08766                      8.9313915
              1       1747.6399     0.056392277       5.1794708    0.0060027371       3508.5999      -6.6601069       -8.6915466         2.0314397       3508.5999                           3080.1421                 23.443557                 396.08766                      8.9266291
              1       1747.6128     0.056637832       5.0445063    0.0055794797       3508.5459      -6.6601069       -8.6915466         2.0314397       3508.5459                            3080.096                 23.442908                 396.08766                      8.9192521
              5       1747.7337     0.051865159        5.110781    0.0041643604       3508.7876      -6.6601069       -8.6915466         2.0314397       3508.7876                           3080.3683                 23.440582                 396.08766                      8.8911019
              3       1747.7549     0.052191021       5.1259261    0.0040617733       3508.8301      -6.6601069       -8.6915466         2.0314397       3508.8301                           3080.4123                  23.44039                 396.08766                      8.8897292
             14       1747.7204     0.049218996       5.1952303      0.00437445        3508.761      -6.6601069       -8.6915466         2.0314397        3508.761                             3080.34                 23.440966                 396.08766                      8.8923903
              1       1747.6483     0.055686119       4.7017695    0.0044223637       3508.6169      -6.6601069       -8.6915466         2.0314397       3508.6169                           3080.1897                  23.44115                 396.08766                      8.8984084
              1       1747.7097     0.064736037       4.7574349    0.0051502444       3508.7397      -6.6601069       -8.6915466         2.0314397       3508.7397                           3080.2905                 23.442155                 396.08766                      8.9193557
              2       1747.4191     0.062470687       4.7536896    0.0072479921       3508.1584      -6.6601069       -8.6915466         2.0314397       3508.1584                           3079.6722                 23.445791                 396.08766                      8.9527765
              2       1747.3765     0.064373425       4.6984424    0.0078778921       3508.0731      -6.6601069       -8.6915466         2.0314397       3508.0731                           3079.5731                 23.446859                 396.08766                       8.965485
              6       1747.5211     0.057929992       4.5407869    0.0091303731       3508.3624      -6.6601069       -8.6915466         2.0314397       3508.3624                           3079.8234                 23.449235                 396.10607                      8.9836397
              1       1747.4509      0.05657749       4.7358433    0.0073256805       3508.2219      -6.6601069       -8.6915466         2.0314397       3508.2219                           3079.7389                 23.446068                 396.08766                      8.9493202
              1       1747.7043     0.051591591       4.6635435    0.0067041478       3508.7289      -6.6601069       -8.6915466         2.0314397       3508.7289                           3080.2422                 23.445154                 396.10607                      8.9354567
              3       1747.7163     0.051225212       4.6736195    0.0067909611       3508.7528      -6.6601069       -8.6915466         2.0314397       3508.7528                           3080.2646                 23.445306                 396.10607                      8.9367744
              1        1747.713     0.051518979       4.6599301     0.007142523       3508.7462      -6.6601069       -8.6915466         2.0314397       3508.7462                           3080.2509                 23.445907                 396.10607                      8.9433097
              1       1747.7255     0.051492841       4.6474662    0.0071773648       3508.7713      -6.6601069       -8.6915466         2.0314397       3508.7713                           3080.2753                 23.445974                 396.10607                       8.943992
              6       1747.4665     0.059721013       4.5649114    0.0064234357       3508.2532      -6.6601069       -8.6915466         2.0314397       3508.2532                           3079.7851                 23.444552                 396.08766                      8.9359817
              3       1747.6249     0.054210439       4.6022598    0.0060399959         3508.57      -6.6601069       -8.6915466         2.0314397         3508.57                           3080.1129                 23.443994                 396.08766                      8.9254121
              9       1747.6291     0.053913772       4.6151258    0.0060458955       3508.5783      -6.6601069       -8.6915466         2.0314397       3508.5783                           3080.1214                 23.444004                 396.08766                      8.9252903
              1       1747.5093     0.056500076       5.0301134    0.0065022986       3508.3388      -6.6601069       -8.6915466         2.0314397       3508.3388                           3079.8718                 23.444496                 396.08766                      8.9348284
              1       1747.4472     0.056634029        5.021945    0.0072597899       3508.2145      -6.6601069       -8.6915466         2.0314397       3508.2145                            3079.733                 23.445792                 396.08766                      8.9481145
              7       1747.3445     0.059190859       4.8345765     0.008957821       3508.0092      -6.6601069       -8.6915466         2.0314397       3508.0092                           3079.4923                 23.448745                 396.08766                      8.9804417
             13       1747.3534     0.058547465       4.8052412     0.009574556        3508.027      -6.6601069       -8.6915466         2.0314397        3508.027                           3079.4983                 23.449835                 396.08766                      8.9912718
              2       1747.5475     0.055041825       4.6915475     0.009339533       3508.4151      -6.6601069       -8.6915466         2.0314397       3508.4151                           3079.8747                 23.449575                 396.10607                      8.9848323
              1       1747.4127     0.058531381       4.6479633    0.0083890703       3508.1455      -6.6601069       -8.6915466         2.0314397       3508.1455                             3079.64                 23.447893                 396.08766                      8.9699775
              4       1747.5916     0.050678844       5.1609068    0.0056283497       3508.5034      -6.6601069       -8.6915466         2.0314397       3508.5034                           3080.0578                 23.443083                 396.08766                      8.9148618
              6       1747.5996     0.052905605       4.7270824    0.0082607769       3508.5194      -6.6601069       -8.6915466         2.0314397       3508.5194                           3080.0019                 23.447756                 396.10607                      8.9636257
              2       1747.7807     0.047135222       4.9823505    0.0092817153       3508.8817      -6.6601069       -8.6915466         2.0314397       3508.8817                           3080.3472                 23.449516                 396.10607                      8.9789316
              5       1747.8003     0.046936248       4.9785458    0.0092968867       3508.9208      -6.6601069       -8.6915466         2.0314397       3508.9208                           3080.3861                 23.449549                 396.10607                      8.9791676
              4       1747.9423     0.045395747       4.9717686    0.0094222234       3509.2048      -6.6601069       -8.6915466         2.0314397       3509.2048                           3080.6678                 23.449805                 396.10607                      8.9810785
              6       1747.8886     0.048364651       4.6820863    0.0068050736       3509.0974      -6.6601069       -8.6915466         2.0314397       3509.0974                           3080.6106                 23.445389                 396.10607                      8.9353346
              6       1747.7589     0.050707384       4.6842436    0.0050342652       3508.8381      -6.6601069       -8.6915466         2.0314397       3508.8381                           3080.4026                 23.442312                 396.08766                      8.9054914
              1       1747.6236     0.063056405         4.76873     0.005426744       3508.5675      -6.6601069       -8.6915466         2.0314397       3508.5675                           3080.1149                 23.442658                 396.08766                      8.9222204
              1       1747.4569     0.065216254       4.7757987    0.0076005904        3508.234      -6.6601069       -8.6915466         2.0314397        3508.234                           3079.7384                 23.446317                 396.08766                      8.9617101
             10       1747.5076     0.062900875       4.9464229     0.007680654       3508.3355      -6.6601069       -8.6915466         2.0314397       3508.3355                             3079.84                   23.4464                 396.08766                      8.9614201
              1       1747.4475     0.054025981       4.9322458    0.0076507389       3508.2152      -6.6601069       -8.6915466         2.0314397       3508.2152                            3079.728                 23.446576                 396.08766                      8.9529708
              3       1747.3522     0.063553235       4.9221705    0.0099276545       3508.0247      -6.6601069       -8.6915466         2.0314397       3508.0247                           3079.4848                 23.450248                 396.08766                      9.0019213
              1       1747.6556      0.04683291       5.2423521     0.005530268       3508.6315      -6.6601069       -8.6915466         2.0314397       3508.6315                           3080.1906                 23.442978                 396.08766                      8.9102377
              3       1747.7381     0.050503268       5.0964815    0.0040664838       3508.7965      -6.6601069       -8.6915466         2.0314397       3508.7965                           3080.3801                 23.440459                 396.08766                      8.8882602
              1       1747.7459     0.050683178       5.2560634    0.0043448867       3508.8121      -6.6601069       -8.6915466         2.0314397       3508.8121                           3080.3904                 23.440842                 396.08766                       8.893252
              1       1747.5087     0.056462424       5.1726634    0.0072117589       3508.3377      -6.6601069       -8.6915466         2.0314397       3508.3377                            3079.857                 23.445624                 396.08766                      8.9474301
              7       1748.2603     0.063642396       5.1914441     0.005197482       3509.8409      -6.6601069       -8.6915466         2.0314397       3509.8409                           3081.3887                 23.441979                 396.08766                      8.9225158
              4       1747.4878     0.066196318       4.8519451     0.008322726       3508.2958      -6.6601069       -8.6915466         2.0314397       3508.2958                           3079.7849                  23.44748                 396.08766                      8.9757456
              2       1747.4901     0.063027478       4.9011384    0.0075355121       3508.3004      -6.6601069       -8.6915466         2.0314397       3508.3004                           3079.8077                 23.446178                 396.08766                      8.9588247
              2       1747.4742     0.063132393       4.8749304    0.0075352562       3508.2685      -6.6601069       -8.6915466         2.0314397       3508.2685                           3079.7759                 23.446191                 396.08766                      8.9588181
              4        1747.481     0.059673607       4.8312522    0.0064437458       3508.2823      -6.6601069       -8.6915466         2.0314397       3508.2823                           3079.8138                 23.444435                 396.08766                      8.9363835
              4       1747.4717     0.059316524       4.8212721    0.0064816368       3508.2637      -6.6601069       -8.6915466         2.0314397       3508.2637                           3079.7948                 23.444514                 396.08766                      8.9366885
             11       1747.4793     0.068906409       4.7870181     0.008937031       3508.2789      -6.6601069       -8.6915466         2.0314397       3508.2789                           3079.7535                 23.448512                 396.08766                      8.9891801
              4       1748.1027     0.072703949       5.0020154    0.0089105535       3509.5257      -6.6601069       -8.6915466         2.0314397       3509.5257                           3080.9941                 23.448221                 396.08766                      8.9957212
              3       1747.2931     0.065303268       4.6494121    0.0097179555       3507.9063      -6.6601069       -8.6915466         2.0314397       3507.9063                           3079.3694                 23.450021                 396.08766                      8.9992702
              3       1747.2941     0.065222493       4.6499811    0.0096702604       3507.9085      -6.6601069       -8.6915466         2.0314397       3507.9085                           3079.3726                 23.449941                 396.08766                       8.998331
              4       1747.4012     0.070581112       4.6851923    0.0095086818       3508.1226      -6.6601069       -8.6915466         2.0314397       3508.1226                           3079.5848                 23.449523                 396.08766                      9.0006171
              1       1747.5416     0.053531922       4.7944277     0.006489353       3508.4034      -6.6601069       -8.6915466         2.0314397       3508.4034                           3079.9387                 23.444677                 396.08766                      8.9323168
              4       1747.5817     0.054073964       4.6835401     0.006192919       3508.4836      -6.6601069       -8.6915466         2.0314397       3508.4836                            3080.024                 23.444216                 396.08766                      8.9277488
              2        1747.647     0.050382934        4.852198    0.0059384728       3508.6142      -6.6601069       -8.6915466         2.0314397       3508.6142                           3080.1622                  23.44378                 396.08766                      8.9204949
              1       1747.5978     0.056113601        4.773703    0.0049267841       3508.5157      -6.6601069       -8.6915466         2.0314397       3508.5157                           3080.0788                 23.441961                 396.08766                      8.9072749
              1       1747.7098     0.067627492       4.9535185     0.008073441       3508.7399      -6.6601069       -8.6915466         2.0314397       3508.7399                           3080.2315                  23.44695                 396.08766                      8.9737957
              5       1747.6899     0.068298571       4.9804619    0.0089544553       3508.7001      -6.6601069       -8.6915466         2.0314397       3508.7001                           3080.1738                 23.448423                 396.08766                      8.9902259
              7       1747.6919     0.068396649       4.9793997    0.0089812962        3508.704      -6.6601069       -8.6915466         2.0314397        3508.704                           3080.1771                 23.448467                 396.08766                      8.9908111
              3       1747.7113     0.070496769        4.819961     0.007927892       3508.7428      -6.6601069       -8.6915466         2.0314397       3508.7428                           3080.2348                 23.446725                 396.08766                      8.9736952
              1       1747.8027     0.070689878       4.7970558    0.0070746746       3508.9257      -6.6601069       -8.6915466         2.0314397       3508.9257                           3080.4336                 23.445277                 396.08766                      8.9591256
              3       1747.4694     0.056751612       4.9394456    0.0067048179        3508.259      -6.6601069       -8.6915466         2.0314397        3508.259                           3079.7881                 23.444888                 396.08766                      8.9384253
              1       1747.6244     0.068447399       4.7537989    0.0069861635       3508.5691      -6.6601069       -8.6915466         2.0314397       3508.5691                           3080.0817                 23.445207                 396.08766                      8.9545196
              9       1747.4311     0.068007588       4.7807065    0.0090333956       3508.1825      -6.6601069       -8.6915466         2.0314397       3508.1825                           3079.6562                 23.448702                 396.08766                      8.9898826
              2       1748.0431     0.061285867       5.1871428    0.0052174355       3509.4064      -6.6601069       -8.6915466         2.0314397       3509.4064                           3080.9571                  23.44208                 396.08766                       8.919502
              4       1747.8016     0.045118491       5.0558531    0.0057659673       3508.9233      -6.6601069       -8.6915466         2.0314397       3508.9233                           3080.4602                 23.443517                 396.10607                      8.9135144
              1       1747.6731     0.058422387       5.1475551    0.0061696794       3508.6664      -6.6601069       -8.6915466         2.0314397       3508.6664                           3080.2034                 23.443807                 396.08766                      8.9315606
              1       1747.6296     0.058119033       5.1277618     0.006284496       3508.5795      -6.6601069       -8.6915466         2.0314397       3508.5795                           3080.1147                 23.444023                 396.08766                      8.9330698
              3       1747.6724     0.061383661       5.1529132    0.0073940792        3508.665      -6.6601069       -8.6915466         2.0314397        3508.665                           3080.1756                 23.445816                 396.08766                      8.9559211
              1       1747.7724      0.06080988       5.2716377    0.0074653454       3508.8649      -6.6601069       -8.6915466         2.0314397       3508.8649                           3080.3741                 23.445875                 396.08766                      8.9572672
              5       1748.2768     0.065443391       5.2701673     0.006890596       3509.8739      -6.6601069       -8.6915466         2.0314397       3509.8739                           3081.3874                 23.444764                 396.08766                      8.9540639
              5       1747.5362     0.059353957       4.6916523    0.0054108169       3508.3926      -6.6601069       -8.6915466         2.0314397       3508.3926                            3079.944                  23.44276                 396.08766                      8.9182028
              2        1747.661      0.06220506       4.7014226    0.0046021958       3508.6423      -6.6601069       -8.6915466         2.0314397       3508.6423                            3080.206                 23.441312                 396.08766                      8.9072824
              2       1747.8345     0.065131286       4.9346527    0.0058604398       3508.9893      -6.6601069       -8.6915466         2.0314397       3508.9893                           3080.5255                 23.443243                 396.08766                      8.9329271
              1       1747.7061     0.055362325       5.1273818    0.0049497665       3508.7324      -6.6601069       -8.6915466         2.0314397       3508.7324                           3080.2952                 23.441819                 396.08766                      8.9076527
              1       1747.6802     0.055345338       5.1497923    0.0052531082       3508.6806      -6.6601069       -8.6915466         2.0314397       3508.6806                           3080.2378                 23.442324                 396.08766                      8.9127733
              6        1747.681     0.056263967        5.130775     0.005370046       3508.6821      -6.6601069       -8.6915466         2.0314397       3508.6821                           3080.2363                  23.44251                 396.08766                       8.915645
              2       1747.3925     0.053760785       5.0704335    0.0091613436       3508.1052      -6.6601069       -8.6915466         2.0314397       3508.1052                           3079.5889                 23.449093                 396.08766                      8.9794943
              2       1747.4792     0.052155231       4.9894451    0.0089378115       3508.2787      -6.6601069       -8.6915466         2.0314397       3508.2787                           3079.7492                 23.448796                 396.10607                      8.9745932
              4       1747.4805     0.051777837       5.0163067    0.0088565715       3508.2811      -6.6601069       -8.6915466         2.0314397       3508.2811                           3079.7536                 23.448652                 396.10607                      8.9727959
             21       1747.3608     0.055694798        5.223168    0.0097558679       3508.0417      -6.6601069       -8.6915466         2.0314397       3508.0417                            3079.512                 23.449971                 396.08766                      8.9921324
              4       1747.3757     0.054171634       5.1630455    0.0091457244       3508.0716      -6.6601069       -8.6915466         2.0314397       3508.0716                           3079.5556                 23.449002                 396.08766                      8.9793988
              3       1747.5385     0.057778254       4.5160668    0.0062451553       3508.3972      -6.6601069       -8.6915466         2.0314397       3508.3972                           3079.9336                 23.444315                 396.08766                      8.9315664
              2       1747.5108     0.061549125       4.5752506    0.0055013018       3508.3418      -6.6601069       -8.6915466         2.0314397       3508.3418                           3079.8897                 23.442933                 396.08766                       8.921528
              1       1747.7791     0.050689199       4.8201727    0.0037895295       3508.8784      -6.6601069       -8.6915466         2.0314397       3508.8784                           3080.4667                 23.440124                 396.08766                      8.8838899
              2       1747.5392     0.055699276       4.7938789    0.0056922994       3508.3986      -6.6601069       -8.6915466         2.0314397       3508.3986                           3079.9477                 23.443266                 396.08766                      8.9199965
              6       1747.7668     0.046931424       4.9347253    0.0071428181       3508.8538      -6.6601069       -8.6915466         2.0314397       3508.8538                           3080.3624                 23.445881                 396.10607                      8.9394665
              2       1748.0578     0.048327287       4.5347415    0.0069502263       3509.4357      -6.6601069       -8.6915466         2.0314397       3509.4357                            3080.945                 23.445706                 396.10607                       8.938964
              6       1747.4762     0.061484219       5.0821042    0.0086818493       3508.2725      -6.6601069       -8.6915466         2.0314397       3508.2725                           3079.7587                 23.448062                 396.08766                      8.9780686
              6       1747.8252     0.061306792       5.1399163    0.0061361119       3508.9706      -6.6601069       -8.6915466         2.0314397       3508.9706                           3080.5049                 23.443677                 396.08766                      8.9343832
              1       1747.6542     0.060471796        5.190239     0.007466709       3508.6287      -6.6601069       -8.6915466         2.0314397       3508.6287                           3080.1388                  23.44594                 396.08766                      8.9563003
              8       1747.4735     0.054872888       5.1825062    0.0073259618       3508.2671      -6.6601069       -8.6915466         2.0314397       3508.2671                           3079.7857                 23.445857                 396.08766                      8.9479265
             13       1748.3658     0.070907812       4.9438573    0.0056462972       3510.0518      -6.6601069       -8.6915466         2.0314397       3510.0518                            3081.584                 23.442729                 396.08766                      8.9374043
              2       1747.7715     0.063979954       4.6479504    0.0038831974       3508.8631      -6.6601069       -8.6915466         2.0314397       3508.8631                           3080.4384                  23.44008                 396.08766                      8.8970196
              1       1747.7968     0.049295388       4.7405909    0.0048670345       3508.9139      -6.6601069       -8.6915466         2.0314397       3508.9139                           3080.4826                 23.442031                 396.08766                      8.9015897
              1       1747.9024     0.048645621       4.6587789    0.0044188416        3509.125      -6.6601069       -8.6915466         2.0314397        3509.125                           3080.7022                  23.44132                 396.08766                      8.8938288
              1        1747.724     0.052091648       4.6974418    0.0045200614       3508.7682      -6.6601069       -8.6915466         2.0314397       3508.7682                           3080.3417                 23.441398                 396.08766                      8.8974475
              1       1747.6991     0.050732388       4.7356212    0.0063332509       3508.7184      -6.6601069       -8.6915466         2.0314397       3508.7184                           3080.2397                 23.444504                 396.10607                      8.9280753
              1       1747.6587     0.054815307       4.5118664    0.0067788357       3508.6376      -6.6601069       -8.6915466         2.0314397       3508.6376                            3080.147                  23.44529                 396.10607                      8.9392471
              4       1747.6496     0.054131222        4.575297    0.0077986166       3508.6194      -6.6601069       -8.6915466         2.0314397       3508.6194                           3080.1094                 23.447016                 396.10607                      8.9569615
              1       1747.6644     0.054374966       4.5506695    0.0080644121       3508.6489      -6.6601069       -8.6915466         2.0314397       3508.6489                           3080.1333                 23.447478                 396.10607                      8.9620782
              1       1747.7248     0.052275995       4.6483708    0.0088130281       3508.7697      -6.6601069       -8.6915466         2.0314397       3508.7697                           3080.2409                 23.448756                 396.10607                      8.9740005
              1       1747.7306     0.052336101       4.6407283    0.0088550435       3508.7815      -6.6601069       -8.6915466         2.0314397       3508.7815                           3080.2517                 23.448831                 396.10607                      8.9748587
              1       1747.3031     0.063681681       4.7076286    0.0095891514       3507.9264      -6.6601069       -8.6915466         2.0314397       3507.9264                           3079.3934                   23.4498                 396.08766                      8.9955696
              1       1747.3012     0.063108958       4.7295918    0.0099050512       3507.9227      -6.6601069       -8.6915466         2.0314397       3507.9227                           3079.3838                 23.450341                 396.08766                      9.0008946
              3        1747.487      0.06705297       4.8560994    0.0087661612       3508.2942      -6.6601069       -8.6915466         2.0314397       3508.2942                           3079.7738                 23.448216                 396.08766                      8.9845172
              1       1747.5504     0.064236614       4.9356073    0.0076823804        3508.421      -6.6601069       -8.6915466         2.0314397        3508.421                           3079.9241                 23.446377                 396.08766                       8.962872
              7       1747.5936     0.064623827       4.9753867    0.0078344028       3508.5074      -6.6601069       -8.6915466         2.0314397       3508.5074                           3080.0069                 23.446601                 396.08766                      8.9661961
              2       1747.4443     0.055338096       4.8076152    0.0079869552       3508.2088      -6.6601069       -8.6915466         2.0314397       3508.2088                           3079.7138                 23.447189                 396.08766                      8.9601554
              4       1747.4779     0.057514901       4.9570129    0.0067124917       3508.2759      -6.6601069       -8.6915466         2.0314397       3508.2759                           3079.8042                 23.444872                 396.08766                      8.9392613
              1       1747.4047     0.055652499       4.9068976    0.0098104023       3508.1295      -6.6601069       -8.6915466         2.0314397       3508.1295                           3079.5801                  23.45025                 396.10607                       8.993078
              2       1747.4142     0.054340356       4.9677111    0.0083735688       3508.1487      -6.6601069       -8.6915466         2.0314397       3508.1487                           3079.6471                 23.447786                 396.08766                      8.9661152
              8       1747.3808     0.056927882       4.9880072    0.0083401957       3508.0818      -6.6601069       -8.6915466         2.0314397       3508.0818                            3079.579                 23.447652                 396.08766                      8.9674713
              3       1747.3826     0.056806438       4.9865508    0.0083045243       3508.0853      -6.6601069       -8.6915466         2.0314397       3508.0853                           3079.5834                 23.447595                 396.08766                      8.9667332
              4       1747.7765     0.049462292       4.7983401    0.0044927511       3508.8733      -6.6601069       -8.6915466         2.0314397       3508.8733                           3080.4492                 23.441362                 396.08766                      8.8950588
              1       1747.8315     0.048614998       4.8285816    0.0039298254       3508.9832      -6.6601069       -8.6915466         2.0314397       3508.9832                           3080.5702                 23.440407                 396.08766                      8.8848708
              2       1747.8659     0.047122653       4.8412054    0.0043409168        3509.052      -6.6601069       -8.6915466         2.0314397        3509.052                           3080.6323                 23.441137                 396.08766                      8.8909635
              1       1747.5111      0.05717369       4.9948113    0.0064352237       3508.3425      -6.6601069       -8.6915466         2.0314397       3508.3425                           3079.8762                 23.444385                 396.08766                      8.9342296
              4       1747.6556     0.061126238       5.0762093    0.0067558088       3508.6315      -6.6601069       -8.6915466         2.0314397       3508.6315                           3080.1548                 23.444781                 396.08766                      8.9442198
              4       1747.7455     0.059416619       5.1729859    0.0061815274       3508.8112      -6.6601069       -8.6915466         2.0314397       3508.8112                           3080.3466                 23.443784                 396.08766                      8.9330668
              1       1747.9456     0.060717896       5.2795006      0.00633109       3509.2113      -6.6601069       -8.6915466         2.0314397       3509.2113                           3080.7417                 23.443935                 396.08766                      8.9380257
              4       1747.9336     0.060752631       5.2610286    0.0062545691       3509.1874      -6.6601069       -8.6915466         2.0314397       3509.1874                           3080.7193                 23.443816                 396.08766                      8.9366353
              2       1747.5429     0.060556462       4.7504979    0.0055825687        3508.406      -6.6601069       -8.6915466         2.0314397        3508.406                            3079.953                 23.442992                 396.08766                      8.9222956
              2       1748.2362     0.045985654         4.65627    0.0089010096       3509.7926      -6.6601069       -8.6915466         2.0314397       3509.7926                           3081.2636                 23.449041                 396.10607                      8.9738441
              1       1748.2532     0.046261207       4.6203879    0.0088325184       3509.8265      -6.6601069       -8.6915466         2.0314397       3509.8265                           3081.2986                 23.448934                 396.10607                      8.9729263
             27       1748.3363      0.04581477       4.5999688     0.008925635       3509.9928      -6.6601069       -8.6915466         2.0314397       3509.9928                           3081.4628                 23.449112                 396.10607                      8.9747773
              9       1748.0225     0.048135914       4.6392179    0.0084018399       3509.3651      -6.6601069       -8.6915466         2.0314397       3509.3651                           3080.8457                 23.448147                 396.10607                      8.9651903
              4       1747.8154     0.050678764       4.6481665    0.0084281946       3508.9511      -6.6601069       -8.6915466         2.0314397       3508.9511                           3080.4307                 23.448132                 396.10607                      8.9662091
              3       1747.6982     0.052700632       4.6449141    0.0087486466       3508.7166      -6.6601069       -8.6915466         2.0314397       3508.7166                           3080.1889                 23.448638                 396.10607                      8.9730022
              1       1747.3689     0.056936765       4.9112254     0.008767754       3508.0581      -6.6601069       -8.6915466         2.0314397       3508.0581                           3079.5468                 23.448429                 396.08766                      8.9752078
              4       1747.6545     0.047494491       5.0586063    0.0068440524       3508.6291      -6.6601069       -8.6915466         2.0314397       3508.6291                           3080.1439                 23.445296                 396.10607                      8.9338266
             16       1747.6622     0.064879491       4.5015383    0.0041104794       3508.6447      -6.6601069       -8.6915466         2.0314397       3508.6447                           3080.2154                 23.440536                 396.08766                      8.9010597
              3       1747.4447      0.07016557       4.6370767    0.0081884187       3508.2095      -6.6601069       -8.6915466         2.0314397       3508.2095                            3079.698                 23.447303                 396.08766                      8.9765245
              5       1747.6115     0.072586136       4.5753956    0.0068798031       3508.5433      -6.6601069       -8.6915466         2.0314397       3508.5433                           3080.0544                 23.445055                 396.08766                      8.9561753
             10       1747.9788     0.062004824       4.7944589    0.0030208843       3509.2778      -6.6601069       -8.6915466         2.0314397       3509.2778                           3080.8698                 23.438567                 396.08766                      8.8817316
              5       1747.5973     0.058373149       4.7848299    0.0049681453       3508.5147      -6.6601069       -8.6915466         2.0314397       3508.5147                           3080.0751                 23.441973                 396.08766                      8.9099656
              5       1747.5923     0.061672536       4.5660725    0.0046364881       3508.5049      -6.6601069       -8.6915466         2.0314397       3508.5049                           3080.0688                 23.441461                 396.08766                      8.9069862
              8       1747.5619     0.057342129       5.2789138    0.0076915852       3508.4439      -6.6601069       -8.6915466         2.0314397       3508.4439                           3079.9528                 23.446355                 396.08766                      8.9570819
              4        1747.569     0.062722332       5.0965628    0.0084020863       3508.4583      -6.6601069       -8.6915466         2.0314397       3508.4583                           3079.9485                 23.447541                 396.08766                      8.9746048
              4       1747.6073     0.062153157       5.2106915    0.0089589346       3508.5349      -6.6601069       -8.6915466         2.0314397       3508.5349                           3080.0144                 23.448434                 396.08766                      8.9844361
              3       1747.5704     0.061616321        5.211708    0.0090425886       3508.4609      -6.6601069       -8.6915466         2.0314397       3508.4609                           3079.9394                 23.448592                 396.08766                      8.9852828
              3       1747.7142     0.050776544       4.7877132    0.0048033233       3508.7487      -6.6601069       -8.6915466         2.0314397       3508.7487                           3080.3179                 23.441866                 396.08766                      8.9012312
              1       1747.4024     0.063408548       4.9969298    0.0097530362       3508.1251      -6.6601069       -8.6915466         2.0314397       3508.1251                           3079.5887                 23.449904                 396.08766                      8.9988662
              9       1747.5155     0.062765207       5.1251576     0.009320737       3508.3512      -6.6601069       -8.6915466         2.0314397       3508.3512                           3079.8235                 23.449095                 396.08766                       8.991037
              2       1747.4758     0.062918302       5.0360967      0.00889031       3508.2718      -6.6601069       -8.6915466         2.0314397       3508.2718                           3079.7527                 23.448412                 396.08766                      8.9830924
              3       1747.6007     0.050759405       5.2951668    0.0057659417       3508.5217      -6.6601069       -8.6915466         2.0314397       3508.5217                           3080.0734                 23.443242                 396.08766                      8.9173643
              5       1747.8018     0.059422852       4.8638189    0.0038680529       3508.9238      -6.6601069       -8.6915466         2.0314397       3508.9238                           3080.5032                 23.440028                 396.08766                      8.8929832
              3       1747.4524     0.063572199       4.5076268    0.0060935273        3508.225      -6.6601069       -8.6915466         2.0314397        3508.225                             3079.76                 23.443942                 396.08766                      8.9333853
              1       1747.3256     0.065781195        4.501364     0.008236847       3507.9715      -6.6601069       -8.6915466         2.0314397       3507.9715                           3079.4633                 23.447565                 396.08766                      8.9729176
              7       1747.3328     0.067325137       4.5752297    0.0083924644       3507.9858      -6.6601069       -8.6915466         2.0314397       3507.9858                           3079.4733                 23.447753                 396.08766                      8.9771039
              5       1747.3052     0.064962142       4.6186651    0.0091139057       3507.9307      -6.6601069       -8.6915466         2.0314397       3507.9307                            3079.406                 23.449012                 396.08766                      8.9879872
              2       1747.6636     0.074949829       4.5177399    0.0067520645       3508.6474      -6.6601069       -8.6915466         2.0314397       3508.6474                           3080.1586                 23.444827                 396.08766                      8.9562914
              1       1747.8936     0.066601461       4.7240797    0.0042876308       3509.1074      -6.6601069       -8.6915466         2.0314397       3509.1074                            3080.672                 23.440663                 396.08766                      8.9070631
              1       1747.9928     0.070959039       4.6139519     0.004216085       3509.3059      -6.6601069       -8.6915466         2.0314397       3509.3059                           3080.8675                 23.440518                 396.08766                       8.910247
              3       1747.4137     0.070717356       4.5728159    0.0081050192       3508.1477      -6.6601069       -8.6915466         2.0314397       3508.1477                           3079.6375                 23.447191                 396.08766                      8.9753266
              4       1747.7955     0.072493902       4.8424544    0.0086400925       3508.9113      -6.6601069       -8.6915466         2.0314397       3508.9113                            3080.387                  23.44788                 396.08766                      8.9888034
              2       1747.9688     0.062454918       4.8489128    0.0035239106       3509.2578      -6.6601069       -8.6915466         2.0314397       3509.2578                           3080.8401                  23.43938                 396.08766                      8.8907029
              1       1747.8616     0.058936641       4.9553782    0.0038537757       3509.0435      -6.6601069       -8.6915466         2.0314397       3509.0435                           3080.6232                 23.439961                 396.08766                       8.892674
              1       1747.9764     0.060432628       4.9945655    0.0038334834        3509.273      -6.6601069       -8.6915466         2.0314397        3509.273                           3080.8512                 23.439866                 396.08766                      8.8943178
             14       1748.0246     0.060518618       5.0609166    0.0040476291       3509.3693      -6.6601069       -8.6915466         2.0314397       3509.3693                           3080.9431                 23.440187                 396.08766                      8.8983794
              4       1747.5376     0.063140449       4.8183835    0.0064961639       3508.3954      -6.6601069       -8.6915466         2.0314397       3508.3954                           3079.9226                 23.444451                 396.08766                      8.9406547
             10       1747.4819      0.06219829       4.7266885    0.0063275424       3508.2841      -6.6601069       -8.6915466         2.0314397       3508.2841                           3079.8156                  23.44424                 396.08766                      8.9365293
              1        1747.543     0.061710174       4.5553646    0.0051101667       3508.4063      -6.6601069       -8.6915466         2.0314397       3508.4063                           3079.9613                 23.442274                 396.08766                      8.9149961
              1       1747.5518     0.061527932       4.5633995    0.0050304671       3508.4238      -6.6601069       -8.6915466         2.0314397       3508.4238                           3079.9805                 23.442137                 396.08766                      8.9134957
              2       1747.5481     0.069573495       4.6856195    0.0074034262       3508.4164      -6.6601069       -8.6915466         2.0314397       3508.4164                           3079.9203                  23.44594                 396.08766                      8.9625052
              3       1747.4882     0.059312771       5.0831442    0.0077055434       3508.2965      -6.6601069       -8.6915466         2.0314397       3508.2965                           3079.8038                 23.446448                 396.08766                      8.9586259
              6         1747.46      0.05303948       5.1020679     0.007259915       3508.2402      -6.6601069       -8.6915466         2.0314397       3508.2402                           3079.7616                 23.445839                 396.08766                       8.945139
              1       1747.8682     0.061359882       5.1575534    0.0060307091       3509.0567      -6.6601069       -8.6915466         2.0314397       3509.0567                           3080.5927                 23.443484                 396.08766                      8.9328223
              4       1747.6433     0.069512247        4.657196    0.0063231001       3508.6067      -6.6601069       -8.6915466         2.0314397       3508.6067                           3080.1312                 23.444115                 396.08766                      8.9437804
              7       1748.1783     0.066276634       5.2847726     0.008142059       3509.6767      -6.6601069       -8.6915466         2.0314397       3509.6767                           3081.1656                 23.446869                 396.08766                      8.9766202
              3       1748.1948     0.064516991       5.0961512    0.0050369274       3509.7098      -6.6601069       -8.6915466         2.0314397       3509.7098                           3081.2603                 23.441746                 396.08766                      8.9200927
              1       1748.6142     0.068773634       5.0672643    0.0048222417       3510.5485      -6.6601069       -8.6915466         2.0314397       3510.5485                            3082.097                  23.44129                 396.08766                      8.9226055
              2       1747.4758     0.065115386       4.8811317    0.0082946262       3508.2718      -6.6601069       -8.6915466         2.0314397       3508.2718                           3079.7625                 23.447439                 396.08766                      8.9742215
             16       1747.6404     0.073962164       4.6288668    0.0078143662       3508.6009      -6.6601069       -8.6915466         2.0314397       3508.6009                           3080.0924                 23.446586                 396.08766                      8.9742764
              3        1747.785     0.073342389       4.8602949    0.0095211768       3508.8903      -6.6601069       -8.6915466         2.0314397       3508.8903                           3080.3477                 23.449356                 396.08766                      9.0055139
              1       1747.8021      0.07421006       4.8400912     0.009618876       3508.9245      -6.6601069       -8.6915466         2.0314397       3508.9245                           3080.3791                 23.449518                 396.08766                      9.0081637
              5       1747.4652     0.071267052       4.6726082    0.0088238373       3508.2507      -6.6601069       -8.6915466         2.0314397       3508.2507                           3079.7256                 23.448343                 396.08766                      8.9891119
              1       1747.5244     0.071509226        4.660363    0.0081462902       3508.3691      -6.6601069       -8.6915466         2.0314397       3508.3691                           3079.8568                 23.447186                 396.08766                      8.9774115
              1       1747.3443     0.067612085       4.5657662    0.0081777725       3508.0087      -6.6601069       -8.6915466         2.0314397       3508.0087                           3079.5002                 23.447386                 396.08766                      8.9735214
              5       1747.3986     0.057853571        4.869685    0.0077054965       3508.1174      -6.6601069       -8.6915466         2.0314397       3508.1174                           3079.6262                 23.446612                 396.08766                      8.9569008
              2       1747.5212     0.060616943       4.5138633    0.0054436314       3508.3627      -6.6601069       -8.6915466         2.0314397       3508.3627                           3079.9123                 23.442889                 396.08766                        8.91978
              4       1747.5105     0.060811202       4.5137146    0.0055614566       3508.3412      -6.6601069       -8.6915466         2.0314397       3508.3412                           3079.8885                 23.443086                 396.08766                      8.9219571
              3       1747.4978     0.057606071       4.5669063    0.0069975217       3508.3159      -6.6601069       -8.6915466         2.0314397       3508.3159                            3079.838                 23.445577                 396.08766                       8.944596
              3       1747.4713     0.057870449       4.5975958    0.0071803381       3508.2629      -6.6601069       -8.6915466         2.0314397       3508.2629                           3079.7814                 23.445867                 396.08766                      8.9479363
              3       1748.1303      0.07452718       4.8759708    0.0080032993       3509.5808      -6.6601069       -8.6915466         2.0314397       3509.5808                           3081.0653                 23.446717                 396.08766                      8.9810838
              9       1747.7794     0.069396103       4.9382543    0.0082920592        3508.879      -6.6601069       -8.6915466         2.0314397        3508.879                           3080.3644                 23.447291                 396.08766                      8.9796987
              2       1748.0181     0.065546518       5.1581049    0.0071569383       3509.3565      -6.6601069       -8.6915466         2.0314397       3509.3565                           3080.8662                 23.445295                 396.08766                      8.9573703
              4       1748.1304     0.064289373       5.1561942    0.0058422761        3509.581      -6.6601069       -8.6915466         2.0314397        3509.581                           3081.1167                 23.443085                 396.08766                       8.933631
              3       1747.6629     0.058323231       4.9251654    0.0049362218       3508.6461      -6.6601069       -8.6915466         2.0314397       3508.6461                           3080.2068                 23.441839                 396.08766                      8.9097623
              1       1747.6881     0.069389995       4.7798676    0.0071372666       3508.6964      -6.6601069       -8.6915466         2.0314397       3508.6964                           3080.2049                 23.445426                 396.08766                      8.9584188
              2       1747.6614     0.069388725       4.7493012    0.0070237093        3508.643      -6.6601069       -8.6915466         2.0314397        3508.643                           3080.1539                 23.445253                 396.08766                      8.9562324
             12       1747.6846      0.06543846       4.9040482     0.006746559       3508.6894      -6.6601069       -8.6915466         2.0314397       3508.6894                            3080.209                 23.444769                 396.08766                      8.9479842
             17       1747.5321     0.073372405       4.5430495    0.0075181707       3508.3844      -6.6601069       -8.6915466         2.0314397       3508.3844                           3079.8828                 23.446151                 396.08766                      8.9678064
              1       1748.0012     0.074818295       4.6746698    0.0062748409       3509.3226      -6.6601069       -8.6915466         2.0314397       3509.3226                           3080.8413                 23.443904                 396.08766                        8.94973
              5       1747.9446     0.074319184       4.6024589    0.0055788697       3509.2094      -6.6601069       -8.6915466         2.0314397       3509.2094                           3080.7423                 23.442778                 396.08766                      8.9366875
              3       1747.8766     0.073292386       4.6143132    0.0057096057       3509.0735      -6.6601069       -8.6915466         2.0314397       3509.0735                           3080.6051                 23.443015                 396.08766                      8.9376666
              3       1747.9955     0.065862532       4.7626894    0.0037806591       3509.3112      -6.6601069       -8.6915466         2.0314397       3509.3112                           3080.8855                 23.439792                 396.08766                      8.8982667
              2       1747.4644     0.065787226       4.5285127    0.0061171975        3508.249      -6.6601069       -8.6915466         2.0314397        3508.249                           3079.7816                 23.443924                 396.08766                      8.9358083
              2       1747.3524     0.060651726       4.8672875    0.0086661847       3508.0249      -6.6601069       -8.6915466         2.0314397       3508.0249                           3079.5127                 23.448191                 396.08766                      8.9763835
              1         1747.32       0.0657208       4.5939331    0.0085780236       3507.9603      -6.6601069       -8.6915466         2.0314397       3507.9603                           3079.4455                 23.448093                 396.08766                      8.9789908
              1       1747.3309      0.06668836       4.6048726    0.0085079984        3507.982      -6.6601069       -8.6915466         2.0314397        3507.982                           3079.4678                 23.447946                 396.08766                      8.9786237
              3       1747.5519      0.06870711       4.8816983    0.0092269421       3508.4241      -6.6601069       -8.6915466         2.0314397       3508.4241                           3079.8927                 23.448948                 396.08766                      8.9947268
              6       1747.7295     0.069408487       4.9881636     0.009397996       3508.7791      -6.6601069       -8.6915466         2.0314397       3508.7791                           3080.2428                 23.449149                 396.08766                       8.999509
              4       1747.8131     0.068238274       5.0993814    0.0095104576       3508.9463      -6.6601069       -8.6915466         2.0314397       3508.9463                           3080.4083                 23.449292                 396.08766                      9.0010285
              3       1747.6671      0.06676797       5.0343283    0.0089580311       3508.6543      -6.6601069       -8.6915466         2.0314397       3508.6543                           3080.1294                  23.44843                 396.08766                      8.9888115
              3       1747.5114     0.057257998       5.1722635    0.0074102976        3508.343      -6.6601069       -8.6915466         2.0314397        3508.343                           3079.8577                 23.445943                 396.08766                      8.9516841
              2       1747.5683     0.056113798       5.2969079     0.007292462       3508.4569      -6.6601069       -8.6915466         2.0314397       3508.4569                           3079.9746                 23.445697                 396.08766                      8.9489035
              1       1747.4077     0.051336542       5.2812447    0.0097781082       3508.1356      -6.6601069       -8.6915466         2.0314397       3508.1356                           3079.5906                 23.450098                 396.10607                      8.9888587
              8       1747.3807     0.053965423       5.1350465    0.0098883509       3508.0816      -6.6601069       -8.6915466         2.0314397       3508.0816                           3079.5324                 23.450297                 396.10607                      8.9929213
              1       1747.6406     0.049303203       5.0141189    0.0099927272       3508.6014      -6.6601069       -8.6915466         2.0314397       3508.6014                           3080.0517                 23.450664                 396.10607                      8.9929719
              3       1747.6897     0.049089524       4.9592382    0.0050997382       3508.6995      -6.6601069       -8.6915466         2.0314397       3508.6995                           3080.2647                 23.442326                 396.08766                       8.904841
              1       1747.7176     0.048390731       4.9469294    0.0051291331       3508.7554      -6.6601069       -8.6915466         2.0314397       3508.7554                           3080.3204                   23.4424                 396.08766                      8.9049368
             13       1747.7222     0.048354272       4.9467655     0.005069489       3508.7646      -6.6601069       -8.6915466         2.0314397       3508.7646                           3080.3308                 23.442299                 396.08766                      8.9038855
              5       1747.5326       0.0646345       4.7764038    0.0066648769       3508.3854      -6.6601069       -8.6915466         2.0314397       3508.3854                           3079.9081                 23.444731                 396.08766                      8.9449228
              1       1747.5327     0.047801555       5.2562359    0.0082032041       3508.3856      -6.6601069       -8.6915466         2.0314397       3508.3856                           3079.8742                 23.447513                 396.10607                      8.9578564
              7       1747.6541     0.049830651       4.8641473    0.0077548482       3508.6284      -6.6601069       -8.6915466         2.0314397       3508.6284                           3080.1233                 23.446892                 396.10607                      8.9522227
              1       1748.1001     0.045931421        4.735991    0.0084535575       3509.5204      -6.6601069       -8.6915466         2.0314397       3509.5204                           3081.0013                  23.44824                 396.10607                      8.9647679
              4       1748.0495     0.046826552       4.8011237    0.0098539029       3509.4193      -6.6601069       -8.6915466         2.0314397       3509.4193                           3080.8717                 23.450591                 396.10607                      8.9909285
             17       1748.0519     0.046907763       4.8009413    0.0099582442        3509.424      -6.6601069       -8.6915466         2.0314397        3509.424                           3080.8742                 23.450768                 396.10607                      8.9929427
              2       1747.6983     0.049284821       4.8774471    0.0086718101       3508.7168      -6.6601069       -8.6915466         2.0314397       3508.7168                           3080.1935                 23.448469                 396.10607                      8.9687705
              1       1747.6695      0.04936477       4.9087451    0.0087471023       3508.6593      -6.6601069       -8.6915466         2.0314397       3508.6593                           3080.1346                  23.44858                 396.10607                      8.9700306
              4       1747.5625     0.054377598        4.959528    0.0055778153       3508.4453      -6.6601069       -8.6915466         2.0314397       3508.4453                           3079.9976                 23.443011                 396.08766                      8.9169744
              3       1747.6951     0.058233639       4.6570779    0.0038092294       3508.7105      -6.6601069       -8.6915466         2.0314397       3508.7105                           3080.2925                 23.440073                 396.08766                      8.8902643
              3       1747.6201     0.058616254       4.6882085    0.0045405081       3508.5605      -6.6601069       -8.6915466         2.0314397       3508.5605                           3080.1287                 23.441294                 396.08766                      8.9028324
             14       1747.5548     0.060971031       4.7755812    0.0056318812       3508.4298      -6.6601069       -8.6915466         2.0314397       3508.4298                           3079.9755                 23.443051                 396.08766                      8.9235957
              1       1747.6134     0.062875577       4.7639876     0.005438537        3508.547      -6.6601069       -8.6915466         2.0314397        3508.547                           3080.0944                 23.442685                 396.08766                      8.9222081
              1       1747.8928      0.06387981       4.8259996     0.004213675       3509.1058      -6.6601069       -8.6915466         2.0314397       3509.1058                           3080.6742                 23.440535                 396.08766                      8.9033996
              5       1747.7901     0.058889684        5.075831    0.0050096977       3508.9005      -6.6601069       -8.6915466         2.0314397       3508.9005                           3080.4587                 23.441859                 396.08766                      8.9122769
              3        1747.347     0.065602859       4.5651449    0.0078825562       3508.0143      -6.6601069       -8.6915466         2.0314397       3508.0143                           3079.5132                 23.446923                 396.08766                      8.9664809
              3       1747.6727     0.054263363       4.5228323    0.0061742319       3508.6656      -6.6601069       -8.6915466         2.0314397       3508.6656                           3080.2056                 23.444262                 396.08766                      8.9281328
              2       1747.7646     0.055850937       4.5874815    0.0033126538       3508.8493      -6.6601069       -8.6915466         2.0314397       3508.8493                           3080.4423                 23.439316                 396.08766                       8.880033
              2       1747.7711     0.059974688       4.8409112    0.0040715622       3508.8625      -6.6601069       -8.6915466         2.0314397       3508.8625                           3080.4376                 23.440375                 396.08766                      8.8967977
              2       1747.8203     0.066838651       4.8574864    0.0059292768       3508.9608      -6.6601069       -8.6915466         2.0314397       3508.9608                           3080.4942                  23.44337                 396.08766                      8.9355458
              1       1747.8388      0.06162085       4.9548567    0.0047433636       3508.9979      -6.6601069       -8.6915466         2.0314397       3508.9979                           3080.5585                 23.441411                 396.08766                      8.9103127
              2       1749.1987     0.068790065        5.246912    0.0045002717       3511.7176      -6.6601069       -8.6915466         2.0314397       3511.7176                           3083.2688                  23.44061                 396.08766                      8.9205169
              3       1748.1914     0.064037601       5.1728609     0.005559725       3509.7031      -6.6601069       -8.6915466         2.0314397       3509.7031                            3081.244                 23.442598                 396.08766                      8.9288031
              3       1747.9096     0.069554965       4.7046574    0.0050059349       3509.1395      -6.6601069       -8.6915466         2.0314397       3509.1395                           3080.6878                 23.441834                 396.08766                      8.9222488
              1       1747.3743     0.058648255       4.7713078    0.0099239473       3508.0688      -6.6601069       -8.6915466         2.0314397       3508.0688                           3079.5144                 23.450451                 396.10607                      8.9978794
             10       1747.6249     0.054990212       4.6098908    0.0094210269         3508.57      -6.6601069       -8.6915466         2.0314397         3508.57                           3080.0274                 23.449759                 396.10607                      8.9867955
              1       1747.7448     0.050695414       4.7962023    0.0099330609       3508.8097      -6.6601069       -8.6915466         2.0314397       3508.8097                           3080.2593                 23.450638                 396.10607                      8.9937162
              1       1747.7926     0.052976973        4.550722    0.0040266494       3508.9055      -6.6601069       -8.6915466         2.0314397       3508.9055                           3080.4872                 23.440611                 396.08766                        8.89002
             12       1747.7159     0.061160061        4.649458    0.0038221153       3508.7521      -6.6601069       -8.6915466         2.0314397       3508.7521                           3080.3312                 23.440036                 396.08766                      8.8931649
              1       1747.5843     0.057819034       4.5357577    0.0051493853       3508.4888      -6.6601069       -8.6915466         2.0314397       3508.4888                           3080.0462                 23.442433                 396.08766                      8.9125552
              3       1747.3662      0.05959357       4.9247288    0.0085271724       3508.0526      -6.6601069       -8.6915466         2.0314397       3508.0526                            3079.544                 23.447944                 396.08766                      8.9730416
              6       1747.4353     0.061727254       4.9862185    0.0084222087       3508.1908      -6.6601069       -8.6915466         2.0314397       3508.1908                           3079.6821                 23.447673                 396.08766                      8.9733363
              7       1747.4442     0.059106053        5.131186     0.008539672       3508.2086      -6.6601069       -8.6915466         2.0314397       3508.2086                           3079.6998                 23.447851                 396.08766                      8.9732732
              2       1747.5765     0.063684811       5.1262875    0.0091779008       3508.4732      -6.6601069       -8.6915466         2.0314397       3508.4732                           3079.9471                 23.448825                 396.08766                      8.9895752
              4       1747.5575     0.064030212        5.085286    0.0090878127       3508.4353      -6.6601069       -8.6915466         2.0314397       3508.4353                           3079.9108                 23.448689                 396.08766                       8.988122
              4       1747.6033     0.063102816       5.1029834    0.0083302705       3508.5268      -6.6601069       -8.6915466         2.0314397       3508.5268                           3080.0179                 23.447404                 396.08766                      8.9738505
              2       1747.8109     0.068574952       4.9524495    0.0077855565        3508.942      -6.6601069       -8.6915466         2.0314397        3508.942                           3080.4379                 23.446435                 396.08766                      8.9700475
              2       1747.4418     0.062528852        5.008737     0.008867273       3508.2037      -6.6601069       -8.6915466         2.0314397       3508.2037                           3079.6855                   23.4484                 396.08766                      8.9821417
              1       1747.6333     0.051964026       5.1049287    0.0050628345       3508.5868      -6.6601069       -8.6915466         2.0314397       3508.5868                           3080.1508                 23.442114                 396.08766                      8.9062586
              2         1747.54     0.053558796       5.0895533    0.0060732271       3508.4003      -6.6601069       -8.6915466         2.0314397       3508.4003                           3079.9439                 23.443805                 396.08766                       8.924886
              7       1747.6674     0.048572397       4.9551716    0.0064159561        3508.655      -6.6601069       -8.6915466         2.0314397        3508.655                           3080.1768                 23.444588                 396.10607                      8.9275163
              1       1747.5707     0.049693779       5.0447884    0.0065559649       3508.4616      -6.6601069       -8.6915466         2.0314397       3508.4616                           3079.9988                 23.444754                 396.08766                      8.9304071
              1       1747.5203     0.051786955       5.0152884    0.0066078178       3508.3609      -6.6601069       -8.6915466         2.0314397       3508.3609                           3079.8956                 23.444804                 396.08766                      8.9327955
              2       1747.6057     0.052591234       5.0248641    0.0052304048       3508.5317      -6.6601069       -8.6915466         2.0314397       3508.5317                            3080.092                 23.442427                 396.08766                      8.9095858
              3        1747.559     0.054389115       5.0120099    0.0057115001       3508.4382      -6.6601069       -8.6915466         2.0314397       3508.4382                            3079.988                 23.443209                 396.08766                      8.9193142
              1       1747.5061     0.052392003       5.0533928    0.0065926296       3508.3324      -6.6601069       -8.6915466         2.0314397       3508.3324                           3079.8671                 23.444742                 396.08766                      8.9329401
              3       1747.5816     0.052896861       5.2591925    0.0061059175       3508.4835      -6.6601069       -8.6915466         2.0314397       3508.4835                           3080.0269                 23.443783                 396.08766                      8.9250987
              1       1747.4261      0.05408063       4.9911597     0.007925621       3508.1725      -6.6601069       -8.6915466         2.0314397       3508.1725                             3079.68                 23.447013                 396.08766                      8.9578404
              2       1748.3604     0.065189099       5.1341311    0.0049017464        3510.041      -6.6601069       -8.6915466         2.0314397        3510.041                           3081.5926                 23.441472                 396.08766                      8.9193125
              4       1748.1488     0.060448731       5.0355106    0.0032066616       3509.6177      -6.6601069       -8.6915466         2.0314397       3509.6177                           3081.2067                 23.438773                 396.08766                       8.884581
              1       1747.6757     0.060294991       4.7492271    0.0043964442       3508.6717      -6.6601069       -8.6915466         2.0314397       3508.6717                           3080.2409                 23.440976                 396.08766                      8.9021306
              6       1747.7644     0.059034972       4.7014699    0.0034149961        3508.849      -6.6601069       -8.6915466         2.0314397        3508.849                           3080.4374                  23.43936                 396.08766                      8.8845927
              1       1747.6953     0.057132891       4.7511149    0.0039537792       3508.7107      -6.6601069       -8.6915466         2.0314397       3508.7107                            3080.291                 23.440292                 396.08766                      8.8918174
              2        1747.857     0.061190766       4.8769805    0.0040047487       3509.0343      -6.6601069       -8.6915466         2.0314397       3509.0343                           3080.6092                 23.440211                 396.08766                      8.8972213
              2       1747.9094     0.062694711       4.7850311    0.0035263006        3509.139      -6.6601069       -8.6915466         2.0314397        3509.139                           3080.7213                 23.439417                 396.08766                      8.8905906
              6       1747.5214      0.05877042       5.2823484    0.0087906847        3508.363      -6.6601069       -8.6915466         2.0314397        3508.363                           3079.8491                 23.448194                 396.08766                      8.9779681
              1       1747.5418     0.061795728       4.9562828     0.007037849       3508.4038      -6.6601069       -8.6915466         2.0314397       3508.4038                           3079.9217                 23.445322                 396.08766                      8.9491567
              3       1747.7647     0.046918427        4.936182    0.0066383903       3508.8496      -6.6601069       -8.6915466         2.0314397       3508.8496                           3080.3682                 23.445018                 396.10607                      8.9303675
              5       1748.1469     0.045436747       4.7301756    0.0083628536        3509.614      -6.6601069       -8.6915466         2.0314397        3509.614                           3081.0969                 23.448099                 396.10607                        8.96299
              1       1747.3886     0.055803974       4.9465468    0.0084556887       3508.0974      -6.6601069       -8.6915466         2.0314397       3508.0974                           3079.5931                 23.447902                 396.08766                       8.968684
              2       1747.7339     0.053603899       5.0291497    0.0040910606        3508.788      -6.6601069       -8.6915466         2.0314397        3508.788                           3080.3685                 23.440457                 396.08766                      8.8913658
              5       1747.6448     0.050415152       5.0546003    0.0050194794       3508.6097      -6.6601069       -8.6915466         2.0314397       3508.6097                           3080.1757                 23.442107                 396.08766                      8.9042678
              6       1747.7134     0.049214187       4.9507889    0.0047074582       3508.7471      -6.6601069       -8.6915466         2.0314397       3508.7471                           3080.3196                 23.441659                 396.08766                      8.8982118
              1       1747.5856     0.052985054       4.9010875    0.0054441166       3508.4914      -6.6601069       -8.6915466         2.0314397       3508.4914                           3080.0474                 23.442848                 396.08766                      8.9135759
              4       1747.3784     0.060626179       4.5923554    0.0091633154       3508.0769      -6.6601069       -8.6915466         2.0314397       3508.0769                           3079.5544                 23.449206                 396.08766                      8.9856818
              4       1747.5629     0.055648152       4.6106034    0.0087381303        3508.446      -6.6601069       -8.6915466         2.0314397        3508.446                           3079.9166                 23.448574                 396.10607                      8.9747834
              8       1747.7967     0.072973456       4.5100723    0.0050848445       3508.9135      -6.6601069       -8.6915466         2.0314397       3508.9135                           3080.4579                 23.442027                 396.08766                      8.9259484
              2       1747.5181     0.066818233        4.556046    0.0058780912       3508.3564      -6.6601069       -8.6915466         2.0314397       3508.3564                           3079.8925                 23.443477                 396.08766                      8.9328057
              1       1747.3821     0.057992222       4.7568136    0.0089854984       3508.0844      -6.6601069       -8.6915466         2.0314397       3508.0844                           3079.5676                 23.448866                 396.08766                       8.980189
              7       1747.6717     0.049032388       4.8971117    0.0069893148       3508.6637      -6.6601069       -8.6915466         2.0314397       3508.6637                           3080.1742                 23.445586                 396.10607                      8.9378393
              1       1747.6611     0.064637676       4.7349566    0.0053211054       3508.6423      -6.6601069       -8.6915466         2.0314397       3508.6423                           3080.1902                 23.442462                 396.08766                      8.9219693
              1       1747.6251     0.060852557       4.7803115    0.0050229775       3508.5705      -6.6601069       -8.6915466         2.0314397       3508.5705                           3080.1276                 23.442013                 396.08766                      8.9132345
              3       1747.8785     0.062729658       4.7940766    0.0037708988       3509.0772      -6.6601069       -8.6915466         2.0314397       3509.0772                           3080.6551                 23.439827                 396.08766                       8.894649
              1       1747.9815     0.064367358       4.7878271    0.0035912063       3509.2832      -6.6601069       -8.6915466         2.0314397       3509.2832                           3080.8624                 23.439488                 396.08766                      8.8936078
              4       1747.7369     0.065042235       4.5393854    0.0037583609       3508.7941      -6.6601069       -8.6915466         2.0314397       3508.7941                           3080.3709                  23.43991                 396.08766                      8.8955685
              4       1747.5407      0.06743082       4.5967757    0.0060633658       3508.4017      -6.6601069       -8.6915466         2.0314397       3508.4017                           3079.9335                 23.443755                 396.08766                      8.9367491
              3       1748.0461     0.072237906       4.8448785     0.006841606       3509.4124      -6.6601069       -8.6915466         2.0314397       3509.4124                           3080.9221                 23.444809                 396.08766                      8.9577855
              3       1747.8163     0.060668156       5.1180668    0.0057582583       3508.9528      -6.6601069       -8.6915466         2.0314397       3508.9528                           3080.4949                 23.443063                 396.08766                      8.9271099
              3       1747.7898     0.054730099       5.0841133    0.0040263353       3508.8999      -6.6601069       -8.6915466         2.0314397       3508.8999                           3080.4804                 23.440287                 396.08766                      8.8915591
              2       1747.5381     0.052095983       5.2339759    0.0063867838       3508.3965      -6.6601069       -8.6915466         2.0314397       3508.3965                           3079.9354                 23.444299                 396.08766                      8.9291586
              4       1749.0223     0.070228345       5.1925804    0.0053576261       3511.3648      -6.6601069       -8.6915466         2.0314397       3511.3648                           3082.8994                 23.442072                 396.08766                      8.9356779
              2         1747.55     0.050837177       4.9557322    0.0075524353       3508.4203      -6.6601069       -8.6915466         2.0314397       3508.4203                            3079.919                 23.446475                 396.10607                      8.9487187
              3       1747.4481     0.054844837       4.8577261    0.0076363021       3508.2165      -6.6601069       -8.6915466         2.0314397       3508.2165                           3079.7288                 23.446573                 396.08766                      8.9534176
              6       1747.5926     0.060398055       5.2744845    0.0088112089       3508.5055      -6.6601069       -8.6915466         2.0314397       3508.5055                           3079.9895                 23.448188                 396.08766                      8.9801426
              4       1747.7297     0.064126154       4.9662456    0.0064488021       3508.7796      -6.6601069       -8.6915466         2.0314397       3508.7796                           3080.3059                 23.444251                 396.08766                      8.9418206
              5       1747.9493      0.06870398       5.1233791    0.0090971105       3509.2188      -6.6601069       -8.6915466         2.0314397       3509.2188                           3080.6879                 23.448555                 396.08766                      8.9946915
              2       1748.0625     0.070517266       5.0611249    0.0086146792       3509.4452      -6.6601069       -8.6915466         2.0314397       3509.4452                           3080.9216                 23.447726                 396.08766                      8.9881994
              1       1748.0795     0.070918577       5.0583025    0.0087232429       3509.4791      -6.6601069       -8.6915466         2.0314397       3509.4791                            3080.953                 23.447904                 396.08766                      8.9906192
              4       1748.2444     0.072820172       5.0669626    0.0090789751        3509.809      -6.6601069       -8.6915466         2.0314397        3509.809                           3081.2732                 23.448457                 396.08766                       8.999729
              2       1747.6956     0.071931753       4.6717753    0.0069925138       3508.7114      -6.6601069       -8.6915466         2.0314397       3508.7114                           3080.2204                 23.445195                 396.08766                      8.9581083
             12       1747.6912     0.074778519       4.7553738    0.0096070245       3508.7027      -6.6601069       -8.6915466         2.0314397       3508.7027                           3080.1577                 23.449547                 396.08766                      9.0077942
              1        1747.447     0.062802371       4.8396794    0.0074885898       3508.2142      -6.6601069       -8.6915466         2.0314397       3508.2142                           3079.7229                 23.446141                 396.08766                      8.9575346
              1       1747.6955     0.065193875       4.9338979    0.0068417805       3508.7111      -6.6601069       -8.6915466         2.0314397       3508.7111                            3080.229                 23.444918                 396.08766                      8.9495292
              1       1747.8904     0.069328038       4.7070964    0.0050602179       3509.1011      -6.6601069       -8.6915466         2.0314397       3509.1011                           3080.6486                  23.44193                 396.08766                      8.9228826
              5       1747.7253     0.067258241       4.7255045    0.0055642021       3508.7708      -6.6601069       -8.6915466         2.0314397       3508.7708                           3080.3114                 23.442824                 396.08766                      8.9289123
              2       1747.7388     0.067544326       4.7305289    0.0056077923       3508.7978      -6.6601069       -8.6915466         2.0314397       3508.7978                           3080.3372                 23.442889                 396.08766                      8.9300099
              3       1747.6288     0.054214793        5.078695     0.005191235       3508.5777      -6.6601069       -8.6915466         2.0314397       3508.5777                           3080.1374                 23.442289                 396.08766                      8.9104188
              4       1747.5939     0.052183368       4.8281858    0.0059205831       3508.5081      -6.6601069       -8.6915466         2.0314397       3508.5081                           3080.0553                 23.443719                 396.08766                      8.9213803
              2        1747.722     0.056589141       5.1689864    0.0053635152       3508.7643      -6.6601069       -8.6915466         2.0314397       3508.7643                           3080.3181                 23.442467                 396.08766                      8.9160523
              3       1747.7183      0.05320897        4.892514      0.00395702       3508.7568      -6.6601069       -8.6915466         2.0314397       3508.7568                           3080.3402                 23.440312                 396.08766                      8.8886139
              5       1747.4989     0.056726029        4.878772    0.0061859176       3508.3181      -6.6601069       -8.6915466         2.0314397       3508.3181                            3079.857                 23.444037                 396.08766                      8.9293601
              2       1747.4835     0.056499184       4.6505322    0.0075051825       3508.2873      -6.6601069       -8.6915466         2.0314397       3508.2873                           3079.8005                 23.446423                 396.08766                      8.9526941
              2       1747.5635     0.054475811        4.663003    0.0075453563       3508.4471      -6.6601069       -8.6915466         2.0314397       3508.4471                           3079.9424                  23.44653                 396.10607                      8.9521399
              2       1747.4102     0.057024982       4.7560039    0.0085347026       3508.1406      -6.6601069       -8.6915466         2.0314397       3508.1406                           3079.6335                 23.448116                 396.08766                      8.9713214
              2       1747.9624     0.045974732       4.7894484    0.0046168047        3509.245      -6.6601069       -8.6915466         2.0314397        3509.245                           3080.8019                 23.441658                 396.10607                      8.8953417
              6       1748.0203     0.053868342       5.2776457    0.0033115261       3509.3608      -6.6601069       -8.6915466         2.0314397       3509.3608                           3080.9544                 23.438982                 396.08766                      8.8798068
              9       1747.9751     0.054205604       5.2681197    0.0036106189       3509.2705      -6.6601069       -8.6915466         2.0314397       3509.2705                           3080.8583                 23.439487                 396.08766                      8.8849937
              2        1747.976     0.054186077       5.2680823    0.0035997034       3509.2723      -6.6601069       -8.6915466         2.0314397       3509.2723                           3080.8604                 23.439469                 396.08766                       8.884794
              4       1747.9499     0.053708507        5.257434    0.0035683176       3509.2201      -6.6601069       -8.6915466         2.0314397       3509.2201                           3080.8093                 23.439435                 396.08766                      8.8836814
             14       1747.8286     0.074498955       4.6565319    0.0069928097       3508.9775      -6.6601069       -8.6915466         2.0314397       3508.9775                           3080.4835                  23.44515                 396.08766                      8.9611587
              1       1747.6258     0.067784443       4.5709758    0.0052802414       3508.5718      -6.6601069       -8.6915466         2.0314397       3508.5718                           3080.1179                 23.442428                 396.08766                      8.9237818
              4       1748.2317      0.07092369       4.7009958     0.003779129       3509.7836      -6.6601069       -8.6915466         2.0314397       3509.7836                           3081.3521                 23.439716                 396.08766                      8.9041272
              1       1747.5051     0.059543785       5.1538582    0.0081617871       3508.3304      -6.6601069       -8.6915466         2.0314397       3508.3304                           3079.8284                 23.447178                 396.08766                      8.9671409
              2       1747.5366     0.051780405       4.9145674    0.0088887228       3508.3934      -6.6601069       -8.6915466         2.0314397       3508.3934                           3079.8648                 23.448761                 396.10607                      8.9737651
              1       1747.4221     0.052225731       5.1450972     0.009940442       3508.1643      -6.6601069       -8.6915466         2.0314397       3508.1643                           3079.6151                 23.450428                 396.10607                      8.9927379
              1       1747.4122     0.057377147       5.1767595    0.0087589564       3508.1446      -6.6601069       -8.6915466         2.0314397       3508.1446                           3079.6331                 23.448245                 396.08766                      8.9755985
              3        1747.442     0.053014179       5.2506268     0.007826769       3508.2042      -6.6601069       -8.6915466         2.0314397       3508.2042                           3079.7147                 23.446725                 396.08766                      8.9551681
              9       1747.7883     0.074018163       4.7962455    0.0089227155       3508.8967      -6.6601069       -8.6915466         2.0314397       3508.8967                           3080.3655                 23.448362                 396.08766                      8.9952249
              4       1747.6367     0.057716395       4.6435443    0.0043536697       3508.5936      -6.6601069       -8.6915466         2.0314397       3508.5936                            3080.166                  23.44102                 396.08766                      8.8988932
              2       1747.5764     0.064036477        4.673872    0.0054811679        3508.473      -6.6601069       -8.6915466         2.0314397        3508.473                           3080.0188                 23.442787                 396.08766                      8.9237426
              2       1747.6361     0.062478198       4.8217492    0.0055112627       3508.5925      -6.6601069       -8.6915466         2.0314397       3508.5925                           3080.1388                 23.442783                 396.08766                      8.9232772
              5       1747.8807     0.073400299       4.9312557    0.0099125608       3509.0816      -6.6601069       -8.6915466         2.0314397       3509.0816                           3080.5307                 23.449973                 396.08766                       9.013296
              2       1747.5356     0.066373933       4.6858675    0.0064657178       3508.3915      -6.6601069       -8.6915466         2.0314397       3508.3915                           3079.9165                 23.444409                 396.08766                      8.9429212
              3       1748.6274     0.065876063       5.1168211    0.0038747428        3510.575      -6.6601069       -8.6915466         2.0314397        3510.575                           3082.1439                 23.439717                 396.08766                       8.903707
             11       1748.5685      0.07187959       5.1957699    0.0085210082       3510.4571      -6.6601069       -8.6915466         2.0314397       3510.4571                           3081.9313                 23.447428                 396.08766                      8.9907177
              5       1747.6008      0.05497108       4.9629475    0.0051870046       3508.5218      -6.6601069       -8.6915466         2.0314397       3508.5218                            3080.081                 23.442327                 396.08766                      8.9108436
              1        1747.442      0.05555307       4.9513657    0.0071916083       3508.2042      -6.6601069       -8.6915466         2.0314397       3508.2042                           3079.7248                 23.445743                 396.08766                      8.9459596
              3       1747.5678      0.06093101       5.0438171    0.0071708076       3508.4558      -6.6601069       -8.6915466         2.0314397       3508.4558                           3079.9717                 23.445516                 396.08766                      8.9509246
              5       1747.5409     0.063343791       5.0213135    0.0082154487        3508.402      -6.6601069       -8.6915466         2.0314397        3508.402                           3079.8954                 23.447255                 396.08766                      8.9716211
              4       1747.3839     0.068850992       4.5624169    0.0078338628       3508.0881      -6.6601069       -8.6915466         2.0314397       3508.0881                            3079.585                 23.446773                 396.08766                      8.9686349
              3       1747.5439     0.069481073        4.857621    0.0094331114        3508.408      -6.6601069       -8.6915466         2.0314397        3508.408                           3079.8719                   23.4493                 396.08766                      8.9991184
              3       1747.4548     0.058777095       4.5913561    0.0093966688       3508.2299      -6.6601069       -8.6915466         2.0314397       3508.2299                           3079.6854                 23.449646                 396.10607                      8.9888201
              3       1747.8974     0.050618264        4.646853    0.0031226345        3509.115      -6.6601069       -8.6915466         2.0314397        3509.115                           3080.7152                 23.439075                 396.08766                      8.8730236
              4       1747.4446     0.055768131       4.9268921    0.0071098759       3508.2094      -6.6601069       -8.6915466         2.0314397       3508.2094                           3079.7314                 23.445612                 396.08766                      8.9446957
              1       1747.5902     0.064087079       4.6056307    0.0050283081       3508.5007      -6.6601069       -8.6915466         2.0314397       3508.5007                            3080.055                 23.442055                 396.08766                      8.9159259
              1       1747.5137     0.056620216        4.676353    0.0061636789       3508.3476      -6.6601069       -8.6915466         2.0314397       3508.3476                           3079.8868                 23.444114                 396.08766                       8.928975
              2       1747.3988     0.061060334       4.8146341    0.0076259478       3508.1178      -6.6601069       -8.6915466         2.0314397       3508.1178                           3079.6255                 23.446433                 396.08766                      8.9581947
              2       1747.3889     0.059590712       4.8119348    0.0076984755        3508.098      -6.6601069       -8.6915466         2.0314397        3508.098                           3079.6056                 23.446593                 396.08766                      8.9581878
              8       1747.3918      0.06019982       4.7140716    0.0074846958       3508.1039      -6.6601069       -8.6915466         2.0314397       3508.1039                           3079.6151                 23.446271                 396.08766                      8.9548899
              4       1747.6175     0.054187836       4.6236028    0.0083568663       3508.5553      -6.6601069       -8.6915466         2.0314397       3508.5553                           3080.0343                 23.447946                 396.10607                       8.966938
              1       1747.5013     0.059012271       4.7144351    0.0058613436       3508.3228      -6.6601069       -8.6915466         2.0314397       3508.3228                            3079.866                 23.443523                 396.08766                      8.9256258
              4       1747.4194     0.059896284       4.5547093    0.0078971533        3508.159      -6.6601069       -8.6915466         2.0314397        3508.159                            3079.662                 23.447074                 396.08766                      8.9622625
              3       1747.3933     0.063746587       4.5058207    0.0070076771       3508.1069      -6.6601069       -8.6915466         2.0314397       3508.1069                           3079.6243                 23.445501                 396.08766                      8.9494555
              2       1747.5657     0.064239665       4.6288848    0.0053756069       3508.4515      -6.6601069       -8.6915466         2.0314397       3508.4515                           3079.9992                  23.44263                 396.08766                      8.9219994
              1       1747.8918      0.06470368       4.6814859    0.0034931049       3509.1039      -6.6601069       -8.6915466         2.0314397       3509.1039                           3080.6852                 23.439379                 396.08766                        8.89166
              2       1747.8947     0.059515878       5.0485237    0.0043715336       3509.1096      -6.6601069       -8.6915466         2.0314397       3509.1096                           3080.6788                 23.440772                 396.08766                      8.9023377
              4       1747.9157     0.058470139       5.0203296    0.0037715982       3509.1516      -6.6601069       -8.6915466         2.0314397       3509.1516                            3080.733                 23.439794                 396.08766                      8.8911704
              2        1747.591     0.049406627       5.0166394    0.0068673656       3508.5023      -6.6601069       -8.6915466         2.0314397       3508.5023                           3080.0151                 23.445308                 396.10607                      8.9358081
              7       1747.5752     0.049785383       4.9950227    0.0074584987       3508.4707      -6.6601069       -8.6915466         2.0314397       3508.4707                            3079.972                  23.44632                 396.10607                       8.946304
              1       1747.4522      0.05799151       5.1712544    0.0083425926       3508.2247      -6.6601069       -8.6915466         2.0314397       3508.2247                           3079.7207                 23.447518                 396.08766                      8.9687887
              1       1747.6077     0.056711394       5.2803123    0.0070317746       3508.5356      -6.6601069       -8.6915466         2.0314397       3508.5356                           3080.0577                 23.445244                 396.08766                      8.9449757
              2       1747.6818     0.062046788       5.1539929    0.0076398985       3508.6839      -6.6601069       -8.6915466         2.0314397       3508.6839                            3080.189                 23.446218                 396.08766                      8.9609614
              5       1747.5394     0.060162917       5.0671912    0.0073445683        3508.399      -6.6601069       -8.6915466         2.0314397        3508.399                           3079.9123                 23.445818                 396.08766                      8.9531814
              2       1747.4301     0.056802733        5.083984    0.0077915416       3508.1804      -6.6601069       -8.6915466         2.0314397       3508.1804                           3079.6884                  23.44666                 396.08766                      8.9577076
             10       1747.7249     0.068073213       4.9474307    0.0081142331       3508.7701      -6.6601069       -8.6915466         2.0314397       3508.7701                           3080.2604                 23.447013                 396.08766                        8.97501
              5       1747.5874     0.071089743       4.8114433    0.0092482372        3508.495      -6.6601069       -8.6915466         2.0314397        3508.495                            3079.961                 23.448977                 396.08766                      8.9973898
              4       1747.9699     0.072101148       4.8125935    0.0068404291         3509.26      -6.6601069       -8.6915466         2.0314397         3509.26                           3080.7703                 23.444833                 396.08766                      8.9571882
              2        1747.681     0.071360017       4.8303569    0.0087745506       3508.6823      -6.6601069       -8.6915466         2.0314397       3508.6823                           3080.1569                 23.448146                 396.08766                      8.9895667
              3       1747.7061     0.048404714       4.8999793    0.0065814502       3508.7325      -6.6601069       -8.6915466         2.0314397       3508.7325                           3080.2513                 23.444902                 396.10607                       8.930212
              6       1747.5017     0.052180477       5.0689042    0.0067007518       3508.3237      -6.6601069       -8.6915466         2.0314397       3508.3237                           3079.8564                 23.444924                 396.08766                       8.934661
              3        1747.877     0.050522763       5.2307852    0.0032925478       3509.0742      -6.6601069       -8.6915466         2.0314397       3509.0742                           3080.6718                 23.439069                 396.08766                      8.8757115
             10       1747.7545     0.048615707       4.8790905    0.0048246159       3508.8291      -6.6601069       -8.6915466         2.0314397       3508.8291                           3080.3996                 23.441908                 396.08766                      8.9000107
              1       1747.5233     0.054570561       4.8318706    0.0061329221       3508.3667      -6.6601069       -8.6915466         2.0314397       3508.3667                           3079.9083                 23.444024                 396.08766                      8.9267338
              1       1747.4892     0.054034135       5.1069184    0.0067667692       3508.2986      -6.6601069       -8.6915466         2.0314397       3508.2986                           3079.8287                 23.444967                 396.08766                      8.9373192
              1       1747.4493     0.053333615       5.1040236    0.0074158693       3508.2188      -6.6601069       -8.6915466         2.0314397       3508.2188                           3079.7369                 23.446097                 396.08766                      8.9481254
              5       1747.6289     0.061679487       5.1695981    0.0080636721       3508.5781      -6.6601069       -8.6915466         2.0314397       3508.5781                           3080.0755                 23.446942                 396.08766                      8.9679337
              2       1747.5286     0.062237542       5.1531436     0.009192719       3508.3775      -6.6601069       -8.6915466         2.0314397       3508.3775                           3079.8526                 23.448871                 396.08766                      8.9883186
              1       1747.3796     0.057373226       5.1771431    0.0093589812       3508.0795      -6.6601069       -8.6915466         2.0314397       3508.0795                           3079.5562                 23.449272                 396.08766                      8.9863692
              1       1747.3996     0.056330731       4.9913933    0.0079705634       3508.1193      -6.6601069       -8.6915466         2.0314397       3508.1193                           3079.6243                 23.447033                 396.08766                      8.9603834
              3       1747.4415     0.055813806       5.0492995    0.0073687568       3508.2033      -6.6601069       -8.6915466         2.0314397       3508.2033                           3079.7203                 23.445983                 396.08766                       8.949337
              3       1747.6143     0.063639237       4.9691219    0.0071745341       3508.5488      -6.6601069       -8.6915466         2.0314397       3508.5488                            3080.062                 23.445502                 396.08766                      8.9536384
              1       1747.6054     0.067935203        4.738863    0.0068073399       3508.5311      -6.6601069       -8.6915466         2.0314397       3508.5311                           3080.0477                 23.444923                 396.08766                      8.9507729
              3       1747.5086     0.057396788        4.628533    0.0061850447       3508.3373      -6.6601069       -8.6915466         2.0314397       3508.3373                           3079.8755                 23.444159                 396.08766                      8.9299885
              3       1747.4017     0.059064172        4.635951    0.0086312537       3508.1237      -6.6601069       -8.6915466         2.0314397       3508.1237                           3079.6129                 23.448303                 396.08766                      8.9747718
             16        1747.755     0.050129011       4.7692717    0.0089641107       3508.8303      -6.6601069       -8.6915466         2.0314397       3508.8303                              3080.3                 23.449003                 396.10607                      8.9751928
              3       1747.9108     0.048972221       4.7593481    0.0098320131       3509.1419      -6.6601069       -8.6915466         2.0314397       3509.1419                           3080.5939                 23.450523                 396.10607                      8.9914503
              3       1747.3046      0.06359901       4.6716537    0.0094911567       3507.9294      -6.6601069       -8.6915466         2.0314397       3507.9294                           3079.3984                 23.449656                 396.08766                      8.9937203
              1       1747.3989     0.054644633       4.9961903    0.0092978703       3508.1181      -6.6601069       -8.6915466         2.0314397       3508.1181                           3079.5799                 23.449346                 396.10607                      8.9827332
              3       1747.4427     0.058449374       5.0487119    0.0077702507       3508.2057      -6.6601069       -8.6915466         2.0314397       3508.2057                           3079.7126                 23.446602                 396.08766                      8.9587931
              4       1747.6575     0.068160788       4.7639256    0.0067119449       3508.6352      -6.6601069       -8.6915466         2.0314397       3508.6352                           3080.1532                 23.444738                 396.08766                      8.9495841
              2       1747.7516     0.064112281       5.2066562    0.0087746863       3508.8233      -6.6601069       -8.6915466         2.0314397       3508.8233                            3080.304                 23.448068                 396.08766                      8.9836454
              3       1748.0519     0.066022965       5.2468888    0.0082850297       3509.4241      -6.6601069       -8.6915466         2.0314397       3509.4241                           3080.9111                 23.447148                 396.08766                      8.9782473
              3       1747.5564     0.071272893       4.6971607    0.0081616079        3508.433      -6.6601069       -8.6915466         2.0314397        3508.433                           3079.9205                 23.447192                 396.08766                      8.9776678
              3       1747.5602      0.07070083       4.5977502    0.0068555525       3508.4406      -6.6601069       -8.6915466         2.0314397       3508.4406                           3079.9542                 23.445038                 396.08766                      8.9537842
              3       1747.5424     0.066026636       4.5441548    0.0054538544       3508.4049      -6.6601069       -8.6915466         2.0314397       3508.4049                           3079.9497                 23.442777                 396.08766                      8.9247888
              4       1747.6824     0.052262078       4.6655225    0.0055703877        3508.685      -6.6601069       -8.6915466         2.0314397        3508.685                           3080.2383                 23.443202                 396.08766                      8.9157912
              4       1747.6486     0.055472997       4.6923941    0.0044611406       3508.6175      -6.6601069       -8.6915466         2.0314397       3508.6175                           3080.1897                 23.441226                 396.08766                      8.8988978
              3       1747.6783     0.052965156       4.6842628    0.0048936704       3508.6768      -6.6601069       -8.6915466         2.0314397       3508.6768                           3080.2426                 23.442023                 396.08766                      8.9044509
              2       1747.6825     0.050892794       4.8580589    0.0048483193       3508.6851      -6.6601069       -8.6915466         2.0314397       3508.6851                           3080.2537                 23.441905                 396.08766                      8.9019251
              6       1747.7207     0.049182206       4.8882357    0.0092550421       3508.7615      -6.6601069       -8.6915466         2.0314397       3508.7615                           3080.2262                 23.449465                 396.10607                       8.979788
              1       1747.6542     0.052897276       4.6511476     0.007906652       3508.6287      -6.6601069       -8.6915466         2.0314397       3508.6287                           3080.1175                 23.447189                 396.10607                      8.9578998
              4       1747.3438     0.059658596       4.8665196    0.0088683998       3508.0078      -6.6601069       -8.6915466         2.0314397       3508.0078                           3079.4924                 23.448562                 396.08766                      8.9791895
              4       1747.3589     0.058577601       4.9647752    0.0087801007       3508.0381      -6.6601069       -8.6915466         2.0314397       3508.0381                           3079.5253                 23.448378                 396.08766                      8.9767362
              1        1747.545     0.050733428       4.9961254    0.0092980197       3508.4103      -6.6601069       -8.6915466         2.0314397       3508.4103                           3079.8743                 23.449446                 396.10607                      8.9804739
              5       1747.5185     0.065575234        4.623959    0.0060229892       3508.3572      -6.6601069       -8.6915466         2.0314397       3508.3572                           3079.8915                 23.443709                 396.08766                      8.9342818
              8       1747.4936     0.057291832       4.5803987    0.0074690636       3508.3075      -6.6601069       -8.6915466         2.0314397       3508.3075                           3079.8207                 23.446382                 396.08766                      8.9527843
              1       1747.5881     0.069509893       4.5495051    0.0058580723       3508.4965      -6.6601069       -8.6915466         2.0314397       3508.4965                           3080.0302                 23.443391                 396.08766                      8.9352277
              7        1747.935     0.074380801       4.8286429    0.0085091781       3509.1901      -6.6601069       -8.6915466         2.0314397       3509.1901                           3080.6659                 23.447622                 396.08766                      8.9889184
              3       1747.7954     0.052199085       4.8805414    0.0033188364       3508.9109      -6.6601069       -8.6915466         2.0314397       3508.9109                           3080.5068                 23.439256                 396.08766                      8.8771941
              1       1747.7715     0.053378397       4.9084758    0.0035159119       3508.8633      -6.6601069       -8.6915466         2.0314397       3508.8633                           3080.4546                 23.439549                 396.08766                      8.8814705
              2       1747.7346     0.054607049       4.8528623    0.0037470449       3508.7895      -6.6601069       -8.6915466         2.0314397       3508.7895                           3080.3756                 23.439943                 396.08766                       8.886303
              4       1747.6781     0.048850409       5.1365415     0.004843295       3508.6764      -6.6601069       -8.6915466         2.0314397       3508.6764                           3080.2469                 23.441805                 396.08766                      8.9000312
              3       1747.6788     0.049443383       5.1345555     0.004744622       3508.6778      -6.6601069       -8.6915466         2.0314397       3508.6778                           3080.2497                 23.441622                 396.08766                      8.8988118
              1       1747.6732      0.04952591        5.125554    0.0047965129       3508.6666      -6.6601069       -8.6915466         2.0314397       3508.6666                           3080.2374                 23.441713                 396.08766                      8.8997589
              4       1747.9067     0.059151813       5.1670941     0.004988891       3509.1335      -6.6601069       -8.6915466         2.0314397       3509.1335                           3080.6913                  23.44176                 396.08766                      8.9128265
              2        1748.012     0.060196922        5.192777    0.0049793466       3509.3441      -6.6601069       -8.6915466         2.0314397       3509.3441                           3080.9006                   23.4417                 396.08766                      8.9141989
              3       1748.0554     0.059406265       5.2133681    0.0045829874        3509.431      -6.6601069       -8.6915466         2.0314397        3509.431                           3080.9955                 23.441032                 396.08766                      8.9068546
              4       1748.0367     0.061285382       5.1700463     0.005109615       3509.3936      -6.6601069       -8.6915466         2.0314397       3509.3936                           3080.9464                 23.441907                 396.08766                      8.9175796
              1        1747.801     0.057573353       5.1503618    0.0050008627       3508.9222      -6.6601069       -8.6915466         2.0314397       3508.9222                           3080.4817                 23.441833                 396.08766                      8.9110433
              4       1747.7566     0.055831846       5.2803603    0.0055561143       3508.8334      -6.6601069       -8.6915466         2.0314397       3508.8334                           3080.3841                 23.442749                 396.08766                      8.9189379
              7       1747.9714     0.047577829       4.6476386    0.0063570907       3509.2631      -6.6601069       -8.6915466         2.0314397       3509.2631                           3080.7852                 23.444657                 396.10607                      8.9271637
              3       1747.3194     0.062450203       4.7147489    0.0090945041       3507.9589      -6.6601069       -8.6915466         2.0314397       3507.9589                           3079.4367                 23.448976                 396.08766                      8.9855568
              1        1747.322     0.062919936       4.7181685    0.0089484625       3507.9642      -6.6601069       -8.6915466         2.0314397       3507.9642                           3079.4445                 23.448713                 396.08766                      8.9833004
              3        1747.353     0.060155048       4.7487494    0.0084709676       3508.0262      -6.6601069       -8.6915466         2.0314397       3508.0262                           3079.5181                 23.447939                 396.08766                      8.9724529
              3       1747.4259     0.059785301        4.684357    0.0068975623        3508.172      -6.6601069       -8.6915466         2.0314397        3508.172                           3079.6949                 23.445293                 396.08766                      8.9442218
              3       1747.4277     0.060117732       4.6515771    0.0068348319       3508.1756      -6.6601069       -8.6915466         2.0314397       3508.1756                           3079.6993                 23.445197                 396.08766                         8.9434
              1       1747.4346     0.058648387       4.7097041    0.0069279768       3508.1893      -6.6601069       -8.6915466         2.0314397       3508.1893                           3079.7125                 23.445356                 396.08766                      8.9438419
              9       1747.4672     0.057579487       4.6965228    0.0066297563       3508.2546      -6.6601069       -8.6915466         2.0314397       3508.2546                           3079.7843                 23.444878                 396.08766                      8.9378033
              5       1747.4884     0.059474589        4.799689     0.006224684       3508.2971      -6.6601069       -8.6915466         2.0314397       3508.2971                           3079.8329                 23.444084                 396.08766                      8.9323732
              3        1747.483     0.058119448       4.7397456    0.0061835413       3508.2862      -6.6601069       -8.6915466         2.0314397       3508.2862                           3079.8241                 23.444079                 396.08766                       8.930426
              2        1747.483     0.057908074       4.7413585    0.0062066338       3508.2863      -6.6601069       -8.6915466         2.0314397       3508.2863                           3079.8239                 23.444122                 396.08766                      8.9306539
              1       1748.0077     0.062451596       4.9030343     0.003669428       3509.3355      -6.6601069       -8.6915466         2.0314397       3509.3355                           3080.9148                 23.439594                 396.08766                      8.8934407
              4       1748.0683     0.064201626       4.8943836    0.0038502252       3509.4569      -6.6601069       -8.6915466         2.0314397       3509.4569                           3081.0309                 23.439865                 396.08766                      8.8984576
              1       1747.5245     0.056509075       5.0403139    0.0063811828       3508.3692      -6.6601069       -8.6915466         2.0314397       3508.3692                           3079.9044                 23.444283                 396.08766                      8.9327726
              1       1747.7275     0.058902885       4.8774862    0.0043398362       3508.7752      -6.6601069       -8.6915466         2.0314397       3508.7752                           3080.3465                 23.440836                 396.08766                      8.9002527
              3       1747.7059     0.059242773       4.8581571    0.0044708715        3508.732      -6.6601069       -8.6915466         2.0314397        3508.732                           3080.3006                 23.441063                 396.08766                      8.9026951
              8          1747.7     0.059501692       4.8481714    0.0045159618       3508.7202      -6.6601069       -8.6915466         2.0314397       3508.7202                           3080.2877                 23.441139                 396.08766                      8.9036687
              2       1747.3594     0.059565191       4.7314044    0.0086385922       3508.0391      -6.6601069       -8.6915466         2.0314397       3508.0391                           3079.5281                  23.44825                 396.08766                      8.9750478
              1       1747.5355      0.05298896       4.8257979    0.0088153334       3508.3913      -6.6601069       -8.6915466         2.0314397       3508.3913                           3079.8632                 23.448653                 396.10607                       8.973416
              1       1747.3714     0.056473924       4.9374444    0.0088107239       3508.0631      -6.6601069       -8.6915466         2.0314397       3508.0631                           3079.5513                 23.448499                 396.08766                      8.9756127
              8       1747.5074     0.050390261       5.0847427    0.0078684083       3508.3351      -6.6601069       -8.6915466         2.0314397       3508.3351                           3079.8282                 23.446959                 396.10607                      8.9537796
              4        1747.728     0.049308463       4.8556061    0.0089577242       3508.7762      -6.6601069       -8.6915466         2.0314397       3508.7762                           3080.2467                 23.448969                 396.10607                      8.9744868
              5        1747.659     0.053358692       4.6268554    0.0055913802       3508.6383      -6.6601069       -8.6915466         2.0314397       3508.6383                           3080.1905                 23.443234                 396.08766                      8.9169521
              1       1747.9722     0.060828524       4.8389644    0.0030262752       3509.2646      -6.6601069       -8.6915466         2.0314397       3509.2646                           3080.8576                 23.438577                 396.08766                       8.880757
              7       1747.9762     0.061335362       4.8374158    0.0031185558       3509.2725      -6.6601069       -8.6915466         2.0314397       3509.2725                           3080.8634                 23.438723                 396.08766                      8.8828052
              1       1747.4525     0.062243329       4.9536616    0.0081168161       3508.2253      -6.6601069       -8.6915466         2.0314397       3508.2253                           3079.7221                 23.447158                 396.08766                      8.9683602
              6       1747.8575     0.048273013       4.7962553     0.008855116       3509.0351      -6.6601069       -8.6915466         2.0314397       3509.0351                           3080.5077                 23.448846                 396.10607                      8.9725544
              1       1747.5283     0.049554146       5.2033014     0.006768441       3508.3769      -6.6601069       -8.6915466         2.0314397       3508.3769                           3079.9104                 23.445038                 396.08766                      8.9337791
              5       1747.5916     0.046675355       5.2556171    0.0072842889       3508.5033      -6.6601069       -8.6915466         2.0314397       3508.5033                           3080.0107                 23.445972                 396.10607                      8.9406307
             10       1747.7594     0.045833968       5.2981074    0.0043812379       3508.8389      -6.6601069       -8.6915466         2.0314397       3508.8389                           3080.4204                 23.441019                 396.08766                      8.8898261
              3       1747.7461     0.046088491       5.2964388    0.0044769999       3508.8124      -6.6601069       -8.6915466         2.0314397       3508.8124                           3080.3919                 23.441175                 396.08766                      8.8916339
              1       1747.8011     0.051011192        5.161366    0.0036938712       3508.9224      -6.6601069       -8.6915466         2.0314397       3508.9224                           3080.5124                 23.439776                 396.08766                      8.8826135
              2       1747.7607     0.047894874       4.8676684    0.0061455622       3508.8416      -6.6601069       -8.6915466         2.0314397       3508.8416                           3080.3686                 23.444186                 396.10607                      8.9227095
              2       1747.6789     0.054324638       4.6260058    0.0099520566       3508.6781      -6.6601069       -8.6915466         2.0314397       3508.6781                           3080.1249                 23.450676                 396.10607                      8.9964126
              9       1747.5236     0.070682926       4.6861457    0.0080910095       3508.3675      -6.6601069       -8.6915466         2.0314397       3508.3675                           3079.8571                 23.447092                 396.08766                      8.9756838
              6       1747.4874     0.070482247       4.6871916    0.0083910438       3508.2951      -6.6601069       -8.6915466         2.0314397       3508.2951                           3079.7791                 23.447609                 396.08766                      8.9807117
              1        1747.366     0.069977281       4.5848971    0.0086174226       3508.0522      -6.6601069       -8.6915466         2.0314397       3508.0522                           3079.5328                 23.448076                 396.08766                      8.9836649
              4       1747.4239     0.071139553       4.5555302    0.0079580582       3508.1679      -6.6601069       -8.6915466         2.0314397       3508.1679                           3079.6602                 23.446942                 396.08766                      8.9731103
              1       1747.5575     0.058623517       4.7710845    0.0053350042       3508.4352      -6.6601069       -8.6915466         2.0314397       3508.4352                           3079.9886                 23.442601                 396.08766                      8.9163668
              5       1747.9549     0.070180571       5.0777547    0.0093958443       3509.2301      -6.6601069       -8.6915466         2.0314397       3509.2301                           3080.6919                 23.449061                 396.08766                      9.0014618
              7       1747.8607     0.068991555        5.094621    0.0095639044       3509.0417      -6.6601069       -8.6915466         2.0314397       3509.0417                           3080.5017                 23.449368                 396.08766                      9.0029498
              2       1747.3734     0.062045089       4.9768266    0.0094183229       3508.0671      -6.6601069       -8.6915466         2.0314397       3508.0671                           3079.5386                 23.449377                 396.08766                      8.9914005
              6       1747.4314      0.06060587       5.0410023    0.0085252294        3508.183      -6.6601069       -8.6915466         2.0314397        3508.183                           3079.6733                 23.447843                 396.08766                      8.9742172
              1       1747.4466     0.062311579       5.0060703    0.0086843678       3508.2133      -6.6601069       -8.6915466         2.0314397       3508.2133                           3079.6989                 23.448094                 396.08766                      8.9786582
              4       1747.4122     0.064039635       4.9930163     0.009881007       3508.1447      -6.6601069       -8.6915466         2.0314397       3508.1447                           3079.6051                  23.45011                 396.08766                      9.0018138
              3       1747.8542     0.067305164       4.6174181    0.0039493496       3509.0286      -6.6601069       -8.6915466         2.0314397       3509.0286                           3080.5993                  23.44014                 396.08766                      8.9015733
              1       1747.4968     0.062609435       4.9557941    0.0077655786       3508.3139      -6.6601069       -8.6915466         2.0314397       3508.3139                           3079.8171                 23.446547                 396.08766                      8.9626272
              3       1747.8943     0.051812664       4.5787714    0.0097127756       3509.1089      -6.6601069       -8.6915466         2.0314397       3509.1089                           3080.5609                 23.450343                 396.10607                      8.9915397
              2       1747.8397     0.049500403       4.6750814    0.0076833097       3508.9997      -6.6601069       -8.6915466         2.0314397       3508.9997                           3080.4949                  23.44687                 396.10607                      8.9518262
              2       1747.7496     0.050930137       4.6992441     0.008522819       3508.8194      -6.6601069       -8.6915466         2.0314397       3508.8194                           3080.2973                 23.448263                 396.10607                      8.9677303
              1       1747.5888     0.055605071       4.7500924    0.0050937028       3508.4977      -6.6601069       -8.6915466         2.0314397       3508.4977                           3080.0581                  23.44227                 396.08766                      8.9096865
              3       1747.5596     0.057238401       4.8566228    0.0054585115       3508.4395      -6.6601069       -8.6915466         2.0314397       3508.4395                           3079.9917                 23.442796                 396.08766                      8.9173427
              7       1747.5674     0.056534559       4.8516225    0.0053399672       3508.4549      -6.6601069       -8.6915466         2.0314397       3508.4549                             3080.01                 23.442613                 396.08766                      8.9146958
              4       1747.8047     0.047733336       4.8382197    0.0076588324       3508.9295      -6.6601069       -8.6915466         2.0314397       3508.9295                            3080.427                 23.446791                 396.10607                      8.9497038
              4       1747.7896     0.047892932        4.841863    0.0076264828       3508.8993      -6.6601069       -8.6915466         2.0314397       3508.8993                           3080.3974                  23.44673                 396.10607                      8.9491535
              3       1747.5561     0.051421308       4.9171966    0.0090516106       3508.4325      -6.6601069       -8.6915466         2.0314397       3508.4325                           3079.9008                 23.449047                 396.10607                      8.9765854
              2       1747.5562     0.051388775       4.9203407    0.0090726695       3508.4326      -6.6601069       -8.6915466         2.0314397       3508.4326                           3079.9005                 23.449083                 396.10607                      8.9769454
              1       1747.6871     0.055318113       4.9450535    0.0043884106       3508.6943      -6.6601069       -8.6915466         2.0314397       3508.6943                            3080.268                 23.440967                 396.08766                      8.8977419
              6       1747.6952     0.058327355       4.8809116    0.0044906741       3508.7106      -6.6601069       -8.6915466         2.0314397       3508.7106                           3080.2797                 23.441105                 396.08766                       8.902178
              2       1747.6634     0.057887869       4.9189768    0.0048266804        3508.647      -6.6601069       -8.6915466         2.0314397        3508.647                           3080.2102                 23.441666                 396.08766                      8.9074731
              3       1747.4666     0.058871782       4.8784477    0.0067062214       3508.2534      -6.6601069       -8.6915466         2.0314397       3508.2534                           3079.7806                 23.444874                 396.08766                      8.9402539
              2       1747.4442     0.058880651       4.8038524    0.0067792634       3508.2086      -6.6601069       -8.6915466         2.0314397       3508.2086                           3079.7345                 23.445043                 396.08766                      8.9414353
              4       1747.3243     0.061722908       4.8341717    0.0093378047       3507.9688      -6.6601069       -8.6915466         2.0314397       3507.9688                           3079.4424                 23.449336                 396.08766                      8.9894051
              2       1747.3158     0.061593903       4.7850225    0.0095132923       3507.9518      -6.6601069       -8.6915466         2.0314397       3507.9518                            3079.422                  23.44967                 396.08766                      8.9924787
              3       1747.6751     0.050907564       4.7528923    0.0074430117       3508.6704      -6.6601069       -8.6915466         2.0314397       3508.6704                           3080.1703                 23.446389                 396.10607                      8.9476028
              2       1747.6903     0.050952635        4.733711    0.0076222953       3508.7008      -6.6601069       -8.6915466         2.0314397       3508.7008                           3080.1971                 23.446704                 396.10607                      8.9509801
              2       1747.5446     0.052804451       4.8105139    0.0080862883       3508.4094      -6.6601069       -8.6915466         2.0314397       3508.4094                           3079.8955                 23.447416                 396.10607                      8.9603848
              1       1747.3764        0.059666        4.791662    0.0079177101        3508.073      -6.6601069       -8.6915466         2.0314397        3508.073                           3079.5763                 23.446978                 396.08766                      8.9621355
              3       1747.5661     0.058527742       4.8592064    0.0055230543       3508.4523      -6.6601069       -8.6915466         2.0314397       3508.4523                           3080.0022                 23.442873                 396.08766                      8.9196386
              3       1747.6498     0.050086722        5.187762    0.0050350773       3508.6198      -6.6601069       -8.6915466         2.0314397       3508.6198                           3080.1858                 23.442072                 396.08766                       8.904257
              1        1747.664     0.051090191       5.1203222     0.004782692       3508.6481      -6.6601069       -8.6915466         2.0314397       3508.6481                            3080.218                 23.441651                 396.08766                      8.9007872
              2       1747.3428     0.057496138       4.9461509    0.0097416698       3508.0058      -6.6601069       -8.6915466         2.0314397       3508.0058                           3079.4747                 23.450064                 396.08766                      8.9933648
              3       1747.3395     0.057499694       4.9644213    0.0099171527       3507.9991      -6.6601069       -8.6915466         2.0314397       3507.9991                           3079.4645                 23.450354                 396.08766                      8.9965785
              3       1747.3477     0.056995845       4.9620626    0.0098346016       3508.0156      -6.6601069       -8.6915466         2.0314397       3508.0156                           3079.4831                 23.450227                 396.08766                      8.9946868
              3       1747.4201     0.053525856       5.0156723    0.0084394942       3508.1603      -6.6601069       -8.6915466         2.0314397       3508.1603                           3079.6581                 23.447893                 396.08766                      8.9666554
              3       1747.5635     0.049308805       5.0533325    0.0078112551       3508.4473      -6.6601069       -8.6915466         2.0314397       3508.4473                           3079.9421                 23.446906                 396.10607                      8.9522178
              6       1748.1851     0.066275835       5.1871678    0.0069197867       3509.6904      -6.6601069       -8.6915466         2.0314397       3509.6904                           3081.2031                  23.44485                 396.08766                      8.9547765
              7       1748.3149     0.064949468       5.0266271    0.0040113252       3509.9499      -6.6601069       -8.6915466         2.0314397       3509.9499                           3081.5189                 23.440034                 396.08766                      8.9033792
              2        1747.704     0.069329582       4.5601174    0.0050322685       3508.7283      -6.6601069       -8.6915466         2.0314397       3508.7283                           3080.2774                 23.441979                 396.08766                      8.9212634
              1       1748.1298     0.074481522       4.8321245    0.0073643541       3509.5799      -6.6601069       -8.6915466         2.0314397       3509.5799                            3081.077                 23.445658                 396.08766                       8.969578
              1       1747.7536     0.067381725       4.9446199    0.0075078237       3508.8275      -6.6601069       -8.6915466         2.0314397       3508.8275                           3080.3301                 23.445995                 396.08766                      8.9636806
              1       1747.9051     0.067012057       4.8617311    0.0055095971       3509.1304      -6.6601069       -8.6915466         2.0314397       3509.1304                           3080.6712                 23.442647                 396.08766                      8.9288219
              4       1747.7625     0.046156764        5.049295     0.005414184       3508.8452      -6.6601069       -8.6915466         2.0314397       3508.8452                           3080.3879                 23.442893                 396.10607                      8.9082715
              1       1747.8439     0.046247011       4.8997611    0.0054978687        3509.008      -6.6601069       -8.6915466         2.0314397        3509.008                           3080.5485                 23.443104                 396.10607                       8.910343
              4       1747.8078     0.046433597       4.9705144    0.0047746903       3508.9359      -6.6601069       -8.6915466         2.0314397       3508.9359                           3080.5088                 23.441833                 396.08766                      8.8976035
              1       1747.8295     0.046105315       4.9583252    0.0050073078       3508.9793      -6.6601069       -8.6915466         2.0314397       3508.9793                           3080.5295                 23.442243                 396.10607                      8.9014853
              9        1747.502      0.05559394       5.2083103    0.0072649443       3508.3242      -6.6601069       -8.6915466         2.0314397       3508.3242                           3079.8432                 23.445718                 396.08766                      8.9476037
              2       1747.4532     0.054794216       4.8384397    0.0085530188       3508.2266      -6.6601069       -8.6915466         2.0314397       3508.2266                           3079.7024                 23.448154                 396.10607                      8.9699724
              1       1747.5515     0.055049133       5.0215175    0.0058522235       3508.4232      -6.6601069       -8.6915466         2.0314397       3508.4232                           3079.9698                 23.443428                 396.08766                      8.9223173
              1       1747.9016     0.067331286       4.7433051    0.0046222647       3509.1234      -6.6601069       -8.6915466         2.0314397       3509.1234                            3080.681                 23.441205                 396.08766                      8.9135652
              4       1747.6993     0.064642469       4.7257655    0.0049853827       3508.7188      -6.6601069       -8.6915466         2.0314397       3508.7188                           3080.2729                 23.441896                 396.08766                      8.9163254
              1       1747.8549     0.063533987       4.9193542    0.0050152203         3509.03      -6.6601069       -8.6915466         2.0314397         3509.03                           3080.5837                  23.44185                 396.08766                      8.9168228
              5       1748.0375     0.065516646       4.9191387    0.0046872972       3509.3952      -6.6601069       -8.6915466         2.0314397       3509.3952                           3080.9524                 23.441243                 396.08766                      8.9139335
              3       1747.6609     0.070136634       4.6669087    0.0065010672       3508.6419      -6.6601069       -8.6915466         2.0314397       3508.6419                           3080.1623                 23.444398                 396.08766                      8.9475873
             11       1747.6395     0.068805902       4.9111388     0.008793622       3508.5992      -6.6601069       -8.6915466         2.0314397       3508.5992                           3080.0759                 23.448183                 396.08766                      8.9874294
              2       1747.6196     0.069941773       4.8672687    0.0090422151       3508.5594      -6.6601069       -8.6915466         2.0314397       3508.5594                           3080.0303                 23.448612                 396.08766                      8.9928222
              7       1747.3331     0.061303735       4.7096048    0.0089164461       3507.9864      -6.6601069       -8.6915466         2.0314397       3507.9864                           3079.4687                 23.448699                 396.08766                      8.9814289
              6       1747.5116     0.067249313       4.9642955    0.0099812609       3508.3433      -6.6601069       -8.6915466         2.0314397       3508.3433                           3079.7985                  23.45022                 396.08766                        9.00701
              1       1747.6659     0.050293134       4.8534853    0.0089573643        3508.652      -6.6601069       -8.6915466         2.0314397        3508.652                           3080.1223                 23.448946                 396.10607                      8.9746334
              4       1747.5725     0.051035804       4.8985866    0.0074026379       3508.4652      -6.6601069       -8.6915466         2.0314397       3508.4652                           3079.9662                 23.446243                 396.10607                      8.9466999
              3       1747.6829     0.046778004       5.1130565    0.0059998305       3508.6861      -6.6601069       -8.6915466         2.0314397       3508.6861                           3080.2175                 23.443846                 396.10607                      8.9186622
              9       1747.7638     0.045164406       5.1572731    0.0091279974       3508.8478      -6.6601069       -8.6915466         2.0314397       3508.8478                           3080.3182                 23.449219                 396.10607                      8.9743211
              5       1747.7715      0.04502232       5.1513668    0.0089559524       3508.8633      -6.6601069       -8.6915466         2.0314397       3508.8633                           3080.3372                 23.448931                 396.10607                      8.9710966
              1       1747.5326     0.054683447       4.7164371    0.0088794164       3508.3854      -6.6601069       -8.6915466         2.0314397       3508.3854                           3079.8546                 23.448781                 396.10607                      8.9759822
              2       1747.4089     0.057546797       4.7573433    0.0096496524        3508.138      -6.6601069       -8.6915466         2.0314397        3508.138                           3079.5898                 23.450014                 396.10607                       8.992116
              1       1747.3829     0.057726188       4.8490087    0.0081226383       3508.0861      -6.6601069       -8.6915466         2.0314397       3508.0861                           3079.5868                 23.447341                 396.08766                      8.9642423
              7       1747.3895     0.057525979       4.8347495    0.0080416804       3508.0993      -6.6601069       -8.6915466         2.0314397       3508.0993                           3079.6017                 23.447216                 396.08766                      8.9626499
              1       1747.7136     0.049550988       4.8000811     0.007258509       3508.7475      -6.6601069       -8.6915466         2.0314397       3508.7475                           3080.2519                 23.446081                 396.10607                      8.9433878
              1       1747.6248     0.050822289       4.8857267    0.0057372058       3508.5698      -6.6601069       -8.6915466         2.0314397       3508.5698                           3080.1216                 23.443409                 396.08766                      8.9171637
              4       1747.6403     0.054115197       4.6861733       0.0049561       3508.6007      -6.6601069       -8.6915466         2.0314397       3508.6007                           3080.1647                 23.442103                 396.08766                      8.9063005
              4       1747.4846     0.059319429       4.6458695    0.0060317305       3508.2895      -6.6601069       -8.6915466         2.0314397       3508.2895                           3079.8292                 23.443846                 396.08766                      8.9288013
             16       1747.8594     0.047026405       4.8208364    0.0072204241       3509.0389      -6.6601069       -8.6915466         2.0314397       3509.0389                           3080.5453                 23.446065                 396.10607                      8.9415321
              1        1747.623     0.057223509       4.6901465    0.0045448273       3508.5661      -6.6601069       -8.6915466         2.0314397       3508.5661                           3080.1354                 23.441331                 396.08766                      8.9017265
              4       1747.6251     0.057361374       5.1306753     0.006112421       3508.5704      -6.6601069       -8.6915466         2.0314397       3508.5704                           3080.1096                 23.443748                 396.08766                      8.9293277
              2       1748.0898     0.074371708       4.6746156    0.0055821613       3509.4998      -6.6601069       -8.6915466         2.0314397       3509.4998                           3081.0317                 23.442732                 396.08766                      8.9376673
              2       1747.5541     0.055999166       4.5871356    0.0064799441       3508.4284      -6.6601069       -8.6915466         2.0314397       3508.4284                           3079.9617                 23.444715                 396.08766                      8.9343198
             13       1747.5745     0.056066076       4.5606031    0.0061819407       3508.4691      -6.6601069       -8.6915466         2.0314397       3508.4691                           3080.0081                 23.444219                 396.08766                      8.9291969
              4       1747.5483     0.057101649       4.5123747    0.0068846672       3508.4167      -6.6601069       -8.6915466         2.0314397       3508.4167                           3079.9412                 23.445423                 396.08766                      8.9424572
              2       1748.1651     0.045933019       4.6394984    0.0075950649       3509.6504      -6.6601069       -8.6915466         2.0314397       3509.6504                           3081.1479                 23.446813                 396.10607                      8.9495734
              7       1748.1851     0.045338852       4.5916213    0.0045586763       3509.6905      -6.6601069       -8.6915466         2.0314397       3509.6905                           3081.2476                  23.44166                 396.10607                      8.8951258
             10        1748.001     0.046566335       4.7429009    0.0034642251       3509.3222      -6.6601069       -8.6915466         2.0314397       3509.3222                           3080.9188                 23.439701                 396.08766                      8.8760825
              8       1748.0289     0.048054129       4.5616161    0.0042877676       3509.3781      -6.6601069       -8.6915466         2.0314397       3509.3781                           3080.9391                 23.441154                 396.10607                      8.8917393
              2        1748.003     0.046996022       4.6630454    0.0044874529       3509.3262      -6.6601069       -8.6915466         2.0314397       3509.3262                           3080.8845                 23.441471                 396.10607                      8.8941835
              4       1748.1093     0.045653874       4.6479527    0.0043324082       3509.5388      -6.6601069       -8.6915466         2.0314397       3509.5388                           3081.1005                 23.441243                 396.10607                      8.8909817
              5       1747.9912     0.046554273        4.694936    0.0055909576       3509.3025      -6.6601069       -8.6915466         2.0314397       3509.3025                           3080.8403                 23.443349                 396.10607                      8.9127896
              1       1747.7936     0.046283544       4.9843872    0.0050905896       3508.9075      -6.6601069       -8.6915466         2.0314397       3508.9075                           3080.4745                 23.442369                 396.08766                      8.9029348
              2       1747.7661      0.04592229       5.0208502    0.0064668354       3508.8524      -6.6601069       -8.6915466         2.0314397       3508.8524                           3080.3751                  23.44471                 396.10607                      8.9264686
              3        1748.324     0.071346136       4.8269871    0.0047597331       3509.9683      -6.6601069       -8.6915466         2.0314397       3509.9683                           3081.5173                  23.44129                 396.08766                      8.9220395
              3       1748.6219     0.071521112       5.0385422    0.0058973593       3510.5641      -6.6601069       -8.6915466         2.0314397       3510.5641                           3082.0895                 23.443073                 396.08766                      8.9438959
              1       1748.4628     0.069437932       4.9163069    0.0042131451       3510.2458      -6.6601069       -8.6915466         2.0314397       3510.2458                           3081.8061                 23.440342                 396.08766                       8.911711
              1       1748.3994      0.06931966       4.9027693    0.0043097965        3510.119      -6.6601069       -8.6915466         2.0314397        3510.119                           3081.6779                 23.440519                 396.08766                      8.9128962
              1       1747.6848      0.04855809       5.1692668     0.004796054       3508.6898      -6.6601069       -8.6915466         2.0314397       3508.6898                           3080.2614                 23.441716                 396.08766                      8.8989863
              2       1747.7367     0.047265337       5.0943119    0.0046446273       3508.7937      -6.6601069       -8.6915466         2.0314397       3508.7937                           3080.3689                  23.44153                 396.08766                      8.8955761
              1       1747.6792     0.068137973       4.7228908    0.0061647357       3508.6787      -6.6601069       -8.6915466         2.0314397       3508.6787                           3080.2072                 23.443831                 396.08766                       8.939991
              2       1747.9501      0.06931848       4.8640443     0.006236319       3509.2204      -6.6601069       -8.6915466         2.0314397       3509.2204                            3080.745                 23.443831                 396.08766                      8.9439161
              2       1747.6938     0.071658368       4.8361616     0.008913731       3508.7078      -6.6601069       -8.6915466         2.0314397       3508.7078                           3080.1794                 23.448373                 396.08766                      8.9924302
              1       1747.6058      0.06521859       4.9867771    0.0081211891       3508.5318      -6.6601069       -8.6915466         2.0314397       3508.5318                           3080.0251                 23.447069                 396.08766                      8.9719496
              1        1747.426     0.056270274       4.8112866    0.0096831658       3508.1722      -6.6601069       -8.6915466         2.0314397       3508.1722                           3079.6247                 23.450071                 396.10607                      8.9913897
              1       1747.7114     0.070462387        4.867656    0.0085144322        3508.743      -6.6601069       -8.6915466         2.0314397        3508.743                           3080.2234                 23.447696                 396.08766                      8.9842477
              3       1747.7326     0.071126226       4.9145012    0.0093867047       3508.7854      -6.6601069       -8.6915466         2.0314397       3508.7854                           3080.2478                  23.44914                 396.08766                      9.0008044
              3        1747.487     0.067351023       4.8827742    0.0092390285       3508.2942      -6.6601069       -8.6915466         2.0314397       3508.2942                           3079.7641                 23.449001                 396.08766                      8.9933763
              2       1747.4925      0.06758315       4.8647869    0.0090698564       3508.3052      -6.6601069       -8.6915466         2.0314397       3508.3052                           3079.7783                 23.448718                 396.08766                      8.9905316
              2       1747.5403     0.069483938       4.8377588    0.0092009271       3508.4009      -6.6601069       -8.6915466         2.0314397       3508.4009                           3079.8694                 23.448916                 396.08766                      8.9948451
              3       1747.3926     0.068127571       4.7308128    0.0090562538       3508.1053      -6.6601069       -8.6915466         2.0314397       3508.1053                           3079.5787                 23.448772                 396.08766                      8.9901807
             11       1748.1693     0.073008035        4.801417    0.0060056526       3509.6588      -6.6601069       -8.6915466         2.0314397       3509.6588                           3081.1834                 23.443394                 396.08766                      8.9443919
              1       1748.5368     0.070172642       4.8286969    0.0033372711       3510.3939      -6.6601069       -8.6915466         2.0314397       3510.3939                           3081.9696                 23.438894                 396.08766                      8.8977413
              3       1747.8781     0.062620121       4.7951066     0.003751602       3509.0765      -6.6601069       -8.6915466         2.0314397       3509.0765                           3080.6548                 23.439796                 396.08766                       8.894218
              4       1747.7905     0.074092039       4.5428906    0.0058150938       3508.9012      -6.6601069       -8.6915466         2.0314397       3508.9012                           3080.4306                 23.443227                 396.08766                       8.939711
              2       1747.8709     0.072564604       4.5785594    0.0051255248       3509.0621      -6.6601069       -8.6915466         2.0314397       3509.0621                           3080.6056                 23.442058                 396.08766                      8.9267482
              9       1747.8316     0.071889718       4.5911062    0.0052494976       3508.9835      -6.6601069       -8.6915466         2.0314397       3508.9835                           3080.5255                 23.442275                 396.08766                      8.9280834
              3        1747.783     0.058882124       4.9965057    0.0045725151       3508.8862      -6.6601069       -8.6915466         2.0314397       3508.8862                           3080.4528                 23.441163                 396.08766                      8.9046113
             10       1747.6515     0.059202473       4.9260153    0.0052099296       3508.6233      -6.6601069       -8.6915466         2.0314397       3508.6233                           3080.1781                 23.442284                 396.08766                      8.9152482
              3       1747.5428     0.062558474       4.9094378    0.0069244535       3508.4057      -6.6601069       -8.6915466         2.0314397       3508.4057                           3079.9251                 23.445139                 396.08766                      8.9478096
              8        1747.463     0.058390352       4.6748228    0.0065275286       3508.2462      -6.6601069       -8.6915466         2.0314397       3508.2462                           3079.7772                 23.444697                 396.08766                      8.9366512
              2       1747.8458     0.045140927       5.0456954    0.0044966487       3509.0118      -6.6601069       -8.6915466         2.0314397       3509.0118                           3080.5909                 23.441356                 396.08766                      8.8918618
              1       1747.8234      0.04560212       5.0444521    0.0045287801       3508.9671      -6.6601069       -8.6915466         2.0314397       3508.9671                           3080.5454                 23.441399                 396.08766                      8.8926786
              3       1747.8501      0.04650263        5.194201     0.003412972       3509.0204      -6.6601069       -8.6915466         2.0314397       3509.0204                           3080.6191                 23.439402                 396.08766                      8.8741841
              4       1747.7568      0.05100073       5.2801822    0.0043774509       3508.8338      -6.6601069       -8.6915466         2.0314397       3508.8338                           3080.4111                 23.440876                 396.08766                      8.8941466
              6       1747.7216     0.048758624       5.2751365     0.004474089       3508.7635      -6.6601069       -8.6915466         2.0314397       3508.7635                            3080.341                 23.441106                 396.08766                      8.8937117
              2       1747.7446     0.049304255       5.2862966     0.004312632       3508.8094      -6.6601069       -8.6915466         2.0314397       3508.8094                           3080.3895                  23.44081                 396.08766                      8.8914888
              1       1747.8586     0.064340156       4.8752912     0.004926863       3509.0375      -6.6601069       -8.6915466         2.0314397       3509.0375                           3080.5921                 23.441708                 396.08766                      8.9160045
              2       1747.8295     0.065543937       4.8314179    0.0051691543       3508.9793      -6.6601069       -8.6915466         2.0314397       3508.9793                           3080.5284                 23.442121                 396.08766                      8.9211148
              9       1748.2589     0.068764261       4.7330335    0.0031749357        3509.838      -6.6601069       -8.6915466         2.0314397        3509.838                           3081.4196                 23.438715                 396.08766                       8.892008
             10       1747.7133     0.063038669       4.5597172    0.0037323354       3508.7468      -6.6601069       -8.6915466         2.0314397       3508.7468                            3080.326                 23.439896                 396.08766                       8.893224
              2       1747.9511     0.049479012       4.5314141    0.0051525927       3509.2225      -6.6601069       -8.6915466         2.0314397       3509.2225                           3080.7662                 23.442613                 396.10607                      8.9076311
              7       1747.5989     0.054190908        4.650887    0.0085246345       3508.5179      -6.6601069       -8.6915466         2.0314397       3508.5179                           3079.9938                 23.448219                 396.10607                      8.9698777
              2       1747.5885     0.054048501       4.6668871    0.0083161817       3508.4971      -6.6601069       -8.6915466         2.0314397       3508.4971                           3079.9773                 23.447857                 396.10607                      8.9658954
              4       1747.4501     0.066375654       4.9349021    0.0098701618       3508.2204      -6.6601069       -8.6915466         2.0314397       3508.2204                           3079.6788                 23.450071                 396.08766                      9.0038427
              2       1747.6056     0.070552946       4.8070221    0.0087087565       3508.5314      -6.6601069       -8.6915466         2.0314397       3508.5314                           3080.0084                 23.448069                 396.08766                      8.9872197
              7       1747.9376     0.060744375       5.0809036    0.0047576162       3509.1954      -6.6601069       -8.6915466         2.0314397       3509.1954                            3080.756                 23.441378                 396.08766                      8.9103803
              3       1747.8663     0.061171758       5.1523601    0.0059185655       3509.0529      -6.6601069       -8.6915466         2.0314397       3509.0529                           3080.5912                 23.443301                 396.08766                      8.9306689
              5       1747.7624     0.060962768       5.0803503    0.0059374681       3508.8451      -6.6601069       -8.6915466         2.0314397       3508.8451                           3080.3838                 23.443385                 396.08766                      8.9302075
              1        1747.922     0.066784369       5.0401262    0.0071040917       3509.1642      -6.6601069       -8.6915466         2.0314397       3509.1642                           3080.6744                 23.445254                 396.08766                      8.9569438
              3       1747.9446     0.064565312       5.1953555    0.0074939486       3509.2094      -6.6601069       -8.6915466         2.0314397       3509.2094                           3080.7138                 23.445872                 396.08766                      8.9620945
              4       1747.6394     0.059084752       5.2194881    0.0072345001        3508.599      -6.6601069       -8.6915466         2.0314397        3508.599                           3080.1149                 23.445563                 396.08766                      8.9508477
              2       1747.7029     0.058796473       5.2679809    0.0069996865        3508.726      -6.6601069       -8.6915466         2.0314397        3508.726                           3080.2464                 23.445139                 396.08766                      8.9467674
              2       1747.8787     0.063495617       5.2279702    0.0076978682       3509.0776      -6.6601069       -8.6915466         2.0314397       3509.0776                           3080.5793                 23.446227                 396.08766                       8.964432
             11       1747.8522      0.06334969       5.2225314    0.0077420741       3509.0246      -6.6601069       -8.6915466         2.0314397       3509.0246                           3080.5257                 23.446311                 396.08766                      8.9649406
              1       1747.3793     0.065693074        4.504577    0.0071377328       3508.0789      -6.6601069       -8.6915466         2.0314397       3508.0789                           3079.5922                 23.445684                 396.08766                      8.9533728
              9       1747.4819     0.069683064       4.5004541    0.0064747967        3508.284      -6.6601069       -8.6915466         2.0314397        3508.284                           3079.8063                 23.444472                 396.08766                      8.9456603
              2       1747.4883     0.055517831       4.7019252    0.0078195397       3508.2968      -6.6601069       -8.6915466         2.0314397       3508.2968                           3079.8046                 23.446955                 396.08766                      8.9575621
              2       1747.3242     0.065489472       4.5468736    0.0083416911       3507.9686      -6.6601069       -8.6915466         2.0314397       3507.9686                           3079.4587                 23.447723                 396.08766                      8.9745422
              4       1747.6862     0.058082486       4.9379969     0.004770033       3508.6926      -6.6601069       -8.6915466         2.0314397       3508.6926                           3080.2566                 23.441554                 396.08766                       8.906792
              1       1747.5058     0.062014927       4.6814378     0.005861223       3508.3318      -6.6601069       -8.6915466         2.0314397       3508.3318                           3079.8724                 23.443475                 396.08766                      8.9282478
              4       1747.4154     0.063445877       4.8068038     0.007822319        3508.151      -6.6601069       -8.6915466         2.0314397        3508.151                           3079.6528                 23.446718                 396.08766                       8.963901
              3       1747.5557     0.049189003       5.2050969    0.0063900918       3508.4317      -6.6601069       -8.6915466         2.0314397       3508.4317                           3079.9728                   23.4444                 396.08766                      8.9268838
              7       1747.6042      0.04799898       5.2256438     0.005943608       3508.5286      -6.6601069       -8.6915466         2.0314397       3508.5286                           3080.0791                  23.44366                 396.08766                       8.918231
              4       1748.4343     0.065994309       5.1193471     0.004798259       3510.1888      -6.6601069       -8.6915466         2.0314397       3510.1888                           3081.7412                 23.441285                 396.08766                      8.9186604
              1       1748.2865     0.064401191       5.1329554    0.0048742098       3509.8931      -6.6601069       -8.6915466         2.0314397       3509.8931                           3081.4463                 23.441447                 396.08766                      8.9176973
              1       1748.0618     0.065274398       4.7962391    0.0034973219       3509.4437      -6.6601069       -8.6915466         2.0314397       3509.4437                           3081.0235                 23.439302                 396.08766                      8.8932747
              5       1747.3765     0.061014513        4.586907    0.0081717896       3508.0731      -6.6601069       -8.6915466         2.0314397       3508.0731                           3079.5701                 23.447502                 396.08766                      8.9679173
              6       1747.4233     0.059367149       4.5843626    0.0077655146       3508.1668      -6.6601069       -8.6915466         2.0314397       3508.1668                           3079.6729                 23.446843                 396.08766                       8.959453
              1       1747.5352     0.059174441       4.5019106    0.0056390883       3508.3906      -6.6601069       -8.6915466         2.0314397       3508.3906                           3079.9376                 23.443259                 396.08766                      8.9220443
              1       1747.8198     0.045748102       5.1341274    0.0040314445       3508.9598      -6.6601069       -8.6915466         2.0314397       3508.9598                           3080.5476                 23.440505                 396.08766                      8.8840892
              7       1747.8189     0.051689262       5.1986267    0.0037503401        3508.958      -6.6601069       -8.6915466         2.0314397        3508.958                           3080.5463                 23.439833                 396.08766                      8.8842724
              1        1747.951     0.058438471       5.0578756    0.0037779257       3509.2223      -6.6601069       -8.6915466         2.0314397       3509.2223                           3080.8034                 23.439783                 396.08766                       8.891461
              1       1747.6756     0.051478985       4.7799242    0.0051177163       3508.6714      -6.6601069       -8.6915466         2.0314397       3508.6714                           3080.2342                  23.44239                 396.08766                        8.90711
              1       1747.7133     0.051170678       4.7652038     0.004745167       3508.7468      -6.6601069       -8.6915466         2.0314397       3508.7468                           3080.3169                 23.441769                 396.08766                      8.9005339
              1       1747.7085     0.053744468       4.6049234    0.0045300053       3508.7372      -6.6601069       -8.6915466         2.0314397       3508.7372                           3080.3091                 23.441426                 396.08766                      8.8989383
              5       1747.4074     0.065793369       4.6655672    0.0075300333       3508.1351      -6.6601069       -8.6915466         2.0314397       3508.1351                           3079.6405                 23.446253                 396.08766                      8.9606394
              4       1747.3387     0.062133336       4.7319977    0.0085412691       3507.9977      -6.6601069       -8.6915466         2.0314397       3507.9977                           3079.4867                 23.448025                 396.08766                      8.9753134
             13       1747.3682     0.055224119       5.1346138    0.0091422925       3508.0565      -6.6601069       -8.6915466         2.0314397       3508.0565                           3079.5393                 23.448985                 396.08766                      8.9805485
              2       1747.3586     0.057307763       5.1210019    0.0094458711       3508.0374      -6.6601069       -8.6915466         2.0314397       3508.0374                           3079.5125                 23.449457                 396.08766                       8.987802
              2       1747.5022     0.049584924       5.1635004    0.0076664947       3508.3247      -6.6601069       -8.6915466         2.0314397       3508.3247                            3079.841                 23.446593                 396.08766                      8.9494575
              2        1747.667     0.049154538        4.905699    0.0064555181       3508.6541      -6.6601069       -8.6915466         2.0314397       3508.6541                           3080.1747                 23.444666                 396.10607                       8.928716
              1       1747.4946      0.06742701       4.7394271    0.0076344761       3508.3095      -6.6601069       -8.6915466         2.0314397       3508.3095                            3079.811                 23.446348                 396.08766                      8.9644515
              1       1747.3998     0.056412613       4.8506771     0.009329052       3508.1197      -6.6601069       -8.6915466         2.0314397       3508.1197                            3079.579                 23.449438                 396.10607                      8.9851905
              4       1747.4568     0.053131284       4.9675749    0.0077627161       3508.2339      -6.6601069       -8.6915466         2.0314397       3508.2339                           3079.7452                 23.446771                 396.08766                      8.9542909
              2       1747.4698     0.054542663        4.848419    0.0072441303       3508.2598      -6.6601069       -8.6915466         2.0314397       3508.2598                             3079.78                 23.445914                 396.08766                      8.9462359
              6       1747.6127     0.048987944        5.026495    0.0090967394       3508.5456      -6.6601069       -8.6915466         2.0314397       3508.5456                           3080.0144                 23.449129                 396.10607                      8.9760217
              1       1747.7741     0.048311434       4.8190955    0.0059664962       3508.8683      -6.6601069       -8.6915466         2.0314397       3508.8683                           3080.3984                 23.443893                 396.10607                      8.9199636
              2       1747.8906     0.051950811       5.2574998    0.0035289076       3509.1014      -6.6601069       -8.6915466         2.0314397       3509.1014                           3080.6932                 23.439417                 396.08766                      8.8811079
              1       1747.7899     0.049328599       4.8365446    0.0041078719          3508.9      -6.6601069       -8.6915466         2.0314397          3508.9                           3080.4833                  23.44069                 396.08766                      8.8883202
              4       1747.7067     0.053993102       4.7914928    0.0039756664       3508.7335      -6.6601069       -8.6915466         2.0314397       3508.7335                            3080.316                 23.440379                 396.08766                      8.8895448
              2       1747.8528     0.057341638       4.8257386    0.0030248769       3509.0259      -6.6601069       -8.6915466         2.0314397       3509.0259                           3080.6226                 23.438664                 396.08766                      8.8769675
              3       1747.8894     0.060558926       5.0600617    0.0048247991        3509.099      -6.6601069       -8.6915466         2.0314397        3509.099                           3080.6588                 23.441511                 396.08766                      8.9111022
              1       1747.5771     0.055511027       5.1332931    0.0060917546       3508.4744      -6.6601069       -8.6915466         2.0314397       3508.4744                           3080.0159                  23.44376                 396.08766                      8.9270814
              6       1748.1374     0.063901372       4.9378766    0.0037289597       3509.5949      -6.6601069       -8.6915466         2.0314397       3509.5949                           3081.1711                 23.439638                 396.08766                      8.8965198
              1       1747.6247     0.072980841       4.7604648     0.009232155       3508.5695      -6.6601069       -8.6915466         2.0314397       3508.5695                            3080.034                 23.448942                 396.08766                      8.9989763
              6       1747.3767     0.070064937       4.6524961     0.009227297       3508.0736      -6.6601069       -8.6915466         2.0314397       3508.0736                           3079.5419                 23.449074                 396.08766                      8.9948876
              6       1747.5533     0.061511451       5.0541355    0.0076128514       3508.4268      -6.6601069       -8.6915466         2.0314397       3508.4268                           3079.9337                  23.44625                 396.08766                      8.9592548
              2       1747.5674     0.061778041       5.0566415    0.0076091294       3508.4551      -6.6601069       -8.6915466         2.0314397       3508.4551                           3079.9617                 23.446235                 396.08766                      8.9595019
              5       1747.8373     0.065710707        4.979181    0.0065026907       3508.9949      -6.6601069       -8.6915466         2.0314397       3508.9949                           3080.5181                 23.444295                 396.08766                      8.9448033
              1       1747.9426     0.066833102       4.9908668    0.0064692317       3509.2054      -6.6601069       -8.6915466         2.0314397       3509.2054                           3080.7277                 23.444202                 396.08766                      8.9458208
              3       1747.6221     0.066572013       4.8503433    0.0071932375       3508.5645      -6.6601069       -8.6915466         2.0314397       3508.5645                           3080.0747                  23.44554                 396.08766                      8.9565618
              2       1747.3376     0.060081719       4.7484325    0.0096817856       3507.9954      -6.6601069       -8.6915466         2.0314397       3507.9954                           3079.4632                 23.450016                 396.08766                      8.9944519
              5       1747.3543     0.059445319       4.7355655     0.009505518       3508.0289      -6.6601069       -8.6915466         2.0314397       3508.0289                           3079.5007                 23.449736                 396.08766                      8.9907804
              2       1747.3628     0.058506316       4.7814708    0.0089988652       3508.0458      -6.6601069       -8.6915466         2.0314397       3508.0458                           3079.5285                 23.448862                 396.08766                      8.9807411
              4       1747.7187     0.051848096       4.6300957    0.0063177849       3508.7577      -6.6601069       -8.6915466         2.0314397       3508.7577                           3080.2783                 23.444505                 396.10607                      8.9288646
              1       1747.6746     0.050427966        4.786394    0.0068422556       3508.6694      -6.6601069       -8.6915466         2.0314397       3508.6694                           3080.1812                 23.445356                 396.10607                        8.93676
              1       1747.4966     0.055780972         4.82052     0.006288922       3508.3134      -6.6601069       -8.6915466         2.0314397       3508.3134                           3079.8511                 23.444268                 396.08766                      8.9303724
              3       1747.5203      0.05320914       4.9345681    0.0063345575       3508.3609      -6.6601069       -8.6915466         2.0314397       3508.3609                           3079.8997                 23.444345                 396.08766                      8.9291418
              3       1747.7694     0.072035243       4.7964098     0.007967382       3508.8591      -6.6601069       -8.6915466         2.0314397       3508.8591                           3080.3486                 23.446773                 396.08766                      8.9760995
              5        1747.445     0.061028086       5.0218298    0.0083398791       3508.2102      -6.6601069       -8.6915466         2.0314397       3508.2102                           3079.7037                 23.447527                 396.08766                      8.9712997
              1       1748.4507     0.063376973       5.2318945    0.0045498686       3510.2216      -6.6601069       -8.6915466         2.0314397       3510.2216                            3081.781                 23.440855                 396.08766                      8.9121204
              8       1748.5654     0.064060899       5.2386855    0.0044400904        3510.451      -6.6601069       -8.6915466         2.0314397        3510.451                           3082.0112                 23.440644                 396.08766                      8.9115018
              3       1748.4074     0.064069006       5.1706696     0.004503399        3510.135      -6.6601069       -8.6915466         2.0314397        3510.135                           3081.6949                 23.440798                 396.08766                      8.9116715
              3       1748.3855     0.063903068       5.1706688    0.0045270907       3510.0911      -6.6601069       -8.6915466         2.0314397       3510.0911                           3081.6508                 23.440843                 396.08766                      8.9118059
              8         1747.99      0.06358766       5.1345315    0.0060852139       3509.3002      -6.6601069       -8.6915466         2.0314397       3509.3002                           3080.8325                 23.443533                 396.08766                      8.9364635
              1       1747.9066     0.068077801       4.7679527     0.005059117       3509.1334      -6.6601069       -8.6915466         2.0314397       3509.1334                           3080.6819                 23.441916                 396.08766                      8.9218686
              1       1748.0177     0.046956743       4.6393478    0.0057846642       3509.3556      -6.6601069       -8.6915466         2.0314397       3509.3556                           3080.8891                 23.443696                 396.10607                      8.9167248
              2       1747.8886     0.049543001         4.60518     0.007010409       3509.0975      -6.6601069       -8.6915466         2.0314397       3509.0975                           3080.6057                 23.445751                 396.10607                      8.9400023
              2       1747.6545     0.053633815       4.5947913    0.0065233721       3508.6292      -6.6601069       -8.6915466         2.0314397       3508.6292                           3080.1447                 23.444836                 396.10607                      8.9336513
              1       1748.5932      0.06899558       5.2215281    0.0068482597       3510.5067      -6.6601069       -8.6915466         2.0314397       3510.5067                           3082.0161                 23.444628                 396.08766                      8.9583257
              3       1747.9553     0.066067165       5.2867142    0.0095310963       3509.2308      -6.6601069       -8.6915466         2.0314397       3509.2308                           3080.6935                 23.449252                 396.08766                      9.0003279
              2       1747.8698     0.061282264       5.1673529    0.0060710907       3509.0599      -6.6601069       -8.6915466         2.0314397       3509.0599                           3080.5952                 23.443549                 396.08766                      8.9334753
              6       1747.7775     0.049499794       4.9532452    0.0038166078       3508.8753      -6.6601069       -8.6915466         2.0314397       3508.8753                           3080.4642                 23.440132                 396.08766                       8.883326
             11       1747.8442     0.046915428       5.0889344    0.0034962003       3509.0086      -6.6601069       -8.6915466         2.0314397       3509.0086                           3080.6054                 23.439585                 396.08766                      8.8759668
              1       1747.8372     0.045295278       4.9899715    0.0055807176       3508.9947      -6.6601069       -8.6915466         2.0314397       3508.9947                           3080.5348                 23.443227                 396.10607                      8.9106034
              1       1747.9241     0.050577047       4.5241151     0.003846457       3509.1685      -6.6601069       -8.6915466         2.0314397       3509.1685                           3080.7549                 23.440366                 396.08766                      8.8856198
             13       1747.6983     0.071138147       4.5424374    0.0054478403       3508.7167      -6.6601069       -8.6915466         2.0314397       3508.7167                           3080.2563                 23.442662                 396.08766                      8.9300954
              1       1747.6044     0.067696918       4.5519414     0.005301549        3508.529      -6.6601069       -8.6915466         2.0314397        3508.529                           3080.0749                 23.442478                 396.08766                      8.9239494
              1       1747.7574     0.065593046        4.973642    0.0069437549        3508.835      -6.6601069       -8.6915466         2.0314397        3508.835                           3080.3503                 23.445055                 396.08766                       8.952063
              5       1748.0847      0.06617644       5.0275964    0.0057135625       3509.4897      -6.6601069       -8.6915466         2.0314397       3509.4897                           3081.0264                 23.442904                 396.08766                      8.9327517
              1       1748.1195     0.067046381       4.9309622    0.0049731939       3509.5593      -6.6601069       -8.6915466         2.0314397       3509.5593                           3081.1092                 23.441685                 396.08766                      8.9207508
              3       1748.9078     0.072606218       4.9832586    0.0045937452       3511.1358      -6.6601069       -8.6915466         2.0314397       3511.1358                           3082.6835                 23.440864                 396.08766                      8.9238106
              1        1747.902     0.066247438       4.9302137    0.0058542762       3509.1243      -6.6601069       -8.6915466         2.0314397       3509.1243                           3080.6592                 23.443208                 396.08766                      8.9341978
              3       1747.8917     0.067623718       4.8606816    0.0058265374       3509.1036      -6.6601069       -8.6915466         2.0314397       3509.1036                           3080.6379                 23.443174                 396.08766                      8.9348504
              2       1747.7638     0.062841795       5.2771447    0.0087358803       3508.8478      -6.6601069       -8.6915466         2.0314397       3508.8478                           3080.3303                 23.447988                 396.08766                      8.9818868
              1       1747.5932     0.062188367        5.224783    0.0092896953       3508.5066      -6.6601069       -8.6915466         2.0314397       3508.5066                           3079.9796                 23.448991                 396.08766                      8.9904162
              3       1747.3908      0.05927957       5.0525868    0.0087896325       3508.1019      -6.6601069       -8.6915466         2.0314397       3508.1019                           3079.5883                 23.448323                 396.08766                      8.9776696
              5       1747.7192     0.047353994       5.1743625    0.0046409593       3508.7587      -6.6601069       -8.6915466         2.0314397       3508.7587                           3080.3341                 23.441481                 396.08766                      8.8954584
              1       1747.7066     0.055524553       5.0633946    0.0046902111       3508.7335      -6.6601069       -8.6915466         2.0314397       3508.7335                           3080.3012                 23.441409                 396.08766                      8.9032805
              2       1747.4728     0.055701732       4.9048275    0.0066394954       3508.2658      -6.6601069       -8.6915466         2.0314397       3508.2658                           3079.7969                 23.444822                 396.08766                      8.9363935
              1       1747.7591     0.065329534       5.1300649     0.008513439       3508.8384      -6.6601069       -8.6915466         2.0314397       3508.8384                           3080.3231                  23.44764                 396.08766                      8.9800322
             10       1747.5475     0.062539027       5.0561026    0.0081248412       3508.4151      -6.6601069       -8.6915466         2.0314397       3508.4151                            3079.911                 23.447098                 396.08766                      8.9693251
              1        1747.543     0.062403194       5.0550256     0.008098467       3508.4062      -6.6601069       -8.6915466         2.0314397       3508.4062                           3079.9028                 23.447057                 396.08766                      8.9686925
             12       1749.1214     0.068331617       5.2735766    0.0048369258       3511.5631      -6.6601069       -8.6915466         2.0314397       3511.5631                           3083.1087                 23.441177                 396.08766                      8.9254944
              7       1749.1215     0.068335368       5.2734899    0.0048379699       3511.5631      -6.6601069       -8.6915466         2.0314397       3511.5631                           3083.1088                 23.441178                 396.08766                       8.925516
              6       1747.6114     0.048993812       5.1665273    0.0056410315       3508.5431      -6.6601069       -8.6915466         2.0314397       3508.5431                           3080.0985                 23.443147                 396.08766                      8.9137788
              3       1747.7963     0.049770938       4.7679629    0.0042000094       3508.9128      -6.6601069       -8.6915466         2.0314397       3508.9128                            3080.494                  23.44087                 396.08766                      8.8903291
              4       1747.5883     0.050544613       4.9438308    0.0062954339       3508.4968      -6.6601069       -8.6915466         2.0314397       3508.4968                           3080.0382                 23.444339                 396.08766                      8.9266061
              4        1747.609     0.049980662       4.9351519    0.0063879362       3508.5383      -6.6601069       -8.6915466         2.0314397       3508.5383                           3080.0782                 23.444516                 396.08766                      8.9279059
              8       1747.5889     0.050718093       4.9137231    0.0064464276       3508.4979      -6.6601069       -8.6915466         2.0314397       3508.4979                           3080.0362                 23.444608                 396.08766                      8.9294503
              3       1747.5341     0.053976723       4.7836384    0.0094459051       3508.3883      -6.6601069       -8.6915466         2.0314397       3508.3883                           3079.8467                 23.449733                 396.10607                      8.9858203
              2       1747.5567     0.054996065       4.6902091    0.0094949779       3508.4337      -6.6601069       -8.6915466         2.0314397       3508.4337                             3079.89                 23.449843                 396.10607                      8.9877208
              2       1747.6414     0.054429684       4.5953299    0.0087337746        3508.603      -6.6601069       -8.6915466         2.0314397        3508.603                           3080.0745                 23.448601                 396.10607                      8.9738033
              9       1747.5874     0.055154781       4.6051867    0.0085572365       3508.4951      -6.6601069       -8.6915466         2.0314397       3508.4951                           3079.9695                 23.448278                 396.10607                      8.9712191
              1       1747.3397     0.059637806       4.7949078     0.009136434       3507.9996      -6.6601069       -8.6915466         2.0314397       3507.9996                           3079.4788                 23.449064                 396.08766                      8.9840654
              1       1747.3486     0.059014184       4.9096387    0.0088754626       3508.0173      -6.6601069       -8.6915466         2.0314397       3508.0173                           3079.5023                 23.448564                 396.08766                      8.9787947
              2       1747.3512     0.058811033        4.907629    0.0088081585       3508.0227      -6.6601069       -8.6915466         2.0314397       3508.0227                           3079.5092                 23.448455                 396.08766                      8.9774119
              9       1747.3645     0.058477568       4.7763548    0.0090275176       3508.0492      -6.6601069       -8.6915466         2.0314397       3508.0492                           3079.5313                 23.448915                 396.08766                      8.9812527
              5       1747.5092     0.054759131       4.7401367    0.0069985211       3508.3385      -6.6601069       -8.6915466         2.0314397       3508.3385                           3079.8631                 23.445548                 396.08766                      8.9422641
              1       1747.6646     0.069395254       4.7699086    0.0072160409       3508.6494      -6.6601069       -8.6915466         2.0314397       3508.6494                           3080.1565                 23.445567                 396.08766                      8.9596906
              4        1747.629     0.069105854       4.7716074    0.0073976372       3508.5782      -6.6601069       -8.6915466         2.0314397       3508.5782                           3080.0822                 23.445883                 396.08766                       8.962472
              4       1747.6291     0.069112804       4.7714528    0.0073983524       3508.5783      -6.6601069       -8.6915466         2.0314397       3508.5783                           3080.0823                 23.445884                 396.08766                      8.9624916
              4        1747.506     0.067035209       4.7716981    0.0076766948       3508.3323      -6.6601069       -8.6915466         2.0314397       3508.3323                           3079.8333                 23.446408                 396.08766                      8.9649342
              1       1747.7282     0.067580407        4.702888    0.0054639777       3508.7767      -6.6601069       -8.6915466         2.0314397       3508.7767                           3080.3189                 23.442661                 396.08766                        8.92745
              3       1748.8447     0.070212531       5.0790986    0.0047251048       3511.0095      -6.6601069       -8.6915466         2.0314397       3511.0095                           3082.5572                 23.441078                 396.08766                       8.923572
             10       1747.4767     0.057886698       4.8710564    0.0064767644       3508.2736      -6.6601069       -8.6915466         2.0314397       3508.2736                            3079.806                  23.44451                 396.08766                      8.9353862
              3       1747.6716     0.074127637       4.6278544    0.0076222585       3508.6634      -6.6601069       -8.6915466         2.0314397       3508.6634                           3080.1583                 23.446255                 396.08766                       8.971158
              2        1747.507     0.059463527       4.8147085    0.0060672575       3508.3342      -6.6601069       -8.6915466         2.0314397       3508.3342                            3079.873                 23.443806                 396.08766                      8.9296894
              1       1747.9586     0.067601774        4.691838     0.003978519       3509.2374      -6.6601069       -8.6915466         2.0314397       3509.2374                           3080.8066                 23.440135                 396.08766                      8.9029766
              1       1747.9553     0.068217233        4.685407    0.0041366589       3509.2309      -6.6601069       -8.6915466         2.0314397       3509.2309                           3080.7966                 23.440395                 396.08766                      8.9062304
              2       1747.6366      0.06057002        4.994415    0.0061009422       3508.5934      -6.6601069       -8.6915466         2.0314397       3508.5934                             3080.13                 23.443728                 396.08766                      8.9320205
              3       1747.9738     0.062399272       5.0956677    0.0053057534       3509.2679      -6.6601069       -8.6915466         2.0314397       3509.2679                           3080.8163                  23.44226                 396.08766                      8.9216205
              1       1747.9974     0.062634068       5.0967727     0.005278073       3509.3151      -6.6601069       -8.6915466         2.0314397       3509.3151                           3080.8637                 23.442206                 396.08766                      8.9214824
              1       1747.8106     0.062996019       4.9521119    0.0053597379       3508.9414      -6.6601069       -8.6915466         2.0314397       3508.9414                           3080.4892                  23.44243                 396.08766                      8.9221178
              1       1748.0719      0.06883366       4.9433754    0.0061578295        3509.464      -6.6601069       -8.6915466         2.0314397        3509.464                           3080.9899                 23.443653                 396.08766                      8.9428356
              1       1747.6841     0.065785377       4.9700118    0.0075485902       3508.6885      -6.6601069       -8.6915466         2.0314397       3508.6885                           3080.1921                 23.446087                 396.08766                      8.9626018
              6        1747.827     0.073692677       4.6756929    0.0068695511       3508.9743      -6.6601069       -8.6915466         2.0314397       3508.9743                           3080.4834                 23.444944                 396.08766                      8.9582469
              2       1747.7654     0.071915942       4.6605791    0.0063687212        3508.851      -6.6601069       -8.6915466         2.0314397        3508.851                           3080.3718                 23.444138                 396.08766                       8.947426
              1       1747.3396     0.061687367       4.6386237    0.0088804991       3507.9994      -6.6601069       -8.6915466         2.0314397       3507.9994                            3079.482                 23.448671                 396.08766                      8.9811451
              6       1747.3206     0.068199386       4.6329828    0.0093152148       3507.9615      -6.6601069       -8.6915466         2.0314397       3507.9615                             3079.43                 23.449278                 396.08766                      8.9945589
             11       1747.6887     0.052929078       4.5978411    0.0073373296       3508.6976      -6.6601069       -8.6915466         2.0314397       3508.6976                           3080.1975                 23.446241                 396.10607                      8.9478585
              1       1747.9858     0.073338534       4.9181279    0.0088486524       3509.2919      -6.6601069       -8.6915466         2.0314397       3509.2919                           3080.7616                 23.448162                 396.08766                      8.9944569
              1       1748.0832     0.073356999       4.9606946    0.0088392899       3509.4867      -6.6601069       -8.6915466         2.0314397       3509.4867                            3080.956                 23.448113                 396.08766                      8.9948839
              5       1747.7389     0.046070484       5.1085257    0.0091348696       3508.7979      -6.6601069       -8.6915466         2.0314397       3508.7979                           3080.2676                  23.44923                 396.10607                      8.9750594
              5       1747.7771     0.047756506       5.0043927    0.0042251929       3508.8744      -6.6601069       -8.6915466         2.0314397       3508.8744                            3080.457                 23.440846                 396.08766                      8.8889345
              3       1747.7654         0.04761       5.0315696    0.0043385392       3508.8511      -6.6601069       -8.6915466         2.0314397       3508.8511                           3080.4317                  23.44103                 396.08766                      8.8907096
              6       1747.6609     0.058470035        4.967374    0.0051900756        3508.642      -6.6601069       -8.6915466         2.0314397        3508.642                           3080.1977                 23.442243                 396.08766                      8.9143153
              3       1747.7258     0.060164177       4.6387954    0.0036138279       3508.7718      -6.6601069       -8.6915466         2.0314397       3508.7718                           3080.3557                 23.439709                 396.08766                      8.8887589
             14        1747.758     0.048549727       4.8159203    0.0068924701       3508.8363      -6.6601069       -8.6915466         2.0314397       3508.8363                           3080.3485                 23.445471                 396.10607                      8.9362433
              3       1747.5809     0.065584523       4.9641282    0.0082853956        3508.482      -6.6601069       -8.6915466         2.0314397        3508.482                            3079.972                 23.447356                 396.08766                      8.9750848
              1       1747.3998     0.065637205        4.661308    0.0075675076       3508.1197      -6.6601069       -8.6915466         2.0314397       3508.1197                           3079.6246                 23.446324                 396.08766                      8.9611498
              8       1747.6207     0.062826555       4.7309192    0.0051834858       3508.5616      -6.6601069       -8.6915466         2.0314397       3508.5616                           3080.1139                 23.442271                 396.08766                      8.9177347
              2       1747.5031     0.061938042       4.5576879    0.0055611963       3508.3263      -6.6601069       -8.6915466         2.0314397       3508.3263                           3079.8728                 23.443037                 396.08766                      8.9228734
              5       1747.5527     0.058785606       4.5434475    0.0053132201       3508.4256      -6.6601069       -8.6915466         2.0314397       3508.4256                           3079.9791                 23.442688                 396.08766                      8.9160821
             11       1747.5407     0.057538601       4.6483241    0.0055243465       3508.4016      -6.6601069       -8.6915466         2.0314397       3508.4016                           3079.9523                 23.443017                 396.08766                      8.9186417
              2       1747.5842     0.064568412       5.1027277    0.0093303675       3508.4887      -6.6601069       -8.6915466         2.0314397       3508.4887                           3079.9588                 23.449078                 396.08766                      8.9931691
              3       1747.6155     0.049194778       5.0041937      0.00621542       3508.5512      -6.6601069       -8.6915466         2.0314397       3508.5512                           3080.0951                 23.444206                 396.08766                      8.9242001
              6       1747.6857     0.048189015       4.9998811    0.0054908872       3508.6916      -6.6601069       -8.6915466         2.0314397       3508.6916                             3080.25                 23.442996                 396.08766                      8.9109392
              1       1747.6807     0.046485771       5.0983792     0.007074084       3508.6816      -6.6601069       -8.6915466         2.0314397       3508.6816                           3080.1926                 23.445696                 396.10607                       8.937294
              2       1747.6221     0.047766446       5.0862387    0.0071911602       3508.5643      -6.6601069       -8.6915466         2.0314397       3508.5643                           3080.0723                 23.445869                 396.10607                       8.940091
              2       1747.8409      0.05222436       4.5135703    0.0041025311       3509.0021      -6.6601069       -8.6915466         2.0314397       3509.0021                           3080.5827                 23.440774                 396.08766                      8.8909742
              6       1747.8549     0.051991861       4.5304824    0.0038373619       3509.0301      -6.6601069       -8.6915466         2.0314397       3509.0301                           3080.6158                 23.440319                 396.08766                      8.8862611
              7       1747.4545     0.057395408       4.8335468    0.0067231736       3508.2292      -6.6601069       -8.6915466         2.0314397       3508.2292                           3079.7574                 23.444964                 396.08766                      8.9392239
              5       1747.4515     0.059501819       4.8311162    0.0067853674       3508.2233      -6.6601069       -8.6915466         2.0314397       3508.2233                           3079.7485                 23.445022                 396.08766                      8.9421196
              4       1747.4649     0.056309885       4.7975219    0.0067675415         3508.25      -6.6601069       -8.6915466         2.0314397         3508.25                           3079.7781                 23.445086                 396.08766                      8.9391601
              5       1747.4847     0.056481686       4.6650157    0.0071267672       3508.2896      -6.6601069       -8.6915466         2.0314397       3508.2896                           3079.8103                 23.445769                 396.08766                      8.9458803
              3        1747.601     0.050003526       4.9352742    0.0071104035       3508.5221      -6.6601069       -8.6915466         2.0314397       3508.5221                           3080.0296                  23.44575                 396.10607                      8.9407451
              7       1747.7213     0.048186924       4.8994252    0.0063176153       3508.7628      -6.6601069       -8.6915466         2.0314397       3508.7628                           3080.2865                 23.444457                 396.10607                      8.9257752
              4       1747.3664     0.067043718       4.6313732    0.0081552556       3508.0531      -6.6601069       -8.6915466         2.0314397       3508.0531                           3079.5453                 23.447317                 396.08766                      8.9727603
              1       1747.3944     0.065343538       4.6165389    0.0073255816       3508.1091      -6.6601069       -8.6915466         2.0314397       3508.1091                            3079.619                 23.445944                 396.08766                      8.9565095
              1       1748.8647     0.071386195       5.1054375    0.0055938119       3511.0495      -6.6601069       -8.6915466         2.0314397       3511.0495                           3082.5794                 23.442509                 396.08766                         8.9399
              4       1748.2549     0.066901538       5.0873419    0.0057802441       3509.8301      -6.6601069       -8.6915466         2.0314397       3509.8301                           3081.3639                 23.442958                 396.08766                      8.9355762
              4       1748.6053     0.062506529        5.283911    0.0039355907       3510.5308      -6.6601069       -8.6915466         2.0314397       3510.5308                           3082.1018                 23.439798                 396.08766                      8.9016268
              2       1747.3899     0.057092851       4.8083419    0.0086216809          3508.1      -6.6601069       -8.6915466         2.0314397          3508.1                           3079.5913                 23.448234                 396.08766                      8.9728276
              1       1747.5741     0.049418301       5.0236447    0.0078086873       3508.4684      -6.6601069       -8.6915466         2.0314397       3508.4684                            3079.963                 23.446914                 396.10607                      8.9523334
              3       1747.6248     0.048992317       4.9751641     0.007153339       3508.5699      -6.6601069       -8.6915466         2.0314397       3508.5699                           3080.0775                 23.445828                 396.10607                      8.9404566
              3       1747.6945     0.052576288       5.2241977    0.0049137143       3508.7092      -6.6601069       -8.6915466         2.0314397       3508.7092                           3080.2753                 23.441777                 396.08766                      8.9045052
              2       1747.7087     0.055241394       5.2517473    0.0055482148       3508.7376      -6.6601069       -8.6915466         2.0314397       3508.7376                           3080.2891                  23.44277                 396.08766                      8.9180104
              1       1747.5431     0.053933307       5.2129773    0.0064871331       3508.4064      -6.6601069       -8.6915466         2.0314397       3508.4064                           3079.9418                 23.444431                 396.08766                      8.9325387
              3       1747.5442     0.053837334       5.1679859    0.0062830748       3508.4087      -6.6601069       -8.6915466         2.0314397       3508.4087                           3079.9481                 23.444111                 396.08766                      8.9288501
              2       1748.1258     0.069436155       4.8208155    0.0048701024       3509.5717      -6.6601069       -8.6915466         2.0314397       3509.5717                           3081.1215                 23.441527                 396.08766                       8.921079
              6       1747.4851     0.074510013       4.6188774    0.0095026748       3508.2905      -6.6601069       -8.6915466         2.0314397       3508.2905                           3079.7489                 23.449472                 396.08766                      9.0044518
              9       1747.6769     0.074480444       4.7163449     0.008949634       3508.6741      -6.6601069       -8.6915466         2.0314397       3508.6741                           3080.1425                 23.448456                 396.08766                      8.9954663
             11       1747.9017     0.067271445       5.2216594    0.0098959102       3509.1236      -6.6601069       -8.6915466         2.0314397       3509.1236                           3080.5783                 23.449891                 396.08766                       9.007755
              1       1747.5446     0.068080183       4.6468786    0.0065779118       3508.4095      -6.6601069       -8.6915466         2.0314397       3508.4095                           3079.9308                 23.444588                 396.08766                      8.9464573
              2        1747.595     0.056163016       4.7945061    0.0049682848       3508.5102      -6.6601069       -8.6915466         2.0314397       3508.5102                           3080.0725                 23.442019                 396.08766                      8.9080278
              5       1747.4342     0.051763835       5.1854044    0.0081184754       3508.1885      -6.6601069       -8.6915466         2.0314397       3508.1885                           3079.6946                 23.447296                 396.08766                      8.9590107
              3       1747.5191     0.051851649       5.2038919    0.0065470826       3508.3583      -6.6601069       -8.6915466         2.0314397       3508.3583                           3079.8944                 23.444596                 396.08766                      8.9317039
              6        1747.632     0.049128934       5.2663128    0.0053536827       3508.5842      -6.6601069       -8.6915466         2.0314397       3508.5842                           3080.1451                   23.4426                 396.08766                      8.9089092
              8       1747.6276     0.049389022       5.2617443     0.005385242       3508.5754      -6.6601069       -8.6915466         2.0314397       3508.5754                           3080.1355                 23.442649                 396.08766                      8.9096609
              5       1748.2836     0.064581811       5.0233713    0.0039787202       3509.8874      -6.6601069       -8.6915466         2.0314397       3509.8874                           3081.4574                  23.43999                 396.08766                       8.902305
             10       1749.1199     0.073836636       4.8909658    0.0033207781       3511.5599      -6.6601069       -8.6915466         2.0314397       3511.5599                           3083.1293                 23.438735                 396.08766                      8.9042541
              1       1747.7619     0.060528271       4.5197113    0.0030775247       3508.8439      -6.6601069       -8.6915466         2.0314397       3508.8439                           3080.4374                 23.438856                 396.08766                      8.8800472
              8         1747.53     0.058333309       4.5787991    0.0056765424       3508.3801      -6.6601069       -8.6915466         2.0314397       3508.3801                           3079.9272                 23.443298                 396.08766                      8.9219446
              6       1747.6624     0.054357494       4.5618149    0.0054464353       3508.6449      -6.6601069       -8.6915466         2.0314397       3508.6449                            3080.199                 23.442998                 396.08766                      8.9152537
              4        1747.542     0.056822056       4.7431942     0.005522547       3508.4042      -6.6601069       -8.6915466         2.0314397       3508.4042                           3079.9556                 23.442978                 396.08766                      8.9179865
              6       1747.4132      0.05887972       4.6844275    0.0074259391       3508.1466      -6.6601069       -8.6915466         2.0314397       3508.1466                           3079.6599                 23.446217                 396.08766                      8.9528428
              1       1747.3505     0.064252127       4.6500108     0.008059054       3508.0213      -6.6601069       -8.6915466         2.0314397       3508.0213                           3079.5179                 23.447202                 396.08766                      8.9684962
              4       1747.3279     0.065594643       4.5187328    0.0082034255        3507.976      -6.6601069       -8.6915466         2.0314397        3507.976                           3079.4687                 23.447501                 396.08766                        8.97216
              2       1747.3285      0.06651434       4.5564313    0.0082755677       3507.9771      -6.6601069       -8.6915466         2.0314397       3507.9771                           3079.4676                 23.447582                 396.08766                      8.9742596
              6       1748.0243     0.045704952       4.7304466    0.0061415853       3509.3688      -6.6601069       -8.6915466         2.0314397       3509.3688                           3080.8963                 23.444293                 396.10607                      8.9220955
              2       1747.8644      0.04878197       4.6763628    0.0053785272       3509.0489      -6.6601069       -8.6915466         2.0314397       3509.0489                           3080.5894                 23.442946                 396.10607                      8.9105049
              6        1747.436     0.062413854       4.8731544    0.0077501137       3508.1922      -6.6601069       -8.6915466         2.0314397       3508.1922                           3079.6961                 23.446577                 396.08766                      8.9618203
              1       1747.5189     0.066122742       4.8720896    0.0081676499        3508.358      -6.6601069       -8.6915466         2.0314397        3508.358                           3079.8501                 23.447203                 396.08766                      8.9730668
              6       1747.9549     0.047980582       4.6441292    0.0046055116         3509.23      -6.6601069       -8.6915466         2.0314397         3509.23                           3080.7855                  23.44166                 396.10607                      8.8967898
              2       1747.6289     0.050135842       4.8759139    0.0071097587       3508.5781      -6.6601069       -8.6915466         2.0314397       3508.5781                           3080.0852                 23.445776                 396.10607                      8.9410242
             16        1747.493     0.069189158       4.6409046    0.0073604586       3508.3062      -6.6601069       -8.6915466         2.0314397       3508.3062                           3079.8116                 23.445905                 396.08766                      8.9610735
              9       1747.7036     0.074696154       4.6331178    0.0076972506       3508.7274      -6.6601069       -8.6915466         2.0314397       3508.7274                           3080.2202                 23.446367                 396.08766                      8.9731935
              1       1747.6128     0.070597086       4.7060812    0.0074627394       3508.5458      -6.6601069       -8.6915466         2.0314397       3508.5458                           3080.0473                 23.446005                 396.08766                      8.9648475
              6       1747.3019     0.065821576       4.5441491    0.0090318855        3507.924      -6.6601069       -8.6915466         2.0314397        3507.924                           3079.4002                 23.448899                 396.08766                      8.9872278
              3       1747.3772     0.060767726       4.9625012    0.0087918579       3508.0746      -6.6601069       -8.6915466         2.0314397       3508.0746                           3079.5596                 23.448345                 396.08766                      8.9788972
              1       1747.6137     0.064408312        5.176502    0.0098876431       3508.5475      -6.6601069       -8.6915466         2.0314397       3508.5475                           3080.0065                 23.449987                 396.08766                        9.00341
              1       1747.8293      0.06842361       5.1176763    0.0097749232       3508.9789      -6.6601069       -8.6915466         2.0314397       3508.9789                           3080.4354                 23.449728                 396.08766                      9.0061241
              3       1747.7227      0.06043198       5.0844885    0.0060525552       3508.7656      -6.6601069       -8.6915466         2.0314397       3508.7656                           3080.3028                 23.443593                 396.08766                      8.9315533
              2        1747.617     0.051165922       5.0132427    0.0052631101       3508.5542      -6.6601069       -8.6915466         2.0314397       3508.5542                            3080.115                 23.442525                 396.08766                      8.9090263
              1       1747.5837     0.052191808       4.7925016    0.0072666072       3508.4877      -6.6601069       -8.6915466         2.0314397       3508.4877                           3079.9903                 23.446038                 396.10607                       8.945306
              3       1747.4114     0.054141127       4.9847786     0.008559006        3508.143      -6.6601069       -8.6915466         2.0314397        3508.143                           3079.6379                 23.448099                 396.08766                      8.9693017
              3       1747.3354     0.059610818       4.9175962    0.0092893234       3507.9911      -6.6601069       -8.6915466         2.0314397       3507.9911                           3079.4674                 23.449253                 396.08766                      8.9867839
              1       1747.3273     0.059672381       4.8349736    0.0097888802       3507.9747      -6.6601069       -8.6915466         2.0314397       3507.9747                           3079.4409                 23.450158                 396.08766                      8.9959922
              1       1747.3534     0.062152507        4.694744      0.00810243        3508.027      -6.6601069       -8.6915466         2.0314397        3508.027                           3079.5246                 23.447295                 396.08766                      8.9674687
              5       1747.6719     0.074782075       4.7011098    0.0089397052        3508.664      -6.6601069       -8.6915466         2.0314397        3508.664                           3080.1324                 23.448443                 396.08766                      8.9955219
              1       1747.4609         0.06965       4.6439281    0.0078834143        3508.242      -6.6601069       -8.6915466         2.0314397        3508.242                           3079.7369                 23.446787                 396.08766                      8.9706723
              3       1747.4593     0.069818572       4.6356054    0.0078794195       3508.2389      -6.6601069       -8.6915466         2.0314397       3508.2389                           3079.7337                 23.446783                 396.08766                       8.970739
              4        1747.493     0.069698999       4.6299119    0.0074326331       3508.3062      -6.6601069       -8.6915466         2.0314397       3508.3062                           3079.8097                 23.446025                 396.08766                      8.9628129
              6       1747.4056     0.061890989       4.8248562     0.007712667       3508.1315      -6.6601069       -8.6915466         2.0314397       3508.1315                           3079.6367                 23.446555                 396.08766                      8.9605072
              5       1747.8054     0.057830911       4.8865029    0.0036475934        3508.931      -6.6601069       -8.6915466         2.0314397        3508.931                           3080.5158                 23.439678                 396.08766                      8.8878116
              3       1747.9085     0.062149525       5.1301436    0.0058838075       3509.1372      -6.6601069       -8.6915466         2.0314397       3509.1372                           3080.6751                  23.44323                 396.08766                      8.9311652
              7       1747.5835     0.055271177       5.2120603    0.0063740899       3508.4871      -6.6601069       -8.6915466         2.0314397       3508.4871                           3080.0234                 23.444202                 396.08766                      8.9319002
              5       1747.6105     0.056930212       4.8623292    0.0049561454       3508.5413      -6.6601069       -8.6915466         2.0314397       3508.5413                           3080.1031                 23.441943                 396.08766                       8.908579
              1       1747.7409     0.066075276       4.9371501    0.0069150931        3508.802      -6.6601069       -8.6915466         2.0314397        3508.802                           3080.3174                 23.445019                 396.08766                       8.951876
              1       1747.7459     0.065899733       4.9477873    0.0069066996        3508.812      -6.6601069       -8.6915466         2.0314397        3508.812                           3080.3278                 23.445002                 396.08766                      8.9516025
              1       1747.7982     0.067114992        4.962606    0.0072515897       3508.9167      -6.6601069       -8.6915466         2.0314397       3508.9167                           3080.4243                 23.445551                 396.08766                      8.9591291
              1       1748.0536     0.069109566       4.9728305    0.0067293574       3509.4274      -6.6601069       -8.6915466         2.0314397       3509.4274                           3080.9421                 23.444602                 396.08766                      8.9530931
              1       1747.9599     0.067977818       4.9741574    0.0067375183       3509.2399      -6.6601069       -8.6915466         2.0314397       3509.2399                           3080.7559                 23.444643                 396.08766                      8.9516879
              6       1748.3341     0.067800511       4.8363453    0.0033727586       3509.9884      -6.6601069       -8.6915466         2.0314397       3509.9884                           3081.5668                 23.439005                 396.08766                      8.8950083
              1       1747.6451      0.06065826       4.6238555    0.0042560482       3508.6104      -6.6601069       -8.6915466         2.0314397       3508.6104                           3080.1821                 23.440801                 396.08766                      8.8998095
              1       1747.7274       0.0465108       5.0658443    0.0056925325       3508.7749      -6.6601069       -8.6915466         2.0314397       3508.7749                           3080.3123                 23.443351                 396.10607                      8.9132721
              1       1747.7276     0.046397816       5.0670456    0.0058169204       3508.7754      -6.6601069       -8.6915466         2.0314397       3508.7754                           3080.3104                 23.443566                 396.10607                      8.9153811
              1       1747.7978     0.046254008       4.9579863    0.0058213769       3508.9158      -6.6601069       -8.6915466         2.0314397       3508.9158                           3080.4507                 23.443629                 396.10607                      8.9154306
              5       1747.4839     0.056267313       4.9046836    0.0064360592        3508.288      -6.6601069       -8.6915466         2.0314397        3508.288                           3079.8225                  23.44446                 396.08766                      8.9333174
              2       1747.7994     0.054675301       5.2318798     0.004638439        3508.919      -6.6601069       -8.6915466         2.0314397        3508.919                           3080.4879                 23.441246                 396.08766                      8.9021581
              4       1747.6307     0.055141711       5.1137784    0.0054495402       3508.5817      -6.6601069       -8.6915466         2.0314397       3508.5817                           3080.1356                 23.442685                 396.08766                      8.9157584
              2       1747.4697     0.053685642       4.9680332    0.0070708712       3508.2595      -6.6601069       -8.6915466         2.0314397       3508.2595                           3079.7839                 23.445574                 396.08766                      8.9423825
              3       1747.4163     0.055632055       5.2691514    0.0088036883       3508.1528      -6.6601069       -8.6915466         2.0314397       3508.1528                           3079.6419                 23.448313                 396.08766                      8.9749359
              6       1747.5486     0.056202665       5.1272417    0.0064854102       3508.4174      -6.6601069       -8.6915466         2.0314397       3508.4174                           3079.9508                 23.444417                 396.08766                      8.9344896
              3       1747.5065     0.055936182       5.1320221    0.0068934668       3508.3332      -6.6601069       -8.6915466         2.0314397       3508.3332                           3079.8591                 23.445119                 396.08766                      8.9412835
             10       1747.3448     0.059494414       5.0169185    0.0095642077       3508.0097      -6.6601069       -8.6915466         2.0314397       3508.0097                           3079.4806                 23.449667                 396.08766                      8.9917577
              1       1747.5214      0.04880549       5.1920928    0.0080026561       3508.3631      -6.6601069       -8.6915466         2.0314397       3508.3631                           3079.8549                 23.447175                 396.10607                       8.954977
              7       1747.7617     0.051765586       4.7619476    0.0038472028       3508.8436      -6.6601069       -8.6915466         2.0314397       3508.8436                           3080.4301                 23.440227                 396.08766                      8.8857067
              2       1747.6698     0.051692428       4.7555808    0.0052880341       3508.6599      -6.6601069       -8.6915466         2.0314397       3508.6599                           3080.2193                 23.442688                 396.08766                      8.9102527
              2       1747.6769     0.050695418       4.8177052    0.0053187925        3508.674      -6.6601069       -8.6915466         2.0314397        3508.674                           3080.2336                 23.442732                 396.08766                        8.90999
              4       1747.7458     0.048237433       4.8826917    0.0053371099       3508.8118      -6.6601069       -8.6915466         2.0314397       3508.8118                           3080.3727                  23.44279                 396.08766                      8.9086467
              9       1747.7411     0.048152058       4.8962849    0.0053690447       3508.8025      -6.6601069       -8.6915466         2.0314397       3508.8025                           3080.3629                  23.44284                 396.08766                      8.9091085
              2       1747.8858     0.061781889       4.9658927    0.0045858164       3509.0918      -6.6601069       -8.6915466         2.0314397       3509.0918                            3080.655                 23.441132                 396.08766                      8.9079916
              3        1748.057     0.061247314       5.0147753    0.0037962484       3509.4343      -6.6601069       -8.6915466         2.0314397       3509.4343                            3081.012                 23.439769                 396.08766                      8.8948709
              4       1747.7358     0.061278276        4.925991    0.0051208517       3508.7917      -6.6601069       -8.6915466         2.0314397       3508.7917                            3080.346                 23.442081                 396.08766                      8.9159856
              1       1747.4927     0.059193297       4.9791656    0.0069460084       3508.3057      -6.6601069       -8.6915466         2.0314397       3508.3057                           3079.8278                 23.445216                 396.08766                      8.9449525
              3       1747.4267      0.06027649       4.7353408    0.0068940453       3508.1736      -6.6601069       -8.6915466         2.0314397       3508.1736                           3079.6961                 23.445247                 396.08766                      8.9445949
             15       1747.5535     0.047439509       5.2715251    0.0095403763       3508.4273      -6.6601069       -8.6915466         2.0314397       3508.4273                            3079.889                 23.449806                 396.10607                       8.982445
             14        1747.501     0.048444003       5.2747144    0.0093423616       3508.3222      -6.6601069       -8.6915466         2.0314397       3508.3222                           3079.7874                 23.449436                 396.10607                      8.9793038
             14        1747.512     0.048211158       5.2729704    0.0093532006       3508.3442      -6.6601069       -8.6915466         2.0314397       3508.3442                           3079.8093                 23.449462                 396.10607                      8.9793794
              8       1747.6747     0.046377364       5.1638201    0.0061073187       3508.6697      -6.6601069       -8.6915466         2.0314397       3508.6697                           3080.1998                 23.444015                 396.10607                      8.9198145
              3       1748.1036     0.046516649       4.5837016    0.0051315133       3509.5274      -6.6601069       -8.6915466         2.0314397       3509.5274                           3081.0731                 23.442615                 396.10607                      8.9056852
              2       1747.3916     0.067740849       4.5747105    0.0075573388       3508.1035      -6.6601069       -8.6915466         2.0314397       3508.1035                           3079.6068                 23.446316                 396.08766                      8.9627398
              6       1747.3088     0.064779244       4.5354165    0.0093745202       3507.9379      -6.6601069       -8.6915466         2.0314397       3507.9379                            3079.408                 23.449514                 396.08766                      8.9926555
              1       1747.3823      0.06367616       4.6099922    0.0073291215       3508.0849      -6.6601069       -8.6915466         2.0314397       3508.0849                           3079.5962                  23.44599                 396.08766                      8.9550668
              2       1747.7133       0.0600035        4.849842    0.0045246006       3508.7469      -6.6601069       -8.6915466         2.0314397       3508.7469                           3080.3137                 23.441141                 396.08766                      8.9043367
              8       1747.8576     0.046954042       4.8405586    0.0049911591       3509.0355      -6.6601069       -8.6915466         2.0314397       3509.0355                            3080.585                  23.44225                 396.10607                      8.9020991
              2       1747.6631     0.052657521       4.6519933    0.0063325036       3508.6464      -6.6601069       -8.6915466         2.0314397       3508.6464                           3080.1663                 23.444502                 396.10607                      8.9294723
              6       1747.7941     0.066517487       4.5269388    0.0035794042       3508.9085      -6.6601069       -8.6915466         2.0314397       3508.9085                           3080.4871                 23.439583                 396.08766                       8.894121
              2       1747.4701     0.063790855       4.5062682    0.0058598522       3508.2605      -6.6601069       -8.6915466         2.0314397       3508.2605                           3079.7997                 23.443539                 396.08766                      8.9295525
              1       1747.4718      0.06423408       4.5470725    0.0059584997       3508.2638      -6.6601069       -8.6915466         2.0314397       3508.2638                           3079.8008                 23.443674                 396.08766                      8.9316913
              6       1747.4484     0.059773326        4.604644    0.0066168172        3508.217      -6.6601069       -8.6915466         2.0314397        3508.217                           3079.7452                 23.444859                 396.08766                      8.9393444
              4       1747.7523     0.048717712       4.9880621    0.0042441054       3508.8248      -6.6601069       -8.6915466         2.0314397       3508.8248                           3080.4063                 23.440863                 396.08766                       8.889933
              2       1748.0519     0.064458991       5.0354045    0.0052056653       3509.4241      -6.6601069       -8.6915466         2.0314397       3509.4241                           3080.9722                 23.442076                 396.08766                      8.9221404
              1       1748.4182     0.070950984       5.0225596    0.0063493925       3510.1566      -6.6601069       -8.6915466         2.0314397       3510.1566                           3081.6749                 23.443871                 396.08766                      8.9501555
              3       1747.9644     0.073023569       4.6932683    0.0059215878       3509.2489      -6.6601069       -8.6915466         2.0314397       3509.2489                           3080.7762                 23.443327                 396.08766                      8.9416889
              4       1748.1448     0.072625677       4.7859238    0.0057787942       3509.6098      -6.6601069       -8.6915466         2.0314397       3509.6098                           3081.1392                 23.443027                 396.08766                      8.9399124
             10        1747.396     0.064569731       4.9276063      0.00962991       3508.1123      -6.6601069       -8.6915466         2.0314397       3508.1123                           3079.5774                 23.449709                 396.08766                      8.9975669
              1        1747.686     0.065488456        5.112934    0.0090211903       3508.6922      -6.6601069       -8.6915466         2.0314397       3508.6922                           3080.1671                 23.448517                 396.08766                      8.9889483
              2       1747.5662     0.047434603       5.2180042    0.0079276794       3508.4525      -6.6601069       -8.6915466         2.0314397       3508.4525                           3079.9466                 23.447071                 396.10607                      8.9527664
              3        1747.719     0.055775157       5.1241361    0.0049303541       3508.7583      -6.6601069       -8.6915466         2.0314397       3508.7583                           3080.3211                 23.441777                 396.08766                      8.9077521
              1       1747.9419     0.066340697       5.1624605    0.0081583535       3509.2041      -6.6601069       -8.6915466         2.0314397       3509.2041                           3080.6938                 23.446983                 396.08766                      8.9755743
              7       1747.9454     0.066573864       5.1509437     0.008132536        3509.211      -6.6601069       -8.6915466         2.0314397        3509.211                           3080.7011                 23.446941                 396.08766                      8.9753345
              9       1748.0665     0.067894689        5.149594    0.0081269681       3509.4531      -6.6601069       -8.6915466         2.0314397       3509.4531                           3080.9415                 23.446897                 396.08766                      8.9771128
              1       1748.1454     0.069036851       5.0629503    0.0072319574        3509.611      -6.6601069       -8.6915466         2.0314397        3509.611                           3081.1154                 23.445398                 396.08766                      8.9625321
              1       1747.9212      0.06782849       4.9912308    0.0070965993       3509.1626      -6.6601069       -8.6915466         2.0314397       3509.1626                            3080.672                 23.445249                 396.08766                      8.9577198
              1       1747.4969     0.056356055       5.1730703    0.0073177983        3508.314      -6.6601069       -8.6915466         2.0314397        3508.314                           3079.8313                 23.445808                 396.08766                      8.9491794
              1       1747.9601     0.056016586       5.2322345    0.0040351138       3509.2403      -6.6601069       -8.6915466         2.0314397       3509.2403                           3080.8187                 23.440181                 396.08766                      8.8938107
              1       1747.6071     0.055662074       5.0419763    0.0054487686       3508.5345      -6.6601069       -8.6915466         2.0314397       3508.5345                           3080.0881                 23.442712                 396.08766                       8.916065
              4       1747.4544     0.053790137       5.2692843    0.0077931828        3508.229      -6.6601069       -8.6915466         2.0314397        3508.229                           3079.7394                 23.446635                 396.08766                       8.955279
              8       1747.4599     0.056561707       5.2837285     0.008576729         3508.24      -6.6601069       -8.6915466         2.0314397         3508.24                           3079.7326                 23.447889                 396.08766                      8.9718398
              1        1747.422     0.056060749       5.2227613    0.0085282829       3508.1642      -6.6601069       -8.6915466         2.0314397       3508.1642                           3079.6583                 23.447858                 396.08766                      8.9703339
              6       1747.4504     0.056123335       5.2239784    0.0081380184       3508.2209      -6.6601069       -8.6915466         2.0314397       3508.2209                           3079.7226                 23.447187                 396.08766                      8.9634745
              2         1747.44     0.056400381       5.2486711    0.0085353041       3508.2001      -6.6601069       -8.6915466         2.0314397       3508.2001                           3079.6938                 23.447844                 396.08766                      8.9708449
              3        1747.357     0.055651459       5.0763423     0.009478785       3508.0342      -6.6601069       -8.6915466         2.0314397       3508.0342                             3079.51                 23.449584                 396.08766                      8.9870326
              8       1748.5608     0.070025517       4.8109506    0.0030100734       3510.4419      -6.6601069       -8.6915466         2.0314397       3510.4419                           3082.0237                 23.438353                 396.08766                      8.8921596
              1       1748.2092     0.072907263        4.677677    0.0044066427       3509.7386      -6.6601069       -8.6915466         2.0314397       3509.7386                           3081.2936                 23.440757                 396.08766                      8.9165914
              1       1748.2402     0.073452885       4.6409092    0.0040955227       3509.8006      -6.6601069       -8.6915466         2.0314397       3509.8006                           3081.3608                 23.440241                 396.08766                      8.9118927
              4       1748.3426     0.074417526       4.6503617    0.0040835364       3510.0055      -6.6601069       -8.6915466         2.0314397       3510.0055                           3081.5645                 23.440193                 396.08766                      8.9131689
              2       1748.1787     0.074012812       4.6157913    0.0043511199       3509.6777      -6.6601069       -8.6915466         2.0314397       3509.6777                           3081.2329                 23.440682                 396.08766                      8.9164377
              1       1748.2146     0.074095819       4.8248084    0.0065870199       3509.7495      -6.6601069       -8.6915466         2.0314397       3509.7495                           3081.2616                 23.444345                 396.08766                      8.9559012
              3       1747.4942     0.067640288       4.5217736    0.0060628182       3508.3085      -6.6601069       -8.6915466         2.0314397       3508.3085                           3079.8404                 23.443797                 396.08766                      8.9366435
              3       1747.5688     0.068647865        4.564424     0.005900079       3508.4578      -6.6601069       -8.6915466         2.0314397       3508.4578                           3079.9916                 23.443471                 396.08766                      8.9350989
              8       1747.4519     0.068071397       4.6672674    0.0076550647        3508.224      -6.6601069       -8.6915466         2.0314397        3508.224                           3079.7248                 23.446416                 396.08766                      8.9651332
              5       1747.4351     0.067376312       4.6819208    0.0077499558       3508.1904      -6.6601069       -8.6915466         2.0314397       3508.1904                             3079.69                 23.446584                 396.08766                      8.9661304
              2       1747.6423     0.065444808       4.9567127    0.0075954384       3508.6047      -6.6601069       -8.6915466         2.0314397       3508.6047                            3080.108                 23.446185                 396.08766                      8.9628951
              2       1747.6564     0.065415266       4.9768802    0.0076715034        3508.633      -6.6601069       -8.6915466         2.0314397        3508.633                           3080.1348                 23.446302                 396.08766                      8.9643178
              2        1747.526     0.062360051       4.9888446    0.0076520673       3508.3723      -6.6601069       -8.6915466         2.0314397       3508.3723                           3079.8777                 23.446338                 396.08766                      8.9605428
              2       1747.4819     0.060554194       4.9648276    0.0073257904        3508.284      -6.6601069       -8.6915466         2.0314397        3508.284                           3079.7977                  23.44584                 396.08766                      8.9528523
              2       1747.5792     0.063705661       5.0480702    0.0082823622       3508.4785      -6.6601069       -8.6915466         2.0314397       3508.4785                           3079.9702                 23.447343                 396.08766                       8.973374
              1       1747.6143     0.060659352       5.1863933    0.0078636044       3508.5488      -6.6601069       -8.6915466         2.0314397       3508.5488                           3080.0511                 23.446617                 396.08766                      8.9633574
              4       1747.6766     0.061727579       5.2162843    0.0081474405       3508.6735      -6.6601069       -8.6915466         2.0314397       3508.6735                            3080.169                 23.447053                 396.08766                      8.9697626
              4       1747.8542     0.064678399       5.2026607    0.0082681328       3509.0286      -6.6601069       -8.6915466         2.0314397       3509.0286                           3080.5182                 23.447188                 396.08766                      8.9755887
              7       1747.3525     0.057145874       4.9304951    0.0094652923       3508.0253      -6.6601069       -8.6915466         2.0314397       3508.0253                              3079.5                 23.449608                 396.08766                      8.9880508
              3       1747.4936     0.067791138       4.7004522    0.0074175299       3508.3075      -6.6601069       -8.6915466         2.0314397       3508.3075                           3079.8129                 23.445994                 396.08766                      8.9608747
              4       1747.6486     0.072582947       4.5893937    0.0067313857       3508.6174      -6.6601069       -8.6915466         2.0314397       3508.6174                           3080.1312                 23.444792                 396.08766                      8.9537518
              1       1747.6263      0.07243238       4.5949362    0.0069060258       3508.5728      -6.6601069       -8.6915466         2.0314397       3508.5728                           3080.0834                 23.445089                 396.08766                      8.9565949
              3       1748.1878      0.06400373       5.1684113    0.0055189846       3509.6958      -6.6601069       -8.6915466         2.0314397       3509.6958                           3081.2376                 23.442533                 396.08766                      8.9280366
              1        1747.608     0.071114292       4.7883098    0.0087384457       3508.5363      -6.6601069       -8.6915466         2.0314397       3508.5363                           3080.0122                  23.44812                 396.08766                      8.9882649
             13       1747.8848     0.067825051       4.5268289    0.0033030763       3509.0899      -6.6601069       -8.6915466         2.0314397       3509.0899                           3080.6721                 23.439086                 396.08766                      8.8910705
              3       1747.4861     0.062655867       4.6543467    0.0060374208       3508.2924      -6.6601069       -8.6915466         2.0314397       3508.2924                           3079.8292                 23.443778                 396.08766                      8.9317982
              2       1747.5598     0.057919658       4.8662515    0.0055393096       3508.4399      -6.6601069       -8.6915466         2.0314397       3508.4399                             3079.99                 23.442912                 396.08766                      8.9193564
              1       1747.6493     0.049730705       4.9762422    0.0053564367       3508.6188      -6.6601069       -8.6915466         2.0314397       3508.6188                           3080.1788                  23.44274                 396.08766                      8.9096545
              1       1747.7919     0.049519413       4.9126325    0.0037352803        3508.904      -6.6601069       -8.6915466         2.0314397        3508.904                           3080.4943                 23.440013                 396.08766                      8.8820245
              1       1748.0664     0.046129205       4.6557657    0.0044867344        3509.453      -6.6601069       -8.6915466         2.0314397        3509.453                           3081.0116                 23.441492                 396.10607                      8.8938209
             10       1748.1677     0.045288707       4.6134244    0.0044261116       3509.6556      -6.6601069       -8.6915466         2.0314397       3509.6556                           3081.2155                 23.441425                 396.10607                      8.8926607
              2       1747.6925     0.051471779        4.705234    0.0080230813       3508.7052      -6.6601069       -8.6915466         2.0314397       3508.7052                           3080.1931                 23.447393                 396.10607                      8.9586995
              2       1747.3983     0.063421889       4.5464408    0.0069572484       3508.1168      -6.6601069       -8.6915466         2.0314397       3508.1168                           3079.6354                 23.445397                 396.08766                      8.9482979
              2       1747.4308     0.067208837       4.7242231    0.0081222646       3508.1817      -6.6601069       -8.6915466         2.0314397       3508.1817                           3079.6742                 23.447197                 396.08766                      8.9726607
              1       1747.7019     0.066295282       5.1047143    0.0092734543       3508.7241      -6.6601069       -8.6915466         2.0314397       3508.7241                           3080.1931                 23.448934                 396.08766                       8.994342
              3       1747.5286     0.062073101       5.1308751    0.0088576888       3508.3774      -6.6601069       -8.6915466         2.0314397       3508.3774                           3079.8594                 23.448316                 396.08766                      8.9820725
              1       1747.3867     0.065680788       4.7374982    0.0083179878       3508.0935      -6.6601069       -8.6915466         2.0314397       3508.0935                           3079.5837                 23.447558                 396.08766                      8.9746186
              8       1748.5822     0.067963122       5.1356797    0.0052951724       3510.4847      -6.6601069       -8.6915466         2.0314397       3510.4847                            3082.025                 23.442068                 396.08766                      8.9299542
              1       1747.9973      0.06150084       5.0524604    0.0044810355       3509.3149      -6.6601069       -8.6915466         2.0314397       3509.3149                           3080.8797                 23.440905                 396.08766                      8.9065898
              5       1748.4649     0.064988581       5.2899309    0.0059033972       3510.2501      -6.6601069       -8.6915466         2.0314397       3510.2501                            3081.782                 23.443077                 396.08766                      8.9373003
              1       1747.8283     0.046442907       5.0101107    0.0041213149       3508.9769      -6.6601069       -8.6915466         2.0314397       3508.9769                           3080.5622                   23.4407                 396.08766                      8.8863196
              5       1747.8871     0.045677584       5.1139125    0.0033378502       3509.0944      -6.6601069       -8.6915466         2.0314397       3509.0944                           3080.6949                 23.439336                 396.08766                      8.8724304
              1       1748.2901     0.073848291       4.6960937     0.004584995       3509.9005      -6.6601069       -8.6915466         2.0314397       3509.9005                           3081.4508                 23.441028                 396.08766                      8.9210135
              7       1748.0965     0.072901594       4.6394416    0.0045871127       3509.5133      -6.6601069       -8.6915466         2.0314397       3509.5133                           3081.0655                 23.441092                 396.08766                      8.9190325
              4       1747.9088     0.048121281       4.7914074     0.003353096       3509.1379      -6.6601069       -8.6915466         2.0314397       3509.1379                           3080.7358                 23.439454                 396.08766                      8.8749297
              3       1747.8803     0.048793084       4.7830211    0.0034346416       3509.0809      -6.6601069       -8.6915466         2.0314397       3509.0809                           3080.6769                 23.439582                 396.08766                      8.8767386
              1       1747.6127     0.057318531       4.8394623    0.0049012751       3508.5456      -6.6601069       -8.6915466         2.0314397       3508.5456                           3080.1081                 23.441853                 396.08766                      8.9079719
              1       1747.6111     0.066950417        4.520499    0.0049116977       3508.5425      -6.6601069       -8.6915466         2.0314397       3508.5425                           3080.0965                 23.441848                 396.08766                      8.9165099
              3       1747.4249     0.067583731        4.541568    0.0069024899       3508.1699      -6.6601069       -8.6915466         2.0314397       3508.1699                            3079.686                  23.44522                 396.08766                      8.9510889
              1       1747.6294     0.053675618       4.6226083    0.0069163086        3508.579      -6.6601069       -8.6915466         2.0314397        3508.579                           3080.0869                 23.445492                 396.10607                      8.9405603
              2       1747.5865     0.053703046       4.6750022    0.0067534719       3508.4931      -6.6601069       -8.6915466         2.0314397       3508.4931                           3080.0228                 23.445186                 396.08766                      8.9374593
              3       1747.6712     0.062435297       4.8857316    0.0056527135       3508.6626      -6.6601069       -8.6915466         2.0314397       3508.6626                            3080.206                 23.442985                 396.08766                      8.9259375
              4       1747.7423     0.058659452       4.6849009    0.0035029907       3508.8048      -6.6601069       -8.6915466         2.0314397       3508.8048                            3080.392                 23.439527                 396.08766                      8.8856424
              2       1747.6432     0.053460524       4.9423497     0.004715807       3508.6066      -6.6601069       -8.6915466         2.0314397       3508.6066                           3080.1758                 23.441572                 396.08766                      8.9015536
              1       1747.5756     0.053643906       4.8241881    0.0055868301       3508.4715      -6.6601069       -8.6915466         2.0314397       3508.4715                           3080.0241                 23.443117                 396.08766                      8.9165982
              1       1747.9063     0.069522771       4.6557712    0.0045880626       3509.1328      -6.6601069       -8.6915466         2.0314397       3509.1328                            3080.689                 23.441155                 396.08766                      8.9149109
              2       1747.7868     0.050976643       4.6058613    0.0062099085       3508.8938      -6.6601069       -8.6915466         2.0314397       3508.8938                           3080.4168                 23.444351                 396.10607                      8.9266214
              4       1747.7713     0.046122142       5.0107938    0.0058549236       3508.8629      -6.6601069       -8.6915466         2.0314397       3508.8629                           3080.3974                 23.443665                 396.10607                      8.9157462
              1       1747.9533     0.056038076       5.2176633    0.0039950553       3509.2267      -6.6601069       -8.6915466         2.0314397       3509.2267                           3080.8059                 23.440121                 396.08766                      8.8931002
              1       1747.9554     0.056112024       5.2143814    0.0039861653        3509.231      -6.6601069       -8.6915466         2.0314397        3509.231                           3080.8102                 23.440105                 396.08766                      8.8930245
              4        1747.971     0.054761177        5.211934    0.0034946534       3509.2622      -6.6601069       -8.6915466         2.0314397       3509.2622                           3080.8517                 23.439307                 396.08766                      8.8834597
              2       1747.8489     0.045747903       5.2361347    0.0035248131        3509.018      -6.6601069       -8.6915466         2.0314397        3509.018                           3080.6153                 23.439593                 396.08766                      8.8754491
              1       1747.9443      0.04699817           4.836    0.0032228403       3509.2087      -6.6601069       -8.6915466         2.0314397       3509.2087                           3080.8099                 23.439238                 396.08766                       8.871949
              1       1747.8615     0.046168762       4.9143659    0.0080758101       3509.0432      -6.6601069       -8.6915466         2.0314397       3509.0432                           3080.5331                 23.447506                 396.10607                      8.9565958
              4       1747.3276      0.06409111       4.6378416    0.0085212335       3507.9754      -6.6601069       -8.6915466         2.0314397       3507.9754                           3079.4631                 23.448004                 396.08766                      8.9765734
              4       1747.3291     0.060250159       4.8354734    0.0092638549       3507.9784      -6.6601069       -8.6915466         2.0314397       3507.9784                           3079.4546                 23.449244                 396.08766                      8.9868383
              7       1747.3458     0.058574814       4.9010252     0.009026592       3508.0119      -6.6601069       -8.6915466         2.0314397       3508.0119                           3079.4942                 23.448838                 396.08766                      8.9811721
              8        1747.342     0.059040394       4.9175316    0.0091005605       3508.0042      -6.6601069       -8.6915466         2.0314397       3508.0042                           3079.4847                 23.448944                 396.08766                      8.9828886
              2       1747.3662     0.062080481       4.8991266    0.0088809125       3508.0526      -6.6601069       -8.6915466         2.0314397       3508.0526                           3079.5349                 23.448505                 396.08766                        8.98158
              8       1747.3983     0.063051026       4.9908744    0.0095717082       3508.1169      -6.6601069       -8.6915466         2.0314397       3508.1169                           3079.5844                 23.449606                 396.08766                      8.9952094
              5       1747.8281     0.057685422       5.1331703    0.0047527237       3508.9764      -6.6601069       -8.6915466         2.0314397       3508.9764                           3080.5404                 23.441418                 396.08766                      8.9069612
              2       1748.1909     0.063435733       5.1890846    0.0054276372        3509.702      -6.6601069       -8.6915466         2.0314397        3509.702                            3081.246                 23.442378                 396.08766                      8.9259528
              2       1747.6269     0.064585224       4.9533385     0.007313536        3508.574      -6.6601069       -8.6915466         2.0314397        3508.574                           3080.0836                 23.445726                 396.08766                      8.9570055
              1       1747.4899     0.064009872       4.9520187    0.0083668542       3508.2999      -6.6601069       -8.6915466         2.0314397       3508.2999                           3079.7901                 23.447543                 396.08766                      8.9746428
              3       1747.7048     0.047563202        4.972304    0.0076617519       3508.7299      -6.6601069       -8.6915466         2.0314397       3508.7299                           3080.2281                 23.446735                 396.10607                      8.9489779
              1       1747.4455     0.055664842       4.7892836    0.0077737527       3508.2112      -6.6601069       -8.6915466         2.0314397       3508.2112                           3079.7202                 23.446826                 396.08766                      8.9565844
              4       1748.1605     0.067516563       5.2069774    0.0080489551       3509.6412      -6.6601069       -8.6915466         2.0314397       3509.6412                           3081.1309                 23.446732                 396.08766                       8.975933
              7       1747.8767     0.065057528       5.1741365     0.007992603       3509.0737      -6.6601069       -8.6915466         2.0314397       3509.0737                           3080.5682                 23.446726                 396.08766                      8.9710937
              3       1747.4188     0.060306622       4.8818201    0.0075452695       3508.1579      -6.6601069       -8.6915466         2.0314397       3508.1579                           3079.6677                 23.446272                 396.08766                      8.9562104
              4       1747.4196     0.059718073       4.8849479     0.007458525       3508.1595      -6.6601069       -8.6915466         2.0314397       3508.1595                           3079.6715                 23.446136                 396.08766                      8.9541535
              4       1747.5356     0.066419838       4.8711519    0.0081197092       3508.3914      -6.6601069       -8.6915466         2.0314397       3508.3914                           3079.8841                 23.447115                 396.08766                      8.9725607
              6       1748.4295     0.074457447       4.7341057    0.0046134441       3510.1792      -6.6601069       -8.6915466         2.0314397       3510.1792                           3081.7276                 23.441035                 396.08766                       8.922906
              1       1748.0122     0.063811161       5.2026556    0.0067414454       3509.3446      -6.6601069       -8.6915466         2.0314397       3509.3446                            3080.864                 23.444601                 396.08766                      8.9484094
              3       1747.7864      0.04916579       4.8242882    0.0092973023       3508.8931      -6.6601069       -8.6915466         2.0314397       3508.8931                           3080.3565                  23.44957                 396.10607                       8.980969
              6       1747.7797     0.057907624       4.7434236    0.0033253713       3508.8797      -6.6601069       -8.6915466         2.0314397       3508.8797                           3080.4707                 23.439209                 396.08766                      8.8821662
              2       1747.5047     0.061799651       4.6987433    0.0059147581       3508.3296      -6.6601069       -8.6915466         2.0314397       3508.3296                           3079.8694                 23.443561                 396.08766                      8.9289994
              8       1747.5964     0.060510187       4.5218829    0.0045503665        3508.513      -6.6601069       -8.6915466         2.0314397        3508.513                           3080.0795                 23.441363                 396.08766                      8.9044899
              2       1747.9537     0.067661527       4.5731914    0.0031744176       3509.2276      -6.6601069       -8.6915466         2.0314397       3509.2276                           3080.8119                 23.438841                 396.08766                      8.8891458
              1        1748.105     0.064847265       4.9240007    0.0041226888       3509.5302      -6.6601069       -8.6915466         2.0314397       3509.5302                           3081.0983                 23.440294                 396.08766                      8.9039537
              3       1748.2214     0.066311912       4.8681467    0.0036207221        3509.763      -6.6601069       -8.6915466         2.0314397        3509.763                           3081.3386                 23.439441                 396.08766                      8.8972756
              4        1748.905     0.074854076       5.0362379    0.0065352208       3511.1301      -6.6601069       -8.6915466         2.0314397       3511.1301                           3082.6386                 23.444078                 396.08766                      8.9598038
              1       1748.0891     0.067876151       5.1758053    0.0083146914       3509.4983      -6.6601069       -8.6915466         2.0314397       3509.4983                           3080.9829                 23.447199                 396.08766                       8.980615
              8       1748.1064     0.068113343       5.1763383    0.0083645143        3509.533      -6.6601069       -8.6915466         2.0314397        3509.533                           3081.0162                 23.447278                 396.08766                      8.9818265
              5       1748.2191     0.063760787       4.9031885    0.0030211876       3509.7584      -6.6601069       -8.6915466         2.0314397       3509.7584                           3081.3475                 23.438459                 396.08766                      8.8847348
              1       1747.4385      0.06407166       4.7844997    0.0075428124       3508.1973      -6.6601069       -8.6915466         2.0314397       3508.1973                           3079.7038                 23.446239                 396.08766                      8.9595644
              7       1748.1198     0.069029149       5.1542078    0.0085771034       3509.5598      -6.6601069       -8.6915466         2.0314397       3509.5598                            3081.038                 23.447633                 396.08766                      8.9865541
             10       1747.6359     0.066375386       5.0505777    0.0092289132        3508.592      -6.6601069       -8.6915466         2.0314397        3508.592                           3080.0623                 23.448893                 396.08766                      8.9932122
              1       1747.6982     0.066740731       5.0820361    0.0092866566       3508.7165      -6.6601069       -8.6915466         2.0314397       3508.7165                            3080.185                 23.448961                 396.08766                      8.9949514
              2       1747.4034     0.051437928       5.2863017    0.0090858039        3508.127      -6.6601069       -8.6915466         2.0314397        3508.127                           3079.6143                 23.448905                 396.08766                      8.9761955
             16       1747.4056     0.051315163       5.2877502    0.0090640188       3508.1315      -6.6601069       -8.6915466         2.0314397       3508.1315                           3079.6193                  23.44887                 396.08766                      8.9757091
              4       1747.4191     0.050648051       5.2957356    0.0089306315       3508.1584      -6.6601069       -8.6915466         2.0314397       3508.1584                           3079.6493                 23.448657                 396.08766                      8.9727992
             15        1747.417     0.050833787       5.2904406    0.0088943085       3508.1543      -6.6601069       -8.6915466         2.0314397       3508.1543                           3079.6457                 23.448592                 396.08766                      8.9722723
              4        1747.413     0.053096331       5.2612113    0.0084066374       3508.1462      -6.6601069       -8.6915466         2.0314397       3508.1462                           3079.6453                 23.447709                 396.08766                      8.9655663
              4         1747.42     0.052650186       5.2363477    0.0082207475       3508.1603      -6.6601069       -8.6915466         2.0314397       3508.1603                           3079.6633                 23.447418                 396.08766                      8.9618704
              3       1747.4283     0.053379724       5.2249217    0.0080059559       3508.1768      -6.6601069       -8.6915466         2.0314397       3508.1768                           3079.6834                 23.447037                 396.08766                      8.9586437
              4       1747.4688     0.052477537       5.1439342    0.0071953368       3508.2579      -6.6601069       -8.6915466         2.0314397       3508.2579                            3079.781                  23.44572                 396.08766                      8.9435475
              2       1747.4276     0.053692944       4.9664013    0.0086338328       3508.1753      -6.6601069       -8.6915466         2.0314397       3508.1753                            3079.669                 23.448249                 396.08766                      8.9703942
              3       1747.5189     0.053617789       4.8059053     0.008777877        3508.358      -6.6601069       -8.6915466         2.0314397        3508.358                           3079.8302                 23.448584                 396.10607                      8.9731434
              3       1747.3979        0.058544       4.6789092    0.0087025737        3508.116      -6.6601069       -8.6915466         2.0314397        3508.116                           3079.6043                 23.448412                 396.08766                      8.9756005
              2       1747.4643     0.060352485       4.9916072    0.0076511088       3508.2487      -6.6601069       -8.6915466         2.0314397       3508.2487                           3079.7563                 23.446385                 396.08766                      8.9584093
              2        1747.923     0.063984221       5.0400892    0.0057840978       3509.1663      -6.6601069       -8.6915466         2.0314397       3509.1663                           3080.7045                 23.443072                 396.08766                       8.931108
              3        1747.888     0.063434282       5.0294338    0.0056741359       3509.0961      -6.6601069       -8.6915466         2.0314397       3509.0961                           3080.6371                 23.442905                 396.08766                      8.9284823
              1       1747.4886     0.056339518       4.8809462     0.006337469       3508.2973      -6.6601069       -8.6915466         2.0314397       3508.2973                           3079.8337                 23.444304                 396.08766                      8.9316569
              1       1747.4875     0.055095645       4.8762102    0.0065142789       3508.2952      -6.6601069       -8.6915466         2.0314397       3508.2952                           3079.8291                 23.444638                 396.08766                      8.9337488
              1       1747.6097     0.051480454        4.951602    0.0053901884       3508.5395      -6.6601069       -8.6915466         2.0314397       3508.5395                           3080.0976                 23.442767                 396.08766                      8.9114956
              4       1747.7282     0.051684998       4.7413183    0.0043945134       3508.7767      -6.6601069       -8.6915466         2.0314397       3508.7767                           3080.3529                 23.441171                 396.08766                       8.894939
              3       1747.7584     0.051112939       4.7716739    0.0040728653       3508.8369      -6.6601069       -8.6915466         2.0314397       3508.8369                           3080.4196                 23.440621                 396.08766                      8.8890375
              1       1747.7078     0.053964375        4.770668    0.0039746212       3508.7357      -6.6601069       -8.6915466         2.0314397       3508.7357                           3080.3182                 23.440389                 396.08766                      8.8895063
              3       1747.6066      0.05476861       4.7609001    0.0050050125       3508.5334      -6.6601069       -8.6915466         2.0314397       3508.5334                           3080.0961                 23.442132                 396.08766                      8.9075194
              1       1747.5846     0.053261356       4.8226682    0.0055816631       3508.4893      -6.6601069       -8.6915466         2.0314397       3508.4893                           3080.0423                 23.443118                 396.08766                      8.9162355
              2       1748.2773      0.07154965       4.9783304    0.0068486653       3509.8749      -6.6601069       -8.6915466         2.0314397       3509.8749                           3081.3838                 23.444741                 396.08766                      8.9586936
              4       1747.6409     0.061041882       4.5351834    0.0041164464        3508.602      -6.6601069       -8.6915466         2.0314397        3508.602                            3080.176                 23.440605                 396.08766                      8.8976841
              8       1747.9109     0.070229617       4.6228533    0.0045111818       3509.1421      -6.6601069       -8.6915466         2.0314397       3509.1421                           3080.6991                 23.441031                 396.08766                      8.9142245
