#        weight    minuslogpost      fde_eps_mu  fde_lambda_mem   lambda_growth       chi2__CMB   minuslogprior minuslogprior__0 minuslogprior__SZ            chi2 chi2__planck_2018_highl_plik.TTTEEE chi2__planck_2018_lowl.TT chi2__planck_2018_lowl.EE chi2__planck_2018_lensing.clik
              1       1747.3047     0.062686205       4.7961353    0.0099801614       3507.9296      -6.6601069       -8.6915466         2.0314397       3507.9296                           3079.3896                 23.450439                 396.08766                      9.0019228
              1       1747.3165      0.06253795       4.8314596    0.0096760158       3507.9533      -6.6601069       -8.6915466         2.0314397       3507.9533                           3079.4195                 23.449899                 396.08766                      8.9962555
              1       1747.3238     0.062753884       4.7936926    0.0092308016       3507.9677      -6.6601069       -8.6915466         2.0314397       3507.9677                           3079.4426                 23.449154                 396.08766                       8.988312
              1       1747.3227     0.062480164       4.7928648    0.0092295263       3507.9656      -6.6601069       -8.6915466         2.0314397       3507.9656                           3079.4407                 23.449159                 396.08766                       8.988051
              2       1747.3102      0.06233801       4.7525271    0.0095802794       3507.9407      -6.6601069       -8.6915466         2.0314397       3507.9407                           3079.4089                 23.449788                 396.08766                      8.9943131
              2       1747.3128     0.061811395        4.758132    0.0096313977       3507.9459      -6.6601069       -8.6915466         2.0314397       3507.9459                           3079.4135                 23.449884                 396.08766                      8.9948234
              1       1747.4029     0.064370235       4.8067368     0.008255612       3508.1259      -6.6601069       -8.6915466         2.0314397       3508.1259                           3079.6184                 23.447438                 396.08766                      8.9724405
              1       1747.4046     0.056937186       4.8994812    0.0077192156       3508.1294      -6.6601069       -8.6915466         2.0314397       3508.1294                           3079.6387                 23.446641                 396.08766                      8.9564044
              1       1747.4977     0.052615753       4.9119075    0.0080819407       3508.3156      -6.6601069       -8.6915466         2.0314397       3508.3156                           3079.8024                  23.44736                 396.10607                      8.9598423
              3       1747.4228     0.053474128       5.0147997    0.0083686065       3508.1658      -6.6601069       -8.6915466         2.0314397       3508.1658                            3079.665                 23.447773                 396.08766                      8.9653403
              1       1747.6799     0.049908305       4.8431768    0.0056876546       3508.6801      -6.6601069       -8.6915466         2.0314397       3508.6801                           3080.2332                 23.443368                 396.08766                       8.915852
              1       1747.5776     0.053545711       4.7857489    0.0057529105       3508.4753      -6.6601069       -8.6915466         2.0314397       3508.4753                           3080.0248                 23.443423                 396.08766                      8.9194624
              1       1747.4551     0.059011665       4.7467756    0.0065254259       3508.2304      -6.6601069       -8.6915466         2.0314397       3508.2304                            3079.761                 23.444639                 396.08766                      8.9370958
              1        1747.459     0.059355776       4.7747163    0.0065142135       3508.2382      -6.6601069       -8.6915466         2.0314397       3508.2382                           3079.7687                 23.444596                 396.08766                      8.9372272
              2       1747.4244     0.055946477       4.8076763    0.0081881581        3508.169      -6.6601069       -8.6915466         2.0314397        3508.169                           3079.6696                 23.447519                 396.08766                      8.9641924
              2       1747.4177     0.058792298       4.6700506    0.0098773968       3508.1556      -6.6601069       -8.6915466         2.0314397       3508.1556                           3079.6016                 23.450426                 396.10607                       8.997438
              1       1747.3354     0.058035515       4.9501372    0.0097725076        3507.991      -6.6601069       -8.6915466         2.0314397        3507.991                           3079.4589                 23.450101                 396.08766                      8.9943361
              2       1747.3754     0.056228805       4.9471193    0.0097813729       3508.0709      -6.6601069       -8.6915466         2.0314397       3508.0709                           3079.5219                 23.450163                 396.10607                      8.9928136
              1       1747.4853     0.056268587       4.6793275    0.0087391059       3508.2908      -6.6601069       -8.6915466         2.0314397       3508.2908                           3079.7614                 23.448525                 396.10607                      8.9748317
              1       1747.5395     0.054350896       4.7094637    0.0079602364       3508.3992      -6.6601069       -8.6915466         2.0314397       3508.3992                           3079.8866                 23.447218                 396.10607                      8.9593815
              1       1747.4579     0.056213217       4.7193081    0.0077117448       3508.2361      -6.6601069       -8.6915466         2.0314397       3508.2361                           3079.7456                 23.446746                 396.08766                      8.9560133
              1       1747.4062     0.057813277        4.749168      0.00781865       3508.1325      -6.6601069       -8.6915466         2.0314397       3508.1325                            3079.639                 23.446876                 396.08766                      8.9589755
              1       1747.4043     0.058019902       4.7430753    0.0077955419       3508.1288      -6.6601069       -8.6915466         2.0314397       3508.1288                           3079.6356                 23.446835                 396.08766                      8.9587223
              1       1747.4085      0.05801353       4.7491601    0.0076315469       3508.1371      -6.6601069       -8.6915466         2.0314397       3508.1371                           3079.6471                 23.446551                 396.08766                      8.9557825
              1       1747.3467     0.059736853       4.8132295    0.0087171958       3508.0136      -6.6601069       -8.6915466         2.0314397       3508.0136                           3079.5011                 23.448333                 396.08766                      8.9765286
              1       1747.3293     0.062312393       4.7488059    0.0088418704       3507.9788      -6.6601069       -8.6915466         2.0314397       3507.9788                           3079.4618                 23.448525                 396.08766                      8.9808771
              1        1747.539     0.066684779       4.8393235    0.0078738958       3508.3981      -6.6601069       -8.6915466         2.0314397       3508.3981                           3079.8954                 23.446709                 396.08766                       8.968366
              1       1747.3591     0.065894779       4.8467281    0.0099965677       3508.0383      -6.6601069       -8.6915466         2.0314397       3508.0383                           3079.4951                 23.450359                 396.08766                      9.0052352
              1       1747.3168     0.060650488       4.8758903    0.0098644085       3507.9538      -6.6601069       -8.6915466         2.0314397       3507.9538                           3079.4178                 23.450239                 396.08766                      8.9981268
              1       1747.5925     0.057496862       4.5236831    0.0099139149       3508.5053      -6.6601069       -8.6915466         2.0314397       3508.5053                           3079.9508                 23.450597                 396.10607                      8.9977905
              1       1747.3666     0.064739859       4.5766154    0.0075288688       3508.0535      -6.6601069       -8.6915466         2.0314397       3508.0535                             3079.56                 23.446329                 396.08766                       8.959485
              2       1747.3604     0.065568727       4.5775768    0.0076883237        3508.041      -6.6601069       -8.6915466         2.0314397        3508.041                           3079.5437                 23.446584                 396.08766                      8.9630337
              1       1747.4774     0.071498513       4.6376355    0.0083681692       3508.2751      -6.6601069       -8.6915466         2.0314397       3508.2751                           3079.7587                 23.447581                 396.08766                       8.981133
              1       1747.6721     0.072525565       4.6756521    0.0074724362       3508.6643      -6.6601069       -8.6915466         2.0314397       3508.6643                           3080.1636                    23.446                 396.08766                      8.9670657
              1       1747.6437     0.067890734       4.8942409    0.0080680235       3508.6076      -6.6601069       -8.6915466         2.0314397       3508.6076                           3080.0994                 23.446975                 396.08766                      8.9735352
              1       1747.7381     0.069444274       4.9333421    0.0085855681       3508.7964      -6.6601069       -8.6915466         2.0314397       3508.7964                           3080.2761                 23.447796                 396.08766                       8.984802
              1       1747.6164     0.065708106        5.019101    0.0086385885       3508.5531      -6.6601069       -8.6915466         2.0314397       3508.5531                           3080.0357                 23.447921                 396.08766                      8.9817883
              1       1747.4906      0.06467725       4.9884025    0.0090639176       3508.3013      -6.6601069       -8.6915466         2.0314397       3508.3013                           3079.7771                 23.448696                 396.08766                      8.9878591
              1       1747.8219     0.066344736       5.1166778    0.0084580296       3508.9641      -6.6601069       -8.6915466         2.0314397       3508.9641                           3080.4486                 23.447528                 396.08766                      8.9802957
              3       1747.6084     0.062624189       5.1512177    0.0085493239       3508.5369      -6.6601069       -8.6915466         2.0314397       3508.5369                           3080.0241                  23.44776                 396.08766                      8.9774137
              1       1747.4363     0.063887507       4.9972855    0.0094730425       3508.1928      -6.6601069       -8.6915466         2.0314397       3508.1928                           3079.6614                 23.449411                 396.08766                      8.9943351
              1       1747.9772     0.071336797       4.9840048    0.0086149787       3509.2747      -6.6601069       -8.6915466         2.0314397       3509.2747                           3080.7508                 23.447763                 396.08766                      8.9884147
              1       1748.1685     0.074324417         4.94915    0.0087365989       3509.6572      -6.6601069       -8.6915466         2.0314397       3509.6572                           3081.1272                 23.447922                 396.08766                      8.9943794
              1       1748.1488     0.074248532       4.9461275    0.0087664845       3509.6178      -6.6601069       -8.6915466         2.0314397       3509.6178                           3081.0874                 23.447977                 396.08766                      8.9947374
              1       1748.0755     0.073735261       4.8992418    0.0082108392       3509.4713      -6.6601069       -8.6915466         2.0314397       3509.4713                           3080.9528                 23.447074                 396.08766                      8.9838011
              1       1748.5684      0.07402666       4.9012938    0.0057704438        3510.457      -6.6601069       -8.6915466         2.0314397        3510.457                           3081.9828                 23.442896                 396.08766                      8.9435569
              2       1748.5001     0.071266536       4.9922006    0.0057574891       3510.3205      -6.6601069       -8.6915466         2.0314397       3510.3205                           3081.8494                 23.442875                 396.08766                      8.9404796
              2       1747.8031     0.063535953       5.1048669    0.0069649324       3508.9264      -6.6601069       -8.6915466         2.0314397       3508.9264                           3080.4428                 23.445057                 396.08766                      8.9509096
              1       1748.4651     0.063845854        5.294042    0.0053237507       3510.2504      -6.6601069       -8.6915466         2.0314397       3510.2504                           3081.7945                 23.442118                 396.08766                      8.9261109
              1        1748.443     0.063660178       5.2948165    0.0053361628       3510.2062      -6.6601069       -8.6915466         2.0314397       3510.2062                           3081.7504                 23.442144                 396.08766                      8.9260331
              1       1748.2675     0.061413392       5.1722353    0.0040004911       3509.8553      -6.6601069       -8.6915466         2.0314397       3509.8553                           3081.4278                 23.440012                 396.08766                      8.8997896
              1       1747.8837     0.061781954       5.0417221    0.0051595273       3509.0877      -6.6601069       -8.6915466         2.0314397       3509.0877                             3080.64                 23.442062                 396.08766                      8.9179852
              1       1747.8849     0.061477355       5.0429703    0.0050509259         3509.09      -6.6601069       -8.6915466         2.0314397         3509.09                           3080.6446                 23.441883                 396.08766                       8.915827
              1       1747.5263     0.051536983        4.989813    0.0067323429       3508.3729      -6.6601069       -8.6915466         2.0314397       3508.3729                           3079.9053                 23.445037                 396.08766                       8.934851
              1       1747.4982     0.050989177        5.138132    0.0069988359       3508.3167      -6.6601069       -8.6915466         2.0314397       3508.3167                           3079.8447                 23.445428                 396.08766                      8.9389511
              1       1747.4817     0.051869095       5.1445176    0.0070669371       3508.2836      -6.6601069       -8.6915466         2.0314397       3508.2836                           3079.8096                 23.445517                 396.08766                      8.9408097
              1       1747.4777     0.050359256       5.2326207    0.0074600913       3508.2756      -6.6601069       -8.6915466         2.0314397       3508.2756                           3079.7952                 23.446182                 396.08766                      8.9465505
              1       1747.4817     0.049902666         5.19592    0.0081729379       3508.2836      -6.6601069       -8.6915466         2.0314397       3508.2836                           3079.7714                 23.447434                 396.10607                      8.9587194
              2       1747.4467     0.050300415       5.2360094    0.0084460411       3508.2137      -6.6601069       -8.6915466         2.0314397       3508.2137                           3079.7143                 23.447869                 396.08766                      8.9638463
              2       1747.4528     0.050418862       5.2216592    0.0086459088       3508.2257      -6.6601069       -8.6915466         2.0314397       3508.2257                           3079.7038                 23.448216                 396.10607                      8.9675839
              7       1747.3909     0.052028142       5.2563701    0.0094691206       3508.1021      -6.6601069       -8.6915466         2.0314397       3508.1021                           3079.5812                 23.449562                 396.08766                      8.9836702
              1        1747.381     0.055760296       5.2011566    0.0090906979       3508.0823      -6.6601069       -8.6915466         2.0314397       3508.0823                           3079.5657                 23.448842                 396.08766                      8.9801033
              1       1747.4011      0.05336216        5.194252    0.0085357164       3508.1224      -6.6601069       -8.6915466         2.0314397       3508.1224                           3079.6186                 23.447962                 396.08766                      8.9680938
              2       1747.4376     0.051447601       5.1581086    0.0090977469       3508.1953      -6.6601069       -8.6915466         2.0314397       3508.1953                           3079.6636                 23.448997                 396.10607                      8.9766402
              1       1747.4626     0.049868567       5.2337936    0.0093074715       3508.2455      -6.6601069       -8.6915466         2.0314397       3508.2455                           3079.7107                 23.449358                 396.10607                      8.9793475
              2       1747.5542     0.047797335       5.2161722    0.0089687354       3508.4287      -6.6601069       -8.6915466         2.0314397       3508.4287                           3079.9015                 23.448845                 396.10607                      8.9722646
              3       1747.5952     0.046683301        5.245006    0.0089285283       3508.5106      -6.6601069       -8.6915466         2.0314397       3508.5106                           3079.9849                 23.448792                 396.10607                      8.9708464
              2       1747.6017     0.046425154       5.2515348    0.0087175056       3508.5236      -6.6601069       -8.6915466         2.0314397       3508.5236                           3080.0022                 23.448434                 396.10607                      8.9668082
              1       1747.5669     0.046794901       5.2813904    0.0087816061        3508.454      -6.6601069       -8.6915466         2.0314397        3508.454                           3079.9313                 23.448519                 396.10607                      8.9680583
              1       1747.6117     0.047308677       5.1973683    0.0096789632       3508.5437      -6.6601069       -8.6915466         2.0314397       3508.5437                           3080.0022                 23.450085                 396.10607                      8.9852843
              2       1747.3885     0.052745717       5.2287839    0.0097785576       3508.0973      -6.6601069       -8.6915466         2.0314397       3508.0973                           3079.5512                 23.450088                 396.10607                      8.9899096
              1       1747.4678     0.049899364       5.2212828    0.0095107454       3508.2558      -6.6601069       -8.6915466         2.0314397       3508.2558                           3079.7166                 23.449713                 396.10607                       8.983425
              2       1747.5346     0.049489157       5.1471228    0.0099909421       3508.3895      -6.6601069       -8.6915466         2.0314397       3508.3895                           3079.8404                 23.450587                 396.10607                      8.9923946
              2       1747.4567     0.051863793       5.0784084    0.0096138112       3508.2336      -6.6601069       -8.6915466         2.0314397       3508.2336                            3079.691                 23.449914                 396.10607                      8.9866405
              1       1747.7741     0.045393355       5.0594506    0.0074128759       3508.8685      -6.6601069       -8.6915466         2.0314397       3508.8685                            3080.373                 23.446323                 396.10607                      8.9431115
              1       1747.8208     0.045225653        5.085697    0.0090944308       3508.9619      -6.6601069       -8.6915466         2.0314397       3508.9619                           3080.4325                 23.449194                 396.10607                      8.9741297
              3       1747.6783     0.046054704       5.1778824    0.0089557113       3508.6767      -6.6601069       -8.6915466         2.0314397       3508.6767                           3080.1504                  23.44889                 396.10607                      8.9713623
              1        1747.646     0.046594475       5.1801055    0.0090707147       3508.6123      -6.6601069       -8.6915466         2.0314397       3508.6123                           3080.0834                 23.449071                 396.10607                      8.9737192
              1       1747.5017     0.049413899        5.178836    0.0082461045       3508.3236      -6.6601069       -8.6915466         2.0314397       3508.3236                           3079.8101                 23.447582                 396.10607                      8.9597877
              1         1747.52     0.049053057       5.1718088    0.0080000883       3508.3603      -6.6601069       -8.6915466         2.0314397       3508.3603                           3079.8519                 23.447174                 396.10607                      8.9551309
              1        1747.437     0.055211277       5.1126611    0.0076045059       3508.1942      -6.6601069       -8.6915466         2.0314397       3508.1942                           3079.7071                 23.446365                 396.08766                      8.9530255
              1       1747.4202     0.054115701       5.0162306    0.0079803819       3508.1605      -6.6601069       -8.6915466         2.0314397       3508.1605                            3079.667                 23.447092                 396.08766                       8.958818
              1       1747.4786     0.053842299       5.0018297     0.006807648       3508.2775      -6.6601069       -8.6915466         2.0314397       3508.2775                           3079.8068                 23.445101                 396.08766                      8.9378496
              2       1747.5879     0.047382424        5.220973    0.0066326702       3508.4961      -6.6601069       -8.6915466         2.0314397       3508.4961                           3080.0341                 23.444856                 396.08766                      8.9295312
              1       1747.6291     0.046504824       5.2005811    0.0069395564       3508.5784      -6.6601069       -8.6915466         2.0314397       3508.5784                           3080.0924                 23.445415                 396.10607                      8.9345318
              1       1747.5529     0.048054374       5.2170591     0.007326001       3508.4261      -6.6601069       -8.6915466         2.0314397       3508.4261                           3079.9317                 23.446025                 396.10607                      8.9422848
              1        1747.593      0.04623656       5.2886036    0.0074764987       3508.5062      -6.6601069       -8.6915466         2.0314397       3508.5062                             3080.01                 23.446297                 396.10607                      8.9437417
              2       1747.6809      0.04674458       5.2332516     0.005212714       3508.6819      -6.6601069       -8.6915466         2.0314397       3508.6819                           3080.2471                 23.442443                 396.08766                      8.9047208
              4       1747.6499     0.050681935       5.2638608    0.0051930953         3508.62      -6.6601069       -8.6915466         2.0314397         3508.62                           3080.1825                 23.442284                 396.08766                        8.90751
              1        1747.558     0.050435858       5.2018291    0.0061029938       3508.4363      -6.6601069       -8.6915466         2.0314397       3508.4363                           3079.9819                 23.443878                 396.08766                      8.9228439
              1       1747.6197     0.055763872       5.1543562    0.0058694085       3508.5596      -6.6601069       -8.6915466         2.0314397       3508.5596                            3080.105                 23.443361                 396.08766                      8.9236168
              2       1747.6655      0.05730527       5.2343596    0.0064408801       3508.6512      -6.6601069       -8.6915466         2.0314397       3508.6512                            3080.184                 23.444247                 396.08766                      8.9353176
              1       1747.6253     0.055594075       5.2995127    0.0066136618       3508.5708      -6.6601069       -8.6915466         2.0314397       3508.5708                            3080.102                  23.44455                 396.08766                      8.9366569
              1       1747.4082     0.055900647       5.2450157    0.0088584149       3508.1366      -6.6601069       -8.6915466         2.0314397       3508.1366                           3079.6244                 23.448414                 396.08766                      8.9761216
              5        1747.364     0.058205007        5.167781    0.0099331865       3508.0483      -6.6601069       -8.6915466         2.0314397       3508.0483                           3079.5128                  23.45024                 396.08766                      8.9975366
              1        1747.466     0.063747754       5.0587816    0.0097205758       3508.2523      -6.6601069       -8.6915466         2.0314397       3508.2523                           3079.7159                 23.449798                 396.08766                      8.9989223
              1       1747.5135     0.063092689       5.0743958    0.0089431528       3508.3473      -6.6601069       -8.6915466         2.0314397       3508.3473                           3079.8267                 23.448473                 396.08766                      8.9844215
              1       1747.3635     0.060751939       4.9220356    0.0087604154       3508.0472      -6.6601069       -8.6915466         2.0314397       3508.0472                            3079.533                 23.448316                 396.08766                      8.9782386
              2       1747.3515      0.05818389       4.9445302    0.0089408366       3508.0232      -6.6601069       -8.6915466         2.0314397       3508.0232                           3079.5075                 23.448675                 396.08766                      8.9792991
              1       1747.4332     0.061054788       4.9830617    0.0081902319       3508.1867      -6.6601069       -8.6915466         2.0314397       3508.1867                           3079.6832                 23.447295                 396.08766                      8.9685498
              1        1747.437     0.061140122        4.997824    0.0082864115       3508.1942      -6.6601069       -8.6915466         2.0314397       3508.1942                           3079.6887                 23.447448                 396.08766                      8.9703833
              1       1747.5647     0.062865077       4.9605632    0.0072347739       3508.4496      -6.6601069       -8.6915466         2.0314397       3508.4496                           3079.9626                 23.445629                 396.08766                      8.9537421
              1       1747.5246     0.063283751       4.9194871    0.0074232323       3508.3694      -6.6601069       -8.6915466         2.0314397       3508.3694                           3079.8785                 23.445968                 396.08766                      8.9572412
              1       1747.4355     0.059047316       4.8791334    0.0071319081       3508.1913      -6.6601069       -8.6915466         2.0314397       3508.1913                           3079.7102                 23.445597                 396.08766                      8.9478195
              1       1747.3954      0.05827953       4.8527761     0.007712927       3508.1109      -6.6601069       -8.6915466         2.0314397       3508.1109                           3079.6193                 23.446625                 396.08766                      8.9573687
              1       1747.4174     0.057019466       4.8279203    0.0074961024        3508.155      -6.6601069       -8.6915466         2.0314397        3508.155                           3079.6685                 23.446298                 396.08766                      8.9525437
              1       1747.3962     0.062276973       4.6814304    0.0072657878       3508.1126      -6.6601069       -8.6915466         2.0314397       3508.1126                           3079.6263                 23.445869                 396.08766                       8.952794
              1       1747.4521     0.061030918        4.766289    0.0066897609       3508.2243      -6.6601069       -8.6915466         2.0314397       3508.2243                           3079.7501                 23.444862                 396.08766                      8.9417627
              1       1747.8234     0.068575181       4.7785138    0.0058498739        3508.967      -6.6601069       -8.6915466         2.0314397        3508.967                           3080.5004                 23.443247                 396.08766                      8.9356817
              1       1747.7994     0.067791255       4.7373809    0.0053499039       3508.9189      -6.6601069       -8.6915466         2.0314397       3508.9189                           3080.4628                 23.442439                 396.08766                      8.9260616
              1       1747.9982     0.059955218       4.9594752    0.0033539535       3509.3167      -6.6601069       -8.6915466         2.0314397       3509.3167                           3080.9042                 23.439083                 396.08766                      8.8857754
              2       1747.9893     0.059859517       4.9593455    0.0033759927       3509.2987      -6.6601069       -8.6915466         2.0314397       3509.2987                           3080.8859                 23.439123                 396.08766                      8.8860159
              1       1748.0196     0.059240631       4.9554177    0.0030224133       3509.3594      -6.6601069       -8.6915466         2.0314397       3509.3594                           3080.9536                 23.438539                 396.08766                      8.8795939
              4       1747.9484     0.058223117       4.9498949     0.003139861       3509.2171      -6.6601069       -8.6915466         2.0314397       3509.2171                           3080.8104                 23.438767                 396.08766                      8.8802891
              1       1747.6275     0.053686365       4.6937513    0.0053322651       3508.5752      -6.6601069       -8.6915466         2.0314397       3508.5752                           3080.1323                  23.44275                 396.08766                       8.912463
              1       1747.6438       0.0535357       4.6925543    0.0051281974       3508.6078      -6.6601069       -8.6915466         2.0314397       3508.6078                           3080.1689                 23.442406                 396.08766                      8.9088446
              4       1747.7396     0.051966862       4.6117292    0.0052479989       3508.7995      -6.6601069       -8.6915466         2.0314397       3508.7995                           3080.3589                 23.442685                 396.08766                      8.9101998
              1        1747.789     0.051486738       4.5707458    0.0059608123       3508.8982      -6.6601069       -8.6915466         2.0314397       3508.8982                           3080.4255                 23.443932                 396.10607                      8.9226384
              1       1747.7792     0.053027039       4.5247116    0.0045021694       3508.8787      -6.6601069       -8.6915466         2.0314397       3508.8787                           3080.4513                 23.441433                 396.08766                      8.8982528
              1       1747.6781     0.055645916       4.7036361     0.004110333       3508.6764      -6.6601069       -8.6915466         2.0314397       3508.6764                            3080.255                 23.440618                 396.08766                      8.8931371
              3       1747.6435     0.057964519       4.6869313     0.004316078       3508.6071      -6.6601069       -8.6915466         2.0314397       3508.6071                             3080.18                 23.440926                 396.08766                      8.8985026
              1       1747.6473     0.051354896       4.7582749    0.0075284107       3508.6148      -6.6601069       -8.6915466         2.0314397       3508.6148                           3080.1125                 23.446522                 396.10607                      8.9497113
              1        1747.567     0.052357101       4.8058139    0.0075167938       3508.4542      -6.6601069       -8.6915466         2.0314397       3508.4542                           3079.9518                 23.446455                 396.10607                      8.9498467
              5       1747.5339     0.072697417       4.5296858    0.0071183143        3508.388      -6.6601069       -8.6915466         2.0314397        3508.388                           3079.8947                 23.445491                 396.08766                      8.9600692
              3       1747.4594      0.07086141       4.5201474    0.0071594742        3508.239      -6.6601069       -8.6915466         2.0314397        3508.239                            3079.747                 23.445605                 396.08766                      8.9587534
              3       1747.3602     0.063466035       4.5178621    0.0078234413       3508.0406      -6.6601069       -8.6915466         2.0314397       3508.0406                           3079.5424                 23.446895                 396.08766                       8.963644
              5       1747.4215     0.064622972       4.5155232    0.0065180903       3508.1633      -6.6601069       -8.6915466         2.0314397       3508.1633                           3079.6893                  23.44464                 396.08766                      8.9416447
              1       1747.5346     0.056080396       4.6004078    0.0068903685       3508.3894      -6.6601069       -8.6915466         2.0314397       3508.3894                           3079.9147                 23.445408                 396.08766                      8.9416114
              2       1747.5091      0.05694306       5.1937742    0.0074783278       3508.3384      -6.6601069       -8.6915466         2.0314397       3508.3384                           3079.8521                 23.446054                 396.08766                      8.9526282
              1       1747.5541     0.061657601       5.2054213    0.0091718966       3508.4284      -6.6601069       -8.6915466         2.0314397       3508.4284                           3079.9043                 23.448816                 396.08766                       8.987583
              1       1747.5224     0.049926306       5.1020537    0.0093850054        3508.365      -6.6601069       -8.6915466         2.0314397        3508.365                           3079.8278                  23.44956                 396.10607                      8.9815154
              1       1747.4815     0.049783904       5.2023049    0.0078463102       3508.2832      -6.6601069       -8.6915466         2.0314397       3508.2832                            3079.796                 23.446875                 396.08766                      8.9527364
              5       1747.4839      0.04984712       5.1949104    0.0077620399        3508.288      -6.6601069       -8.6915466         2.0314397        3508.288                           3079.8024                 23.446733                 396.08766                      8.9512767
              1       1747.4825      0.04992621       5.1936531    0.0077488399       3508.2853      -6.6601069       -8.6915466         2.0314397       3508.2853                           3079.7998                 23.446709                 396.08766                      8.9510939
              2       1747.4955     0.049796278       5.1532433    0.0088522959       3508.3113      -6.6601069       -8.6915466         2.0314397       3508.3113                           3079.7854                 23.448623                 396.10607                      8.9711574
              1        1747.425     0.051894722       5.1380004    0.0087342169       3508.1703      -6.6601069       -8.6915466         2.0314397       3508.1703                           3079.6639                 23.448373                 396.08766                      8.9703181
              1       1747.4976     0.053080549       5.2156559    0.0069091259       3508.3154      -6.6601069       -8.6915466         2.0314397       3508.3154                           3079.8435                 23.445174                 396.08766                      8.9390737
              3       1747.7146     0.048886094       5.1391276    0.0044308145       3508.7494      -6.6601069       -8.6915466         2.0314397       3508.7494                           3080.3275                   23.4411                 396.08766                      8.8930709
              2        1747.428     0.051851843       5.1550194    0.0090088463       3508.1763      -6.6601069       -8.6915466         2.0314397       3508.1763                           3079.6461                 23.448835                 396.10607                      8.9752752
              1       1747.3881     0.055198252       5.1169455     0.008542963       3508.0965      -6.6601069       -8.6915466         2.0314397       3508.0965                           3079.5911                 23.447969                 396.08766                      8.9697121
              1       1747.3713      0.05506144       5.1289673    0.0090523857       3508.0629      -6.6601069       -8.6915466         2.0314397       3508.0629                           3079.5476                 23.448838                 396.08766                      8.9787883
              2       1747.4432     0.053255692       4.9919955    0.0095062271       3508.2066      -6.6601069       -8.6915466         2.0314397       3508.2066                           3079.6651                 23.449741                 396.10607                      8.9857252
              1        1747.447     0.052272608       5.0566859    0.0091719553       3508.2141      -6.6601069       -8.6915466         2.0314397       3508.2141                           3079.6801                 23.449157                 396.10607                      8.9787695
              1       1747.3565     0.056498162       5.1433509    0.0095247112       3508.0333      -6.6601069       -8.6915466         2.0314397       3508.0333                           3079.5075                 23.449601                 396.08766                      8.9885544
              2        1747.878     0.061976378       5.0822227    0.0055927611       3509.0762      -6.6601069       -8.6915466         2.0314397       3509.0762                           3080.6201                  23.44277                 396.08766                      8.9257145
              1       1747.8863     0.061796734       5.1112572    0.0057098316       3509.0927      -6.6601069       -8.6915466         2.0314397       3509.0927                           3080.6345                 23.442955                 396.08766                      8.9276627
              3       1747.4066     0.061445305       5.0429851    0.0092428846       3508.1335      -6.6601069       -8.6915466         2.0314397       3508.1335                           3079.6089                  23.44905                 396.08766                       8.987873
              3       1747.4735     0.057064739       4.8018204    0.0064515723       3508.2672      -6.6601069       -8.6915466         2.0314397       3508.2672                           3079.8008                 23.444526                 396.08766                      8.9342206
              3       1747.4605     0.056926197       4.6694061    0.0075485638       3508.2412      -6.6601069       -8.6915466         2.0314397       3508.2412                           3079.7534                 23.446478                 396.08766                      8.9536944
              1       1747.5005     0.056586057       4.6283648     0.007012418       3508.3213      -6.6601069       -8.6915466         2.0314397       3508.3213                            3079.844                 23.445591                 396.08766                       8.944018
              3       1747.6789     0.053914858       4.5649135    0.0081186172        3508.678      -6.6601069       -8.6915466         2.0314397        3508.678                           3080.1616                 23.447574                 396.10607                       8.962762
              1       1747.3282     0.063574415       4.7237413    0.0088204664       3507.9765      -6.6601069       -8.6915466         2.0314397       3507.9765                           3079.4588                 23.448475                 396.08766                      8.9815584
              4       1747.3433     0.063318565       4.7544973    0.0086110687       3508.0069      -6.6601069       -8.6915466         2.0314397       3508.0069                           3079.4935                 23.448103                 396.08766                      8.9776141
              1       1747.4586      0.06290699       4.7655214    0.0069103739       3508.2374      -6.6601069       -8.6915466         2.0314397       3508.2374                           3079.7572                 23.445196                 396.08766                      8.9473639
              1       1747.5344      0.06282288       4.7839137    0.0062269444        3508.389      -6.6601069       -8.6915466         2.0314397        3508.389                           3079.9217                  23.44402                 396.08766                      8.9355873
              1       1747.6134     0.065373511       4.6629834    0.0054029257        3508.547      -6.6601069       -8.6915466         2.0314397        3508.547                           3080.0929                 23.442631                 396.08766                      8.9237568
              2       1747.5443     0.058890085       4.5455158    0.0054049807       3508.4088      -6.6601069       -8.6915466         2.0314397       3508.4088                           3079.9606                 23.442841                 396.08766                      8.9177344
              8        1747.498     0.071731484        4.559926    0.0074161635       3508.3162      -6.6601069       -8.6915466         2.0314397       3508.3162                           3079.8182                    23.446                 396.08766                      8.9643348
              1       1747.2988      0.06599433       4.5432099    0.0091251974       3507.9178      -6.6601069       -8.6915466         2.0314397       3507.9178                            3079.392                 23.449056                 396.08766                      8.9890623
              5       1747.2986     0.066006371       4.5419244    0.0091308114       3507.9175      -6.6601069       -8.6915466         2.0314397       3507.9175                           3079.3916                 23.449066                 396.08766                      8.9891744
              2        1747.883      0.06762314       4.8434533    0.0057155527       3509.0862      -6.6601069       -8.6915466         2.0314397       3509.0862                           3080.6227                 23.442996                 396.08766                      8.9328434
              1       1747.6526     0.060604033       4.7264242    0.0045303775       3508.6253      -6.6601069       -8.6915466         2.0314397       3508.6253                           3080.1919                  23.44121                 396.08766                      8.9045867
              1        1747.505     0.062710374       4.7007281    0.0060432064       3508.3302      -6.6601069       -8.6915466         2.0314397       3508.3302                           3079.8667                 23.443759                 396.08766                      8.9320619
              1       1748.6528     0.071117296       5.0368462    0.0055199118       3510.6259      -6.6601069       -8.6915466         2.0314397       3510.6259                           3082.1587                 23.442441                 396.08766                      8.9370953
              1       1747.6615     0.061889629       5.2100494    0.0082994975       3508.6432      -6.6601069       -8.6915466         2.0314397       3508.6432                           3080.1357                 23.447313                 396.08766                      8.9725616
              2       1747.4239     0.058644156       5.1012846    0.0084315237       3508.1681      -6.6601069       -8.6915466         2.0314397       3508.1681                           3079.6619                 23.447696                 396.08766                      8.9708049
              8       1747.7919     0.052968329       5.2171796    0.0042251767       3508.9041      -6.6601069       -8.6915466         2.0314397       3508.9041                           3080.4824                 23.440597                 396.08766                      8.8934462
              3       1747.7354     0.051940518         5.26642    0.0046430942        3508.791      -6.6601069       -8.6915466         2.0314397        3508.791                           3080.3626                  23.44131                 396.08766                       8.899461
              2       1747.7909       0.0513083       5.2470938    0.0040576443       3508.9019      -6.6601069       -8.6915466         2.0314397       3508.9019                           3080.4848                 23.440341                 396.08766                      8.8890751
              3       1747.8083     0.050614572       5.2003432       0.0037051       3508.9367      -6.6601069       -8.6915466         2.0314397       3508.9367                           3080.5268                 23.439785                 396.08766                      8.8824961
              2       1748.0469     0.054577702       5.2433914    0.0031857576        3509.414      -6.6601069       -8.6915466         2.0314397        3509.414                           3081.0091                 23.438768                 396.08766                       8.878439
              1        1747.787     0.055987399       5.2560502    0.0052460347       3508.8942      -6.6601069       -8.6915466         2.0314397       3508.8942                           3080.4505                 23.442231                 396.08766                      8.9138339
              3       1747.5985      0.05833589       5.0311968    0.0060163857       3508.5172      -6.6601069       -8.6915466         2.0314397       3508.5172                           3080.0576                 23.443618                 396.08766                      8.9283468
              5       1747.6343     0.054310723       5.1735755    0.0055215978       3508.5887      -6.6601069       -8.6915466         2.0314397       3508.5887                           3080.1419                 23.442796                 396.08766                      8.9163173
              1       1747.4843     0.054051885       5.1691152    0.0070197175       3508.2888      -6.6601069       -8.6915466         2.0314397       3508.2888                            3079.814                 23.445364                 396.08766                      8.9418104
              1       1747.4347     0.052028006       5.2536423    0.0079923736       3508.1897      -6.6601069       -8.6915466         2.0314397       3508.1897                           3079.6977                 23.447035                 396.08766                      8.9572915
              2        1747.433     0.054627605       5.2823966    0.0083487675       3508.1862      -6.6601069       -8.6915466         2.0314397       3508.1862                           3079.6851                 23.447555                 396.08766                      8.9659087
              3       1747.4622     0.057421602       5.0656172    0.0073831444       3508.2446      -6.6601069       -8.6915466         2.0314397       3508.2446                           3079.7599                 23.445956                 396.08766                      8.9510685
              3       1747.7239     0.059616409        5.045077    0.0054892244       3508.7679      -6.6601069       -8.6915466         2.0314397       3508.7679                           3080.3167                 23.442677                 396.08766                      8.9209342
              1       1747.5152     0.056194257       4.8856168    0.0059984258       3508.3507      -6.6601069       -8.6915466         2.0314397       3508.3507                           3079.8936                 23.443726                 396.08766                      8.9256811
              1        1747.513     0.056134565       4.8869703    0.0060299419       3508.3462      -6.6601069       -8.6915466         2.0314397       3508.3462                           3079.8886                  23.44378                 396.08766                      8.9261741
              3       1747.7675     0.049467524       4.9317361    0.0039810751       3508.8553      -6.6601069       -8.6915466         2.0314397       3508.8553                           3080.4411                 23.440424                 396.08766                      8.8860901
              8        1747.706      0.05304464       5.0444934    0.0043139762       3508.7323      -6.6601069       -8.6915466         2.0314397       3508.7323                           3080.3092                 23.440842                 396.08766                      8.8945642
              2       1747.6658     0.052757219       5.0029307    0.0045829613       3508.6519      -6.6601069       -8.6915466         2.0314397       3508.6519                           3080.2241                 23.441331                 396.08766                      8.8987617
              2       1747.6058     0.067147491       4.7111365    0.0062969021       3508.5318      -6.6601069       -8.6915466         2.0314397       3508.5318                            3080.059                 23.444087                 396.08766                      8.9410246
              1       1747.7845     0.068324049       4.7127266    0.0054165318       3508.8892      -6.6601069       -8.6915466         2.0314397       3508.8892                           3080.4314                 23.442557                 396.08766                      8.9276059
              4       1747.8658     0.068294704       4.7426161    0.0051570586       3509.0518      -6.6601069       -8.6915466         2.0314397       3509.0518                           3080.5985                 23.442095                 396.08766                      8.9235245
              9        1747.519     0.054531046       4.7374284     0.008554419       3508.3582      -6.6601069       -8.6915466         2.0314397       3508.3582                           3079.8337                 23.448217                 396.10607                      8.9702002
              1       1747.3489     0.059129671       4.8093582    0.0088889271       3508.0181      -6.6601069       -8.6915466         2.0314397       3508.0181                           3079.5026                 23.448643                 396.08766                      8.9791645
              6       1747.3512     0.064187395       4.5192714    0.0078458265       3508.0226      -6.6601069       -8.6915466         2.0314397       3508.0226                           3079.5234                 23.446917                 396.08766                      8.9646221
              1       1747.3092     0.063830055       4.7267673     0.009411811       3507.9386      -6.6601069       -8.6915466         2.0314397       3507.9386                            3079.409                 23.449481                 396.08766                        8.99247
              3       1747.6302     0.069164948       4.7251256    0.0069380934       3508.5806      -6.6601069       -8.6915466         2.0314397       3508.5806                           3080.0935                 23.445128                 396.08766                       8.954324
              6       1747.8858     0.072795457       4.6905843     0.006269661       3509.0917      -6.6601069       -8.6915466         2.0314397       3509.0917                            3080.613                 23.443928                 396.08766                       8.947163
              2       1747.6193     0.071603651       4.6170659    0.0068761653       3508.5588      -6.6601069       -8.6915466         2.0314397       3508.5588                           3080.0708                 23.445041                 396.08766                      8.9552933
              6       1747.6556     0.057943988        4.549001    0.0041705586       3508.6315      -6.6601069       -8.6915466         2.0314397       3508.6315                           3080.2071                 23.440754                 396.08766                      8.8960111
              3       1747.6003     0.057413394       4.5750779    0.0048949115       3508.5209      -6.6601069       -8.6915466         2.0314397       3508.5209                           3080.0834                 23.441986                 396.08766                      8.9078484
              4       1747.5774     0.057036104         4.51483    0.0058412704        3508.475      -6.6601069       -8.6915466         2.0314397        3508.475                           3080.0197                 23.443641                 396.08766                      8.9240045
              4       1747.5076     0.053465471       4.8664507    0.0068010581       3508.3354      -6.6601069       -8.6915466         2.0314397       3508.3354                            3079.865                 23.445173                 396.08766                      8.9376123
              1       1747.5415     0.051505545       4.9226816    0.0074101872       3508.4032      -6.6601069       -8.6915466         2.0314397       3508.4032                           3079.9039                 23.446232                 396.10607                      8.9470362
              3       1747.9809     0.045919396       4.7843861    0.0072510124       3509.2821      -6.6601069       -8.6915466         2.0314397       3509.2821                           3080.7879                  23.44616                 396.10607                      8.9419353
              1       1747.7157     0.048674914       4.8705817    0.0076829096       3508.7517      -6.6601069       -8.6915466         2.0314397       3508.7517                           3080.2485                 23.446794                 396.10607                      8.9503543
              3       1747.6738     0.049469353       4.8603294    0.0074067969       3508.6678      -6.6601069       -8.6915466         2.0314397       3508.6678                           3080.1697                 23.446307                 396.10607                      8.9457457
              1       1747.6006     0.055884328       4.5440926    0.0085066788       3508.5213      -6.6601069       -8.6915466         2.0314397       3508.5213                            3079.996                 23.448207                 396.10607                      8.9710027
              3       1747.6379     0.064795177        4.608047    0.0047762754       3508.5959      -6.6601069       -8.6915466         2.0314397       3508.5959                           3080.1542                 23.441608                 396.08766                      8.9124283
              1       1747.3929     0.064625851       4.7599716    0.0081032731       3508.1061      -6.6601069       -8.6915466         2.0314397       3508.1061                           3079.6014                 23.447201                 396.08766                      8.9698586
              1        1747.439     0.071834023       4.6286012    0.0088569438       3508.1981      -6.6601069       -8.6915466         2.0314397       3508.1981                            3079.672                 23.448417                 396.08766                      8.9900604
              6       1747.9239     0.070744433       5.0540497    0.0096681618        3509.168      -6.6601069       -8.6915466         2.0314397        3509.168                            3080.624                  23.44953                 396.08766                      9.0067469
              6        1747.707     0.069497661       4.9235242    0.0087474614       3508.7343      -6.6601069       -8.6915466         2.0314397       3508.7343                            3080.211                 23.448079                 396.08766                      8.9875979
              1       1747.8244     0.070578005       4.9089952    0.0082328341        3508.969      -6.6601069       -8.6915466         2.0314397        3508.969                           3080.4542                 23.447181                 396.08766                      8.9799327
              5       1748.1549     0.069876249       5.0337184    0.0072895007         3509.63      -6.6601069       -8.6915466         2.0314397         3509.63                           3081.1325                 23.445496                 396.08766                      8.9643526
              5       1748.5888     0.074495655        5.057811    0.0081170807       3510.4979      -6.6601069       -8.6915466         2.0314397       3510.4979                           3081.9776                 23.446774                 396.08766                      8.9858479
              7       1747.4139      0.07241616       4.6321468     0.009525112        3508.148      -6.6601069       -8.6915466         2.0314397        3508.148                           3079.6082                 23.449547                 396.08766                      9.0026047
              1       1747.7901     0.070627483       4.9715938    0.0094172995       3508.9005      -6.6601069       -8.6915466         2.0314397       3508.9005                           3080.3624                 23.449164                 396.08766                      9.0012667
              3       1747.6599     0.066962374       4.9256053    0.0078305839       3508.6399      -6.6601069       -8.6915466         2.0314397       3508.6399                           3080.1372                  23.44657                 396.08766                      8.9685471
              5       1748.5937     0.067507615       5.2738977    0.0065825881       3510.5076      -6.6601069       -8.6915466         2.0314397       3510.5076                           3082.0234                 23.444177                 396.08766                      8.9522954
              2       1748.2952      0.06590728       5.2688646    0.0070521263       3509.9107      -6.6601069       -8.6915466         2.0314397       3509.9107                           3081.4205                 23.445028                 396.08766                      8.9574585
              1       1747.8632     0.065438992       5.0443679    0.0068617795       3509.0466      -6.6601069       -8.6915466         2.0314397       3509.0466                            3080.563                 23.444872                 396.08766                      8.9510984
              3       1747.7043     0.052395314       4.6665428    0.0049235941       3508.7288      -6.6601069       -8.6915466         2.0314397       3508.7288                           3080.2944                 23.442095                 396.08766                       8.904645
              1       1747.7057     0.061545756       4.8245349    0.0047816941       3508.7316      -6.6601069       -8.6915466         2.0314397       3508.7316                           3080.2923                 23.441558                 396.08766                      8.9101126
              1       1747.8213     0.056277807       5.1313121    0.0043850516       3508.9628      -6.6601069       -8.6915466         2.0314397       3508.9628                            3080.535                  23.44083                 396.08766                      8.8993104
              2       1747.3922     0.054468961       5.1747474    0.0086183719       3508.1047      -6.6601069       -8.6915466         2.0314397       3508.1047                           3079.5985                 23.448084                 396.08766                      8.9704783
              1       1747.6042     0.048917907        5.015114    0.0073654351       3508.5287      -6.6601069       -8.6915466         2.0314397       3508.5287                           3080.0323                 23.446173                 396.10607                      8.9440864
              1       1747.5934     0.058357873       4.8582267    0.0052443399       3508.5069      -6.6601069       -8.6915466         2.0314397       3508.5069                           3080.0621                 23.442403                 396.08766                      8.9147638
              1       1747.6648     0.058284006       4.8530251    0.0046075241       3508.6497      -6.6601069       -8.6915466         2.0314397       3508.6497                           3080.2168                 23.441321                 396.08766                      8.9039899
              3       1747.7632     0.061261458       4.8422754    0.0044179376       3508.8466      -6.6601069       -8.6915466         2.0314397       3508.8466                           3080.4141                 23.440934                 396.08766                      8.9038802
              2       1747.6199      0.06272918       4.8235228    0.0057154042       3508.5601      -6.6601069       -8.6915466         2.0314397       3508.5601                           3080.1023                 23.443124                 396.08766                      8.9269891
              2       1747.6521     0.062704393       4.8265953    0.0054781284       3508.6243      -6.6601069       -8.6915466         2.0314397       3508.6243                            3080.171                 23.442718                 396.08766                      8.9229881
              1       1747.6547     0.062872759       4.8162737     0.005435906       3508.6297      -6.6601069       -8.6915466         2.0314397       3508.6297                            3080.177                 23.442648                 396.08766                      8.9224097
              1       1747.6567     0.062423539        4.826456    0.0053688535       3508.6336      -6.6601069       -8.6915466         2.0314397       3508.6336                           3080.1825                 23.442538                 396.08766                      8.9208534
              1       1747.6647     0.062160551       4.8042001    0.0051090436       3508.6496      -6.6601069       -8.6915466         2.0314397       3508.6496                           3080.2037                 23.442115                 396.08766                      8.9161193
              1       1747.4643     0.057118083       4.7154684     0.006792232       3508.2488      -6.6601069       -8.6915466         2.0314397       3508.2488                           3079.7757                 23.445155                 396.08766                      8.9402912
              1       1747.4663     0.059250866        4.558382    0.0096573517       3508.2528      -6.6601069       -8.6915466         2.0314397       3508.2528                           3079.7025                 23.450101                 396.10607                      8.9940974
              3       1747.3026      0.06588044       4.6731091     0.009533981       3507.9253      -6.6601069       -8.6915466         2.0314397       3507.9253                           3079.3916                 23.449678                 396.08766                        8.99643
              2       1747.3171     0.063409867       4.7617442    0.0093165389       3507.9543      -6.6601069       -8.6915466         2.0314397       3507.9543                            3079.427                 23.449305                 396.08766                      8.9904049
              5       1747.3231     0.061342414       4.7156214    0.0096490826       3507.9665      -6.6601069       -8.6915466         2.0314397       3507.9665                            3079.434                 23.449951                 396.08766                      8.9948307
              1       1747.3578     0.060796734        4.712977    0.0081914019       3508.0359      -6.6601069       -8.6915466         2.0314397       3508.0359                           3079.5328                 23.447467                 396.08766                      8.9679483
              1       1747.6961     0.054418538       4.5049734    0.0077194267       3508.7125      -6.6601069       -8.6915466         2.0314397       3508.7125                           3080.2034                  23.44691                 396.10607                       8.956065
              2       1747.6483     0.054555657       4.5441327    0.0059867031       3508.6169      -6.6601069       -8.6915466         2.0314397       3508.6169                           3080.1604                 23.443925                 396.08766                      8.9249023
              3       1747.4499     0.057486045        4.659612    0.0074754534       3508.2201      -6.6601069       -8.6915466         2.0314397       3508.2201                           3079.7333                 23.446346                 396.08766                       8.952788
              4       1747.6024     0.053961128       4.7026783    0.0055915027        3508.525      -6.6601069       -8.6915466         2.0314397        3508.525                            3080.077                 23.443182                 396.08766                      8.9171155
              3       1747.6216      0.05387298       4.6669208    0.0055572305       3508.5633      -6.6601069       -8.6915466         2.0314397       3508.5633                            3080.116                 23.443144                 396.08766                      8.9165511
             12       1747.8913     0.047441201       4.7737023     0.004554297       3509.1027      -6.6601069       -8.6915466         2.0314397       3509.1027                           3080.6601                 23.441525                 396.10607                      8.8950582
              4       1747.8472     0.045588082       4.9464251    0.0056840785       3509.0147      -6.6601069       -8.6915466         2.0314397       3509.0147                           3080.5524                 23.443416                 396.10607                       8.912747
              1       1747.4278     0.059768973       4.5427144    0.0087240102       3508.1758      -6.6601069       -8.6915466         2.0314397       3508.1758                           3079.6624                 23.448499                 396.08766                      8.9772406
              4       1747.3327     0.069633481       4.6217488    0.0094603132       3507.9856      -6.6601069       -8.6915466         2.0314397       3507.9856                           3079.4499                 23.449503                 396.08766                      8.9985356
              2       1747.5382      0.07162505       4.7864546    0.0097436233       3508.3965      -6.6601069       -8.6915466         2.0314397       3508.3965                           3079.8524                 23.449831                 396.08766                      9.0066233
              1       1747.5084     0.069875273       4.8359865    0.0097814375        3508.337      -6.6601069       -8.6915466         2.0314397        3508.337                           3079.7938                 23.449902                 396.08766                      9.0056275
              8        1747.446     0.062659912       4.6668424    0.0065493509       3508.2123      -6.6601069       -8.6915466         2.0314397       3508.2123                           3079.7393                 23.444645                 396.08766                      8.9406522
              4       1747.8116     0.051674621       4.5759895    0.0043761839       3508.9435      -6.6601069       -8.6915466         2.0314397       3508.9435                           3080.5195                 23.441222                 396.08766                      8.8950983
              5       1747.5496     0.055931811       4.8656077    0.0055618772       3508.4195      -6.6601069       -8.6915466         2.0314397       3508.4195                           3079.9709                 23.442998                 396.08766                      8.9179574
              6        1747.523     0.056930134       4.5675168    0.0077521871       3508.3662      -6.6601069       -8.6915466         2.0314397       3508.3662                           3079.8555                 23.446881                 396.10607                      8.9577114
              3       1747.6645     0.052455206       4.6724893    0.0080620437       3508.6491      -6.6601069       -8.6915466         2.0314397       3508.6491                           3080.1356                 23.447454                 396.10607                      8.9600462
              4       1747.8115     0.046645121       4.9708941    0.0045190002       3508.9433      -6.6601069       -8.6915466         2.0314397       3508.9433                           3080.5209                 23.441391                 396.08766                      8.8933296
              1       1747.9378     0.047771957       4.6980959    0.0075369881       3509.1959      -6.6601069       -8.6915466         2.0314397       3509.1959                           3080.6948                 23.446647                 396.10607                      8.9483638
              1       1747.3662     0.057268935       4.8593826    0.0094694137       3508.0527      -6.6601069       -8.6915466         2.0314397       3508.0527                            3079.527                 23.449653                 396.08766                      8.9883332
              1        1747.397     0.055239083       4.9516568    0.0093610661       3508.1143      -6.6601069       -8.6915466         2.0314397       3508.1143                           3079.5744                 23.449464                 396.10607                      8.9843844
              3       1748.7583     0.072696514       5.2340853    0.0087085296       3510.8368      -6.6601069       -8.6915466         2.0314397       3510.8368                           3082.3055                 23.447697                 396.08766                      8.9959635
              1        1747.967     0.067873874       5.1427826    0.0086895868       3509.2542      -6.6601069       -8.6915466         2.0314397       3509.2542                            3080.732                 23.447865                 396.08766                       8.986669
              1       1748.6251     0.064476927       5.1939125     0.003961302       3510.5703      -6.6601069       -8.6915466         2.0314397       3510.5703                           3082.1389                 23.439848                 396.08766                      8.9039452
              3       1748.2367     0.063854215         5.07346    0.0043365051       3509.7937      -6.6601069       -8.6915466         2.0314397       3509.7937                           3081.3579                 23.440585                 396.08766                      8.9075735
              1       1747.4429     0.052573513       5.1587927    0.0076821667        3508.206      -6.6601069       -8.6915466         2.0314397        3508.206                           3079.7196                 23.446542                 396.08766                      8.9522285
              1       1747.4876     0.050662518       5.1978801    0.0072079077       3508.2954      -6.6601069       -8.6915466         2.0314397       3508.2954                           3079.8196                 23.445761                 396.08766                      8.9423424
              2       1747.8501     0.047977793       4.7449713    0.0061574821       3509.0204      -6.6601069       -8.6915466         2.0314397       3509.0204                           3080.5466                 23.444262                 396.10607                      8.9235441
              5       1747.8519     0.050185505        4.609863    0.0074610401        3509.024      -6.6601069       -8.6915466         2.0314397        3509.024                            3080.523                 23.446505                 396.10607                      8.9484403
              2       1747.8243     0.049506854        4.663873     0.006118996       3508.9689      -6.6601069       -8.6915466         2.0314397       3508.9689                           3080.4946                   23.4442                 396.10607                      8.9239924
              3       1747.4756     0.066406528       4.6322471    0.0066733764       3508.2715      -6.6601069       -8.6915466         2.0314397       3508.2715                           3079.7927                 23.444797                 396.08766                      8.9462801
              2       1747.4943     0.066503727       4.6645238    0.0067335287       3508.3088      -6.6601069       -8.6915466         2.0314397       3508.3088                           3079.8287                 23.444877                 396.08766                      8.9475457
              2       1747.6309     0.061452922       4.7492887    0.0049348029        3508.582      -6.6601069       -8.6915466         2.0314397        3508.582                           3080.1402                 23.441867                 396.08766                      8.9122495
              4       1748.0095     0.073093868       4.6607323    0.0053437763       3509.3393      -6.6601069       -8.6915466         2.0314397       3509.3393                           3080.8774                 23.442363                 396.08766                      8.9318736
              5       1747.3627     0.066289625       4.7030669    0.0085784846       3508.0457      -6.6601069       -8.6915466         2.0314397       3508.0457                           3079.5303                 23.448013                 396.08766                      8.9797266
              2       1747.5402     0.057431467       5.0620831    0.0065065486       3508.4005      -6.6601069       -8.6915466         2.0314397       3508.4005                           3079.9325                  23.44446                 396.08766                      8.9358816
              1       1748.8753     0.069608643       5.1632821    0.0052500442       3511.0709      -6.6601069       -8.6915466         2.0314397       3511.0709                           3082.6089                 23.441927                 396.08766                      8.9323695
              2       1748.8356      0.06951491        5.171162    0.0054554684       3510.9914      -6.6601069       -8.6915466         2.0314397       3510.9914                           3082.5258                 23.442274                 396.08766                       8.935643
             10       1749.0481     0.070825206       5.1838763    0.0054949701       3511.4163      -6.6601069       -8.6915466         2.0314397       3511.4163                           3082.9476                 23.442297                 396.08766                       8.938767
              1        1748.065     0.069242905       4.6975377    0.0039846407       3509.4502      -6.6601069       -8.6915466         2.0314397       3509.4502                           3081.0172                 23.440106                 396.08766                      8.9051721
              2       1747.8648     0.061832511       4.7964529    0.0036476534       3509.0498      -6.6601069       -8.6915466         2.0314397       3509.0498                           3080.6308                 23.439637                 396.08766                      8.8916574
              1       1747.9608     0.066136501       4.9860351    0.0059901907       3509.2418      -6.6601069       -8.6915466         2.0314397       3509.2418                           3080.7739                 23.443405                 396.08766                      8.9368491
              1       1748.0203     0.061417497       5.1753349    0.0053010866       3509.3609      -6.6601069       -8.6915466         2.0314397       3509.3609                             3080.91                 23.442226                 396.08766                      8.9209478
              3       1747.4523     0.052934439       5.1102962    0.0074260885       3508.2248      -6.6601069       -8.6915466         2.0314397       3508.2248                            3079.743                 23.446122                 396.08766                      8.9479895
              3       1747.4795     0.058544085       4.7456899    0.0062026569       3508.2792      -6.6601069       -8.6915466         2.0314397       3508.2792                           3079.8163                 23.444099                 396.08766                      8.9311215
              1        1747.325     0.063804114       4.5461801    0.0089489051       3507.9702      -6.6601069       -8.6915466         2.0314397       3507.9702                           3079.4496                 23.448798                 396.08766                      8.9841293
              2       1747.7607     0.060549237       5.2674014    0.0073791752       3508.8417      -6.6601069       -8.6915466         2.0314397       3508.8417                           3080.3529                 23.445738                 396.08766                      8.9554291
              4       1747.6665     0.056498819        5.267763    0.0063759557       3508.6531      -6.6601069       -8.6915466         2.0314397       3508.6531                           3080.1879                 23.444138                 396.08766                      8.9334651
              1       1747.4757     0.051317198       5.2347378    0.0072779042       3508.2715      -6.6601069       -8.6915466         2.0314397       3508.2715                            3079.794                 23.445843                 396.08766                      8.9440625
              3        1747.378     0.056613424       5.2100644    0.0094150203       3508.0762      -6.6601069       -8.6915466         2.0314397       3508.0762                           3079.5524                 23.449369                 396.08766                      8.9867385
              1       1747.4193     0.051895874       5.1784708    0.0097498336       3508.1587      -6.6601069       -8.6915466         2.0314397       3508.1587                           3079.6137                 23.450091                 396.10607                      8.9889085
              5        1747.636     0.048728693       5.0411985    0.0058076818       3508.5922      -6.6601069       -8.6915466         2.0314397       3508.5922                           3080.1443                 23.443503                 396.08766                      8.9166868
              3       1747.7159     0.069599004       4.9480783    0.0090663559        3508.752      -6.6601069       -8.6915466         2.0314397        3508.752                           3080.2222                 23.448605                 396.08766                      8.9935304
              3       1747.3776     0.072578471       4.5407054     0.008935301       3508.0755      -6.6601069       -8.6915466         2.0314397       3508.0755                           3079.5474                 23.448595                 396.08766                      8.9917924
              2       1747.6236     0.071788614       4.8491906    0.0098726659       3508.5675      -6.6601069       -8.6915466         2.0314397       3508.5675                           3080.0202                 23.450004                 396.08766                      9.0096324
              5       1747.6958     0.072092527       4.8705465    0.0096796956       3508.7118      -6.6601069       -8.6915466         2.0314397       3508.7118                           3080.1677                  23.44965                 396.08766                      9.0067885
              1       1747.8599     0.071996545       4.9260479    0.0090500918       3509.0399      -6.6601069       -8.6915466         2.0314397       3509.0399                           3080.5075                 23.448534                 396.08766                      8.9961899
              1       1747.4548     0.055292008       4.8033155    0.0075909066       3508.2297      -6.6601069       -8.6915466         2.0314397       3508.2297                           3079.7425                 23.446514                 396.08766                      8.9530248
              1       1747.5994     0.055369035       4.8731984    0.0050363031        3508.519      -6.6601069       -8.6915466         2.0314397        3508.519                           3080.0807                 23.442111                 396.08766                      8.9085418
              2       1747.5838     0.060632276       4.5535211    0.0046969502       3508.4878      -6.6601069       -8.6915466         2.0314397       3508.4878                           3080.0514                 23.441593                 396.08766                       8.907079
              6       1747.8357     0.052296856       4.5118764    0.0080694709       3508.9916      -6.6601069       -8.6915466         2.0314397       3508.9916                           3080.4769                 23.447549                 396.10607                      8.9611322
              1       1747.6549     0.054427763       4.6334076    0.0097874993       3508.6301      -6.6601069       -8.6915466         2.0314397       3508.6301                           3080.0803                 23.450387                 396.10607                      8.9932936
              3       1748.0029     0.063807521       5.0847356    0.0056453725        3509.326      -6.6601069       -8.6915466         2.0314397        3509.326                           3080.8665                  23.44281                 396.08766                      8.9289876
              1       1747.5286     0.052452309         5.02151    0.0062454914       3508.3774      -6.6601069       -8.6915466         2.0314397       3508.3774                           3079.9186                 23.444165                 396.08766                      8.9269521
             11       1747.8892     0.050057569       4.6915094    0.0096485227       3509.0986      -6.6601069       -8.6915466         2.0314397       3509.0986                           3080.5535                 23.450216                 396.10607                      8.9888393
              5       1747.6657     0.050637757       4.7880323    0.0060996432       3508.6515      -6.6601069       -8.6915466         2.0314397       3508.6515                           3080.1961                 23.444081                 396.08766                      8.9236887
              1       1747.6824     0.055777081       4.5575924    0.0043250368       3508.6851      -6.6601069       -8.6915466         2.0314397       3508.6851                           3080.2594                 23.441058                 396.08766                      8.8969818
              4       1747.4331      0.06880643       4.5033475    0.0068101029       3508.1865      -6.6601069       -8.6915466         2.0314397       3508.1865                           3079.7032                 23.445061                 396.08766                      8.9505632
              1       1747.3916     0.071262856       4.5823538    0.0086902682       3508.1035      -6.6601069       -8.6915466         2.0314397       3508.1035                           3079.5814                 23.448175                 396.08766                      8.9862624
              2       1747.7586     0.073083288       4.7373443    0.0078247459       3508.8374      -6.6601069       -8.6915466         2.0314397       3508.8374                           3080.3288                 23.446547                 396.08766                      8.9743901
              3         1747.75     0.073140849       4.6778079    0.0071833293       3508.8203      -6.6601069       -8.6915466         2.0314397       3508.8203                           3080.3242                 23.445491                 396.08766                      8.9628987
              1       1747.6385     0.069951028        4.861515    0.0087906767       3508.5971      -6.6601069       -8.6915466         2.0314397       3508.5971                           3080.0729                 23.448185                 396.08766                      8.9883728
              2        1747.376     0.059271346       4.6868033    0.0087381699       3508.0722      -6.6601069       -8.6915466         2.0314397       3508.0722                           3079.5593                 23.448453                 396.08766                      8.9767269
              3       1747.5984     0.051213265       4.8892569    0.0093861991        3508.517      -6.6601069       -8.6915466         2.0314397        3508.517                           3079.9785                  23.44964                 396.10607                      8.9828485
              2       1747.8203     0.046457114        4.968896    0.0088123556       3508.9608      -6.6601069       -8.6915466         2.0314397       3508.9608                            3080.436                 23.448735                 396.10607                      8.9700047
              1       1747.6586      0.04746799       5.0690172    0.0086219289       3508.6373      -6.6601069       -8.6915466         2.0314397       3508.6373                           3080.1166                 23.448334                 396.10607                      8.9663407
              2       1747.4756     0.056566838       4.8481786    0.0064821709       3508.2715      -6.6601069       -8.6915466         2.0314397       3508.2715                           3079.8049                 23.444564                 396.08766                      8.9343497
              1       1747.4078     0.058981286       4.7876548    0.0073454863       3508.1357      -6.6601069       -8.6915466         2.0314397       3508.1357                           3079.6506                 23.446018                 396.08766                      8.9514369
              4       1747.7862     0.059727545       4.7115928    0.0033711079       3508.8926      -6.6601069       -8.6915466         2.0314397       3508.8926                           3080.4811                 23.439264                 396.08766                      8.8845747
              3       1747.8404     0.063863607       4.7810375    0.0042167012        3509.001      -6.6601069       -8.6915466         2.0314397        3509.001                           3080.5697                 23.440569                 396.08766                      8.9031194
              1        1747.791     0.062717349       4.7692877    0.0041601312       3508.9023      -6.6601069       -8.6915466         2.0314397       3508.9023                           3080.4733                 23.440506                 396.08766                      8.9008393
              2       1747.7686     0.058509331       5.0055544     0.004624169       3508.8573      -6.6601069       -8.6915466         2.0314397       3508.8573                           3080.4233                 23.441254                 396.08766                      8.9050977
              5         1747.88     0.060323939       4.9194078    0.0038912889       3509.0802      -6.6601069       -8.6915466         2.0314397       3509.0802                           3080.6578                 23.440013                 396.08766                      8.8946434
              3       1748.1553     0.070068718       4.8136201    0.0049070636       3509.6309      -6.6601069       -8.6915466         2.0314397       3509.6309                           3081.1792                  23.44158                 396.08766                      8.9224587
              7       1747.6162     0.055591062       5.1965163    0.0060797428       3508.5526      -6.6601069       -8.6915466         2.0314397       3508.5526                           3080.0941                   23.4437                 396.08766                      8.9271549
              1       1747.5237     0.054869635       4.7426011    0.0064386155       3508.3677      -6.6601069       -8.6915466         2.0314397       3508.3677                            3079.903                 23.444587                 396.08766                      8.9324411
              4       1747.7012     0.050007017       4.8360165    0.0089959155       3508.7226      -6.6601069       -8.6915466         2.0314397       3508.7226                           3080.1921                 23.449027                 396.10607                      8.9753318
              1       1747.5917     0.056546081       4.6185861    0.0051183429       3508.5035      -6.6601069       -8.6915466         2.0314397       3508.5035                           3080.0626                 23.442362                 396.08766                      8.9109557
              4       1747.7616     0.051753866       4.6595904    0.0043791643       3508.8435      -6.6601069       -8.6915466         2.0314397       3508.8435                           3080.4197                 23.441184                 396.08766                      8.8949254
              4       1748.1416     0.045615075       4.6338216     0.003668501       3509.6034      -6.6601069       -8.6915466         2.0314397       3509.6034                           3081.1777                 23.440118                 396.10607                      8.8795925
              6        1747.983     0.047184028       4.6573447    0.0053130161       3509.2862      -6.6601069       -8.6915466         2.0314397       3509.2862                           3080.8285                 23.442878                 396.10607                      8.9087197
              1       1747.7786     0.055994486       5.1153544    0.0045148233       3508.8775      -6.6601069       -8.6915466         2.0314397       3508.8775                           3080.4477                 23.441068                 396.08766                      8.9010637
              6       1747.7499     0.057177691       5.0955057    0.0049078796       3508.8201      -6.6601069       -8.6915466         2.0314397       3508.8201                           3080.3819                 23.441718                 396.08766                      8.9087759
              1       1747.7822     0.062547576        5.003847    0.0057921077       3508.8845      -6.6601069       -8.6915466         2.0314397       3508.8845                           3080.4246                 23.443146                 396.08766                      8.9291517
              8        1747.465     0.059441067       4.8233208    0.0065816974       3508.2503      -6.6601069       -8.6915466         2.0314397       3508.2503                           3079.7794                  23.44468                 396.08766                      8.9385343
              4       1747.5125     0.060498278       4.7693271     0.005954765       3508.3453      -6.6601069       -8.6915466         2.0314397       3508.3453                           3079.8853                 23.443617                 396.08766                      8.9286377
              4       1747.4995     0.061501722       4.7579992    0.0061783129       3508.3193      -6.6601069       -8.6915466         2.0314397       3508.3193                           3079.8543                 23.443983                 396.08766                      8.9333849
              4       1747.3314     0.062164323        4.899328    0.0096798564       3507.9829      -6.6601069       -8.6915466         2.0314397       3507.9829                           3079.4493                 23.449872                 396.08766                      8.9960809
              2       1747.8804     0.047849362       4.8685513    0.0098668604       3509.0811      -6.6601069       -8.6915466         2.0314397       3509.0811                           3080.5335                 23.450557                 396.10607                      8.9909557
              3        1748.139     0.046982763       4.7227649    0.0098666683       3509.5983      -6.6601069       -8.6915466         2.0314397       3509.5983                           3081.0497                 23.450645                 396.10607                      8.9918601
              1       1747.5603      0.05102903       4.9889543    0.0062755038       3508.4409      -6.6601069       -8.6915466         2.0314397       3508.4409                           3079.9825                  23.44427                 396.08766                      8.9264824
              2        1747.714     0.054250026       4.5840903    0.0043356979       3508.7482      -6.6601069       -8.6915466         2.0314397       3508.7482                           3080.3235                 23.441094                 396.08766                      8.8960193
              2       1747.6605     0.056194921       4.5117429    0.0047316111       3508.6412      -6.6601069       -8.6915466         2.0314397       3508.6412                           3080.2075                 23.441766                 396.08766                      8.9042891
              4       1747.3993     0.057799983       4.7868256      0.00781942       3508.1188      -6.6601069       -8.6915466         2.0314397       3508.1188                           3079.6253                 23.446856                 396.08766                        8.95893
              1       1748.1541     0.066399703       5.0628012     0.005801301       3509.6283      -6.6601069       -8.6915466         2.0314397       3509.6283                           3081.1627                 23.443024                 396.08766                      8.9349049
              1       1748.1796     0.067953586       5.0639167    0.0064603143       3509.6794      -6.6601069       -8.6915466         2.0314397       3509.6794                           3081.1996                 23.444108                 396.08766                      8.9480596
              2       1748.2263     0.070484003       4.9549514     0.006266754       3509.7727      -6.6601069       -8.6915466         2.0314397       3509.7727                           3081.2942                 23.443791                 396.08766                      8.9471329
              1       1747.4616      0.06123367       5.0175781     0.008173761       3508.2435      -6.6601069       -8.6915466         2.0314397       3508.2435                             3079.74                  23.44724                 396.08766                      8.9685684
              3        1747.518     0.062973274       5.0753819    0.0088420307       3508.3562      -6.6601069       -8.6915466         2.0314397       3508.3562                           3079.8377                 23.448302                 396.08766                      8.9825048
              3       1747.5049     0.060467851       4.9774744    0.0071410141         3508.33      -6.6601069       -8.6915466         2.0314397         3508.33                           3079.8472                 23.445518                 396.08766                      8.9496193
              2       1747.5889     0.062944843       5.0188159    0.0075592988        3508.498      -6.6601069       -8.6915466         2.0314397        3508.498                           3080.0044                 23.446145                 396.08766                      8.9597603
              6       1747.4056     0.060034701       5.0545368    0.0088084758       3508.1314      -6.6601069       -8.6915466         2.0314397       3508.1314                           3079.6166                 23.448335                 396.08766                      8.9787388
              5       1747.5504     0.068421153       4.5809669    0.0061173114       3508.4209      -6.6601069       -8.6915466         2.0314397       3508.4209                           3079.9508                 23.443836                 396.08766                      8.9386277
              2       1747.5341     0.062262525       4.6188229    0.0053767757       3508.3884      -6.6601069       -8.6915466         2.0314397       3508.3884                            3079.938                  23.44268                 396.08766                      8.9201042
              2       1747.5967     0.061876422       4.7395209    0.0052438625       3508.5137      -6.6601069       -8.6915466         2.0314397       3508.5137                           3080.0658                  23.44239                 396.08766                      8.9178206
              1       1747.5663     0.060326749       4.7972749    0.0055215734       3508.4528      -6.6601069       -8.6915466         2.0314397       3508.4528                           3080.0011                 23.442865                 396.08766                      8.9211648
              2       1747.4866     0.061724623       4.7519236    0.0063217521       3508.2934      -6.6601069       -8.6915466         2.0314397       3508.2934                           3079.8255                 23.444226                 396.08766                      8.9360412
              4       1747.6085     0.062960867       4.6442767    0.0048804895       3508.5371      -6.6601069       -8.6915466         2.0314397       3508.5371                           3080.0952                 23.441804                 396.08766                      8.9124727
              5       1747.8836     0.074818901       4.5436685    0.0055087777       3509.0875      -6.6601069       -8.6915466         2.0314397       3509.0875                           3080.6216                 23.442689                 396.08766                      8.9355323
              5       1747.5237     0.058072967       5.0733957    0.0068941467       3508.3676      -6.6601069       -8.6915466         2.0314397       3508.3676                           3079.8916                 23.445099                 396.08766                      8.9432351
              1       1747.5634     0.059210562       5.1337406    0.0072787277        3508.447      -6.6601069       -8.6915466         2.0314397        3508.447                           3079.9624                 23.445689                 396.08766                      8.9513135
              5       1747.4533     0.050488449       5.2029673    0.0094497201       3508.2269      -6.6601069       -8.6915466         2.0314397       3508.2269                           3079.6888                 23.449602                 396.10607                      8.9824278
              1        1747.581     0.047585412       5.2210286    0.0097081082       3508.4821      -6.6601069       -8.6915466         2.0314397       3508.4821                           3079.9401                 23.450115                 396.10607                      8.9858509
              4       1747.6113      0.04711746       5.1986284    0.0093704163       3508.5428      -6.6601069       -8.6915466         2.0314397       3508.5428                           3080.0077                 23.449561                 396.10607                      8.9794365
              1         1747.97     0.047079717       4.6818491     0.006146921       3509.2601      -6.6601069       -8.6915466         2.0314397       3509.2601                           3080.7868                 23.444293                 396.10607                      8.9229873
              1       1747.6805     0.049649053       4.8367411      0.00730696       3508.6811      -6.6601069       -8.6915466         2.0314397       3508.6811                           3080.1848                 23.446144                 396.10607                      8.9441333
              1       1747.6735     0.068290806       4.6368827     0.005540125       3508.6673      -6.6601069       -8.6915466         2.0314397       3508.6673                           3080.2077                 23.442818                 396.08766                      8.9290769
              2       1747.9018     0.066289857        4.764911    0.0044547522       3509.1239      -6.6601069       -8.6915466         2.0314397       3509.1239                           3080.6855                 23.440929                 396.08766                      8.9097432
              3       1747.5294     0.071144296       4.6017225    0.0073240018       3508.3789      -6.6601069       -8.6915466         2.0314397       3508.3789                           3079.8831                 23.445827                 396.08766                      8.9623527
              1       1747.6386     0.061278544       4.8268004    0.0052365828       3508.5973      -6.6601069       -8.6915466         2.0314397       3508.5973                           3080.1499                 23.442339                 396.08766                      8.9174269
              1       1747.5931     0.060452164       4.8639545    0.0056316988       3508.5063      -6.6601069       -8.6915466         2.0314397       3508.5063                           3080.0523                  23.44301                 396.08766                      8.9233724
              1        1747.406     0.062197262       4.5711452    0.0069583456       3508.1322      -6.6601069       -8.6915466         2.0314397       3508.1322                           3079.6519                 23.445411                 396.08766                       8.947296
              2       1747.3962     0.063241792       4.5713162    0.0070275647       3508.1126      -6.6601069       -8.6915466         2.0314397       3508.1126                           3079.6301                 23.445507                 396.08766                      8.9493817
              1       1747.3939     0.063145103       4.5780532    0.0070798164       3508.1081      -6.6601069       -8.6915466         2.0314397       3508.1081                           3079.6246                 23.445594                 396.08766                      8.9502169
              7       1747.5732     0.067028153       4.7071097    0.0064952372       3508.4666      -6.6601069       -8.6915466         2.0314397       3508.4666                           3079.9903                 23.444431                 396.08766                      8.9442408
              2       1747.4366     0.055750079       4.8132383    0.0092759273       3508.1934      -6.6601069       -8.6915466         2.0314397       3508.1934                           3079.6541                 23.449384                 396.10607                      8.9838971
              2       1747.4609     0.055373662       4.7959698    0.0093320269       3508.2421      -6.6601069       -8.6915466         2.0314397       3508.2421                           3079.7021                 23.449498                 396.10607                      8.9844014
              1       1747.3924     0.061397769       4.5515202    0.0096825726       3508.1051      -6.6601069       -8.6915466         2.0314397       3508.1051                            3079.553                 23.450103                 396.10607                      8.9959181
              3       1747.6979     0.072628664       4.7032176    0.0076444656       3508.7161      -6.6601069       -8.6915466         2.0314397       3508.7161                           3080.2117                 23.446273                 396.08766                      8.9703938
              4       1747.3603     0.067114372       4.6930175    0.0087868656       3508.0407      -6.6601069       -8.6915466         2.0314397       3508.0407                           3079.5205                 23.448358                 396.08766                       8.984213
              4       1747.3007     0.066292617       4.6463244    0.0094618311       3507.9216      -6.6601069       -8.6915466         2.0314397       3507.9216                            3079.389                 23.449562                 396.08766                       8.995456
              6       1747.3075     0.065543613       4.6706724    0.0093055739       3507.9353      -6.6601069       -8.6915466         2.0314397       3507.9353                           3079.4064                 23.449296                 396.08766                      8.9919869
             20       1747.4084     0.055876981       5.2827968    0.0091144827       3508.1369      -6.6601069       -8.6915466         2.0314397       3508.1369                           3079.6197                  23.44883                 396.08766                      8.9807663
              1       1747.3648     0.055607663       5.1447535    0.0092442301       3508.0498      -6.6601069       -8.6915466         2.0314397       3508.0498                           3079.5303                 23.449143                 396.08766                      8.9827124
              3        1747.594     0.048420889       5.0738474    0.0080900527       3508.5081      -6.6601069       -8.6915466         2.0314397       3508.5081                           3079.9979                 23.447396                 396.10607                      8.9567467
              2       1748.3172     0.046319833       4.5104683    0.0077955542       3509.9546      -6.6601069       -8.6915466         2.0314397       3509.9546                           3081.4469                 23.447204                 396.10607                      8.9544689
              1       1748.2129     0.046765395       4.5020419    0.0065645499        3509.746      -6.6601069       -8.6915466         2.0314397        3509.746                           3081.2632                 23.445093                 396.10607                      8.9317006
              4       1747.3225     0.066421732       4.6910396    0.0092803678       3507.9652      -6.6601069       -8.6915466         2.0314397       3507.9652                           3079.4359                  23.44922                 396.08766                      8.9923754
              3       1747.5192     0.074058731       4.5841672     0.008411302       3508.3586      -6.6601069       -8.6915466         2.0314397       3508.3586                           3079.8389                 23.447637                 396.08766                      8.9844152
             12       1747.3621     0.061587317       4.9802673      0.00949632       3508.0445      -6.6601069       -8.6915466         2.0314397       3508.0445                           3079.5149                  23.44952                 396.08766                       8.992386
              2       1747.5937     0.061659512       4.7960337    0.0055166041       3508.5075      -6.6601069       -8.6915466         2.0314397       3508.5075                           3080.0547                 23.442826                 396.08766                      8.9224017
              3       1749.0564     0.070936129       4.9792113    0.0031664364        3511.433      -6.6601069       -8.6915466         2.0314397        3511.433                           3083.0082                 23.438479                 396.08766                      8.8986376
              2       1748.7532     0.073255864       4.8176866    0.0036361525       3510.8267      -6.6601069       -8.6915466         2.0314397       3510.8267                           3082.3928                 23.439339                 396.08766                      8.9069177
              5       1747.6175     0.049377481        5.028639    0.0098533276       3508.5552      -6.6601069       -8.6915466         2.0314397       3508.5552                           3080.0084                 23.450416                 396.10607                      8.9903079
             21       1747.3952     0.055444526       5.2978321    0.0093384143       3508.1106      -6.6601069       -8.6915466         2.0314397       3508.1106                           3079.5893                 23.449217                 396.08766                      8.9844215
              3       1747.3983     0.055677801       5.2987137    0.0093573984       3508.1168      -6.6601069       -8.6915466         2.0314397       3508.1168                            3079.595                 23.449243                 396.08766                       8.984983
              1       1747.5704      0.05117056        4.919209    0.0064612473       3508.4611      -6.6601069       -8.6915466         2.0314397       3508.4611                           3079.9988                  23.44462                 396.08766                      8.9299825
              1       1747.5135     0.053585843       4.8053155    0.0072550479       3508.3473      -6.6601069       -8.6915466         2.0314397       3508.3473                           3079.8678                 23.445979                 396.08766                      8.9458977
              5       1747.6207     0.069345192       4.8918538    0.0090221064       3508.5617      -6.6601069       -8.6915466         2.0314397       3508.5617                           3080.0335                 23.448575                 396.08766                      8.9919416
              1       1747.9195      0.05971959       4.8360869    0.0030646656       3509.1592      -6.6601069       -8.6915466         2.0314397       3509.1592                           3080.7527                  23.43867                 396.08766                      8.8801276
              3       1747.9078     0.050645852       5.2768056     0.003254637       3509.1358      -6.6601069       -8.6915466         2.0314397       3509.1358                           3080.7338                 23.438976                 396.08766                      8.8753487
              4       1747.7396     0.054533907       5.2632499    0.0051835875       3508.7994      -6.6601069       -8.6915466         2.0314397       3508.7994                           3080.3584                 23.442161                 396.08766                      8.9111772
              3       1747.3331     0.062946817       4.6149963     0.008549839       3507.9864      -6.6601069       -8.6915466         2.0314397       3507.9864                           3079.4745                 23.448092                 396.08766                      8.9761548
              6       1747.9285     0.049669787       4.6309337    0.0033187212       3509.1771      -6.6601069       -8.6915466         2.0314397       3509.1771                           3080.7743                 23.439437                 396.08766                      8.8757638
              3       1747.9519     0.049045961       4.6118257    0.0036047936        3509.224      -6.6601069       -8.6915466         2.0314397        3509.224                           3080.8161                 23.439946                 396.08766                      8.8803071
              2       1747.7751       0.0520465       4.7573515    0.0036336391       3508.8704      -6.6601069       -8.6915466         2.0314397       3508.8704                           3080.4605                 23.439859                 396.08766                      8.8823375
              2       1747.3568     0.061355202       4.7696178     0.008227349       3508.0338      -6.6601069       -8.6915466         2.0314397       3508.0338                           3079.5296                 23.447482                 396.08766                      8.9690569
              1       1747.3714     0.062341285       4.7878655    0.0081180197        3508.063      -6.6601069       -8.6915466         2.0314397        3508.063                             3079.56                 23.447261                 396.08766                      8.9680039
              2       1747.4467     0.061959266       4.8536552    0.0073694199       3508.2137      -6.6601069       -8.6915466         2.0314397       3508.2137                           3079.7254                 23.445949                 396.08766                      8.9546638
              2       1747.5516     0.053357907       4.7797685    0.0065262477       3508.4234      -6.6601069       -8.6915466         2.0314397       3508.4234                           3079.9581                 23.444752                 396.08766                      8.9328892
              3       1747.5039     0.054738476       4.7766852    0.0067494151       3508.3279      -6.6601069       -8.6915466         2.0314397       3508.3279                           3079.8574                 23.445103                 396.08766                      8.9377519
              3       1747.6979     0.061906769       4.9031746    0.0054199666        3508.716      -6.6601069       -8.6915466         2.0314397        3508.716                           3080.2642                  23.44259                 396.08766                      8.9215478
              3       1747.4559     0.059318796       5.0101209    0.0075854985       3508.2321      -6.6601069       -8.6915466         2.0314397       3508.2321                           3079.7418                 23.446287                 396.08766                      8.9562927
             10       1747.6981     0.050611985       4.7990432    0.0090507696       3508.7164      -6.6601069       -8.6915466         2.0314397       3508.7164                           3080.1844                 23.449126                 396.10607                      8.9768202
             10       1747.8404     0.047487691       4.8882171     0.009169776       3509.0011      -6.6601069       -8.6915466         2.0314397       3509.0011                           3080.4681                  23.44936                 396.10607                      8.9775538
              3       1747.4687     0.052563633       4.9806529    0.0083298304       3508.2577      -6.6601069       -8.6915466         2.0314397       3508.2577                           3079.7401                 23.447749                 396.10607                      8.9637402
              3       1747.5079     0.050196686       5.0975064    0.0079593727       3508.3361      -6.6601069       -8.6915466         2.0314397       3508.3361                           3079.8276                 23.447113                 396.10607                      8.9552733
              7       1747.8086     0.069603817       4.8131617     0.006720568       3508.9375      -6.6601069       -8.6915466         2.0314397       3508.9375                           3080.4532                 23.444686                 396.08766                      8.9519045
              2       1747.9056     0.066503667       4.9123008    0.0057707707       3509.1314      -6.6601069       -8.6915466         2.0314397       3509.1314                           3080.6677                 23.443071                 396.08766                      8.9329721
              6       1747.9286     0.069121535       4.9216485    0.0069091794       3509.1775      -6.6601069       -8.6915466         2.0314397       3509.1775                           3080.6893                 23.444945                 396.08766                      8.9555559
              4       1747.8924     0.069056903        4.911932    0.0069997251        3509.105      -6.6601069       -8.6915466         2.0314397        3509.105                           3080.6153                 23.445108                 396.08766                      8.9568954
              1       1747.8758     0.068904682       4.9096229    0.0070080774       3509.0717      -6.6601069       -8.6915466         2.0314397       3509.0717                           3080.5821                 23.445127                 396.08766                      8.9568121
              5       1747.8087     0.071581759       4.9181644    0.0090791096       3508.9376      -6.6601069       -8.6915466         2.0314397       3508.9376                           3080.4053                 23.448599                 396.08766                      8.9960506
              1       1747.3497     0.069342239       4.6787986    0.0096993594       3508.0197      -6.6601069       -8.6915466         2.0314397       3508.0197                           3079.4794                 23.449881                 396.08766                      9.0027448
              6       1747.3524     0.069105815       4.6692745    0.0094237668        3508.025      -6.6601069       -8.6915466         2.0314397        3508.025                           3079.4904                  23.44942                 396.08766                      8.9975121
              1        1747.426     0.064967186        4.926098    0.0093413991       3508.1722      -6.6601069       -8.6915466         2.0314397       3508.1722                           3079.6425                 23.449206                 396.08766                      8.9927987
              3       1747.7044     0.071955753       4.8548908     0.009269375       3508.7291      -6.6601069       -8.6915466         2.0314397       3508.7291                           3080.1933                 23.448962                 396.08766                      8.9992255
              5       1747.7619     0.065103358       5.2398465     0.009780393        3508.844      -6.6601069       -8.6915466         2.0314397        3508.844                           3080.3037                  23.44974                 396.08766                      9.0029053
              9        1747.623     0.064167174       5.1315572    0.0090516179       3508.5662      -6.6601069       -8.6915466         2.0314397       3508.5662                            3080.042                 23.448592                 396.08766                      8.9879631
              5       1747.5135     0.053351366       4.8220166    0.0072896247       3508.3471      -6.6601069       -8.6915466         2.0314397       3508.3471                           3079.8671                 23.446034                 396.08766                      8.9463192
              5       1747.4567     0.055250762       4.8151683    0.0074148956       3508.2336      -6.6601069       -8.6915466         2.0314397       3508.2336                           3079.7499                 23.446208                 396.08766                      8.9498293
              2       1747.4531      0.05562458       4.7927209    0.0074524474       3508.2265      -6.6601069       -8.6915466         2.0314397       3508.2265                           3079.7417                 23.446276                 396.08766                      8.9508017
              4       1747.7581       0.0497856        4.795894    0.0090735537       3508.8363      -6.6601069       -8.6915466         2.0314397       3508.8363                           3080.3039                 23.449186                 396.10607                      8.9772028
              2       1747.8201     0.051762853       4.5672074    0.0082718856       3508.9604      -6.6601069       -8.6915466         2.0314397       3508.9604                           3080.4422                  23.44788                 396.10607                      8.9642812
              2       1747.9173     0.050320564       4.5697273    0.0081693644       3509.1548      -6.6601069       -8.6915466         2.0314397       3509.1548                           3080.6392                 23.447734                 396.10607                      8.9618305
              2       1747.8027     0.050517607       4.6409372    0.0076329742       3508.9257      -6.6601069       -8.6915466         2.0314397       3508.9257                           3080.4213                 23.446777                 396.10607                       8.951521
              4       1747.4168     0.060167853        4.537264      0.00820294       3508.1539      -6.6601069       -8.6915466         2.0314397       3508.1539                           3079.6506                 23.447602                 396.08766                      8.9680209
              5       1747.4223      0.06010981       4.5309708    0.0080971522       3508.1648      -6.6601069       -8.6915466         2.0314397       3508.1648                           3079.6636                 23.447425                 396.08766                      8.9660878
              2       1747.5241     0.054812141        4.715721    0.0087431327       3508.3684      -6.6601069       -8.6915466         2.0314397       3508.3684                           3079.8399                 23.448545                 396.10607                      8.9739151
              1       1748.2487     0.071973402       5.1335909    0.0095030166       3509.8176      -6.6601069       -8.6915466         2.0314397       3509.8176                            3081.274                 23.449155                 396.08766                      9.0067387
              2       1747.7346     0.056521152       5.0395635    0.0045722022       3508.7895      -6.6601069       -8.6915466         2.0314397       3508.7895                           3080.3584                 23.441196                 396.08766                      8.9022678
              3       1747.5802     0.054186367       4.9160335    0.0053383156       3508.4807      -6.6601069       -8.6915466         2.0314397       3508.4807                           3080.0377                 23.442631                 396.08766                      8.9127061
              3       1747.6579     0.061507157       4.6031808    0.0041527565        3508.636      -6.6601069       -8.6915466         2.0314397        3508.636                           3080.2089                 23.440619                 396.08766                      8.8988336
              2       1748.0303     0.069564302       4.7948589    0.0051759565       3509.3808      -6.6601069       -8.6915466         2.0314397       3509.3808                           3080.9252                 23.442063                 396.08766                      8.9259602
              4       1747.5185     0.054033762       4.7690878    0.0076472124       3508.3572      -6.6601069       -8.6915466         2.0314397       3508.3572                           3079.8512                 23.446658                 396.10607                       8.953318
              3       1747.6086     0.055297534       4.5914187    0.0055678355       3508.5374      -6.6601069       -8.6915466         2.0314397       3508.5374                           3080.0887                  23.44317                 396.08766                      8.9178736
              2       1747.7352     0.062860502       4.6080916    0.0037445181       3508.7906      -6.6601069       -8.6915466         2.0314397       3508.7906                           3080.3696                 23.439892                 396.08766                      8.8934194
              6       1747.6945     0.051154293       4.8816624    0.0045104412       3508.7092      -6.6601069       -8.6915466         2.0314397       3508.7092                           3080.2839                  23.44131                 396.08766                       8.896304
              3       1747.7028      0.04931961       4.9878827    0.0046817551       3508.7258      -6.6601069       -8.6915466         2.0314397       3508.7258                           3080.2988                 23.441593                 396.08766                      8.8977822
              3       1747.7049     0.048148177       4.9708899    0.0053739341         3508.73      -6.6601069       -8.6915466         2.0314397         3508.73                           3080.2906                 23.442812                 396.08766                      8.9089627
              5        1747.827     0.045372764       5.0260941     0.004848629       3508.9742      -6.6601069       -8.6915466         2.0314397       3508.9742                           3080.5464                 23.441959                 396.08766                      8.8981104
              5       1747.5362     0.053973607       5.0500044    0.0060422718       3508.3927      -6.6601069       -8.6915466         2.0314397       3508.3927                           3079.9366                 23.443763                 396.08766                      8.9246668
              6       1747.7282     0.056061972       5.0878332    0.0047500367       3508.7767      -6.6601069       -8.6915466         2.0314397       3508.7767                           3080.3426                 23.441483                 396.08766                      8.9049184
              1        1747.993     0.057957957       5.1984552    0.0042799698       3509.3061      -6.6601069       -8.6915466         2.0314397       3509.3061                            3080.878                 23.440565                 396.08766                      8.8999543
              3       1747.8464     0.058516717       5.1229546    0.0048342305       3509.0131      -6.6601069       -8.6915466         2.0314397       3509.0131                           3080.5747                 23.441541                 396.08766                       8.909219
              7       1747.8989     0.055655075       5.2530497    0.0044055547        3509.118      -6.6601069       -8.6915466         2.0314397        3509.118                             3080.69                 23.440809                 396.08766                      8.8995577
              4       1748.1839     0.068390604       4.9063515    0.0049761502        3509.688      -6.6601069       -8.6915466         2.0314397        3509.688                           3081.2363                 23.441674                 396.08766                       8.922369
              4        1748.369     0.070325952       4.7994582     0.003847506       3510.0582      -6.6601069       -8.6915466         2.0314397       3510.0582                           3081.6252                 23.439779                 396.08766                      8.9056139
              2       1748.0468     0.068474605       4.7374315     0.004157402       3509.4138      -6.6601069       -8.6915466         2.0314397       3509.4138                           3080.9784                 23.440391                 396.08766                      8.9073745
              6       1747.9271     0.066309835       4.9145581    0.0055833417       3509.1744      -6.6601069       -8.6915466         2.0314397       3509.1744                           3080.7143                 23.442755                 396.08766                       8.929635
              2       1747.3499     0.069366174       4.6996369    0.0099909038       3508.0201      -6.6601069       -8.6915466         2.0314397       3508.0201                            3079.474                 23.450367                 396.08766                      9.0081151
              3       1747.4776     0.066173561       4.8373922    0.0082769079       3508.2755      -6.6601069       -8.6915466         2.0314397       3508.2755                           3079.7656                 23.447412                 396.08766                       8.974839
              1       1747.4549     0.066399948       4.9050237    0.0094215678       3508.2301      -6.6601069       -8.6915466         2.0314397       3508.2301                           3079.6974                 23.449322                 396.08766                      8.9956857
              4       1747.3276     0.065293572       4.7950272    0.0098198407       3507.9753      -6.6601069       -8.6915466         2.0314397       3507.9753                           3079.4363                 23.450104                 396.08766                      9.0012966
              5       1747.3742     0.056152874       5.2171688    0.0094328486       3508.0686      -6.6601069       -8.6915466         2.0314397       3508.0686                           3079.5449                 23.449408                 396.08766                      8.9866559
              2       1747.6166      0.04849525       5.0449134    0.0068193187       3508.5534      -6.6601069       -8.6915466         2.0314397       3508.5534                           3080.0681                 23.445235                 396.10607                      8.9339727
              4       1747.5204     0.065991516       4.5965955    0.0059294985       3508.3611      -6.6601069       -8.6915466         2.0314397       3508.3611                           3079.8968                 23.443557                 396.08766                      8.9330052
              2       1747.4921     0.065386737       4.6075396    0.0061500314       3508.3045      -6.6601069       -8.6915466         2.0314397       3508.3045                           3079.8367                  23.44394                 396.08766                      8.9362055
              7       1747.4965     0.065616739       4.6034932    0.0061264785       3508.3131      -6.6601069       -8.6915466         2.0314397       3508.3131                           3079.8456                 23.443897                 396.08766                      8.9360154
              1       1747.5148      0.06076312       4.6469656    0.0055798318       3508.3498      -6.6601069       -8.6915466         2.0314397       3508.3498                           3079.8968                 23.443043                 396.08766                       8.922254
              1       1748.4611     0.073354656       4.9942826    0.0071361214       3510.2425      -6.6601069       -8.6915466         2.0314397       3510.2425                           3081.7431                 23.445175                 396.08766                      8.9664981
              1       1748.2634     0.067241697       5.1895966    0.0070748343       3509.8471      -6.6601069       -8.6915466         2.0314397       3509.8471                           3081.3555                 23.445087                 396.08766                      8.9588541
              1       1748.0302     0.066798268       5.1739253    0.0079929789       3509.3805      -6.6601069       -8.6915466         2.0314397       3509.3805                           3080.8727                 23.446679                 396.08766                      8.9735212
              1       1747.5887     0.068286148       4.8629737    0.0083955338       3508.4975      -6.6601069       -8.6915466         2.0314397       3508.4975                           3079.9829                 23.447547                 396.08766                      8.9794647
              1       1747.4385     0.065208681       4.8890986    0.0088706789       3508.1971      -6.6601069       -8.6915466         2.0314397       3508.1971                           3079.6766                 23.448418                 396.08766                       8.984515
              1       1747.7447     0.051077153       4.8209986    0.0040787208       3508.8097      -6.6601069       -8.6915466         2.0314397       3508.8097                           3080.3924                 23.440607                 396.08766                      8.8890282
              1       1747.5729     0.052160798       5.0193778    0.0056636788        3508.466      -6.6601069       -8.6915466         2.0314397        3508.466                           3080.0185                  23.44318                 396.08766                      8.9166644
              1         1747.62     0.050849601       5.0791395    0.0052425989       3508.5601      -6.6601069       -8.6915466         2.0314397       3508.5601                           3080.1216                 23.442464                 396.08766                      8.9084015
              1       1747.6884      0.04724972       5.0785384    0.0055389832       3508.6971      -6.6601069       -8.6915466         2.0314397       3508.6971                           3080.2554                 23.443063                 396.08766                      8.9109961
              4       1747.6134     0.050324904       5.0280829    0.0055016995        3508.547      -6.6601069       -8.6915466         2.0314397        3508.547                           3080.1039                 23.442946                 396.08766                      8.9124917
              2       1747.5574     0.058334232       4.6924968    0.0051964571       3508.4351      -6.6601069       -8.6915466         2.0314397       3508.4351                           3079.9913                 23.442416                 396.08766                      8.9136811
              8       1747.7681     0.055218075       4.5042763    0.0036453791       3508.8565      -6.6601069       -8.6915466         2.0314397       3508.8565                           3080.4437                 23.439939                 396.08766                      8.8852299
              2       1747.9325     0.070710101       4.6258861    0.0045712573       3509.1853      -6.6601069       -8.6915466         2.0314397       3509.1853                           3080.7407                 23.441121                 396.08766                      8.9158235
              3       1747.6736     0.058673128       4.6630316    0.0040127639       3508.6673      -6.6601069       -8.6915466         2.0314397       3508.6673                           3080.2452                 23.440407                 396.08766                      8.8940384
              2       1747.7807     0.055666357       4.6610657    0.0031513719       3508.8817      -6.6601069       -8.6915466         2.0314397       3508.8817                           3080.4778                 23.439007                 396.08766                      8.8772148
              1       1747.7845     0.055428753       4.6651202    0.0031364087       3508.8892      -6.6601069       -8.6915466         2.0314397       3508.8892                           3080.4858                 23.438985                 396.08766                      8.8767743
              3       1747.8517      0.05903043       5.0275084    0.0043554168       3509.0237      -6.6601069       -8.6915466         2.0314397       3509.0237                           3080.5939                  23.44077                 396.08766                      8.9013773
              2        1747.656       0.0482681       5.0952574    0.0054153254       3508.6322      -6.6601069       -8.6915466         2.0314397       3508.6322                           3080.1923                 23.442817                 396.08766                      8.9094723
              1       1747.6492     0.048176504       5.0825899    0.0056441476       3508.6186      -6.6601069       -8.6915466         2.0314397       3508.6186                           3080.1743                 23.443217                 396.08766                      8.9133974
              2       1747.6657      0.06055924       5.1381752    0.0069597391       3508.6516      -6.6601069       -8.6915466         2.0314397       3508.6516                           3080.1714                 23.445105                 396.08766                      8.9474067
              1       1747.4886     0.052941315       4.9823006    0.0069043847       3508.2974      -6.6601069       -8.6915466         2.0314397       3508.2974                           3079.8256                   23.4453                 396.08766                      8.9388844
              1         1747.83     0.052658125       4.8891158    0.0030241556       3508.9803      -6.6601069       -8.6915466         2.0314397       3508.9803                           3080.5811                 23.438739                 396.08766                      8.8727489
              1       1747.7517     0.058692023       4.6597335    0.0033723947       3508.8236      -6.6601069       -8.6915466         2.0314397       3508.8236                           3080.4132                 23.439318                 396.08766                      8.8834767
              7       1747.7485      0.05810995       4.6467067    0.0033504046       3508.8172      -6.6601069       -8.6915466         2.0314397       3508.8172                           3080.4076                 23.439301                 396.08766                      8.8825679
              9       1748.1529      0.07352821       4.5068051    0.0032833724       3509.6261      -6.6601069       -8.6915466         2.0314397       3509.6261                            3081.202                 23.438949                 396.08766                      8.8974485
              5       1747.6662     0.062544666       4.7160555     0.004696387       3508.6527      -6.6601069       -8.6915466         2.0314397       3508.6527                           3080.2143                 23.441456                 396.08766                       8.909252
              3       1748.2491      0.07121369       4.6144919    0.0030273689       3509.8184      -6.6601069       -8.6915466         2.0314397       3509.8184                           3081.4007                 23.438489                 396.08766                      8.8916011
             11       1747.8063     0.060922421       4.8512585     0.004104988       3508.9329      -6.6601069       -8.6915466         2.0314397       3508.9329                           3080.5064                 23.440404                 396.08766                      8.8984163
              1        1747.523     0.056186476       4.8371324    0.0058473587       3508.3662      -6.6601069       -8.6915466         2.0314397       3508.3662                            3079.912                 23.443495                 396.08766                      8.9230529
              1       1747.5828     0.062751889       4.8189288    0.0059970284       3508.4859      -6.6601069       -8.6915466         2.0314397       3508.4859                           3080.0229                 23.443607                 396.08766                      8.9317518
              2       1748.0863     0.061242247       5.0982678    0.0042542127       3509.4929      -6.6601069       -8.6915466         2.0314397       3509.4929                           3081.0618                 23.440497                 396.08766                      8.9029558
              5       1747.6609     0.057975721       4.7843596    0.0043722634       3508.6421      -6.6601069       -8.6915466         2.0314397       3508.6421                           3080.2139                 23.440967                 396.08766                      8.8996034
              8       1747.7241     0.057691181       4.8377747    0.0040123832       3508.7684      -6.6601069       -8.6915466         2.0314397       3508.7684                           3080.3469                  23.44033                 396.08766                      8.8934986
              4        1747.739     0.055035777       4.7380066    0.0035812158       3508.7982      -6.6601069       -8.6915466         2.0314397       3508.7982                            3080.387                 23.439712                 396.08766                      8.8838338
              7       1747.7038     0.054564931       4.7387023    0.0039570897       3508.7279      -6.6601069       -8.6915466         2.0314397       3508.7279                           3080.3102                 23.440362                 396.08766                      8.8897002
              1       1747.7238     0.065211758       4.5394719    0.0038769641       3508.7678      -6.6601069       -8.6915466         2.0314397       3508.7678                           3080.3423                 23.440109                 396.08766                      8.8976863
              4       1747.7515     0.064397426       4.5021237    0.0034039557       3508.8232      -6.6601069       -8.6915466         2.0314397       3508.8232                           3080.4072                 23.439342                 396.08766                      8.8889774
              2       1747.6017     0.054700356       4.7670765    0.0050727148       3508.5236      -6.6601069       -8.6915466         2.0314397       3508.5236                           3080.0851                 23.442246                 396.08766                      8.9086172
              9        1747.739     0.067099292       4.5811788    0.0043817657       3508.7982      -6.6601069       -8.6915466         2.0314397       3508.7982                           3080.3614                 23.440904                 396.08766                      8.9081853
              1       1747.5081     0.068014388         4.71718    0.0075057268       3508.3364      -6.6601069       -8.6915466         2.0314397       3508.3364                           3079.8398                 23.446129                 396.08766                      8.9627357
              1       1747.6279     0.048153362       5.0602925    0.0066541065        3508.576      -6.6601069       -8.6915466         2.0314397        3508.576                           3080.0942                 23.444953                 396.10607                      8.9307931
              1       1747.4584     0.052146555       5.2932804    0.0076426918       3508.2369      -6.6601069       -8.6915466         2.0314397       3508.2369                           3079.7517                 23.446411                 396.08766                      8.9511958
             10       1747.4605     0.053408837       5.2691363    0.0076459046       3508.2412      -6.6601069       -8.6915466         2.0314397       3508.2412                           3079.7548                 23.446394                 396.08766                      8.9523379
             10       1747.4288     0.054916022       5.1534002     0.007856633       3508.1777      -6.6601069       -8.6915466         2.0314397       3508.1777                            3079.686                 23.446781                 396.08766                      8.9572633
              2       1747.3351     0.062264426       4.6035502    0.0092406908       3507.9905      -6.6601069       -8.6915466         2.0314397       3507.9905                           3079.4653                 23.449297                 396.08766                      8.9882166
              1       1747.3241     0.062674838       4.6142651    0.0094424668       3507.9685      -6.6601069       -8.6915466         2.0314397       3507.9685                            3079.439                 23.449628                 396.08766                      8.9921947
              7       1747.3228     0.062594112       4.6259892    0.0094206393       3507.9657      -6.6601069       -8.6915466         2.0314397       3507.9657                           3079.4368                 23.449585                 396.08766                      8.9917134
              4       1747.9475     0.046842433       4.8124797    0.0087284641       3509.2153      -6.6601069       -8.6915466         2.0314397       3509.2153                            3080.691                 23.448655                 396.10607                      8.9696002
              5       1747.6233     0.047282736       5.1513328     0.009042573       3508.5669      -6.6601069       -8.6915466         2.0314397       3508.5669                           3080.0382                 23.449018                 396.10607                       8.973643
              3       1747.5749     0.050514428       4.9833966    0.0096000526       3508.4699      -6.6601069       -8.6915466         2.0314397       3508.4699                           3079.9276                 23.449976                 396.10607                       8.986322
              1       1747.7278      0.04872178       4.9642459    0.0046591847       3508.7758      -6.6601069       -8.6915466         2.0314397       3508.7758                           3080.3495                 23.441582                 396.08766                      8.8970344
              2       1747.7324     0.048481142       4.9738006    0.0046596155        3508.785      -6.6601069       -8.6915466         2.0314397        3508.785                           3080.3589                 23.441584                 396.08766                      8.8968646
              1        1747.516     0.062584531       4.5958355    0.0055149169       3508.3523      -6.6601069       -8.6915466         2.0314397       3508.3523                            3079.899                 23.442923                 396.08766                      8.9227019
              1       1747.5837     0.065206363       4.6953821    0.0058103806       3508.4876      -6.6601069       -8.6915466         2.0314397       3508.4876                           3080.0261                 23.443309                 396.08766                      8.9306016
              4       1747.5796     0.065807533       4.6622568    0.0057749801       3508.4794      -6.6601069       -8.6915466         2.0314397       3508.4794                            3080.018                 23.443257                 396.08766                      8.9304763
              2       1747.3976     0.060527627        4.657055    0.0073474976       3508.1153      -6.6601069       -8.6915466         2.0314397       3508.1153                           3079.6289                 23.446062                 396.08766                      8.9527468
              1        1747.702     0.059233942       4.6933037    0.0038791702       3508.7242      -6.6601069       -8.6915466         2.0314397       3508.7242                            3080.304                  23.44015                 396.08766                      8.8923923
              3       1747.7255     0.061979532        4.654816    0.0038819435       3508.7712      -6.6601069       -8.6915466         2.0314397       3508.7712                           3080.3485                 23.440117                 396.08766                      8.8949722
              1       1747.8769     0.065708941       4.8587899    0.0051614711        3509.074      -6.6601069       -8.6915466         2.0314397        3509.074                           3080.6229                 23.442086                 396.08766                      8.9214104
              3        1748.067     0.065802176       4.9010844    0.0044841407       3509.4541      -6.6601069       -8.6915466         2.0314397       3509.4541                           3081.0148                 23.440902                 396.08766                      8.9108277
              3       1747.4363     0.058992629       5.0044447    0.0077197447       3508.1929      -6.6601069       -8.6915466         2.0314397       3508.1929                           3079.7004                 23.446529                 396.08766                      8.9583149
              1       1747.5269     0.059641158        4.957195    0.0065717622       3508.3741      -6.6601069       -8.6915466         2.0314397       3508.3741                            3079.903                 23.444579                 396.08766                      8.9388964
              1       1747.7515     0.054282663        5.186273    0.0046518749       3508.8232      -6.6601069       -8.6915466         2.0314397       3508.8232                           3080.3925                 23.441306                 396.08766                       8.901775
              5       1747.6863     0.048959654       5.1373046    0.0047281914       3508.6929      -6.6601069       -8.6915466         2.0314397       3508.6929                           3080.2655                 23.441606                 396.08766                      8.8981584
              5       1747.6831     0.049216173       5.1382362    0.0047264727       3508.6863      -6.6601069       -8.6915466         2.0314397       3508.6863                           3080.2588                 23.441595                 396.08766                      8.8983262
              2       1747.6323     0.061636877       4.9533046    0.0061822981       3508.5848      -6.6601069       -8.6915466         2.0314397       3508.5848                           3080.1189                 23.443866                 396.08766                      8.9343491
              1        1747.913      0.06984253       5.0379375    0.0088975916       3509.1462      -6.6601069       -8.6915466         2.0314397       3509.1462                           3080.6184                 23.448245                 396.08766                      8.9918474
              1       1747.6841      0.06592999       5.1204439    0.0094167307       3508.6884      -6.6601069       -8.6915466         2.0314397       3508.6884                            3080.155                 23.449178                 396.08766                      8.9965275
              5       1747.9832     0.064794733       5.2775838    0.0083390674       3509.2867      -6.6601069       -8.6915466         2.0314397       3509.2867                            3080.774                 23.447254                 396.08766                      8.9777293
              2       1747.9382     0.065635144        5.204525    0.0082729287       3509.1967      -6.6601069       -8.6915466         2.0314397       3509.1967                           3080.6848                 23.447168                 396.08766                      8.9770152
              1       1748.6212     0.074049791       5.0755175    0.0079234716       3510.5626      -6.6601069       -8.6915466         2.0314397       3510.5626                           3082.0463                 23.446441                 396.08766                      8.9821662
              1       1747.9884     0.068360405       4.8166988    0.0051393767        3509.297      -6.6601069       -8.6915466         2.0314397        3509.297                           3080.8433                 23.442014                 396.08766                      8.9240148
              2       1748.0035     0.058344055       5.1574398     0.004080894       3509.3273      -6.6601069       -8.6915466         2.0314397       3509.3273                           3080.9025                 23.440241                 396.08766                      8.8969146
              2       1747.6775     0.052325944       5.0426632    0.0045335299       3508.6753      -6.6601069       -8.6915466         2.0314397       3508.6753                           3080.2488                 23.441236                 396.08766                      8.8975936
              1       1747.4429     0.054320281       5.0380533    0.0073722694       3508.2059      -6.6601069       -8.6915466         2.0314397       3508.2059                           3079.7241                 23.446034                 396.08766                       8.948151
              2       1747.8159     0.046169155       4.9405617     0.007347332        3508.952      -6.6601069       -8.6915466         2.0314397        3508.952                           3080.4568                 23.446247                 396.10607                      8.9428411
              2       1747.6975     0.048640873       4.9035418    0.0079894939       3508.7152      -6.6601069       -8.6915466         2.0314397       3508.7152                            3080.206                 23.447303                 396.10607                      8.9557771
              1       1747.5418     0.053500747        4.964612    0.0059054238       3508.4038      -6.6601069       -8.6915466         2.0314397       3508.4038                           3079.9506                 23.443589                 396.08766                      8.9218985
              3       1747.5444     0.053513989       4.9536645     0.005869298       3508.4091      -6.6601069       -8.6915466         2.0314397       3508.4091                           3079.9566                 23.443533                 396.08766                      8.9212789
              1       1747.7749     0.046910801       4.9257467      0.00627523       3508.8701      -6.6601069       -8.6915466         2.0314397       3508.8701                           3080.3957                 23.444403                 396.10607                      8.9239236
              3       1747.8436     0.051406011       4.5147098    0.0060996423       3509.0073      -6.6601069       -8.6915466         2.0314397       3509.0073                           3080.5317                 23.444198                 396.10607                      8.9253674
              1       1747.8357     0.052382839       4.5162188    0.0083005796       3508.9917      -6.6601069       -8.6915466         2.0314397       3508.9917                           3080.4723                 23.447941                 396.10607                      8.9654169
              2        1747.803     0.051983111       4.5587599    0.0080135064       3508.9261      -6.6601069       -8.6915466         2.0314397       3508.9261                            3080.413                 23.447437                 396.10607                      8.9596466
              3       1747.5547     0.056544669       4.5478638    0.0079817681       3508.4295      -6.6601069       -8.6915466         2.0314397       3508.4295                           3079.9144                 23.447293                 396.10607                      8.9617368
              1       1747.6248     0.055557018       4.5126688    0.0075395998       3508.5698      -6.6601069       -8.6915466         2.0314397       3508.5698                           3080.0638                 23.446575                 396.10607                      8.9533403
              9       1747.4291     0.054886637       4.9566769    0.0076066722       3508.1784      -6.6601069       -8.6915466         2.0314397       3508.1784                           3079.6915                 23.446466                 396.08766                      8.9527837
              1       1747.6375     0.049585259       4.9481858    0.0058695543       3508.5952      -6.6601069       -8.6915466         2.0314397       3508.5952                           3080.1454                 23.443633                 396.08766                      8.9185312
             16       1747.6956     0.046652271       5.0800886    0.0062725579       3508.7113      -6.6601069       -8.6915466         2.0314397       3508.7113                           3080.2378                 23.444331                 396.10607                      8.9231436
              2       1747.7145     0.046330778       5.0697037    0.0063869667       3508.7493      -6.6601069       -8.6915466         2.0314397       3508.7493                           3080.2736                  23.44454                 396.10607                      8.9250445
              1       1747.8773     0.047176446       4.9015393    0.0036378861       3509.0747      -6.6601069       -8.6915466         2.0314397       3509.0747                           3080.6683                  23.43991                 396.08766                      8.8788605
              1       1747.6385     0.061628572        4.715328    0.0047470027       3508.5972      -6.6601069       -8.6915466         2.0314397       3508.5972                           3080.1588                 23.441563                 396.08766                      8.9091677
              1       1747.6529     0.063756831       4.7965021    0.0055585076        3508.626      -6.6601069       -8.6915466         2.0314397        3508.626                           3080.1701                 23.442849                 396.08766                      8.9253222
              4       1747.8121     0.056072521       5.1193043    0.0043295853       3508.9444      -6.6601069       -8.6915466         2.0314397       3508.9444                           3080.5179                 23.440748                 396.08766                      8.8981158
              2        1747.683     0.052938645       5.1578849      0.00482535       3508.6863      -6.6601069       -8.6915466         2.0314397       3508.6863                           3080.2537                 23.441654                 396.08766                      8.9032232
              1       1747.5519     0.051705852        5.060514    0.0060099188        3508.424      -6.6601069       -8.6915466         2.0314397        3508.424                           3079.9704                 23.443761                 396.08766                      8.9222713
              1       1747.9521      0.06836027       5.0856148    0.0083378537       3509.2244      -6.6601069       -8.6915466         2.0314397       3509.2244                           3080.7088                 23.447291                 396.08766                      8.9806454
              3       1747.6575     0.052057937       4.7453327    0.0053687772       3508.6353      -6.6601069       -8.6915466         2.0314397       3508.6353                           3080.1929                 23.442823                 396.08766                      8.9119105
              1       1747.4556     0.061685608       4.5556887    0.0062050384       3508.2314      -6.6601069       -8.6915466         2.0314397       3508.2314                           3079.7658                 23.444143                 396.08766                      8.9337534
              1       1747.4672     0.061616353       4.5415089    0.0060437382       3508.2547      -6.6601069       -8.6915466         2.0314397       3508.2547                           3079.7922                 23.443877                 396.08766                      8.9309086
              2        1747.767     0.066248013       4.7130106    0.0048784461       3508.8543      -6.6601069       -8.6915466         2.0314397       3508.8543                           3080.4087                 23.441685                 396.08766                       8.916268
              3       1747.7888     0.068708993       4.6504319    0.0049953602       3508.8978      -6.6601069       -8.6915466         2.0314397       3508.8978                           3080.4477                 23.441871                 396.08766                      8.9205921
              5       1747.5785     0.066863357        4.626221    0.0058034467       3508.4771      -6.6601069       -8.6915466         2.0314397       3508.4771                           3080.0143                 23.443305                 396.08766                       8.931892
              5       1747.6269     0.068580725       4.5354435    0.0052222418       3508.5741      -6.6601069       -8.6915466         2.0314397       3508.5741                           3080.1206                 23.442335                 396.08766                      8.9234676
              4       1747.6378     0.068110742       4.5256412    0.0049704502       3508.5957      -6.6601069       -8.6915466         2.0314397       3508.5957                           3080.1474                 23.441921                 396.08766                      8.9187134
              9       1747.6223     0.068096612        4.515078    0.0050185059       3508.5649      -6.6601069       -8.6915466         2.0314397       3508.5649                           3080.1158                  23.44201                 396.08766                      8.9194475
              3       1747.8939     0.071007933       4.5799664     0.004491814        3509.108      -6.6601069       -8.6915466         2.0314397        3509.108                           3080.6649                  23.44101                 396.08766                      8.9144692
             11       1747.7684     0.071775927       4.6113635    0.0058041362       3508.8569      -6.6601069       -8.6915466         2.0314397       3508.8569                           3080.3887                  23.44321                 396.08766                      8.9373437
              2       1748.3289     0.074645475       4.6388644    0.0041157045       3509.9779      -6.6601069       -8.6915466         2.0314397       3509.9779                           3081.5362                 23.440251                 396.08766                      8.9138441
              2       1747.5369     0.056533869       4.7759218    0.0056171058        3508.394      -6.6601069       -8.6915466         2.0314397        3508.394                           3079.9438                 23.443128                 396.08766                      8.9193734
              4       1747.5548     0.058782867       4.7258821    0.0052662642       3508.4298      -6.6601069       -8.6915466         2.0314397       3508.4298                           3079.9844                 23.442506                 396.08766                      8.9152824
              2       1747.5804     0.059929134       4.7759586    0.0052496053        3508.481      -6.6601069       -8.6915466         2.0314397        3508.481                           3080.0348                 23.442423                 396.08766                      8.9161291
              5       1747.7989     0.066261026       4.6508505    0.0042443116        3508.918      -6.6601069       -8.6915466         2.0314397        3508.918                           3080.4843                 23.440644                 396.08766                      8.9054342
              1       1748.0746     0.063077895       5.0201757    0.0043992509       3509.4694      -6.6601069       -8.6915466         2.0314397       3509.4694                            3081.034                 23.440747                 396.08766                      8.9070127
              5       1747.4861     0.056887382       4.6766637    0.0097599422       3508.2923      -6.6601069       -8.6915466         2.0314397       3508.2923                           3079.7423                 23.450263                 396.10607                      8.9937273
              1       1747.3833     0.059948364       4.7274004    0.0077111293       3508.0867      -6.6601069       -8.6915466         2.0314397       3508.0867                           3079.5937                 23.446656                 396.08766                      8.9586989
              2       1747.6366     0.052970411       4.6618581    0.0075854826       3508.5935      -6.6601069       -8.6915466         2.0314397       3508.5935                           3080.0887                 23.446632                 396.10607                      8.9520436
              3       1747.6407     0.053807321        4.598424     0.007185389       3508.6016      -6.6601069       -8.6915466         2.0314397       3508.6016                           3080.1039                 23.445962                 396.10607                      8.9455713
              1        1747.745     0.062111217       4.8770297    0.0049750969       3508.8102      -6.6601069       -8.6915466         2.0314397       3508.8102                           3080.3665                 23.441843                 396.08766                      8.9142195
              2       1747.7391      0.07421019       4.7744092    0.0091195139       3508.7984      -6.6601069       -8.6915466         2.0314397       3508.7984                           3080.2634                 23.448711                 396.08766                      8.9986817
              1         1747.28     0.067281732       4.5447838    0.0098612976       3507.8802      -6.6601069       -8.6915466         2.0314397       3507.8802                           3079.3387                  23.45029                 396.08766                      9.0035577
              1       1747.6615     0.050574526       4.9041164    0.0051017826       3508.6432      -6.6601069       -8.6915466         2.0314397       3508.6432                           3080.2072                 23.442321                 396.08766                      8.9059706
              3       1747.6694     0.054907505       4.9132955    0.0044302221        3508.659      -6.6601069       -8.6915466         2.0314397        3508.659                           3080.2323                 23.441066                 396.08766                      8.8980046
              7       1747.5014     0.054622401        5.039412    0.0064621057       3508.3231      -6.6601069       -8.6915466         2.0314397       3508.3231                           3079.8585                  23.44447                 396.08766                      8.9324758
              1       1747.8492     0.058907676        5.096581    0.0047703497       3509.0186      -6.6601069       -8.6915466         2.0314397       3509.0186                           3080.5811                 23.441438                 396.08766                      8.9084665
              5       1748.6679     0.071812482       5.2721203    0.0091177358        3510.656      -6.6601069       -8.6915466         2.0314397        3510.656                           3082.1179                 23.448393                 396.08766                      9.0020738
              1       1748.0916     0.063415738       4.9247852    0.0036934651       3509.5035      -6.6601069       -8.6915466         2.0314397       3509.5035                            3081.081                 23.439598                 396.08766                      8.8952068
              2       1747.8265     0.064292058       4.9549462    0.0057594554       3508.9733      -6.6601069       -8.6915466         2.0314397       3508.9733                           3080.5122                 23.443078                 396.08766                      8.9303675
              2       1748.2852     0.073956607       4.8026393    0.0058736366       3509.8906      -6.6601069       -8.6915466         2.0314397       3509.8906                           3081.4162                 23.443146                 396.08766                      8.9436022
              2       1748.3495     0.068747669       4.9244173    0.0045072524       3510.0192      -6.6601069       -8.6915466         2.0314397       3510.0192                           3081.5752                 23.440854                 396.08766                      8.9155139
              4       1749.0525      0.07397237       4.9850979    0.0047595486       3511.4251      -6.6601069       -8.6915466         2.0314397       3511.4251                           3082.9676                 23.441111                 396.08766                      8.9287784
              2       1748.9211     0.074228388       4.9436533    0.0048971921       3511.1623      -6.6601069       -8.6915466         2.0314397       3511.1623                           3082.7027                  23.44137                 396.08766                      8.9306073
              1       1748.2324     0.072707393       4.7598031     0.005074067        3509.785      -6.6601069       -8.6915466         2.0314397        3509.785                           3081.3273                 23.441842                 396.08766                      8.9281654
              1       1747.7381     0.069722996       4.8930124    0.0082197337       3508.7965      -6.6601069       -8.6915466         2.0314397       3508.7965                           3080.2832                 23.447191                 396.08766                      8.9784348
              6       1747.4792     0.057235475       5.0312146    0.0069703718       3508.2785      -6.6601069       -8.6915466         2.0314397       3508.2785                            3079.802                 23.445276                 396.08766                      8.9436228
              1       1747.3684     0.054639186       5.1115604    0.0093704366        3508.057      -6.6601069       -8.6915466         2.0314397        3508.057                           3079.5361                 23.449405                 396.08766                      8.9838893
              6        1747.349     0.058905131       5.0140436    0.0093145247       3508.0182      -6.6601069       -8.6915466         2.0314397       3508.0182                           3079.4945                 23.449256                 396.08766                      8.9867075
              1       1747.6731     0.047838502       5.0386955    0.0090775039       3508.6664      -6.6601069       -8.6915466         2.0314397       3508.6664                           3080.1361                  23.44912                 396.10607                      8.9750855
              5       1747.6913     0.047726389        5.052138    0.0095729261       3508.7029      -6.6601069       -8.6915466         2.0314397       3508.7029                           3080.1626                 23.449966                 396.10607                      8.9842137
              4       1747.6647      0.04652681        5.164157    0.0091579625       3508.6497      -6.6601069       -8.6915466         2.0314397       3508.6497                            3080.119                  23.44923                 396.10607                      8.9753853
              2       1747.5949     0.050286208       5.0721181    0.0056912623       3508.5101      -6.6601069       -8.6915466         2.0314397       3508.5101                           3080.0635                 23.443248                 396.08766                       8.915686
              8       1747.6893     0.047361899       5.0409605    0.0057724548       3508.6987      -6.6601069       -8.6915466         2.0314397       3508.6987                           3080.2524                 23.443478                 396.08766                      8.9152338
              9       1747.8037     0.064756907       4.6475658    0.0038364541       3508.9277      -6.6601069       -8.6915466         2.0314397       3508.9277                            3080.503                 23.439984                 396.08766                       8.897087
              1       1748.3122      0.06970971       4.7166314    0.0031152625       3509.9447      -6.6601069       -8.6915466         2.0314397       3509.9447                           3081.5263                 23.438603                 396.08766                      8.8921595
              2       1748.3246     0.072577457       4.6638433    0.0036018452       3509.9693      -6.6601069       -8.6915466         2.0314397       3509.9693                           3081.5391                 23.439404                 396.08766                      8.9031223
              2       1747.6913     0.066753431       4.6662443    0.0051957816       3508.7028      -6.6601069       -8.6915466         2.0314397       3508.7028                           3080.2511                 23.442245                 396.08766                      8.9217998
              5       1747.6176     0.054283199       4.5983277    0.0072633337       3508.5554      -6.6601069       -8.6915466         2.0314397       3508.5554                            3080.056                 23.446085                 396.10607                      8.9472341
              2        1747.618     0.054587557        4.578964    0.0069494963       3508.5563      -6.6601069       -8.6915466         2.0314397       3508.5563                           3080.0628                 23.445552                 396.10607                      8.9418596
              1       1747.7032     0.052636075       4.5950356    0.0068152712       3508.7266      -6.6601069       -8.6915466         2.0314397       3508.7266                           3080.2369                 23.445356                 396.10607                      8.9383233
              1       1747.5094      0.05674825       4.5862069    0.0076122398       3508.3389      -6.6601069       -8.6915466         2.0314397       3508.3389                           3079.8497                 23.446636                 396.08766                      8.9550008
              5       1747.5953     0.053528154       4.6976874    0.0084999415       3508.5107      -6.6601069       -8.6915466         2.0314397       3508.5107                            3079.988                 23.448167                 396.10607                      8.9684797
              9       1747.7921     0.051746673       4.6719926    0.0097700879       3508.9044      -6.6601069       -8.6915466         2.0314397       3508.9044                           3080.3561                 23.450397                 396.10607                      8.9918932
              2       1747.6872     0.064263899       5.2328526    0.0097982054       3508.6946      -6.6601069       -8.6915466         2.0314397       3508.6946                           3080.1551                 23.449799                 396.08766                       9.002068
              3       1747.8817     0.066774361       5.1529108    0.0087369428       3509.0836      -6.6601069       -8.6915466         2.0314397       3509.0836                           3080.5619                 23.447968                 396.08766                      8.9860748
              1       1747.9042     0.067038727       5.1420969    0.0085962415       3509.1287      -6.6601069       -8.6915466         2.0314397       3509.1287                           3080.6094                 23.447728                 396.08766                      8.9838932
              3       1748.0192      0.04697263       4.7045806      0.00803047       3509.3587      -6.6601069       -8.6915466         2.0314397       3509.3587                           3080.8477                 23.447506                 396.10607                      8.9574347
              2       1747.7579     0.046666981       4.9665574    0.0069262435        3508.836      -6.6601069       -8.6915466         2.0314397        3508.836                           3080.3491                 23.445502                 396.10607                      8.9352873
              6       1747.5854     0.050595662       4.9162478    0.0066821101        3508.491      -6.6601069       -8.6915466         2.0314397        3508.491                           3080.0248                 23.445013                 396.08766                       8.933533
              3       1747.5486     0.047976759       5.2712715    0.0068574312       3508.4174      -6.6601069       -8.6915466         2.0314397       3508.4174                           3079.9508                 23.445198                 396.08766                      8.9337864
              5       1747.3854     0.059894354       4.9354049    0.0082714504        3508.091      -6.6601069       -8.6915466         2.0314397        3508.091                           3079.5871                 23.447492                 396.08766                      8.9687569
              1       1747.5135     0.054573854       4.7631144    0.0067389167       3508.3472      -6.6601069       -8.6915466         2.0314397       3508.3472                            3079.877                 23.445096                 396.08766                      8.9374847
              1       1747.6023     0.064745296       4.6138154    0.0050789729       3508.5248      -6.6601069       -8.6915466         2.0314397       3508.5248                           3080.0775                 23.442122                 396.08766                      8.9174605
              4       1747.4141     0.058748334       4.6296663    0.0085726303       3508.1484      -6.6601069       -8.6915466         2.0314397       3508.1484                            3079.639                 23.448213                 396.08766                       8.973514
              1       1747.4327     0.058530419        4.720314    0.0069739881       3508.1856      -6.6601069       -8.6915466         2.0314397       3508.1856                           3079.7079                 23.445431                 396.08766                       8.944552
              1       1747.4012     0.059149192       5.0600932    0.0086339691       3508.1226      -6.6601069       -8.6915466         2.0314397       3508.1226                           3079.6121                 23.448055                 396.08766                      8.9747855
              7       1747.5719     0.069725408       4.7835333    0.0083158966       3508.4641      -6.6601069       -8.6915466         2.0314397       3508.4641                           3079.9498                 23.447432                 396.08766                      8.9791866
              1       1747.5763     0.068304617       4.8353424    0.0081999583       3508.4728      -6.6601069       -8.6915466         2.0314397       3508.4728                           3079.9621                 23.447231                 396.08766                      8.9758761
              4       1747.3352     0.060368882       4.7452837    0.0092606054       3507.9907      -6.6601069       -8.6915466         2.0314397       3507.9907                           3079.4668                 23.449289                 396.08766                      8.9869411
              1       1747.3605     0.061774982       4.6580976    0.0079542404       3508.0413      -6.6601069       -8.6915466         2.0314397       3508.0413                            3079.542                 23.447072                 396.08766                      8.9645168
              3       1747.4577     0.055720978       4.7899728    0.0072527242       3508.2356      -6.6601069       -8.6915466         2.0314397       3508.2356                           3079.7547                 23.445933                 396.08766                      8.9473195
              2       1748.4149     0.062279227         5.12846    0.0033253381       3510.1501      -6.6601069       -8.6915466         2.0314397       3510.1501                           3081.7337                 23.438868                 396.08766                      8.8898135
             14       1748.7177     0.067706839       5.1244209    0.0044597228       3510.7556      -6.6601069       -8.6915466         2.0314397       3510.7556                           3082.3113                 23.440659                 396.08766                      8.9159824
              1       1748.3866     0.068797979       4.9274361    0.0043879743       3510.0934      -6.6601069       -8.6915466         2.0314397       3510.0934                           3081.6514                 23.440647                 396.08766                      8.9137134
              1       1747.4533     0.054300945       4.8753127    0.0087154944       3508.2268      -6.6601069       -8.6915466         2.0314397       3508.2268                           3079.6998                 23.448424                 396.10607                      8.9725158
              2       1747.3562     0.058140773       4.8278325    0.0093611909       3508.0325      -6.6601069       -8.6915466         2.0314397       3508.0325                           3079.5084                 23.449465                 396.08766                       8.987021
              4       1747.3947     0.057735933       4.7834888     0.009879029       3508.1095      -6.6601069       -8.6915466         2.0314397       3508.1095                           3079.5567                 23.450388                 396.10607                        8.99641
              1       1747.4558     0.056880025        4.696974    0.0090916386       3508.2318      -6.6601069       -8.6915466         2.0314397       3508.2318                            3079.695                 23.449106                 396.10607                      8.9816081
              9        1747.344     0.063404757       4.6901701    0.0082972134       3508.0081      -6.6601069       -8.6915466         2.0314397       3508.0081                           3079.5009                 23.447604                 396.08766                      8.9720096
              1       1747.3406     0.063855873       4.6468951    0.0082334547       3508.0015      -6.6601069       -8.6915466         2.0314397       3508.0015                           3079.4951                 23.447511                 396.08766                      8.9712432
              3       1747.3379     0.064253466        4.634023    0.0082597784        3507.996      -6.6601069       -8.6915466         2.0314397        3507.996                           3079.4887                 23.447555                 396.08766                      8.9720482
              2       1747.4432     0.058895684         4.56395    0.0082350037       3508.2067      -6.6601069       -8.6915466         2.0314397       3508.2067                           3079.7037                 23.447668                 396.08766                        8.96769
              2       1747.4598     0.057748454        4.626122    0.0086903998       3508.2398      -6.6601069       -8.6915466         2.0314397       3508.2398                           3079.7102                 23.448438                 396.10607                      8.9750422
              1       1747.9747     0.048615091       4.7231843    0.0097059053       3509.2696      -6.6601069       -8.6915466         2.0314397       3509.2696                            3080.724                 23.450332                 396.10607                      8.9892233
              9       1748.2419        0.046705       4.5964044    0.0088129979       3509.8041      -6.6601069       -8.6915466         2.0314397       3509.8041                           3081.2762                 23.448901                 396.10607                      8.9728715
              4       1747.5098     0.065756768       4.8880542    0.0082667064       3508.3399      -6.6601069       -8.6915466         2.0314397       3508.3399                           3079.8304                 23.447371                 396.08766                      8.9744794
              1       1747.5005     0.065042957       4.8836231    0.0080191157       3508.3212      -6.6601069       -8.6915466         2.0314397       3508.3212                           3079.8172                 23.446967                 396.08766                      8.9693359
              1       1747.5733     0.068679887        4.762233    0.0075993813       3508.4667      -6.6601069       -8.6915466         2.0314397       3508.4667                           3079.9675                 23.446244                 396.08766                      8.9653835
              4       1747.3211     0.064970577        4.603062    0.0085725934       3507.9625      -6.6601069       -8.6915466         2.0314397       3507.9625                           3079.4485                 23.448094                 396.08766                      8.9782441
              2       1747.4008     0.060910213        4.567462    0.0097531912       3508.1219      -6.6601069       -8.6915466         2.0314397       3508.1219                           3079.5687                 23.450225                 396.10607                      8.9968553
              2       1748.1626     0.046878286       4.5295222    0.0064203532       3509.6454      -6.6601069       -8.6915466         2.0314397       3509.6454                           3081.1656                 23.444832                 396.10607                      8.9288972
             10       1748.0599      0.04673055       4.6185631    0.0044622463       3509.4399      -6.6601069       -8.6915466         2.0314397       3509.4399                           3080.9985                 23.441454                 396.10607                      8.8938584
              3        1747.707     0.047311298       4.9874223    0.0074925444       3508.7343      -6.6601069       -8.6915466         2.0314397       3508.7343                            3080.236                 23.446445                 396.10607                      8.9457172
              1       1747.5974     0.049227746       5.2860726    0.0057680359        3508.515      -6.6601069       -8.6915466         2.0314397        3508.515                           3080.0679                 23.443294                 396.08766                      8.9160898
              4       1747.4713     0.053521309        5.295312     0.007627523       3508.2629      -6.6601069       -8.6915466         2.0314397       3508.2629                           3079.7767                 23.446344                 396.08766                      8.9521552
              2       1747.6654     0.059749568         5.07502    0.0061714267        3508.651      -6.6601069       -8.6915466         2.0314397        3508.651                           3080.1868                  23.44382                 396.08766                      8.9327143
              4       1748.1568     0.064181749       5.0444079    0.0046172297       3509.6338      -6.6601069       -8.6915466         2.0314397       3509.6338                           3081.1928                 23.441074                 396.08766                      8.9122579
              2       1748.8069     0.069104141       5.2422964    0.0061997048        3510.934      -6.6601069       -8.6915466         2.0314397        3510.934                           3082.4546                 23.443502                 396.08766                      8.9482013
              1       1748.5932     0.069147425       5.2277367    0.0070219886       3510.5066      -6.6601069       -8.6915466         2.0314397       3510.5066                           3082.0125                 23.444916                 396.08766                      8.9615519
              8       1747.7321     0.060811329       5.1397307    0.0065717648       3508.7843      -6.6601069       -8.6915466         2.0314397       3508.7843                           3080.3111                 23.444434                 396.08766                       8.941124
              2        1747.681     0.045353537       5.2545341    0.0059023892       3508.6822      -6.6601069       -8.6915466         2.0314397       3508.6822                           3080.2355                 23.443648                 396.08766                      8.9153815
              9       1748.0115     0.046782793        4.690859    0.0037300396       3509.3432      -6.6601069       -8.6915466         2.0314397       3509.3432                           3080.9344                 23.440173                 396.08766                      8.8809257
              3       1747.7815     0.048875163       4.7705061    0.0057390022       3508.8832      -6.6601069       -8.6915466         2.0314397       3508.8832                           3080.4172                 23.443515                 396.10607                       8.916453
              6       1747.6649     0.049454131       5.0332028    0.0050261534       3508.6501      -6.6601069       -8.6915466         2.0314397       3508.6501                           3080.2166                 23.442154                 396.08766                      8.9036955
              3        1747.501      0.05578504        4.693894     0.006853448       3508.3223      -6.6601069       -8.6915466         2.0314397       3508.3223                           3079.8488                 23.445301                 396.08766                      8.9404893
             12       1747.6738     0.061934444       4.7522831    0.0047069072       3508.6678      -6.6601069       -8.6915466         2.0314397       3508.6678                           3080.2297                 23.441466                 396.08766                      8.9089516
              5       1747.7417     0.049643138       4.7774523    0.0080104664       3508.8036      -6.6601069       -8.6915466         2.0314397       3508.8036                           3080.2929                 23.447377                 396.10607                      8.9572703
              3        1747.574     0.052851842       4.8315521    0.0059095586       3508.4682      -6.6601069       -8.6915466         2.0314397       3508.4682                           3080.0152                 23.443683                 396.08766                        8.92163
              2       1747.3787     0.055176774       5.1281339    0.0088120985       3508.0777      -6.6601069       -8.6915466         2.0314397       3508.0777                           3079.5671                 23.448424                 396.08766                      8.9745383
              3       1747.3655     0.054760903       5.1454539    0.0093755863       3508.0512      -6.6601069       -8.6915466         2.0314397       3508.0512                           3079.5301                 23.449391                 396.08766                      8.9840506
              3       1747.3601     0.057243218       4.9055905     0.009037488       3508.0404      -6.6601069       -8.6915466         2.0314397       3508.0404                           3079.5235                 23.448887                 396.08766                      8.9803402
              3       1747.4515     0.058732336       4.8774645    0.0068805274       3508.2232      -6.6601069       -8.6915466         2.0314397       3508.2232                           3079.7472                 23.445176                 396.08766                      8.9431521
              1       1747.4552     0.060849126       5.1664088     0.009518252       3508.2306      -6.6601069       -8.6915466         2.0314397       3508.2306                           3079.7008                 23.449458                 396.08766                      8.9926702
              3       1748.1998     0.068360572        5.207338    0.0083647158       3509.7198      -6.6601069       -8.6915466         2.0314397       3509.7198                           3081.2023                 23.447249                 396.08766                      8.9826019
              4       1747.4559     0.055439949       5.0610524    0.0071697778       3508.2321      -6.6601069       -8.6915466         2.0314397       3508.2321                           3079.7532                 23.445646                 396.08766                      8.9455326
              3       1747.7024     0.059145431       5.1912702    0.0065319712       3508.7251      -6.6601069       -8.6915466         2.0314397       3508.7251                           3080.2542                 23.444379                 396.08766                      8.9387755
              1       1747.8494     0.056365755       5.2182979    0.0047277824       3509.0189      -6.6601069       -8.6915466         2.0314397       3509.0189                           3080.5844                  23.44136                 396.08766                      8.9054966
              1       1747.9371     0.056952809       5.1687238    0.0040792293       3509.1945      -6.6601069       -8.6915466         2.0314397       3509.1945                           3080.7713                 23.440268                 396.08766                      8.8952703
             12       1747.4033     0.065922437       4.5287326    0.0068747814       3508.1268      -6.6601069       -8.6915466         2.0314397       3508.1268                           3079.6449                 23.445215                 396.08766                      8.9490176
              8       1747.4089     0.059840474       4.6719738    0.0072383788        3508.138      -6.6601069       -8.6915466         2.0314397        3508.138                           3079.6542                 23.445882                 396.08766                      8.9502679
              4       1747.3831     0.057835961        4.817396    0.0081787313       3508.0864      -6.6601069       -8.6915466         2.0314397       3508.0864                           3079.5859                 23.447453                 396.08766                      8.9653583
              2       1747.3713     0.063376207       4.8395896    0.0086995379       3508.0627      -6.6601069       -8.6915466         2.0314397       3508.0627                           3079.5474                   23.4482                 396.08766                      8.9794229
              1       1747.5702      0.07279845       4.7192494     0.009076448       3508.4607      -6.6601069       -8.6915466         2.0314397       3508.4607                           3079.9286                 23.448709                 396.08766                      8.9956621
              2       1747.9292     0.074220898       4.6305679    0.0059360706       3509.1786      -6.6601069       -8.6915466         2.0314397       3509.1786                           3080.7048                  23.44337                 396.08766                      8.9427901
              1       1747.4648     0.070172979        4.583441    0.0074486811       3508.2498      -6.6601069       -8.6915466         2.0314397       3508.2498                           3079.7527                 23.446073                 396.08766                      8.9633513
              3       1747.4625     0.070389962       4.5716939    0.0074353274       3508.2453      -6.6601069       -8.6915466         2.0314397       3508.2453                           3079.7483                 23.446053                 396.08766                      8.9632892
              6       1747.5761     0.072560458       4.5306677    0.0067162421       3508.4725      -6.6601069       -8.6915466         2.0314397       3508.4725                            3079.987                 23.444806                 396.08766                      8.9530337
              1       1747.8189     0.068577464        4.693341    0.0051177715       3508.9581      -6.6601069       -8.6915466         2.0314397       3508.9581                           3080.5056                 23.442054                 396.08766                      8.9228007
              1       1747.4871     0.050029799       5.1596892    0.0093124858       3508.2944      -6.6601069       -8.6915466         2.0314397       3508.2944                           3079.7592                 23.449402                 396.10607                      8.9797547
              2       1747.6239     0.045658471       5.2735365    0.0080313463        3508.568      -6.6601069       -8.6915466         2.0314397        3508.568                           3080.0609                  23.44727                 396.10607                      8.9537981
              1        1747.534     0.047975979         5.25892    0.0076570243       3508.3882      -6.6601069       -8.6915466         2.0314397       3508.3882                           3079.8875                 23.446572                 396.10607                      8.9480748
              2       1747.3524     0.062139034       4.5605466    0.0091590036       3508.0249      -6.6601069       -8.6915466         2.0314397       3508.0249                           3079.5013                 23.449185                 396.08766                       8.986733
              3        1747.363     0.061605493       4.5756497     0.009580285       3508.0461      -6.6601069       -8.6915466         2.0314397       3508.0461                           3079.5145                 23.449909                 396.08766                       8.994077
              8       1747.3641     0.061451544       4.5825579    0.0095836666       3508.0484      -6.6601069       -8.6915466         2.0314397       3508.0484                           3079.5168                 23.449915                 396.08766                      8.9940139
             12       1747.3129     0.063381988       4.6102503    0.0097109167        3507.946      -6.6601069       -8.6915466         2.0314397        3507.946                           3079.4107                 23.450075                 396.08766                       8.997662
              5       1747.3326     0.061337139       4.6853417    0.0091464888       3507.9853      -6.6601069       -8.6915466         2.0314397       3507.9853                           3079.4629                 23.449107                 396.08766                      8.9856668
              1       1747.3437      0.05863493       5.0827336    0.0099026863       3508.0075      -6.6601069       -8.6915466         2.0314397       3508.0075                           3079.4724                 23.450229                 396.08766                      8.9972414
             10       1747.3922     0.053865168       5.0933842    0.0099003777       3508.1047      -6.6601069       -8.6915466         2.0314397       3508.1047                           3079.5551                 23.450344                 396.10607                      8.9931531
              3       1747.3677     0.055504188       5.0128892     0.009342618       3508.0556      -6.6601069       -8.6915466         2.0314397       3508.0556                            3079.534                 23.449391                 396.08766                       8.984495
              3        1747.349      0.05723282       4.9830901    0.0092898471       3508.0183      -6.6601069       -8.6915466         2.0314397       3508.0183                           3079.4965                 23.449274                 396.08766                      8.9848643
              3       1747.4033     0.058556389       5.0283993    0.0082417616       3508.1268      -6.6601069       -8.6915466         2.0314397       3508.1268                           3079.6246                 23.447418                 396.08766                      8.9671843
              2       1747.6113     0.053911841       4.6514922    0.0084519719       3508.5428      -6.6601069       -8.6915466         2.0314397       3508.5428                           3080.0202                   23.4481                 396.10607                      8.9683955
              5       1747.6355     0.053587125       4.6418773    0.0083832545       3508.5913      -6.6601069       -8.6915466         2.0314397       3508.5913                           3080.0706                 23.447994                 396.10607                       8.966656
              2       1747.6134      0.05242066       4.7358147      0.00631974        3508.547      -6.6601069       -8.6915466         2.0314397        3508.547                           3080.0861                 23.444443                 396.08766                      8.9287953
              5       1747.9561     0.047859552       4.6367509    0.0058673835       3509.2325      -6.6601069       -8.6915466         2.0314397       3509.2325                           3080.7636                 23.443819                 396.10607                      8.9189352
              3       1747.4264     0.059671388       4.6112979    0.0071139386       3508.1731      -6.6601069       -8.6915466         2.0314397       3508.1731                           3079.6917                 23.445707                 396.08766                      8.9480053
              4       1747.4234     0.064749094       4.5095267     0.006480095        3508.167      -6.6601069       -8.6915466         2.0314397        3508.167                           3079.6937                 23.444577                 396.08766                      8.9410914
              1       1747.4349      0.06454034        4.507059    0.0063157222       3508.1901      -6.6601069       -8.6915466         2.0314397       3508.1901                           3079.7201                 23.444302                 396.08766                      8.9380612
              4       1747.4455     0.065805752       4.5113499     0.006265303       3508.2111      -6.6601069       -8.6915466         2.0314397       3508.2111                            3079.741                 23.444187                 396.08766                      8.9383338
              2       1747.4862     0.069693089       4.5433754    0.0067551005       3508.2925      -6.6601069       -8.6915466         2.0314397       3508.2925                           3079.8093                 23.444923                 396.08766                      8.9506729
              1       1747.5243      0.05860557       4.5032388     0.006137267       3508.3688      -6.6601069       -8.6915466         2.0314397       3508.3688                           3079.9067                  23.44412                 396.08766                      8.9302763
              3       1747.6021     0.057875857       4.6136716    0.0047189037       3508.5245      -6.6601069       -8.6915466         2.0314397       3508.5245                             3080.09                 23.441655                 396.08766                      8.9051944
              2       1747.4371       0.0570314       4.8259494    0.0070748531       3508.1943      -6.6601069       -8.6915466         2.0314397       3508.1943                            3079.716                 23.445578                 396.08766                      8.9450986
              2       1747.5159     0.059422117       4.8313137    0.0060300695       3508.3519      -6.6601069       -8.6915466         2.0314397       3508.3519                           3079.8915                 23.443734                 396.08766                      8.9290501
              4       1747.6934     0.048036376       5.0871987    0.0049715711       3508.7069      -6.6601069       -8.6915466         2.0314397       3508.7069                           3080.2755                 23.442071                 396.08766                      8.9016971
              3       1748.4989     0.068071308       5.1541854    0.0059435251       3510.3179      -6.6601069       -8.6915466         2.0314397       3510.3179                           3081.8462                 23.443158                 396.08766                      8.9409364
              3       1747.7852     0.074608974       4.5187695    0.0057898078       3508.8906      -6.6601069       -8.6915466         2.0314397       3508.8906                           3080.4201                  23.44319                 396.08766                      8.9396925
              1       1747.4285     0.070343321       4.5852933    0.0079223961       3508.1771      -6.6601069       -8.6915466         2.0314397       3508.1771                           3079.6708                 23.446878                 396.08766                      8.9717935
              5       1747.4289     0.070448613       4.5834608    0.0079350496       3508.1781      -6.6601069       -8.6915466         2.0314397       3508.1781                           3079.6714                 23.446899                 396.08766                      8.9721166
              1       1747.6567     0.050419538       5.0831665    0.0048706919       3508.6337      -6.6601069       -8.6915466         2.0314397       3508.6337                           3080.2024                 23.441838                 396.08766                      8.9017298
              2       1747.5208     0.049987278       5.2895126     0.006735653       3508.3618      -6.6601069       -8.6915466         2.0314397       3508.3618                           3079.8957                 23.444923                 396.08766                      8.9334742
              1       1747.7009     0.050200222        5.167139    0.0045035468       3508.7219      -6.6601069       -8.6915466         2.0314397       3508.7219                           3080.2977                 23.441174                 396.08766                       8.895361
              2       1747.7294     0.049591778       5.2255655    0.0043341165        3508.779      -6.6601069       -8.6915466         2.0314397        3508.779                           3080.3584                 23.440871                 396.08766                       8.892041
              5       1747.6883     0.049398409       4.8581044    0.0062112684       3508.6967      -6.6601069       -8.6915466         2.0314397       3508.6967                           3080.2217                 23.444266                 396.10607                      8.9247046
              6       1747.5607     0.053074049        4.837835     0.006020295       3508.4416      -6.6601069       -8.6915466         2.0314397       3508.4416                           3079.9864                 23.443863                 396.08766                      8.9237004
              3       1747.2978     0.066928729       4.6553701     0.009769255       3507.9158      -6.6601069       -8.6915466         2.0314397       3507.9158                           3079.3765                  23.45007                 396.08766                      9.0016241
              6       1747.4362     0.060192671       4.5241545    0.0089647298       3508.1927      -6.6601069       -8.6915466         2.0314397       3508.1927                           3079.6557                 23.448913                 396.10607                      8.9819984
              3       1747.5397      0.06116072       4.5167234    0.0051384751       3508.3996      -6.6601069       -8.6915466         2.0314397       3508.3996                           3079.9546                 23.442356                 396.08766                      8.9149902
              1       1747.9414     0.065216018       4.7350061    0.0036907467        3509.203      -6.6601069       -8.6915466         2.0314397        3509.203                           3080.7799                 23.439671                 396.08766                      8.8958189
              4          1747.7     0.057682994       4.9224993    0.0045231106       3508.7202      -6.6601069       -8.6915466         2.0314397       3508.7202                           3080.2891                 23.441152                 396.08766                        8.90221
              1       1747.7665     0.059479957       4.8881725    0.0042374947       3508.8532      -6.6601069       -8.6915466         2.0314397       3508.8532                           3080.4257                 23.440642                 396.08766                      8.8992151
              5       1747.5476     0.061025518       4.7230596    0.0054880632       3508.4154      -6.6601069       -8.6915466         2.0314397       3508.4154                           3079.9638                 23.442836                 396.08766                      8.9210685
              4       1747.6513     0.046319702        5.234634     0.005911702       3508.6229      -6.6601069       -8.6915466         2.0314397       3508.6229                            3080.175                 23.443647                 396.08766                      8.9165343
              1       1747.3437     0.058108057       4.9455716    0.0092458389       3508.0076      -6.6601069       -8.6915466         2.0314397       3508.0076                            3079.486                 23.449199                 396.08766                      8.9847687
              1       1747.3332     0.059168184       4.9212867    0.0094264611       3507.9866      -6.6601069       -8.6915466         2.0314397       3507.9866                           3079.4605                 23.449497                 396.08766                      8.9889133
              4       1747.3787     0.059191378       4.7297848    0.0080822395       3508.0777      -6.6601069       -8.6915466         2.0314397       3508.0777                           3079.5779                 23.447307                 396.08766                      8.9647452
              1          1747.6     0.058248864        5.173854    0.0068955687       3508.5203      -6.6601069       -8.6915466         2.0314397       3508.5203                           3080.0438                 23.445035                 396.08766                      8.9438472
              5       1747.5742      0.05591775       4.6187092     0.005665367       3508.4685      -6.6601069       -8.6915466         2.0314397       3508.4685                           3080.0177                 23.443309                 396.08766                      8.9199186
              4       1747.5564     0.055890092       4.6886801    0.0056202086        3508.433      -6.6601069       -8.6915466         2.0314397        3508.433                           3079.9831                 23.443195                 396.08766                       8.918992
              1       1747.5475     0.053732668       4.8248603    0.0060310762       3508.4153      -6.6601069       -8.6915466         2.0314397       3508.4153                           3079.9594                 23.443873                 396.08766                      8.9243718
              1       1748.0224      0.06572566        4.964432    0.0052551849       3509.3651      -6.6601069       -8.6915466         2.0314397       3509.3651                           3080.9113                 23.442176                 396.08766                      8.9239399
              3       1748.1352     0.063412328        4.995988    0.0040193097       3509.5906      -6.6601069       -8.6915466         2.0314397       3509.5906                           3081.1617                 23.440107                 396.08766                      8.9010894
              1       1747.8196     0.056384478       5.1701699    0.0046409051       3508.9594      -6.6601069       -8.6915466         2.0314397       3508.9594                           3080.5267                  23.44124                 396.08766                      8.9038334
              1       1747.9067     0.056777198       5.1737322    0.0042352103       3509.1336      -6.6601069       -8.6915466         2.0314397       3509.1336                           3080.7077                 23.440536                 396.08766                      8.8976354
              3        1747.913     0.056838278       5.1792967    0.0042495619       3509.1462      -6.6601069       -8.6915466         2.0314397       3509.1462                             3080.72                 23.440555                 396.08766                      8.8979743
              3       1748.0047     0.056257574       5.1704562    0.0034987071       3509.3296      -6.6601069       -8.6915466         2.0314397       3509.3296                           3080.9176                 23.439298                 396.08766                      8.8850488
              1       1748.2649     0.062124301       5.1370022    0.0040190975       3509.8501      -6.6601069       -8.6915466         2.0314397       3509.8501                           3081.4217                 23.440048                 396.08766                      8.9007237
             13       1748.0792        0.062505       4.9652076     0.003748376       3509.4786      -6.6601069       -8.6915466         2.0314397       3509.4786                            3081.056                 23.439688                 396.08766                      8.8952797
              1       1748.1156     0.067715198       4.7333683    0.0035173905       3509.5515      -6.6601069       -8.6915466         2.0314397       3509.5515                           3081.1284                 23.439321                 396.08766                      8.8960839
              4       1747.5845     0.058183316       4.5731137    0.0049382022       3508.4892      -6.6601069       -8.6915466         2.0314397       3508.4892                           3080.0503                 23.442045                 396.08766                      8.9091814
              2       1747.7137     0.050874894       4.8395443    0.0044843348       3508.7477      -6.6601069       -8.6915466         2.0314397       3508.7477                            3080.323                 23.441294                 396.08766                      8.8957267
              1       1747.8328      0.05146209       4.5324657    0.0069664812       3508.9858      -6.6601069       -8.6915466         2.0314397       3508.9858                           3080.4932                 23.445669                 396.10607                      8.9408383
              1       1747.3373     0.064201071       4.6042227     0.008196142       3507.9949      -6.6601069       -8.6915466         2.0314397       3507.9949                           3079.4889                 23.447466                 396.08766                      8.9708545
              1       1747.4318      0.06162807       4.6582252     0.006658678       3508.1838      -6.6601069       -8.6915466         2.0314397       3508.1838                           3079.7097                  23.44486                 396.08766                      8.9416108
              2       1747.5722     0.049430546       5.0294061    0.0083723437       3508.4646      -6.6601069       -8.6915466         2.0314397       3508.4646                           3079.9481                 23.447876                 396.10607                      8.9625929
              3       1747.6415     0.049096517       4.9531029    0.0084101008       3508.6033      -6.6601069       -8.6915466         2.0314397       3508.6033                           3080.0858                 23.447987                 396.10607                      8.9634608
              5         1747.65     0.049118751       4.9258512    0.0078151023       3508.6201      -6.6601069       -8.6915466         2.0314397       3508.6201                           3080.1144                 23.446982                 396.10607                      8.9526987
              1       1747.5396     0.051406362       4.9348665    0.0069914559       3508.3995      -6.6601069       -8.6915466         2.0314397       3508.3995                           3079.9269                 23.445512                 396.08766                      8.9394713
              7       1747.5947     0.051578512       4.8181844    0.0074586692       3508.5097      -6.6601069       -8.6915466         2.0314397       3508.5097                           3080.0089                 23.446367                 396.10607                      8.9483127
              5        1747.585     0.051981461       4.8292962    0.0062955895       3508.4903      -6.6601069       -8.6915466         2.0314397       3508.4903                           3080.0304                 23.444364                 396.08766                      8.9278156
              1       1747.5507     0.052761779       5.1376886    0.0060314113       3508.4217      -6.6601069       -8.6915466         2.0314397       3508.4217                           3079.9668                 23.443728                 396.08766                      8.9235194
              1       1747.5373     0.052559489        5.143596    0.0061995656       3508.3948      -6.6601069       -8.6915466         2.0314397       3508.3948                           3079.9369                 23.444017                 396.08766                      8.9262485
             13       1747.5437     0.056071659        5.119185    0.0064648954       3508.4076      -6.6601069       -8.6915466         2.0314397       3508.4076                           3079.9416                 23.444391                 396.08766                      8.9339851
              3        1747.551     0.056817101        5.034016    0.0061347267       3508.4223      -6.6601069       -8.6915466         2.0314397       3508.4223                            3079.962                 23.443857                 396.08766                      8.9288266
              1       1747.8575     0.064613392       5.0352587    0.0064233161       3509.0353      -6.6601069       -8.6915466         2.0314397       3509.0353                           3080.5609                  23.44415                 396.08766                      8.9425566
              1        1747.476     0.064452827       4.9386414    0.0085853036       3508.2723      -6.6601069       -8.6915466         2.0314397       3508.2723                           3079.7578                 23.447915                 396.08766                      8.9788969
              5       1747.4269     0.066414555       4.7160963    0.0078343876       3508.1741      -6.6601069       -8.6915466         2.0314397       3508.1741                           3079.6729                 23.446728                 396.08766                      8.9667606
              1         1747.79     0.061458635       4.9203573    0.0047724538       3508.9002      -6.6601069       -8.6915466         2.0314397       3508.9002                           3080.4607                 23.441486                 396.08766                      8.9103848
              1       1747.6078     0.052517394       4.9215449    0.0052171938       3508.5358      -6.6601069       -8.6915466         2.0314397       3508.5358                           3080.0963                 23.442462                 396.08766                      8.9093165
             12       1747.6843     0.052847168       4.6635227    0.0050223793       3508.6889      -6.6601069       -8.6915466         2.0314397       3508.6889                           3080.2523                 23.442255                 396.08766                      8.9066425
              1       1747.5655     0.055811073       4.7436018    0.0053683999       3508.4512      -6.6601069       -8.6915466         2.0314397       3508.4512                           3080.0062                 23.442738                 396.08766                      8.9145459
              1       1747.5699     0.052411438        4.791253    0.0069604047         3508.46      -6.6601069       -8.6915466         2.0314397         3508.46                           3079.9868                  23.44551                 396.08766                      8.9399641
              3        1747.511     0.055235082       4.6877037    0.0073349337       3508.3422      -6.6601069       -8.6915466         2.0314397       3508.3422                           3079.8597                  23.44614                 396.08766                      8.9487234
              4       1747.5102     0.062629593       4.6431808    0.0057375056       3508.3405      -6.6601069       -8.6915466         2.0314397       3508.3405                            3079.883                 23.443273                 396.08766                      8.9266264
              3       1747.5202     0.062931457       4.6674225    0.0057724153       3508.3607      -6.6601069       -8.6915466         2.0314397       3508.3607                           3079.9021                 23.443312                 396.08766                      8.9275663
              4       1747.5395     0.062111692       4.5831173    0.0052124412       3508.3991      -6.6601069       -8.6915466         2.0314397       3508.3991                           3079.9519                 23.442424                 396.08766                       8.917119
              7       1747.5088     0.063566366       4.6297087    0.0058085233       3508.3378      -6.6601069       -8.6915466         2.0314397       3508.3378                            3079.878                 23.443382                 396.08766                      8.9286857
             22       1747.5794     0.067739468       4.5150126    0.0052850714       3508.4791      -6.6601069       -8.6915466         2.0314397       3508.4791                           3080.0254                 23.442472                 396.08766                      8.9235458
              4       1747.6584     0.066255998       4.5757468    0.0047276534        3508.637      -6.6601069       -8.6915466         2.0314397        3508.637                           3080.1948                 23.441514                 396.08766                      8.9129785
              1       1747.7074     0.050542056       4.7330793    0.0068253271       3508.7351      -6.6601069       -8.6915466         2.0314397       3508.7351                           3080.2469                 23.445351                 396.10607                       8.936757
              4       1747.7756     0.049059295       4.7557894    0.0062148756       3508.8714      -6.6601069       -8.6915466         2.0314397       3508.8714                            3080.396                  23.44433                 396.10607                      8.9250219
              3       1747.9428      0.04665082       4.7500358    0.0066747037       3509.2058      -6.6601069       -8.6915466         2.0314397       3509.2058                           3080.7226                 23.445174                 396.10607                      8.9319172
              5       1747.7276     0.051303226       4.6673453    0.0076522054       3508.7755      -6.6601069       -8.6915466         2.0314397       3508.7755                           3080.2706                  23.44678                 396.10607                      8.9520485
              1       1747.4526     0.056172565       4.7244335    0.0080871401       3508.2254      -6.6601069       -8.6915466         2.0314397       3508.2254                           3079.7276                 23.447386                 396.08766                      8.9627374
              5       1748.1803     0.045072191       4.8060565    0.0095090974       3509.6807      -6.6601069       -8.6915466         2.0314397       3509.6807                           3081.1407                 23.450038                 396.10607                      8.9839147
              3       1747.6229     0.052451545       4.7761744    0.0094511829        3508.566      -6.6601069       -8.6915466         2.0314397        3508.566                           3080.0249                 23.449781                 396.10607                      8.9852315
              2       1747.5999     0.053007826       4.7110826    0.0078232334       3508.5199      -6.6601069       -8.6915466         2.0314397       3508.5199                           3080.0107                 23.447013                 396.10607                      8.9561422
              1       1747.6927     0.050856387       4.7479094    0.0080413935       3508.7056      -6.6601069       -8.6915466         2.0314397       3508.7056                           3080.1936                 23.447417                 396.10607                      8.9585244
              4       1747.4784      0.05683003       5.2382639    0.0080990298       3508.2771      -6.6601069       -8.6915466         2.0314397       3508.2771                           3079.7788                 23.447092                 396.08766                       8.963528
              5       1747.8865     0.050445644       5.1847125    0.0030896692       3509.0932      -6.6601069       -8.6915466         2.0314397       3509.0932                           3080.6945                  23.43875                 396.08766                      8.8722457
              3       1747.8597     0.050032427       5.2005421    0.0032786521       3509.0397      -6.6601069       -8.6915466         2.0314397       3509.0397                            3080.638                 23.439075                 396.08766                      8.8749538
             15       1747.8245     0.046172192       5.2410003    0.0036850694       3508.9693      -6.6601069       -8.6915466         2.0314397       3508.9693                           3080.5633                 23.439852                 396.08766                      8.8784328
              2       1748.2532      0.06663193       4.9009248    0.0038693831       3509.8266      -6.6601069       -8.6915466         2.0314397       3509.8266                           3081.3971                 23.439835                 396.08766                      8.9020338
              4       1747.5667     0.049543967       5.0354144    0.0069479526       3508.4535      -6.6601069       -8.6915466         2.0314397       3508.4535                           3079.9832                 23.445433                 396.08766                      8.9372703
             10       1747.5539     0.055872362       4.6263524    0.0092144759        3508.428      -6.6601069       -8.6915466         2.0314397        3508.428                           3079.8892                 23.449377                 396.10607                      8.9832656
              2       1747.5805     0.055918282       4.5966362     0.009307289       3508.4812      -6.6601069       -8.6915466         2.0314397       3508.4812                           3079.9404                 23.449551                 396.10607                      8.9851852
              6       1747.2805     0.068743597       4.5554275    0.0098953081       3507.8813      -6.6601069       -8.6915466         2.0314397       3507.8813                           3079.3378                 23.450311                 396.08766                      9.0054535
              9       1748.0341     0.072337885       4.6821781    0.0051316971       3509.3885      -6.6601069       -8.6915466         2.0314397       3509.3885                           3080.9312                 23.442003                 396.08766                      8.9276446
              1       1748.3078     0.071207815       4.7383213     0.003881304       3509.9359      -6.6601069       -8.6915466         2.0314397       3509.9359                           3081.5017                 23.439859                 396.08766                      8.9066047
             10       1747.4346     0.052181127       5.1131914    0.0081855397       3508.1894      -6.6601069       -8.6915466         2.0314397       3508.1894                           3079.6933                 23.447439                 396.08766                      8.9609756
              2       1747.8785     0.054133986       5.0726935    0.0032853136       3509.0772      -6.6601069       -8.6915466         2.0314397       3509.0772                           3080.6717                 23.439047                 396.08766                      8.8787873
              4       1747.8866     0.054354069       5.0812375    0.0033062033       3509.0934      -6.6601069       -8.6915466         2.0314397       3509.0934                           3080.6873                 23.439072                 396.08766                      8.8793851
              2       1747.7548      0.04951129        4.972804     0.004029684       3508.8298      -6.6601069       -8.6915466         2.0314397       3508.8298                           3080.4148                 23.440485                 396.08766                      8.8868911
              1       1747.9006     0.070761676         4.81788    0.0066962219       3509.1214      -6.6601069       -8.6915466         2.0314397       3509.1214                           3080.6361                 23.444614                 396.08766                      8.9530352
              2        1747.603     0.065241723       5.1007891    0.0095237122       3508.5262      -6.6601069       -8.6915466         2.0314397       3508.5262                           3079.9918                 23.449393                 396.08766                      8.9973963
              3       1747.7415     0.068933944       4.9704096    0.0087518215       3508.8032      -6.6601069       -8.6915466         2.0314397       3508.8032                           3080.2801                 23.448067                 396.08766                      8.9873876
              6       1747.7155     0.069065373       4.9560597     0.008858479       3508.7511      -6.6601069       -8.6915466         2.0314397       3508.7511                           3080.2259                 23.448256                 396.08766                      8.9892838
              5       1748.1503     0.072267698       5.0792456    0.0095000069       3509.6208      -6.6601069       -8.6915466         2.0314397       3509.6208                           3081.0776                 23.449183                 396.08766                      9.0063563
              2       1748.3075     0.071952527       5.1480808    0.0093429342       3509.9353      -6.6601069       -8.6915466         2.0314397       3509.9353                           3081.3946                  23.44887                 396.08766                      9.0041505
              5        1748.377     0.072572721       5.1536887    0.0094636765       3510.0742      -6.6601069       -8.6915466         2.0314397       3510.0742                           3081.5302                 23.449056                 396.08766                       9.007312
              1       1747.8941      0.07056055       4.8564834    0.0070868257       3509.1084      -6.6601069       -8.6915466         2.0314397       3509.1084                           3080.6157                 23.445259                 396.08766                      8.9597755
              6       1747.5403      0.05050446       4.9972052    0.0078968378       3508.4008      -6.6601069       -8.6915466         2.0314397       3508.4008                            3079.893                 23.447051                 396.10607                      8.9546179
              1       1747.9816     0.045805193       4.7627521    0.0055036249       3509.2835      -6.6601069       -8.6915466         2.0314397       3509.2835                           3080.8237                 23.443187                 396.10607                      8.9105636
              8       1747.8625     0.047414047        4.795456    0.0050008874       3509.0452      -6.6601069       -8.6915466         2.0314397       3509.0452                           3080.5941                 23.442277                 396.10607                      8.9026895
              3       1747.9107     0.047940797       4.6864088    0.0051426336       3509.1416      -6.6601069       -8.6915466         2.0314397       3509.1416                           3080.6871                 23.442557                 396.10607                       8.905919
              1       1747.6996       0.0604275        4.932135    0.0051795149       3508.7195      -6.6601069       -8.6915466         2.0314397       3508.7195                           3080.2735                 23.442198                 396.08766                      8.9160535
              1       1747.7451      0.05975102       4.9521021    0.0047988514       3508.8104      -6.6601069       -8.6915466         2.0314397       3508.8104                           3080.3721                 23.441553                 396.08766                      8.9090849
              3       1747.6488     0.062989995       4.9345708     0.006362152       3508.6178      -6.6601069       -8.6915466         2.0314397       3508.6178                           3080.1472                 23.444152                 396.08766                      8.9388106
              1       1747.4193     0.066970962       4.8702105    0.0098010332       3508.1589      -6.6601069       -8.6915466         2.0314397       3508.1589                           3079.6183                 23.449982                 396.08766                      9.0029255
              3       1747.3476     0.068232438         4.69782    0.0094785962       3508.0154      -6.6601069       -8.6915466         2.0314397       3508.0154                           3079.4806                 23.449515                 396.08766                        8.99772
              6       1747.3616     0.072653512       4.5753525    0.0096765619       3508.0434      -6.6601069       -8.6915466         2.0314397       3508.0434                           3079.5006                  23.44984                 396.08766                      9.0052915
              8        1747.377     0.070786935       4.6337416    0.0093126015       3508.0743      -6.6601069       -8.6915466         2.0314397       3508.0743                           3079.5403                 23.449217                 396.08766                      8.9970799
              1       1748.2466     0.063989526       4.9959348    0.0036907119       3509.8135      -6.6601069       -8.6915466         2.0314397       3509.8135                           3081.3897                 23.439533                 396.08766                      8.8965959
              3       1747.8894      0.05845382       5.0384805    0.0040283479        3509.099      -6.6601069       -8.6915466         2.0314397        3509.099                           3080.6757                 23.440221                 396.08766                      8.8954321
              3       1748.0484     0.062846025       5.1087014    0.0051866648        3509.417      -6.6601069       -8.6915466         2.0314397        3509.417                            3080.967                 23.442037                 396.08766                      8.9203718
              6       1747.9592     0.063355777       4.9020458    0.0042142817       3509.2387      -6.6601069       -8.6915466         2.0314397       3509.2387                           3080.8072                   23.4405                 396.08766                      8.9033547
              1       1747.7909     0.059608651       4.9373285    0.0043694071        3508.902      -6.6601069       -8.6915466         2.0314397        3508.902                           3080.4718                 23.440834                 396.08766                      8.9017634
              2        1747.423     0.062138433       4.8368031    0.0076008337       3508.1662      -6.6601069       -8.6915466         2.0314397       3508.1662                           3079.6734                 23.446351                 396.08766                      8.9588255
              2       1747.5135     0.055591122       4.6546865    0.0075628639       3508.3472      -6.6601069       -8.6915466         2.0314397       3508.3472                           3079.8598                  23.44654                 396.08766                      8.9531491
              2       1747.6353     0.059370706       4.8757284    0.0051222591       3508.5909      -6.6601069       -8.6915466         2.0314397       3508.5909                           3080.1473                  23.44216                 396.08766                       8.913745
              1       1747.7047     0.061354582        4.686705    0.0040747885       3508.7296      -6.6601069       -8.6915466         2.0314397       3508.7296                           3080.3039                  23.44044                 396.08766                      8.8976429
              4       1747.6309     0.052809984       4.9932557     0.004918867        3508.582      -6.6601069       -8.6915466         2.0314397        3508.582                            3080.148                 23.441907                 396.08766                      8.9044653
              2       1747.6499     0.046689815       5.1398554    0.0068991806       3508.6201      -6.6601069       -8.6915466         2.0314397       3508.6201                           3080.1346                 23.445371                 396.10607                      8.9341074
              1       1747.6651     0.045806466       5.1927017    0.0069661729       3508.6505      -6.6601069       -8.6915466         2.0314397       3508.6505                           3080.1643                 23.445484                 396.10607                      8.9346677
              3       1747.5786      0.04743463       5.2016234    0.0074815182       3508.4774      -6.6601069       -8.6915466         2.0314397       3508.4774                           3079.9803                 23.446316                 396.10607                      8.9447577
              2       1747.7117      0.04550224       5.1625121     0.008486488       3508.7436      -6.6601069       -8.6915466         2.0314397       3508.7436                           3080.2269                 23.448108                 396.10607                      8.9625372
             12       1747.8031     0.045806914       5.0419399    0.0088407472       3508.9265      -6.6601069       -8.6915466         2.0314397       3508.9265                           3080.4018                 23.448765                 396.10607                      8.9698625
              5       1747.5695     0.053567965       4.7865612    0.0058910621       3508.4592      -6.6601069       -8.6915466         2.0314397       3508.4592                            3080.006                 23.443658                 396.08766                      8.9218863
              8       1747.9117     0.071138239        4.870272    0.0074295506       3509.1437      -6.6601069       -8.6915466         2.0314397       3509.1437                           3080.6437                 23.445822                 396.08766                      8.9665109
              1       1747.6493      0.04762439       5.0758339    0.0088126076       3508.6189      -6.6601069       -8.6915466         2.0314397       3508.6189                           3080.0943                 23.448653                 396.10607                      8.9698974
              1       1747.5581     0.047017136       5.2767389    0.0079966933       3508.4364      -6.6601069       -8.6915466         2.0314397       3508.4364                           3079.9296                 23.447171                 396.10607                      8.9536067
              2       1747.3964     0.061794413       4.7816077    0.0076058218        3508.113      -6.6601069       -8.6915466         2.0314397        3508.113                           3079.6205                 23.446401                 396.08766                      8.9584519
              4       1747.4275     0.061212235       4.7751002    0.0070621241       3508.1752      -6.6601069       -8.6915466         2.0314397       3508.1752                           3079.6937                 23.445489                 396.08766                      8.9484099
              4       1747.6495     0.062561423       5.1266919     0.007889991       3508.6193      -6.6601069       -8.6915466         2.0314397       3508.6193                           3080.1193                  23.44665                 396.08766                      8.9657143
              4       1747.7426     0.049998324       4.7385978    0.0058457251       3508.8054      -6.6601069       -8.6915466         2.0314397       3508.8054                           3080.3366                 23.443687                 396.10607                      8.9190562
              1       1747.4679     0.056472323       4.6779817    0.0077520662        3508.256      -6.6601069       -8.6915466         2.0314397        3508.256                           3079.7645                 23.446832                 396.08766                      8.9570271
              4       1747.4526     0.058176984       4.6597988    0.0068822453       3508.2254      -6.6601069       -8.6915466         2.0314397       3508.2254                           3079.7497                 23.445316                 396.08766                      8.9427354
              1       1747.4012     0.061222425        4.523522    0.0077365273       3508.1225      -6.6601069       -8.6915466         2.0314397       3508.1225                           3079.6277                 23.446789                 396.08766                      8.9603851
              1       1747.7508     0.074655465       4.5445724    0.0063054294       3508.8217      -6.6601069       -8.6915466         2.0314397       3508.8217                           3080.3414                 23.444051                 396.08766                      8.9486275
              3       1747.7236     0.074479716       4.5134021     0.006100932       3508.7674      -6.6601069       -8.6915466         2.0314397       3508.7674                           3080.2913                 23.443727                 396.08766                      8.9446933
             16       1747.7253     0.074711627       4.5117597    0.0061552787       3508.7709      -6.6601069       -8.6915466         2.0314397       3508.7709                           3080.2935                 23.443816                 396.08766                      8.9458691
              3       1747.5065     0.072419518       4.6130392    0.0081686577       3508.3332      -6.6601069       -8.6915466         2.0314397       3508.3332                           3079.8198                 23.447237                 396.08766                       8.978512
              2       1747.8308     0.066209591       4.8472781    0.0055306501       3508.9819      -6.6601069       -8.6915466         2.0314397       3508.9819                           3080.5234                 23.442712                 396.08766                       8.928043
              1       1747.7498     0.063799254       4.9082078    0.0057002085       3508.8198      -6.6601069       -8.6915466         2.0314397       3508.8198                           3080.3607                 23.443019                 396.08766                      8.9284346
              5       1747.7699       0.0527666       4.5546806    0.0045404033       3508.8601      -6.6601069       -8.6915466         2.0314397       3508.8601                           3080.4323                 23.441489                 396.08766                      8.8986442
              4       1747.8956      0.04627556        4.844951    0.0049062042       3509.1113      -6.6601069       -8.6915466         2.0314397       3509.1113                           3080.6629                 23.442119                 396.10607                      8.9002635
              1       1747.6103     0.049387644       4.9694465    0.0071047843       3508.5408      -6.6601069       -8.6915466         2.0314397       3508.5408                           3080.0492                 23.445738                 396.10607                      8.9398175
              1       1747.6177     0.047401704       5.1542456    0.0064108096       3508.5557      -6.6601069       -8.6915466         2.0314397       3508.5557                           3080.0977                  23.44451                 396.08766                       8.925785
              3       1747.6548     0.051021007       4.9814141    0.0048525265       3508.6299      -6.6601069       -8.6915466         2.0314397       3508.6299                           3080.1984                 23.441845                 396.08766                      8.9019217
              1       1747.6774     0.049901257       4.9584665    0.0049211478        3508.675      -6.6601069       -8.6915466         2.0314397        3508.675                            3080.243                 23.442002                 396.08766                      8.9023192
              1       1747.6848     0.048051689       5.0404404     0.005313507       3508.6898      -6.6601069       -8.6915466         2.0314397       3508.6898                           3080.2518                 23.442677                 396.08766                      8.9076823
              4       1747.7679     0.046579646       5.0647557    0.0046548598        3508.856      -6.6601069       -8.6915466         2.0314397        3508.856                           3080.4314                 23.441579                 396.08766                      8.8953702
              1       1747.7563     0.051767934       4.5907437    0.0068810272       3508.8328      -6.6601069       -8.6915466         2.0314397       3508.8328                           3080.3422                 23.445489                 396.10607                      8.9390936
              2       1747.4967     0.056939889       4.6094312    0.0070779326       3508.3137      -6.6601069       -8.6915466         2.0314397       3508.3137                           3079.8348                 23.445705                 396.08766                      8.9454713
              1       1747.6416     0.053394767       4.6289872    0.0060674551       3508.6035      -6.6601069       -8.6915466         2.0314397       3508.6035                           3080.1464                 23.444045                 396.08766                      8.9253085
              1       1747.9654     0.066094494       4.6757538    0.0033942487       3509.2511      -6.6601069       -8.6915466         2.0314397       3509.2511                           3080.8326                 23.439184                 396.08766                      8.8916241
              1       1747.9543     0.066252546       4.6548223    0.0033564159       3509.2288      -6.6601069       -8.6915466         2.0314397       3509.2288                            3080.811                  23.43913                 396.08766                      8.8910436
              2       1747.9791     0.068339102       4.6293748    0.0036111196       3509.2784      -6.6601069       -8.6915466         2.0314397       3509.2784                           3080.8538                 23.439534                 396.08766                      8.8974065
              1       1747.6997     0.065179799       4.8852953    0.0063649603       3508.7197      -6.6601069       -8.6915466         2.0314397       3508.7197                           3080.2468                 23.444135                 396.08766                      8.9410766
              2       1747.8697     0.065238618       4.9671635    0.0059765177       3509.0596      -6.6601069       -8.6915466         2.0314397       3509.0596                           3080.5932                 23.443417                 396.08766                      8.9352777
              2       1747.8567     0.062623757       4.8943612    0.0045258848       3509.0336      -6.6601069       -8.6915466         2.0314397       3509.0336                           3080.5973                 23.441054                 396.08766                      8.9075082
              1       1747.7566     0.047448699       4.9137363    0.0075850513       3508.8334      -6.6601069       -8.6915466         2.0314397       3508.8334                           3080.3329                 23.446635                 396.10607                      8.9478256
              4       1747.7013     0.047720008        4.967102    0.0078058177       3508.7228      -6.6601069       -8.6915466         2.0314397       3508.7228                           3080.2181                  23.44698                 396.10607                      8.9516993
              5        1747.752     0.046243733       5.0435913    0.0084006398       3508.8241      -6.6601069       -8.6915466         2.0314397       3508.8241                           3080.3082                 23.447999                 396.10607                      8.9618699
              6       1747.6176     0.047727946       5.1210553     0.009032723       3508.5553      -6.6601069       -8.6915466         2.0314397       3508.5553                           3080.0264                 23.449005                 396.10607                      8.9738056
              3       1748.1122     0.046126814       4.6144123     0.004100225       3509.5447      -6.6601069       -8.6915466         2.0314397       3509.5447                           3081.1104                 23.440851                 396.10607                      8.8873467
              1       1747.6439     0.053762901       4.5968289    0.0070360968       3508.6079      -6.6601069       -8.6915466         2.0314397       3508.6079                           3080.1133                 23.445708                 396.10607                      8.9428721
              7       1747.7052     0.045037559       5.2042864    0.0081960788       3508.7306      -6.6601069       -8.6915466         2.0314397       3508.7306                           3080.2201                 23.447603                 396.10607                      8.9568064
              1       1747.5503      0.04762479       5.2346269    0.0080011405       3508.4209      -6.6601069       -8.6915466         2.0314397       3508.4209                           3079.9135                 23.447183                 396.10607                      8.9541516
              2       1747.4059     0.054891531       4.9310794    0.0087151959       3508.1319      -6.6601069       -8.6915466         2.0314397       3508.1319                           3079.6231                 23.448378                 396.08766                      8.9727568
              1       1747.4835     0.052661296       4.9466494    0.0074652033       3508.2872      -6.6601069       -8.6915466         2.0314397       3508.2872                           3079.8045                 23.446285                 396.08766                      8.9486963
              2       1747.5261     0.051075306       4.9855559    0.0076365928       3508.3724      -6.6601069       -8.6915466         2.0314397       3508.3724                            3079.869                 23.446597                 396.10607                      8.9506515
              4       1748.3165     0.061855907       5.1053041    0.0034171619       3509.9533      -6.6601069       -8.6915466         2.0314397       3509.9533                           3081.5361                 23.439051                 396.08766                      8.8904302
              1       1748.0647     0.065648937       4.7156049    0.0030192158       3509.4496      -6.6601069       -8.6915466         2.0314397       3509.4496                            3081.038                 23.438531                 396.08766                      8.8854094
              2       1747.6397     0.056703426       4.5902457    0.0045120138       3508.5996      -6.6601069       -8.6915466         2.0314397       3508.5996                           3080.1699                  23.44134                 396.08766                      8.9007892
              1       1747.3549     0.065273976       4.5788352    0.0077687471         3508.03      -6.6601069       -8.6915466         2.0314397         3508.03                           3079.5314                 23.446727                 396.08766                      8.9641902
              4       1747.5466     0.053234338       4.7773303    0.0069000694       3508.4134      -6.6601069       -8.6915466         2.0314397       3508.4134                           3079.9409                 23.445395                 396.08766                      8.9394367
              2       1747.6628     0.051679364       4.7841981    0.0051980935       3508.6459      -6.6601069       -8.6915466         2.0314397       3508.6459                           3080.2071                  23.44252                 396.08766                      8.9086165
              7       1747.5034     0.052608985       4.9053665     0.008791345       3508.3269      -6.6601069       -8.6915466         2.0314397       3508.3269                           3079.7998                 23.448578                 396.10607                      8.9724484
              1       1747.4385     0.055709842       4.9014216    0.0072562407       3508.1971      -6.6601069       -8.6915466         2.0314397       3508.1971                           3079.7164                 23.445878                 396.08766                        8.94724
              2       1747.3601     0.063248128       4.5372769    0.0078240127       3508.0405      -6.6601069       -8.6915466         2.0314397       3508.0405                           3079.5425                 23.446889                 396.08766                      8.9634619
              4       1747.3586     0.063362263       4.5345562    0.0078381553       3508.0375      -6.6601069       -8.6915466         2.0314397       3508.0375                           3079.5391                 23.446912                 396.08766                      8.9638066
              5       1747.3431     0.065382655       4.6659844    0.0084291691       3508.0064      -6.6601069       -8.6915466         2.0314397       3508.0064                           3079.4948                 23.447801                 396.08766                      8.9761218
              4       1747.5843     0.061324667       4.5239386    0.0046417384       3508.4889      -6.6601069       -8.6915466         2.0314397       3508.4889                            3080.053                 23.441501                 396.08766                      8.9067205
              5       1747.9481     0.048283465       4.7291093    0.0031390699       3509.2165      -6.6601069       -8.6915466         2.0314397       3509.2165                           3080.8181                 23.439116                 396.08766                      8.8716136
              7       1747.9261     0.048600003       4.7313692    0.0032427568       3509.1724      -6.6601069       -8.6915466         2.0314397       3509.1724                           3080.7719                 23.439284                 396.08766                      8.8735368
              2       1747.7309     0.052651687       4.7371566    0.0040317806        3508.782      -6.6601069       -8.6915466         2.0314397        3508.782                           3080.3644                 23.440534                 396.08766                       8.889481
              1       1747.7178     0.050917778       4.6936704    0.0065580151       3508.7557      -6.6601069       -8.6915466         2.0314397       3508.7557                           3080.2724                 23.444905                 396.10607                      8.9323573
              1        1747.697     0.045947413       5.1196858    0.0071654955       3508.7143      -6.6601069       -8.6915466         2.0314397       3508.7143                           3080.2237                 23.445856                 396.10607                      8.9385982
              3       1747.5182     0.049850716       5.1812046    0.0069155929       3508.3567      -6.6601069       -8.6915466         2.0314397       3508.3567                           3079.8871                 23.445293                 396.08766                      8.9366091
              2       1747.5075     0.050220323       5.1856717    0.0069772469       3508.3352      -6.6601069       -8.6915466         2.0314397       3508.3352                           3079.8642                 23.445386                 396.08766                      8.9379574
              2       1747.5311     0.058071488       4.5398881    0.0095698714       3508.3823      -6.6601069       -8.6915466         2.0314397       3508.3823                           3079.8344                 23.449986                 396.10607                      8.9918998
              1       1747.7784     0.051152368       4.6729344    0.0043719264        3508.877      -6.6601069       -8.6915466         2.0314397        3508.877                           3080.4538                 23.441179                 396.08766                      8.8943879
              2       1747.9757     0.062251708       4.9846385    0.0043603162       3509.2716      -6.6601069       -8.6915466         2.0314397       3509.2716                           3080.8382                 23.440724                 396.08766                      8.9050228
              1         1747.63     0.062896151       5.1309872    0.0082744729       3508.5803      -6.6601069       -8.6915466         2.0314397       3508.5803                           3080.0725                 23.447296                 396.08766                      8.9728178
              9          1747.5     0.057256194        5.245725    0.0080548524       3508.3202      -6.6601069       -8.6915466         2.0314397       3508.3202                           3079.8223                    23.447                 396.08766                      8.9632156
              3       1747.5477     0.054085128       4.7139568    0.0076846518       3508.4156      -6.6601069       -8.6915466         2.0314397       3508.4156                           3079.9085                  23.44675                 396.10607                      8.9542222
              2        1747.676     0.051572606       4.7404614     0.008688181       3508.6721      -6.6601069       -8.6915466         2.0314397       3508.6721                           3080.1467                 23.448512                 396.10607                      8.9708186
              1       1747.4382     0.057344745       5.0164448    0.0074490155       3508.1966      -6.6601069       -8.6915466         2.0314397       3508.1966                           3079.7108                   23.4461                 396.08766                       8.952053
              2       1747.5737     0.047516866       5.2170279    0.0072642895       3508.4677      -6.6601069       -8.6915466         2.0314397       3508.4677                           3079.9748                 23.445934                 396.10607                      8.9408613
              1       1747.5461     0.049999471       5.0297412     0.007781914       3508.4124      -6.6601069       -8.6915466         2.0314397       3508.4124                           3079.9074                  23.44685                 396.10607                      8.9521474
              1       1747.6707     0.047594143       5.0186958    0.0077290731       3508.6616      -6.6601069       -8.6915466         2.0314397       3508.6616                           3080.1587                 23.446827                 396.10607                      8.9500024
              1       1747.6054     0.046132673       5.2684663    0.0075337562        3508.531      -6.6601069       -8.6915466         2.0314397        3508.531                           3080.0337                 23.446408                 396.10607                      8.9447809
              1       1747.5847     0.046583184       5.2684098    0.0075940047       3508.4896      -6.6601069       -8.6915466         2.0314397       3508.4896                           3079.9909                 23.446498                 396.10607                      8.9461104
              5       1747.8613     0.053988919        5.189448    0.0038563455       3509.0429      -6.6601069       -8.6915466         2.0314397       3509.0429                           3080.6269                 23.439957                 396.08766                      8.8883812
              6       1747.8751     0.054008923       5.1782819    0.0037226801       3509.0704      -6.6601069       -8.6915466         2.0314397       3509.0704                           3080.6569                 23.439735                 396.08766                      8.8861776
              9       1747.8843     0.063552368       4.6726737    0.0032265139       3509.0889      -6.6601069       -8.6915466         2.0314397       3509.0889                           3080.6763                 23.438956                 396.08766                      8.8860239
              9       1747.5231     0.058910449       4.9060193    0.0061959542       3508.3665      -6.6601069       -8.6915466         2.0314397       3508.3665                           3079.9033                 23.443985                 396.08766                      8.9315788
              6       1747.7987     0.048487239       4.8557503    0.0043265393       3508.9176      -6.6601069       -8.6915466         2.0314397       3508.9176                           3080.4974                 23.441073                 396.08766                      8.8914637
              9        1747.852     0.047257411       4.8690227    0.0041988998       3509.0242      -6.6601069       -8.6915466         2.0314397       3509.0242                           3080.6072                 23.440879                 396.08766                      8.8885177
              1       1747.5764     0.047879271       5.2923886    0.0062983683        3508.473      -6.6601069       -8.6915466         2.0314397        3508.473                           3080.0169                 23.444234                 396.08766                      8.9242365
              1       1747.3787     0.057064434       5.0884157     0.008746249       3508.0777      -6.6601069       -8.6915466         2.0314397       3508.0777                           3079.5668                 23.448285                 396.08766                      8.9749317
              2        1747.442     0.062277692       5.0048108    0.0087171881       3508.2043      -6.6601069       -8.6915466         2.0314397       3508.2043                           3079.6893                 23.448152                 396.08766                      8.9791993
              2        1747.492     0.059534135       4.8388507    0.0063325209       3508.3042      -6.6601069       -8.6915466         2.0314397       3508.3042                           3079.8379                 23.444243                 396.08766                      8.9343555
              1       1747.4982      0.05925617       4.8508504    0.0062764875       3508.3166      -6.6601069       -8.6915466         2.0314397       3508.3166                           3079.8516                 23.444147                 396.08766                      8.9331572
              3       1747.4002     0.059469321       4.9940172    0.0082888649       3508.1206      -6.6601069       -8.6915466         2.0314397       3508.1206                           3079.6166                 23.447497                 396.08766                      8.9687893
              1       1747.9505     0.048165872       4.7222649    0.0032257408       3509.2212      -6.6601069       -8.6915466         2.0314397       3509.2212                           3080.8213                 23.439269                 396.08766                      8.8730181
              2       1747.7354     0.046697227       5.1378606    0.0047477191       3508.7911      -6.6601069       -8.6915466         2.0314397       3508.7911                           3080.3648                 23.441699                 396.08766                      8.8968805
              2       1747.5737     0.050116771       4.9722538    0.0084189908       3508.4676      -6.6601069       -8.6915466         2.0314397       3508.4676                           3079.9495                 23.447967                 396.10607                      8.9640271
              2       1747.6862     0.050369776        4.807771    0.0085624545       3508.6925      -6.6601069       -8.6915466         2.0314397       3508.6925                           3080.1706                  23.44829                 396.10607                      8.9675879
              2       1747.4206     0.055424997       4.8617957    0.0081768898       3508.1614      -6.6601069       -8.6915466         2.0314397       3508.1614                           3079.6628                 23.447482                 396.08766                      8.9635165
              9       1747.4376     0.052914844       5.0290824    0.0087386934       3508.1955      -6.6601069       -8.6915466         2.0314397       3508.1955                           3079.6697                 23.448414                 396.10607                      8.9712897
              1        1747.585     0.048366897       5.0945562     0.008129556       3508.4902      -6.6601069       -8.6915466         2.0314397       3508.4902                           3079.9793                 23.447454                 396.10607                      8.9573602
              3       1747.5321     0.049315543        5.114376    0.0081991736       3508.3845      -6.6601069       -8.6915466         2.0314397       3508.3845                           3079.8718                 23.447538                 396.10607                      8.9590655
              3        1747.511     0.051146782       5.0146229    0.0072847646       3508.3422      -6.6601069       -8.6915466         2.0314397       3508.3422                           3079.8642                 23.445978                 396.08766                      8.9443288
             11       1747.5273     0.050950871       4.9867543    0.0079066404       3508.3748      -6.6601069       -8.6915466         2.0314397       3508.3748                           3079.8666                 23.447062                 396.10607                      8.9550829
              3       1747.4162      0.05148014       5.2182964    0.0088451889       3508.1526      -6.6601069       -8.6915466         2.0314397       3508.1526                           3079.6445                  23.44853                 396.08766                       8.971926
              3         1747.58       0.0489498       5.1250166    0.0063192202       3508.4802      -6.6601069       -8.6915466         2.0314397       3508.4802                           3080.0226                 23.444328                 396.08766                       8.925595
              1       1747.7198      0.05254853       4.7270546    0.0042358609       3508.7598      -6.6601069       -8.6915466         2.0314397       3508.7598                           3080.3384                 23.440889                 396.08766                      8.8928671
              3       1747.4305     0.057375793       4.8425791    0.0071338893       3508.1812      -6.6601069       -8.6915466         2.0314397       3508.1812                           3079.7015                 23.445662                 396.08766                      8.9464067
              4       1747.3336     0.060822943       4.7145406    0.0099795403       3507.9874      -6.6601069       -8.6915466         2.0314397       3507.9874                           3079.4487                  23.45053                 396.08766                      9.0005516
              1       1747.3128     0.062100616       4.7083765    0.0099889987       3507.9458      -6.6601069       -8.6915466         2.0314397       3507.9458                           3079.4059                 23.450521                 396.08766                      9.0016741
              2       1747.4057      0.06128018       4.9309941    0.0082506969       3508.1316      -6.6601069       -8.6915466         2.0314397       3508.1316                           3079.6268                 23.447425                 396.08766                      8.9696806
              5       1747.6006     0.047776907       5.1584625    0.0093987743       3508.5213      -6.6601069       -8.6915466         2.0314397       3508.5213                           3079.9852                 23.449612                 396.10607                      8.9804536
             14       1747.6036     0.047199981       5.2163924    0.0096339566       3508.5275      -6.6601069       -8.6915466         2.0314397       3508.5275                           3079.9871                 23.450001                 396.10607                       8.984306
              1       1747.4089     0.061518942       4.9234086    0.0082177544       3508.1379      -6.6601069       -8.6915466         2.0314397       3508.1379                           3079.6336                 23.447368                 396.08766                       8.969308
              4       1747.4427     0.065756899       4.9066916    0.0092727633       3508.2056      -6.6601069       -8.6915466         2.0314397       3508.2056                           3079.6766                 23.449081                 396.08766                      8.9923387
              1       1747.5321     0.065721971       4.8460368    0.0076155658       3508.3843      -6.6601069       -8.6915466         2.0314397       3508.3843                           3079.8875                 23.446285                 396.08766                       8.962845
              1       1747.5518     0.067300054       4.8087657    0.0077002312       3508.4238      -6.6601069       -8.6915466         2.0314397       3508.4238                           3079.9238                 23.446418                 396.08766                      8.9658593
              8       1747.3225     0.071810426       4.5686532    0.0099528242       3507.9652      -6.6601069       -8.6915466         2.0314397       3507.9652                           3079.4178                 23.450336                 396.08766                      9.0094232
              7       1747.4057     0.069878444       4.6764761    0.0090001069       3508.1316      -6.6601069       -8.6915466         2.0314397       3508.1316                           3079.6046                 23.448673                 396.08766                      8.9907516
              2        1747.512     0.072542701       4.6547643    0.0086802338       3508.3441      -6.6601069       -8.6915466         2.0314397       3508.3441                           3079.8205                 23.448081                 396.08766                       8.987901
              2       1747.4458     0.071704191       4.5927287     0.008298834       3508.2118      -6.6601069       -8.6915466         2.0314397       3508.2118                           3079.6968                 23.447488                 396.08766                      8.9798783
              1       1747.6815       0.0650105       4.8658745    0.0062703661       3508.6833      -6.6601069       -8.6915466         2.0314397       3508.6833                           3080.2125                 23.443991                 396.08766                      8.9391447
              9       1747.3834     0.058917289       5.0995738     0.009171626        3508.087      -6.6601069       -8.6915466         2.0314397        3508.087                           3079.5661                 23.448958                 396.08766                      8.9842814
              4       1747.3088     0.062382071       4.7097437    0.0099577221       3507.9379      -6.6601069       -8.6915466         2.0314397       3507.9379                           3079.3985                  23.45046                 396.08766                      9.0013086
              2       1747.6334     0.064376967       4.7067828    0.0052852734        3508.587      -6.6601069       -8.6915466         2.0314397        3508.587                           3080.1359                 23.442425                 396.08766                      8.9209459
              1       1747.5588     0.066794932       4.5069144    0.0052451019       3508.4378      -6.6601069       -8.6915466         2.0314397       3508.4378                           3079.9858                 23.442428                 396.08766                      8.9218945
              3       1747.5591     0.066625942       4.5059717    0.0052112081       3508.4384      -6.6601069       -8.6915466         2.0314397       3508.4384                           3079.9872                 23.442374                 396.08766                      8.9211541
              3       1747.4046     0.062375275       4.5736917    0.0069578828       3508.1295      -6.6601069       -8.6915466         2.0314397       3508.1295                            3079.649                 23.445404                 396.08766                      8.9474339
              1       1747.4547     0.064109708       4.6764312    0.0066891619       3508.2297      -6.6601069       -8.6915466         2.0314397       3508.2297                           3079.7528                 23.444846                 396.08766                      8.9444332
              1       1747.4315     0.062959488       4.7091104    0.0069449255       3508.1832      -6.6601069       -8.6915466         2.0314397       3508.1832                           3079.7023                 23.445289                 396.08766                       8.947865
              2       1747.4239     0.063568875       4.7050531    0.0071155097        3508.168      -6.6601069       -8.6915466         2.0314397        3508.168                           3079.6833                 23.445569                 396.08766                      8.9513954
              5       1747.3993     0.054526725       5.2525187    0.0087680565       3508.1188      -6.6601069       -8.6915466         2.0314397       3508.1188                           3079.6096                 23.448293                 396.08766                      8.9732658
              7       1747.6792     0.062278216       5.0282021    0.0066244248       3508.6786      -6.6601069       -8.6915466         2.0314397       3508.6786                           3080.2034                 23.444558                 396.08766                      8.9430383
              5       1747.5993     0.048972007       5.0305756    0.0070037493       3508.5189      -6.6601069       -8.6915466         2.0314397       3508.5189                           3080.0297                 23.445545                 396.10607                       8.937576
              5       1747.5485     0.056798779       4.7525926    0.0054404344       3508.4173      -6.6601069       -8.6915466         2.0314397       3508.4173                           3079.9702                 23.442833                 396.08766                      8.9165736
              2       1747.7417     0.060193842       4.7731416    0.0039964632       3508.8036      -6.6601069       -8.6915466         2.0314397       3508.8036                           3080.3801                 23.440282                 396.08766                       8.895507
              1       1747.3952     0.058110866       4.7601193    0.0079315508       3508.1107      -6.6601069       -8.6915466         2.0314397       3508.1107                           3079.6148                 23.447056                 396.08766                      8.9611991
              3       1747.5741     0.050883925       4.9046294    0.0078012026       3508.4684      -6.6601069       -8.6915466         2.0314397       3508.4684                            3079.962                 23.446926                 396.10607                      8.9534225
              2       1747.3344     0.066245432       4.6325804    0.0085392437       3507.9889      -6.6601069       -8.6915466         2.0314397       3507.9889                           3079.4745                 23.447991                 396.08766                      8.9788197
              1       1747.3445     0.065390652       4.6979515    0.0086188224       3508.0093      -6.6601069       -8.6915466         2.0314397       3508.0093                           3079.4939                 23.448105                 396.08766                      8.9795702
             11       1747.4089     0.058324708       4.6817868    0.0080475298       3508.1379      -6.6601069       -8.6915466         2.0314397       3508.1379                           3079.6394                 23.447294                 396.08766                      8.9635754
              4       1747.5438     0.060843045       4.5358754    0.0051164193       3508.4079      -6.6601069       -8.6915466         2.0314397       3508.4079                           3079.9636                 23.442314                 396.08766                      8.9143533
              1       1747.5854     0.064614093       4.5592669    0.0049379379       3508.4909      -6.6601069       -8.6915466         2.0314397       3508.4909                           3080.0466                 23.441917                 396.08766                      8.9147729
              4       1747.3246     0.061944088       4.6679077    0.0093655836       3507.9694      -6.6601069       -8.6915466         2.0314397       3507.9694                           3079.4421                  23.44948                 396.08766                      8.9901515
              5       1747.3226     0.065506773       4.6100036    0.0085709949       3507.9655      -6.6601069       -8.6915466         2.0314397       3507.9655                           3079.4511                 23.448076                 396.08766                      8.9786894
              1       1747.3946     0.060468288       4.5643651    0.0084244727       3508.1094      -6.6601069       -8.6915466         2.0314397       3508.1094                           3079.6017                 23.447959                 396.08766                       8.972168
              5       1747.4598     0.061590333       4.5062282    0.0062111137       3508.2398      -6.6601069       -8.6915466         2.0314397       3508.2398                           3079.7741                 23.444184                 396.08766                      8.9338037
              2       1747.4944     0.057119317       4.5997367    0.0071369927        3508.309      -6.6601069       -8.6915466         2.0314397        3508.309                           3079.8289                 23.445808                 396.08766                      8.9466701
              5       1747.5817      0.06501103       4.9521964    0.0078832283       3508.4837      -6.6601069       -8.6915466         2.0314397       3508.4837                            3079.982                 23.446691                 396.08766                       8.967343
              2       1747.4674     0.061470981       5.1742802    0.0097863504       3508.2551      -6.6601069       -8.6915466         2.0314397       3508.2551                           3079.7193                 23.449895                 396.08766                      8.9981924
             12       1747.3406     0.059765323       5.0276893    0.0098422333       3508.0014      -6.6601069       -8.6915466         2.0314397       3508.0014                           3079.4665                  23.45013                 396.08766                      8.9970725
              6       1747.3561     0.059133081       4.8720433    0.0085742004       3508.0324      -6.6601069       -8.6915466         2.0314397       3508.0324                           3079.5232                 23.448067                 396.08766                      8.9734587
              4       1747.7287     0.046617309       5.0132474    0.0072720248       3508.7776      -6.6601069       -8.6915466         2.0314397       3508.7776                           3080.2841                 23.446072                 396.10607                      8.9412915
              4        1747.983     0.047788598       4.6360526    0.0069483551       3509.2862      -6.6601069       -8.6915466         2.0314397       3509.2862                           3080.7965                 23.445668                 396.10607                      8.9380243
              5       1748.1151     0.045968597       4.6163388    0.0056044331       3509.5505      -6.6601069       -8.6915466         2.0314397       3509.5505                           3081.0877                  23.44342                 396.10607                      8.9133029
             10       1748.0329     0.047052038       4.6166817    0.0056910474        3509.386      -6.6601069       -8.6915466         2.0314397        3509.386                           3080.9207                 23.443544                 396.10607                      8.9155938
              7       1747.9852     0.065724503       5.2857278    0.0090501124       3509.2906      -6.6601069       -8.6915466         2.0314397       3509.2906                            3080.763                 23.448439                 396.08766                      8.9914409
              7       1748.1727     0.068424493       4.8425434    0.0044332094       3509.6656      -6.6601069       -8.6915466         2.0314397       3509.6656                           3081.2243                 23.440791                 396.08766                      8.9128779
              3       1747.8531     0.062788531       4.7753057    0.0038249088       3509.0264      -6.6601069       -8.6915466         2.0314397       3509.0264                           3080.6033                  23.43993                 396.08766                      8.8954776
              1       1747.3824     0.056316142       4.9233001    0.0085140688        3508.085      -6.6601069       -8.6915466         2.0314397        3508.085                           3079.5792                 23.448003                 396.08766                      8.9701436
              5       1747.3423     0.059864131       4.8456451     0.008855393       3508.0048      -6.6601069       -8.6915466         2.0314397       3508.0048                           3079.4894                 23.448547                 396.08766                      8.9791214
              7       1747.8193     0.047346395       4.8867593    0.0045585771       3508.9589      -6.6601069       -8.6915466         2.0314397       3508.9589                           3080.5351                 23.441481                 396.08766                      8.8946704
              2       1747.7758     0.046455533        5.045776     0.004721087       3508.8718      -6.6601069       -8.6915466         2.0314397       3508.8718                            3080.446                 23.441705                 396.08766                      8.8964767
              2       1747.7728     0.046155088       5.1132233     0.004565958       3508.8659      -6.6601069       -8.6915466         2.0314397       3508.8659                           3080.4433                 23.441416                 396.08766                      8.8934739
              2        1747.774     0.046702518       4.9619111     0.007913843       3508.8683      -6.6601069       -8.6915466         2.0314397       3508.8683                           3080.3618                 23.447193                 396.10607                      8.9532866
              5       1747.4063     0.059539478       5.1049328    0.0090407516       3508.1328      -6.6601069       -8.6915466         2.0314397       3508.1328                           3079.6138                 23.448714                 396.08766                      8.9825485
             23       1747.3664     0.055999172       5.2558673    0.0098840611        3508.053      -6.6601069       -8.6915466         2.0314397        3508.053                           3079.5204                 23.450162                 396.08766                      8.9947687
              1       1747.3694     0.057671537       5.0448197    0.0088122385        3508.059      -6.6601069       -8.6915466         2.0314397        3508.059                           3079.5464                 23.448408                 396.08766                      8.9766023
              4       1747.4349     0.061034618       5.0478097    0.0087002073         3508.19      -6.6601069       -8.6915466         2.0314397         3508.19                           3079.6764                 23.448127                 396.08766                      8.9777814
              6       1747.4359     0.061045751       5.0484567    0.0086967377        3508.192      -6.6601069       -8.6915466         2.0314397        3508.192                           3079.6785                 23.448121                 396.08766                      8.9777335
              1       1747.5957     0.062526938        5.159206     0.008707274       3508.5115      -6.6601069       -8.6915466         2.0314397       3508.5115                           3079.9957                 23.448028                 396.08766                      8.9801192
              1       1747.5834     0.062315234       5.1594705    0.0087170846       3508.4871      -6.6601069       -8.6915466         2.0314397       3508.4871                           3079.9713                  23.44805                 396.08766                      8.9800428
              1       1747.6379      0.06137643        5.104954    0.0072438466        3508.596      -6.6601069       -8.6915466         2.0314397        3508.596                           3080.1097                  23.44559                 396.08766                      8.9530287
              3       1747.4629     0.064645233        4.824149    0.0077451935        3508.246      -6.6601069       -8.6915466         2.0314397        3508.246                            3079.748                 23.446547                 396.08766                       8.963841
              2       1747.4546     0.069155946        4.769342    0.0091445932       3508.2294      -6.6601069       -8.6915466         2.0314397       3508.2294                           3079.6998                 23.448874                 396.08766                      8.9930509
              5       1747.7463     0.072419146       4.8010698    0.0084146221       3508.8127      -6.6601069       -8.6915466         2.0314397       3508.8127                           3080.2932                 23.447526                 396.08766                      8.9843649
              3       1747.6637     0.070197221       4.8779745    0.0089198188       3508.6476      -6.6601069       -8.6915466         2.0314397       3508.6476                           3080.1205                 23.448389                 396.08766                      8.9910821
              3       1748.0951     0.074293505       4.7431054    0.0063208414       3509.5105      -6.6601069       -8.6915466         2.0314397       3509.5105                           3081.0282                 23.443945                 396.08766                       8.950644
             21       1747.9492     0.073021689       4.7011076    0.0060969065       3509.2186      -6.6601069       -8.6915466         2.0314397       3509.2186                           3080.7427                 23.443621                 396.08766                      8.9446902
              1       1747.6506     0.059158532        4.893835     0.005045933       3508.6215      -6.6601069       -8.6915466         2.0314397       3508.6215                           3080.1795                 23.442024                 396.08766                      8.9123171
             11       1747.5329     0.057453463       4.8107664    0.0056535729       3508.3859      -6.6601069       -8.6915466         2.0314397       3508.3859                           3079.9343                 23.443149                 396.08766                      8.9207994
             12       1747.6307     0.053585323       4.6478356     0.008391963       3508.5816      -6.6601069       -8.6915466         2.0314397       3508.5816                           3080.0608                 23.448006                 396.10607                      8.9667828
              7       1747.7877     0.048977993       4.8538032    0.0095851365       3508.8957      -6.6601069       -8.6915466         2.0314397       3508.8957                           3080.3534                 23.450053                 396.10607                      8.9861173
              3        1747.293     0.069076446       4.5981459    0.0099750484       3507.9061      -6.6601069       -8.6915466         2.0314397       3507.9061                           3079.3608                 23.450413                 396.08766                       9.007266
              2       1747.4541     0.061961327       4.5354561    0.0062015288       3508.2284      -6.6601069       -8.6915466         2.0314397       3508.2284                           3079.7627                 23.444143                 396.08766                       8.933923
              7       1747.4965     0.071259684       4.5804656    0.0074675398       3508.3132      -6.6601069       -8.6915466         2.0314397       3508.3132                           3079.8146                 23.446084                 396.08766                      8.9648286
              2       1747.4051     0.063722596       4.7808059     0.007849434       3508.1305      -6.6601069       -8.6915466         2.0314397       3508.1305                           3079.6315                 23.446774                 396.08766                      8.9645696
              2       1747.3196     0.063827303       4.6786621    0.0088705664       3507.9594      -6.6601069       -8.6915466         2.0314397       3507.9594                           3079.4405                 23.448583                 396.08766                      8.9826466
              9        1747.548     0.074874589       4.6458534    0.0093876958       3508.4162      -6.6601069       -8.6915466         2.0314397       3508.4162                           3079.8763                 23.449248                 396.08766                      9.0030371
              1       1747.4614      0.06165049       4.5367868    0.0061295346        3508.243      -6.6601069       -8.6915466         2.0314397        3508.243                           3079.7789                 23.444026                 396.08766                      8.9324211
             11       1747.8124     0.049033121       4.7694427     0.008549515       3508.9449      -6.6601069       -8.6915466         2.0314397       3508.9449                           3080.4235                 23.448318                 396.10607                      8.9670514
              8       1747.7349     0.069139658       4.9526568    0.0086916082         3508.79      -6.6601069       -8.6915466         2.0314397         3508.79                           3080.2679                 23.447971                 396.08766                      8.9864372
              1       1748.1767     0.074617893       4.9311279    0.0085958591       3509.6736      -6.6601069       -8.6915466         2.0314397       3509.6736                           3081.1461                 23.447688                 396.08766                      8.9921361
              2       1748.7755      0.07249046       4.8858338     0.003949743       3510.8713      -6.6601069       -8.6915466         2.0314397       3510.8713                            3082.432                 23.439841                 396.08766                      8.9117746
              5       1748.1219     0.065231963       5.2017201    0.0068550866       3509.5641      -6.6601069       -8.6915466         2.0314397       3509.5641                           3081.0793                 23.444757                 396.08766                      8.9523308
              1       1747.7482     0.053764716       4.9769144    0.0038546118       3508.8166      -6.6601069       -8.6915466         2.0314397       3508.8166                           3080.4014                 23.440079                 396.08766                      8.8875074
              4       1747.7505     0.053554305       4.9858835    0.0038438807       3508.8212      -6.6601069       -8.6915466         2.0314397       3508.8212                           3080.4064                 23.440061                 396.08766                      8.8871512
              8       1747.6924     0.045190202        5.208516    0.0081892941        3508.705      -6.6601069       -8.6915466         2.0314397        3508.705                           3080.1947                 23.447585                 396.10607                      8.9567293
              4       1747.5495     0.052404722       5.1328874     0.006030313       3508.4193      -6.6601069       -8.6915466         2.0314397       3508.4193                           3079.9647                 23.443738                 396.08766                      8.9231909
              1       1748.7918     0.074902661       4.7865464    0.0038673566       3510.9037      -6.6601069       -8.6915466         2.0314397       3510.9037                           3082.4637                 23.439717                 396.08766                      8.9125957
              6       1747.6201     0.066028524       4.6507919    0.0054287328       3508.5603      -6.6601069       -8.6915466         2.0314397       3508.5603                           3080.1052                 23.442668                 396.08766                      8.9248213
              2       1747.4484     0.057796967       4.7680418     0.006771178       3508.2169      -6.6601069       -8.6915466         2.0314397       3508.2169                           3079.7438                 23.445074                 396.08766                      8.9403926
              4       1747.5035     0.061707446       4.9994844    0.0077273564       3508.3273      -6.6601069       -8.6915466         2.0314397       3508.3273                            3079.832                 23.446476                 396.08766                      8.9611915
              2       1747.7407     0.052886163        4.893856    0.0037694867       3508.8016      -6.6601069       -8.6915466         2.0314397       3508.8016                           3080.3887                     23.44                 396.08766                      8.8852263
              1       1747.7353     0.051027305       4.9040292    0.0040257331       3508.7908      -6.6601069       -8.6915466         2.0314397       3508.7908                           3080.3746                 23.440476                 396.08766                      8.8880085
             12       1747.7373     0.051039686       4.9090028     0.003996523       3508.7948      -6.6601069       -8.6915466         2.0314397       3508.7948                           3080.3792                 23.440423                 396.08766                      8.8875248
              1        1747.864     0.049474315       4.8258938    0.0031880921       3509.0482      -6.6601069       -8.6915466         2.0314397       3509.0482                           3080.6484                 23.439126                 396.08766                      8.8729823
              2       1747.8996     0.047824188       4.8475189    0.0033119051       3509.1194      -6.6601069       -8.6915466         2.0314397       3509.1194                           3080.7185                 23.439365                 396.08766                       8.873912
              2       1747.8894     0.048978605       4.6342424    0.0052464159       3509.0991      -6.6601069       -8.6915466         2.0314397       3509.0991                           3080.6418                 23.442736                 396.10607                      8.9084927
              2       1747.7856     0.051993477       4.5654637    0.0047961535       3508.8913      -6.6601069       -8.6915466         2.0314397       3508.8913                           3080.4592                 23.441936                 396.08766                      8.9025528
              2       1747.8852     0.050354205       4.5629956    0.0043422758       3509.0907      -6.6601069       -8.6915466         2.0314397       3509.0907                            3080.668                 23.441198                 396.08766                      8.8938325
              9       1748.0047     0.045428124       4.7762555    0.0064195438       3509.3297      -6.6601069       -8.6915466         2.0314397       3509.3297                           3080.8521                 23.444754                 396.10607                       8.926719
              6        1747.429     0.052702108       5.0712492    0.0094538909       3508.1783      -6.6601069       -8.6915466         2.0314397       3508.1783                           3079.6384                 23.449622                 396.10607                      8.9841954
              2        1747.381     0.053829324       5.1190563    0.0092783892       3508.0823      -6.6601069       -8.6915466         2.0314397       3508.0823                           3079.5637                 23.449264                 396.08766                      8.9816128
              2       1747.3521     0.062078343       4.9582935    0.0096903066       3508.0244      -6.6601069       -8.6915466         2.0314397       3508.0244                           3079.4905                 23.449854                 396.08766                      8.9963083
              2       1748.0146      0.04805446       4.6868492    0.0090315727       3509.3493      -6.6601069       -8.6915466         2.0314397       3509.3493                           3080.8175                 23.449205                 396.10607                      8.9765909
              2       1747.3426     0.065615714       4.7186791    0.0088716455       3508.0053      -6.6601069       -8.6915466         2.0314397       3508.0053                           3079.4848                  23.44852                 396.08766                      8.9843388
              3       1747.6171     0.065006661       4.6281964    0.0050876022       3508.5545      -6.6601069       -8.6915466         2.0314397       3508.5545                           3080.1067                 23.442122                 396.08766                      8.9179298
              6       1747.5829     0.064603912       4.6317537    0.0053077916        3508.486      -6.6601069       -8.6915466         2.0314397        3508.486                           3080.0346                 23.442504                 396.08766                      8.9212302
              6       1747.4946     0.063767774       4.6679345    0.0061594076       3508.3095      -6.6601069       -8.6915466         2.0314397       3508.3095                           3079.8429                 23.443954                 396.08766                      8.9349754
              1       1747.4356     0.061768927       4.8241287    0.0072855873       3508.1915      -6.6601069       -8.6915466         2.0314397       3508.1915                           3079.7051                 23.445828                 396.08766                      8.9529335
              3       1747.3511     0.065016593       4.7780256     0.009040511       3508.0225      -6.6601069       -8.6915466         2.0314397       3508.0225                           3079.4991                 23.448785                 396.08766                      8.9869274
              1       1747.4091     0.053702924        5.043716    0.0093003999       3508.1385      -6.6601069       -8.6915466         2.0314397       3508.1385                            3079.601                 23.449348                 396.10607                      8.9820621
              1       1747.4191     0.053479011       5.0467065    0.0082363393       3508.1585      -6.6601069       -8.6915466         2.0314397       3508.1585                           3079.6604                 23.447529                 396.08766                      8.9629103
              2        1747.503     0.051679301       4.9758019    0.0081305401       3508.3261      -6.6601069       -8.6915466         2.0314397       3508.3261                            3079.813                 23.447432                 396.10607                       8.959601
              2        1747.413     0.056622826        4.793109    0.0081245013       3508.1462      -6.6601069       -8.6915466         2.0314397       3508.1462                           3079.6476                 23.447402                 396.08766                      8.9635403
              3        1747.591      0.04885477       5.0558928    0.0067053306       3508.5021      -6.6601069       -8.6915466         2.0314397       3508.5021                            3080.037                 23.445025                 396.08766                      8.9324909
              1       1747.5405     0.049957743       5.0721751    0.0069184803       3508.4012      -6.6601069       -8.6915466         2.0314397       3508.4012                           3079.9312                 23.445352                 396.08766                      8.9369206
              2       1747.7057     0.054968556       5.0748309    0.0046458329       3508.7317      -6.6601069       -8.6915466         2.0314397       3508.7317                           3080.3007                 23.441341                 396.08766                      8.9020153
              1       1748.0396     0.061957487       4.9284767    0.0035202867       3509.3994      -6.6601069       -8.6915466         2.0314397       3509.3994                           3080.9818                 23.439336                 396.08766                      8.8906332
              5        1748.185     0.067002419       4.9715977    0.0050066944       3509.6903      -6.6601069       -8.6915466         2.0314397       3509.6903                           3081.2392                 23.441716                 396.08766                      8.9216909
              1       1748.6289     0.068647101       5.1965366    0.0061647093        3510.578      -6.6601069       -8.6915466         2.0314397        3510.578                           3082.1007                 23.443489                 396.08766                      8.9461199
             10       1748.5126     0.066640354       5.2320482    0.0059672673       3510.3455      -6.6601069       -8.6915466         2.0314397       3510.3455                           3081.8745                 23.443181                 396.08766                      8.9401711
              1        1748.109     0.068647384       5.1037814    0.0077326314       3509.5381      -6.6601069       -8.6915466         2.0314397       3509.5381                           3081.0333                 23.446235                 396.08766                      8.9709361
              1       1748.0904     0.071026958       4.9506059     0.007260267       3509.5009      -6.6601069       -8.6915466         2.0314397       3509.5009                           3081.0034                 23.445477                 396.08766                      8.9644532
              7       1748.2571     0.073963948       4.9457048    0.0079205465       3509.8344      -6.6601069       -8.6915466         2.0314397       3509.8344                           3081.3204                 23.446537                 396.08766                      8.9798593
              3       1747.6961     0.068948354        4.612888    0.0053850331       3508.7124      -6.6601069       -8.6915466         2.0314397       3508.7124                           3080.2552                 23.442555                 396.08766                      8.9270637
              2       1747.6991     0.068838909       4.6089853    0.0053014938       3508.7185      -6.6601069       -8.6915466         2.0314397       3508.7185                           3080.2629                 23.442417                 396.08766                      8.9255213
              4       1748.2565     0.070738134       4.7644504    0.0041928483       3509.8332      -6.6601069       -8.6915466         2.0314397       3509.8332                           3081.3939                 23.440382                 396.08766                      8.9112579
              5       1748.4747     0.071462079       4.7567905    0.0034156351       3510.2696      -6.6601069       -8.6915466         2.0314397       3510.2696                            3081.843                 23.439047                 396.08766                      8.8998509
              4       1748.4883     0.071329342        4.769613      0.00343007       3510.2969      -6.6601069       -8.6915466         2.0314397       3510.2969                           3081.8701                 23.439066                 396.08766                       8.900063
              5       1748.4892     0.071325773        4.769879    0.0034277513       3510.2985      -6.6601069       -8.6915466         2.0314397       3510.2985                           3081.8718                 23.439062                 396.08766                      8.9000255
              1       1747.5081     0.058673785       5.2697398    0.0087769017       3508.3364      -6.6601069       -8.6915466         2.0314397       3508.3364                            3079.823                 23.448181                 396.08766                      8.9775607
              2       1747.5119     0.059120458       5.2612526    0.0088717661        3508.344      -6.6601069       -8.6915466         2.0314397        3508.344                           3079.8283                 23.448336                 396.08766                      8.9796931
              1       1747.5374     0.055602422         5.17445    0.0067044137        3508.395      -6.6601069       -8.6915466         2.0314397        3508.395                           3079.9248                  23.44478                 396.08766                      8.9377984
              2       1747.5589     0.064654405       4.8245624    0.0068013257       3508.4379      -6.6601069       -8.6915466         2.0314397       3508.4379                           3079.9578                 23.444933                 396.08766                      8.9475241
              9       1748.4128     0.073730819       4.6289989    0.0032934182       3510.1458      -6.6601069       -8.6915466         2.0314397       3510.1458                           3081.7199                 23.438878                 396.08766                      8.8993859
              1       1747.7331     0.060472209       4.7134842    0.0038507451       3508.7864      -6.6601069       -8.6915466         2.0314397       3508.7864                           3080.3655                 23.440063                 396.08766                      8.8931724
              3       1747.6596     0.061389602       5.0045315    0.0062608909       3508.6395      -6.6601069       -8.6915466         2.0314397       3508.6395                           3080.1721                 23.443975                 396.08766                      8.9357028
              4       1748.5074     0.070610871       5.1062533    0.0067691573       3510.3351      -6.6601069       -8.6915466         2.0314397       3510.3351                           3081.8451                 23.444535                 396.08766                      8.9578328
              5       1747.8979     0.063102436       5.2677996    0.0077804652       3509.1159      -6.6601069       -8.6915466         2.0314397       3509.1159                           3080.6162                 23.446352                 396.08766                       8.965677
              3        1747.987     0.063043121       5.2822304    0.0073176572       3509.2942      -6.6601069       -8.6915466         2.0314397       3509.2942                           3080.8031                 23.445553                 396.08766                      8.9578624
             15       1748.0727     0.063000479       5.2730041    0.0066798074       3509.4655      -6.6601069       -8.6915466         2.0314397       3509.4655                           3080.9864                 23.444471                 396.08766                      8.9469535
              2       1747.5496     0.063097478       4.5388454    0.0050444647       3508.4194      -6.6601069       -8.6915466         2.0314397       3508.4194                           3079.9745                 23.442143                 396.08766                      8.9150944
              1       1747.4772     0.063003517       4.5865155    0.0059407844       3508.2746      -6.6601069       -8.6915466         2.0314397       3508.2746                           3079.8129                 23.443646                 396.08766                      8.9303393
              1       1747.6987      0.06635222       4.7237559    0.0054526451       3508.7176      -6.6601069       -8.6915466         2.0314397       3508.7176                           3080.2612                 23.442655                 396.08766                      8.9259995
              4       1747.4676     0.072242504       4.7159902    0.0099252082       3508.2555      -6.6601069       -8.6915466         2.0314397       3508.2555                           3079.7076                 23.450178                 396.08766                      9.0100874
              1       1747.6912     0.064774943       5.1490423    0.0089934791       3508.7025      -6.6601069       -8.6915466         2.0314397       3508.7025                           3080.1785                 23.448464                 396.08766                      8.9878458
              1       1747.4833     0.053894667       4.9981566    0.0067210473       3508.2868      -6.6601069       -8.6915466         2.0314397       3508.2868                           3079.8178                 23.444954                 396.08766                      8.9363755
              1       1747.3538     0.062339004       4.8054592    0.0085372736       3508.0278      -6.6601069       -8.6915466         2.0314397       3508.0278                           3079.5167                 23.447968                 396.08766                      8.9754912
              3       1747.3844     0.062241739       4.6200518    0.0073610248        3508.089      -6.6601069       -8.6915466         2.0314397        3508.089                           3079.6008                 23.446069                 396.08766                      8.9544041
              7       1747.5366     0.052840455       4.8281752    0.0085618484       3508.3934      -6.6601069       -8.6915466         2.0314397       3508.3934                           3079.8705                 23.448221                 396.10607                      8.9686595
              3        1747.488     0.060135593       5.2698478      0.00983501       3508.2962      -6.6601069       -8.6915466         2.0314397       3508.2962                           3079.7605                 23.449953                 396.08766                      8.9980516
              2       1747.3471     0.062228078       4.7875088    0.0085633242       3508.0144      -6.6601069       -8.6915466         2.0314397       3508.0144                           3079.5029                 23.448026                 396.08766                      8.9758333
              2       1747.3962     0.060106612       4.7812262    0.0074896345       3508.1127      -6.6601069       -8.6915466         2.0314397       3508.1127                           3079.6239                 23.446242                 396.08766                      8.9549173
              1       1747.6881     0.070806335       4.9095943    0.0095193182       3508.6964      -6.6601069       -8.6915466         2.0314397       3508.6964                           3080.1567                 23.449379                 396.08766                      9.0026823
             13       1747.7516       0.0668562       5.1157739    0.0093429791       3508.8234      -6.6601069       -8.6915466         2.0314397       3508.8234                           3080.2903                  23.44903                 396.08766                      8.9963951
              2        1747.626     0.048543117       5.0114344     0.007140754       3508.5722      -6.6601069       -8.6915466         2.0314397       3508.5722                           3080.0805                   23.4458                 396.10607                      8.9398608
              5       1747.4456     0.054842997       4.8538675    0.0089712251       3508.2113      -6.6601069       -8.6915466         2.0314397       3508.2113                           3079.6788                 23.448861                 396.10607                      8.9775999
              2       1747.4267     0.055651998       4.8370959    0.0090396827       3508.1735      -6.6601069       -8.6915466         2.0314397       3508.1735                           3079.6391                 23.448968                 396.10607                       8.979417
              2       1747.8499     0.065262285       5.0352128    0.0067717801       3509.0201      -6.6601069       -8.6915466         2.0314397       3509.0201                           3080.5384                 23.444729                 396.08766                      8.9492636
              1       1747.4989     0.061349078       5.0010133    0.0076601971        3508.318      -6.6601069       -8.6915466         2.0314397        3508.318                           3079.8243                 23.446369                 396.08766                      8.9596346
              1       1747.5362     0.063605713         5.03407    0.0085179601       3508.3926      -6.6601069       -8.6915466         2.0314397       3508.3926                           3079.8799                 23.447758                 396.08766                      8.9772916
              3       1747.7205     0.062569246       5.0871683    0.0069490178       3508.7613      -6.6601069       -8.6915466         2.0314397       3508.7613                           3080.2793                 23.445067                 396.08766                      8.9493071
              2        1747.709     0.064657754       5.0502917    0.0076495586       3508.7382      -6.6601069       -8.6915466         2.0314397       3508.7382                           3080.2407                 23.446234                 396.08766                      8.9635908
              6       1747.4621     0.063021516       4.5290748    0.0060076681       3508.2445      -6.6601069       -8.6915466         2.0314397       3508.2445                           3079.7816                 23.443794                 396.08766                      8.9314454
              1       1747.4539     0.063303302       4.5210909    0.0060987925       3508.2279      -6.6601069       -8.6915466         2.0314397       3508.2279                           3079.7631                 23.443948                 396.08766                      8.9332528
              3       1747.4483     0.063072792       4.5267219     0.006190717       3508.2168      -6.6601069       -8.6915466         2.0314397       3508.2168                           3079.7503                 23.444107                 396.08766                      8.9346465
              1       1747.4341     0.063408267       4.5536377    0.0064175508       3508.1884      -6.6601069       -8.6915466         2.0314397       3508.1884                           3079.7174                 23.444471                 396.08766                      8.9388755
              7       1747.9252     0.047567601       4.7237657    0.0075149769       3509.1705      -6.6601069       -8.6915466         2.0314397       3509.1705                           3080.6701                 23.446602                 396.10607                      8.9477173
              3       1748.0413     0.047116981       4.6596146     0.007680366       3509.4029      -6.6601069       -8.6915466         2.0314397       3509.4029                           3080.8988                 23.446924                 396.10607                      8.9510722
              5       1747.7428     0.050737541        4.675343    0.0068625252       3508.8059      -6.6601069       -8.6915466         2.0314397       3508.8059                           3080.3166                 23.445438                 396.10607                      8.9378074
             11       1747.4254      0.05750858       4.6960117    0.0080106313       3508.1711      -6.6601069       -8.6915466         2.0314397       3508.1711                           3079.6739                 23.447241                 396.08766                      8.9623166
              1       1747.4312      0.05198512       5.1326323     0.008347489       3508.1827      -6.6601069       -8.6915466         2.0314397       3508.1827                           3079.6839                 23.447711                 396.08766                       8.963365
              2        1747.501     0.050074676       5.1278673    0.0079699078       3508.3223      -6.6601069       -8.6915466         2.0314397       3508.3223                           3079.8138                 23.447118                 396.10607                      8.9553118
              1       1747.3402     0.058996814       4.8294294    0.0094402078       3508.0005      -6.6601069       -8.6915466         2.0314397       3508.0005                           3079.4742                 23.449579                 396.08766                      8.9890908
              4       1747.6082     0.054598022       4.5916053    0.0074566821       3508.5367      -6.6601069       -8.6915466         2.0314397       3508.5367                           3080.0333                 23.446413                 396.10607                      8.9509253
              2       1747.4006     0.059711677       5.0892259     0.009063206       3508.1214      -6.6601069       -8.6915466         2.0314397       3508.1214                           3079.6019                 23.448758                 396.08766                      8.9830747
              2       1747.6475     0.050469471       4.8427266    0.0084514949       3508.6153      -6.6601069       -8.6915466         2.0314397       3508.6153                           3080.0957                  23.44808                 396.10607                      8.9653945
              1       1747.4178     0.058486795       4.6735587     0.009490646       3508.1558      -6.6601069       -8.6915466         2.0314397       3508.1558                           3079.6099                 23.449767                 396.10607                      8.9900535
              1       1747.4421     0.058114895       4.6525218    0.0094279929       3508.2043      -6.6601069       -8.6915466         2.0314397       3508.2043                           3079.6598                  23.44968                 396.10607                      8.9887447
              1       1747.3827     0.063093412       4.5883635    0.0072941778       3508.0857      -6.6601069       -8.6915466         2.0314397       3508.0857                           3079.5982                 23.445956                 396.08766                      8.9539393
              2       1748.2546     0.068268007       5.0011434    0.0055372649       3509.8294      -6.6601069       -8.6915466         2.0314397       3509.8294                           3081.3667                 23.442568                 396.08766                      8.9325067
              3       1748.2762     0.064352852        4.912305    0.0030227065       3509.8726      -6.6601069       -8.6915466         2.0314397       3509.8726                           3081.4609                 23.438441                 396.08766                      8.8856261
              6       1748.2026     0.063872946       4.9417865    0.0034289646       3509.7255      -6.6601069       -8.6915466         2.0314397       3509.7255                            3081.307                 23.439125                 396.08766                      8.8917266
              1       1747.9127     0.058272727       5.2693157    0.0053656419       3509.1456      -6.6601069       -8.6915466         2.0314397       3509.1456                           3080.6969                 23.442363                 396.08766                      8.9186798
              3       1747.9694     0.061164393       5.2271732    0.0059297315        3509.259      -6.6601069       -8.6915466         2.0314397        3509.259                           3080.7966                 23.443272                 396.08766                      8.9314625
              2       1747.7558     0.055088171       5.1535309    0.0046486853       3508.8318      -6.6601069       -8.6915466         2.0314397       3508.8318                           3080.4004                 23.441298                 396.08766                      8.9024561
              6       1747.6949      0.05545663       5.1002958    0.0049293443       3508.7101      -6.6601069       -8.6915466         2.0314397       3508.7101                           3080.2733                 23.441797                 396.08766                      8.9073164
              1       1748.0303     0.070819735       4.8840329    0.0066945668       3509.3808      -6.6601069       -8.6915466         2.0314397       3509.3808                           3080.8948                 23.444563                 396.08766                      8.9538339
              7       1748.0666      0.06986395       5.0289037    0.0077486399       3509.4535      -6.6601069       -8.6915466         2.0314397       3509.4535                           3080.9475                 23.446285                 396.08766                      8.9720385
              4       1747.9282     0.059781457       5.2478686    0.0057340799       3509.1765      -6.6601069       -8.6915466         2.0314397       3509.1765                           3080.7194                 23.442963                 396.08766                      8.9265726
              4       1747.8941     0.050535132       4.5402573    0.0043097379       3509.1085      -6.6601069       -8.6915466         2.0314397       3509.1085                           3080.6862                 23.441149                 396.08766                      8.8934617
              6       1747.9551     0.046162483       4.7663577     0.005314265       3509.2304      -6.6601069       -8.6915466         2.0314397       3509.2304                           3080.7738                 23.442854                 396.10607                      8.9077121
              2       1747.9013     0.046908729       4.7692415    0.0055524972       3509.1229      -6.6601069       -8.6915466         2.0314397       3509.1229                           3080.6613                 23.443242                 396.10607                      8.9122222
              3       1747.8741     0.047757864       4.7392658    0.0054406792       3509.0685      -6.6601069       -8.6915466         2.0314397       3509.0685                           3080.6086                 23.443046                 396.10607                      8.9107978
              2        1747.501     0.060325307       4.8358094    0.0063365298       3508.3221      -6.6601069       -8.6915466         2.0314397       3508.3221                           3079.8551                 23.444233                 396.08766                      8.9351686
              1       1747.7784     0.046958697       4.9231533    0.0059605314       3508.8771      -6.6601069       -8.6915466         2.0314397       3508.8771                           3080.4088                 23.443866                 396.10607                      8.9183728
             14       1747.7678     0.046884148       4.9432176    0.0060523751       3508.8558      -6.6601069       -8.6915466         2.0314397       3508.8558                           3080.3858                 23.444015                 396.10607                      8.9198792
              2       1747.7027     0.046790831       5.1183512    0.0096162665       3508.7255      -6.6601069       -8.6915466         2.0314397       3508.7255                           3080.1852                 23.450032                 396.10607                      8.9842892
              4       1747.8293     0.046187053       5.0218368    0.0095047085       3508.9788      -6.6601069       -8.6915466         2.0314397       3508.9788                           3080.4403                 23.449903                 396.10607                      8.9825422
              2       1747.4163     0.059115242       4.7376959    0.0071565623       3508.1529      -6.6601069       -8.6915466         2.0314397       3508.1529                           3079.6713                  23.44572                 396.08766                      8.9482195
              3       1747.5555     0.060495205       4.6426185    0.0051278433       3508.4312      -6.6601069       -8.6915466         2.0314397       3508.4312                           3079.9869                  23.44228                 396.08766                      8.9143299
              2       1747.5844     0.057697258       4.6523213    0.0049261141        3508.489      -6.6601069       -8.6915466         2.0314397        3508.489                           3080.0508                 23.441991                 396.08766                      8.9085535
              5       1747.6618     0.058722492       4.6286974    0.0040631828       3508.6438      -6.6601069       -8.6915466         2.0314397       3508.6438                           3080.2207                 23.440511                 396.08766                      8.8948781
              2       1747.3493     0.056898474        4.975332    0.0095371234       3508.0189      -6.6601069       -8.6915466         2.0314397       3508.0189                           3079.4924                 23.449711                 396.08766                      8.9891314
              2       1747.3845     0.063578887       4.7855401    0.0081420785       3508.0892      -6.6601069       -8.6915466         2.0314397       3508.0892                           3079.5847                 23.447275                 396.08766                      8.9695934
              2       1747.4887     0.058949466       4.8669329    0.0064080908       3508.2977      -6.6601069       -8.6915466         2.0314397       3508.2977                           3079.8305                  23.44437                 396.08766                      8.9351652
              4       1747.7649     0.049570777       5.2422011    0.0040641813       3508.8501      -6.6601069       -8.6915466         2.0314397       3508.8501                           3080.4345                 23.440403                 396.08766                      8.8875387
              5        1747.855       0.0558447       4.9858055     0.003389083       3509.0301      -6.6601069       -8.6915466         2.0314397       3509.0301                           3080.6213                 23.439229                 396.08766                      8.8819276
              7       1747.4746     0.061311151       4.6179311    0.0060092373       3508.2695      -6.6601069       -8.6915466         2.0314397       3508.2695                            3079.808                 23.443781                 396.08766                      8.9300782
              3       1747.4084     0.055752652       4.8743791    0.0082384875        3508.137      -6.6601069       -8.6915466         2.0314397        3508.137                            3079.637                 23.447572                 396.08766                      8.9648318
              2       1747.8199     0.061001304       5.2564108    0.0070752291         3508.96      -6.6601069       -8.6915466         2.0314397         3508.96                           3080.4763                 23.445213                 396.08766                      8.9507504
              2       1747.4996     0.061101665       4.7835266    0.0062324277       3508.3195      -6.6601069       -8.6915466         2.0314397       3508.3195                           3079.8538                 23.444069                 396.08766                      8.9339947
              2       1747.4443     0.065895081        4.721971    0.0075219257       3508.2088      -6.6601069       -8.6915466         2.0314397       3508.2088                           3079.7141                 23.446201                 396.08766                      8.9607979
              2       1747.5381     0.056007104       4.6311725    0.0090587194       3508.3964      -6.6601069       -8.6915466         2.0314397       3508.3964                           3079.8605                 23.449105                 396.10607                      8.9807942
              1       1747.5736     0.055728393       4.6287944    0.0095722939       3508.4674      -6.6601069       -8.6915466         2.0314397       3508.4674                           3079.9215                 23.449992                 396.10607                      8.9898683
              6       1747.4623      0.05792338       4.6450947    0.0097202981       3508.2448      -6.6601069       -8.6915466         2.0314397       3508.2448                           3079.6944                  23.45019                 396.10607                      8.9940939
              1       1748.0496     0.069013159       4.5783986    0.0030527196       3509.4195      -6.6601069       -8.6915466         2.0314397       3509.4195                           3081.0043                 23.438602                 396.08766                      8.8888449
              1       1748.0154     0.063677475       4.9742818    0.0045720863       3509.3511      -6.6601069       -8.6915466         2.0314397       3509.3511                           3080.9122                 23.441056                 396.08766                       8.910186
              1        1747.748      0.05858785        4.960324    0.0045391366       3508.8162      -6.6601069       -8.6915466         2.0314397       3508.8162                           3080.3838                 23.441135                 396.08766                      8.9035649
              1       1747.3053     0.062509307       4.7620138    0.0098495515       3507.9309      -6.6601069       -8.6915466         2.0314397       3507.9309                           3079.3936                  23.45024                 396.08766                      8.9993802
              1       1747.3427     0.063934852        4.814377    0.0091912219       3508.0057      -6.6601069       -8.6915466         2.0314397       3508.0057                           3079.4803                 23.449045                 396.08766                       8.988698
              2       1747.5536     0.049061064       5.1046546    0.0089161067       3508.4273      -6.6601069       -8.6915466         2.0314397       3508.4273                           3079.9004                 23.448778                 396.10607                       8.972112
              1        1747.417     0.061660059       5.0553032    0.0093014518       3508.1542      -6.6601069       -8.6915466         2.0314397       3508.1542                           3079.6282                 23.449136                 396.08766                       8.989175
             13       1747.3908     0.061425347       5.0683697    0.0097753287       3508.1017      -6.6601069       -8.6915466         2.0314397       3508.1017                           3079.5666                 23.449946                 396.08766                      8.9975231
              6       1747.3953     0.061845924       5.0630544    0.0098436224       3508.1109      -6.6601069       -8.6915466         2.0314397       3508.1109                            3079.574                 23.450056                 396.08766                      8.9991633
              1       1747.2905      0.06990548       4.5552551    0.0098349183       3507.9012      -6.6601069       -8.6915466         2.0314397       3507.9012                            3079.358                 23.450183                 396.08766                      9.0054112
              1       1747.3085     0.070738105       4.5650528    0.0097587882       3507.9373      -6.6601069       -8.6915466         2.0314397       3507.9373                           3079.3947                 23.450029                 396.08766                       9.004842
              8        1747.325     0.064230021       4.8416892    0.0099928252       3507.9702      -6.6601069       -8.6915466         2.0314397       3507.9702                           3079.4286                 23.450395                 396.08766                      9.0035536
              3       1747.4569      0.05483566       5.1384866    0.0073643353       3508.2341      -6.6601069       -8.6915466         2.0314397       3508.2341                            3079.752                 23.445949                 396.08766                      8.9484992
              3       1747.6606     0.059670265       5.1304743    0.0065885839       3508.6415      -6.6601069       -8.6915466         2.0314397       3508.6415                           3080.1693                 23.444499                 396.08766                      8.9399999
              1       1747.5874     0.059072173       5.1903869    0.0074474813        3508.495      -6.6601069       -8.6915466         2.0314397        3508.495                           3080.0071                 23.445946                 396.08766                      8.9543505
              1       1747.4463     0.053962858       4.9193279    0.0085446983       3508.2129      -6.6601069       -8.6915466         2.0314397       3508.2129                           3079.6896                 23.448115                 396.10607                      8.9690655
              5       1747.3561     0.069114128       4.6949719    0.0096794312       3508.0323      -6.6601069       -8.6915466         2.0314397       3508.0323                           3079.4926                 23.449841                 396.08766                      9.0022148
              2       1748.1161     0.074082776        4.932316    0.0086575135       3509.5525      -6.6601069       -8.6915466         2.0314397       3509.5525                           3081.0246                 23.447805                 396.08766                      8.9924222
              4        1747.667     0.047053461       5.0883719    0.0064965806       3508.6541      -6.6601069       -8.6915466         2.0314397       3508.6541                           3080.1761                 23.444699                 396.10607                      8.9273004
              6         1747.74      0.04833775       4.8973463    0.0085795517       3508.8003      -6.6601069       -8.6915466         2.0314397       3508.8003                           3080.2791                 23.448324                 396.10607                      8.9668291
              5       1747.4232     0.054725132       4.8962472     0.008530665       3508.1666      -6.6601069       -8.6915466         2.0314397       3508.1666                           3079.6615                 23.448085                 396.08766                      8.9693682
              7       1747.9448     0.046282905       4.8706983    0.0034165833       3509.2099      -6.6601069       -8.6915466         2.0314397       3509.2099                            3080.808                 23.439569                 396.08766                      8.8746832
              1       1747.8076     0.050640217       4.6549818    0.0044091916       3508.9354      -6.6601069       -8.6915466         2.0314397       3508.9354                           3080.5117                 23.441262                 396.08766                      8.8947757
              2       1747.5776     0.055799331       4.7485736    0.0052046916       3508.4755      -6.6601069       -8.6915466         2.0314397       3508.4755                           3080.0336                 23.442456                 396.08766                      8.9117333
              1       1747.8188     0.053162951       4.6425937     0.003178729       3508.9578      -6.6601069       -8.6915466         2.0314397       3508.9578                           3080.5553                 23.439117                 396.08766                      8.8757398
              2       1747.8456     0.052079427       4.5628048    0.0036377979       3509.0114      -6.6601069       -8.6915466         2.0314397       3509.0114                            3080.601                 23.439962                 396.08766                      8.8828335
              9       1747.9725     0.049590975       4.5531717    0.0034665851       3509.2652      -6.6601069       -8.6915466         2.0314397       3509.2652                           3080.8593                 23.439726                 396.08766                      8.8784983
              3       1747.9746     0.048878594       4.5513962    0.0048429429       3509.2695      -6.6601069       -8.6915466         2.0314397       3509.2695                           3080.8195                 23.442088                 396.10607                      8.9018229
              2       1747.7976     0.053552907       4.5464017    0.0036892818       3508.9155      -6.6601069       -8.6915466         2.0314397       3508.9155                           3080.5031                 23.440027                 396.08766                      8.8847217
              5       1748.2361     0.045873708       4.5211827    0.0033954893       3509.7924      -6.6601069       -8.6915466         2.0314397       3509.7924                            3081.371                 23.439696                 396.10607                      8.8756391
              1        1747.644     0.048317864       5.2236042    0.0052975505       3508.6082      -6.6601069       -8.6915466         2.0314397       3508.6082                           3080.1706                 23.442549                 396.08766                      8.9073243
              3       1747.7353     0.058465101       5.0993831    0.0054039304       3508.7909      -6.6601069       -8.6915466         2.0314397       3508.7909                           3080.3422                 23.442528                 396.08766                      8.9184928
              5       1747.3772     0.062191893        4.555694    0.0076494755       3508.0746      -6.6601069       -8.6915466         2.0314397       3508.0746                           3079.5809                 23.446602                 396.08766                      8.9594951
              1       1747.8047     0.066780896       4.6715344    0.0044893555       3508.9296      -6.6601069       -8.6915466         2.0314397       3508.9296                           3080.4907                 23.441037                 396.08766                      8.9101809
              3       1747.5066     0.065779142       4.5523407    0.0057900037       3508.3333      -6.6601069       -8.6915466         2.0314397       3508.3333                            3079.872                 23.443351                 396.08766                      8.9302747
              2       1747.3385     0.068846943       4.5571099    0.0084805638       3507.9971      -6.6601069       -8.6915466         2.0314397       3507.9971                           3079.4815                 23.447884                 396.08766                      8.9800417
              2       1748.1677     0.074028927       4.9358605    0.0083497592       3509.6557      -6.6601069       -8.6915466         2.0314397       3509.6557                           3081.1336                 23.447277                 396.08766                      8.9871161
              7       1748.1327     0.063156793       5.1817634    0.0055310339       3509.5855      -6.6601069       -8.6915466         2.0314397       3509.5855                           3081.1281                 23.442567                 396.08766                      8.9271757
              5       1748.2189     0.063802019         5.18931     0.005463134       3509.7579      -6.6601069       -8.6915466         2.0314397       3509.7579                           3081.3008                 23.442429                 396.08766                      8.9270628
              1       1747.5988     0.064523943       4.9469245    0.0074669637       3508.5178      -6.6601069       -8.6915466         2.0314397       3508.5178                           3080.0246                 23.445994                 396.08766                      8.9595498
              5       1747.4767     0.061006564       5.0038703    0.0078068259       3508.2737      -6.6601069       -8.6915466         2.0314397       3508.2737                           3079.7776                 23.446627                 396.08766                      8.9618449
              1       1747.4802     0.061245687       4.9946231     0.007777085       3508.2807      -6.6601069       -8.6915466         2.0314397       3508.2807                           3079.7849                 23.446576                 396.08766                      8.9615374
              2       1747.6366     0.050484915       4.8439957    0.0066986886       3508.5935      -6.6601069       -8.6915466         2.0314397       3508.5935                           3080.1083                  23.44508                 396.10607                      8.9340011
              1       1747.7987     0.047945424       4.8244664    0.0075080672       3508.9176      -6.6601069       -8.6915466         2.0314397       3508.9176                           3080.4179                 23.446534                 396.10607                      8.9471094
              3        1747.354     0.057775146       4.8654794    0.0097951698       3508.0282      -6.6601069       -8.6915466         2.0314397       3508.0282                           3079.4957                 23.450196                 396.08766                      8.9946773
              8       1748.0949      0.04539753       4.7014063    0.0037862031         3509.51      -6.6601069       -8.6915466         2.0314397         3509.51                           3081.0824                 23.440294                 396.10607                      8.8811738
              2       1747.8405     0.056989951       4.8262119    0.0030640206       3509.0012      -6.6601069       -8.6915466         2.0314397       3509.0012                           3080.5975                 23.438739                 396.08766                      8.8772568
              4        1747.646     0.053419988       4.7585042    0.0048305301       3508.6122      -6.6601069       -8.6915466         2.0314397       3508.6122                           3080.1791                 23.441867                 396.08766                      8.9035428
              1       1747.6696     0.054166565       4.7088593    0.0044536088       3508.6594      -6.6601069       -8.6915466         2.0314397       3508.6594                           3080.2327                 23.441233                 396.08766                      8.8977463
              2       1747.6818      0.06225281       4.7477724    0.0046879672       3508.6838      -6.6601069       -8.6915466         2.0314397       3508.6838                           3080.2457                 23.441429                 396.08766                      8.9089471
              6       1747.7318     0.067831014       4.7629738    0.0060372136       3508.7838      -6.6601069       -8.6915466         2.0314397       3508.7838                           3080.3148                 23.443594                 396.08766                       8.937785
              2       1748.2521     0.072582768       4.8301077    0.0057091251       3509.8245      -6.6601069       -8.6915466         2.0314397       3509.8245                           3081.3546                 23.442878                 396.08766                      8.9392974
              1       1747.5215      0.05937995         5.06861    0.0072684306       3508.3632      -6.6601069       -8.6915466         2.0314397       3508.3632                           3079.8788                 23.445707                 396.08766                      8.9510367
              6       1747.6128     0.059687335       5.1326799    0.0070059091       3508.5458      -6.6601069       -8.6915466         2.0314397       3508.5458                           3080.0658                 23.445211                 396.08766                      8.9471417
              2       1747.5881     0.059498524       5.1051075    0.0069421678       3508.4964      -6.6601069       -8.6915466         2.0314397       3508.4964                           3080.0179                 23.445124                 396.08766                      8.9456986
              5       1747.8955     0.068842518       5.1221608    0.0095900772       3509.1113      -6.6601069       -8.6915466         2.0314397       3509.1113                           3080.5708                 23.449396                 396.08766                       9.003503
              9       1748.0421     0.070526787        5.136578     0.009914213       3509.4045      -6.6601069       -8.6915466         2.0314397       3509.4045                           3080.8552                 23.449896                 396.08766                       9.011766
              1       1748.7086     0.071837911        5.281883    0.0090735946       3510.7375      -6.6601069       -8.6915466         2.0314397       3510.7375                              3082.2                 23.448309                 396.08766                      9.0015367
              2        1747.556     0.060235997        5.167032    0.0080421023       3508.4321      -6.6601069       -8.6915466         2.0314397       3508.4321                           3079.9317                 23.446946                 396.08766                      8.9658695
              8       1747.8933     0.061527499       5.1818236    0.0061575562       3509.1068      -6.6601069       -8.6915466         2.0314397       3509.1068                           3080.6401                 23.443681                 396.08766                      8.9353559
              1       1747.6002     0.050256246       5.2108247    0.0055984567       3508.5207      -6.6601069       -8.6915466         2.0314397       3508.5207                            3080.076                 23.443016                 396.08766                      8.9140105
              3       1747.7121     0.052770689       4.9040319    0.0040459329       3508.7444      -6.6601069       -8.6915466         2.0314397       3508.7444                           3080.3265                 23.440468                 396.08766                      8.8897222
              1       1747.7224     0.051053947       5.1317883    0.0042638632        3508.765      -6.6601069       -8.6915466         2.0314397        3508.765                           3080.3445                 23.440762                 396.08766                      8.8920582
              1       1747.5802     0.053596464       4.8386366    0.0054920348       3508.4806      -6.6601069       -8.6915466         2.0314397       3508.4806                           3080.0351                 23.442949                 396.08766                      8.9149128
              4       1747.4838      0.05409602       4.9216502     0.006765118       3508.2878      -6.6601069       -8.6915466         2.0314397       3508.2878                           3079.8177                 23.445066                 396.08766                      8.9373496
              4        1747.501      0.05273186       4.8967263     0.007382227       3508.3223      -6.6601069       -8.6915466         2.0314397       3508.3223                           3079.8411                 23.446168                 396.08766                      8.9473773
              1       1747.4762      0.06041684        4.770467    0.0063517449       3508.2726      -6.6601069       -8.6915466         2.0314397       3508.2726                           3079.8052                 23.444296                 396.08766                      8.9353702
              3       1747.6006     0.059126119       4.8718706    0.0053509608       3508.5215      -6.6601069       -8.6915466         2.0314397       3508.5215                           3080.0739                 23.442558                 396.08766                      8.9173471
              3       1747.9878     0.064454705       4.9950563    0.0052018875       3509.2958      -6.6601069       -8.6915466         2.0314397       3509.2958                           3080.8443                 23.442096                 396.08766                      8.9216875
              2       1747.6447     0.050729659       4.8484559    0.0057016918       3508.6096      -6.6601069       -8.6915466         2.0314397       3508.6096                            3080.162                 23.443369                 396.08766                       8.916581
              4       1747.6578     0.050297198       4.8545914    0.0057114917       3508.6358      -6.6601069       -8.6915466         2.0314397       3508.6358                           3080.1883                 23.443393                 396.08766                      8.9164671
              9       1747.6404      0.05609265       4.9110379    0.0047575602       3508.6009      -6.6601069       -8.6915466         2.0314397       3508.6009                           3080.1671                 23.441597                 396.08766                      8.9045619
              6       1747.4361     0.062318593       4.5112131     0.006462496       3508.1924      -6.6601069       -8.6915466         2.0314397       3508.1924                           3079.7214                 23.444595                 396.08766                      8.9387552
              1       1747.8465     0.070812239         4.52604    0.0042726578       3509.0131      -6.6601069       -8.6915466         2.0314397       3509.0131                           3080.5746                 23.440676                 396.08766                      8.9102015
              1       1747.9711     0.063260025       4.8318317    0.0036270891       3509.2625      -6.6601069       -8.6915466         2.0314397       3509.2625                           3080.8421                 23.439547                 396.08766                      8.8931967
              4       1747.5475     0.057699963       5.2956702    0.0081235977       3508.4151      -6.6601069       -8.6915466         2.0314397       3508.4151                           3079.9153                 23.447074                 396.08766                      8.9651013
              6       1747.4085     0.054514452       5.1202088    0.0081267927       3508.1372      -6.6601069       -8.6915466         2.0314397       3508.1372                           3079.6405                 23.447273                 396.08766                      8.9617023
              3       1747.3687     0.055267552       5.1161883    0.0090870364       3508.0576      -6.6601069       -8.6915466         2.0314397       3508.0576                           3079.5415                   23.4489                 396.08766                      8.9795833
              1       1747.3925     0.056772971       4.8442665    0.0093902359       3508.1052      -6.6601069       -8.6915466         2.0314397       3508.1052                            3079.563                 23.449538                 396.10607                      8.9865726
              4       1747.3399     0.062764332       4.8099062    0.0089295058       3508.0001      -6.6601069       -8.6915466         2.0314397       3508.0001                           3079.4809                 23.448627                 396.08766                      8.9829085
              2       1747.4778     0.055103763       4.7878184     0.007122742       3508.2758      -6.6601069       -8.6915466         2.0314397       3508.2758                           3079.7979                 23.445726                 396.08766                      8.9445872
              3       1747.5247     0.048861357       5.1784388    0.0079848757       3508.3697      -6.6601069       -8.6915466         2.0314397       3508.3697                           3079.8618                  23.44715                 396.10607                       8.954725
              2       1747.8353     0.050371875       5.0077836     0.003155479       3508.9907      -6.6601069       -8.6915466         2.0314397       3508.9907                           3080.5911                 23.438957                 396.08766                      8.8730222
              4       1748.0122     0.045919955        4.751602     0.004077972       3509.3445      -6.6601069       -8.6915466         2.0314397       3509.3445                           3080.9115                 23.440758                 396.10607                      8.8861899
              2       1748.0109     0.045940201       4.7517427    0.0040754438       3509.3421      -6.6601069       -8.6915466         2.0314397       3509.3421                           3080.9091                 23.440753                 396.10607                      8.8861563
              5       1747.9591     0.046689245       4.7552345    0.0042118433       3509.2384      -6.6601069       -8.6915466         2.0314397       3509.2384                           3080.8025                 23.440967                 396.10607                       8.888853
              3        1747.524     0.060707736       4.8261986    0.0061210066       3508.3682      -6.6601069       -8.6915466         2.0314397       3508.3682                           3079.9049                 23.443862                 396.08766                      8.9318262
              3       1747.4064      0.06330054       4.6883978    0.0072265199        3508.133      -6.6601069       -8.6915466         2.0314397        3508.133                           3079.6465                 23.445775                 396.08766                      8.9530417
              5       1747.3982     0.062885438        4.754648    0.0076087912       3508.1167      -6.6601069       -8.6915466         2.0314397       3508.1167                           3079.6231                 23.446398                 396.08766                       8.959478
              1       1747.4265     0.055931921       4.8319302    0.0077620255       3508.1732      -6.6601069       -8.6915466         2.0314397       3508.1732                           3079.6823                 23.446776                 396.08766                      8.9564753
              2       1747.4058     0.056247888       4.9755775    0.0078274848       3508.1317      -6.6601069       -8.6915466         2.0314397       3508.1317                           3079.6395                 23.446799                 396.08766                      8.9577684
              1       1747.6808     0.051890383       4.9724737    0.0044472904       3508.6818      -6.6601069       -8.6915466         2.0314397       3508.6818                           3080.2573                 23.441138                 396.08766                      8.8957451
              3       1747.8452     0.049646901       4.8630327    0.0032433769       3509.0106      -6.6601069       -8.6915466         2.0314397       3509.0106                           3080.6098                 23.439197                 396.08766                      8.8739703
              5       1747.7452     0.049911482       4.7340815    0.0071666876       3508.8107      -6.6601069       -8.6915466         2.0314397       3508.8107                           3080.3165                 23.445948                 396.10607                      8.9422293
              1       1747.6876     0.049973044       4.8021432     0.006794571       3508.6954      -6.6601069       -8.6915466         2.0314397       3508.6954                           3080.2084                 23.445277                 396.10607                      8.9356012
              1       1747.7656     0.054953672        4.675638    0.0033465013       3508.8513      -6.6601069       -8.6915466         2.0314397       3508.8513                           3080.4445                 23.439347                 396.08766                      8.8798727
              5       1747.7161     0.057832661       4.6523157    0.0036222469       3508.7524      -6.6601069       -8.6915466         2.0314397       3508.7524                           3080.3382                 23.439766                 396.08766                      8.8868126
              6       1748.1026     0.045188429       4.8724071    0.0097162852       3509.5253      -6.6601069       -8.6915466         2.0314397       3509.5253                           3080.9816                 23.450361                 396.10607                      8.9873479
              6       1747.7538     0.051529235       4.6744537    0.0089368768       3508.8279      -6.6601069       -8.6915466         2.0314397       3508.8279                            3080.297                 23.448972                 396.10607                      8.9758416
              1       1747.8546     0.049514535       4.7215093    0.0090393657       3509.0294      -6.6601069       -8.6915466         2.0314397       3509.0294                           3080.4972                  23.44917                 396.10607                      8.9769571
              2       1747.5249     0.055209471       5.0317199    0.0061876119       3508.3701      -6.6601069       -8.6915466         2.0314397       3508.3701                           3079.9102                  23.44399                 396.08766                      8.9282307
              3       1747.6037     0.070462946       4.5113612    0.0056990798       3508.5276      -6.6601069       -8.6915466         2.0314397       3508.5276                           3080.0635                 23.443125                 396.08766                      8.9333546
             13       1747.5307     0.067342911       4.5313353    0.0057215653       3508.3815      -6.6601069       -8.6915466         2.0314397       3508.3815                           3079.9201                 23.443215                 396.08766                       8.930579
             12        1747.819     0.051467646       5.2921339    0.0040472669       3508.9582      -6.6601069       -8.6915466         2.0314397       3508.9582                            3080.541                 23.440293                 396.08766                      8.8891848
              8       1747.8188     0.051015881       5.2864499    0.0039475164       3508.9579      -6.6601069       -8.6915466         2.0314397       3508.9579                            3080.543                 23.440139                 396.08766                       8.887068
              3       1747.7184     0.050888985       5.2372655    0.0045366415       3508.7569      -6.6601069       -8.6915466         2.0314397       3508.7569                           3080.3315                 23.441174                 396.08766                      8.8966095
              2        1747.567     0.055960125       4.7485569    0.0053160631       3508.4542      -6.6601069       -8.6915466         2.0314397       3508.4542                           3080.0102                 23.442642                 396.08766                      8.9137635
              5       1747.4883     0.066564246       4.8768596    0.0087539123       3508.2968      -6.6601069       -8.6915466         2.0314397       3508.2968                            3079.777                 23.448193                 396.08766                      8.9838748
              6       1747.5833     0.068539179       4.8649601    0.0085992408       3508.4868      -6.6601069       -8.6915466         2.0314397       3508.4868                            3079.968                 23.447889                 396.08766                      8.9833403
              1       1747.6616     0.062776858       5.2236931    0.0089564369       3508.6435      -6.6601069       -8.6915466         2.0314397       3508.6435                           3080.1222                 23.448404                 396.08766                      8.9852458
              7        1747.589     0.054965836       5.1698792    0.0060398647       3508.4983      -6.6601069       -8.6915466         2.0314397       3508.4983                           3080.0412                 23.443665                 396.08766                      8.9257573
              3       1748.0794     0.063834601        5.163613     0.005972793        3509.479      -6.6601069       -8.6915466         2.0314397        3509.479                           3081.0128                 23.443315                 396.08766                      8.9352274
              1       1748.5938      0.06932471       5.1861914     0.006600936       3510.5078      -6.6601069       -8.6915466         2.0314397       3510.5078                           3082.0217                 23.444223                 396.08766                      8.9542288
              4       1748.2917     0.068504309       5.1645583    0.0073663193       3509.9036      -6.6601069       -8.6915466         2.0314397       3509.9036                            3081.405                 23.445569                 396.08766                      8.9653369
              4       1748.4114     0.071528956       5.1231925    0.0080652947       3510.1431      -6.6601069       -8.6915466         2.0314397       3510.1431                           3081.6275                 23.446713                 396.08766                      8.9812494
              2         1747.48     0.061426662       4.5857041    0.0058961678       3508.2803      -6.6601069       -8.6915466         2.0314397       3508.2803                           3079.8208                 23.443604                 396.08766                      8.9282138
              1        1747.778     0.048579792       4.8741463    0.0044746065       3508.8761      -6.6601069       -8.6915466         2.0314397       3508.8761                           3080.4532                 23.441315                 396.08766                      8.8939998
              3       1747.6958     0.049428451       4.8804087    0.0053431549       3508.7117      -6.6601069       -8.6915466         2.0314397       3508.7117                           3080.2718                 23.442773                 396.08766                      8.9094567
              2       1748.0977     0.045648132       4.7785406     0.008784474       3509.5156      -6.6601069       -8.6915466         2.0314397       3509.5156                           3080.9901                 23.448795                 396.10607                      8.9705624
              1       1748.2632     0.045414268       4.6302081    0.0081267674       3509.8465      -6.6601069       -8.6915466         2.0314397       3509.8465                           3081.3333                 23.447739                 396.10607                      8.9593934
              1       1747.4252     0.058142937       4.7289837    0.0072272964       3508.1707      -6.6601069       -8.6915466         2.0314397       3508.1707                           3079.6884                 23.445868                 396.08766                      8.9487154
             11       1747.6159     0.050320613       5.0062704    0.0055269041        3508.552      -6.6601069       -8.6915466         2.0314397        3508.552                           3080.1084                 23.443001                 396.08766                      8.9129527
              6       1747.6381     0.051342216       4.8897548    0.0052056775       3508.5964      -6.6601069       -8.6915466         2.0314397       3508.5964                            3080.158                 23.442487                 396.08766                      8.9083088
              2       1748.0825     0.059802161       5.0324805    0.0033162319       3509.4853      -6.6601069       -8.6915466         2.0314397       3509.4853                           3081.0731                 23.438978                 396.08766                      8.8854975
              2       1748.1487     0.064506195       5.0496014    0.0048409249       3509.6177      -6.6601069       -8.6915466         2.0314397       3509.6177                           3081.1722                 23.441443                 396.08766                      8.9163896
              4       1747.7583     0.048725792       4.8179017    0.0053827175       3508.8368      -6.6601069       -8.6915466         2.0314397       3508.8368                           3080.3963                 23.442887                 396.08766                      8.9099428
              1       1747.5671     0.053019087        4.775086    0.0064626953       3508.4545      -6.6601069       -8.6915466         2.0314397       3508.4545                           3079.9906                 23.444653                 396.08766                      8.9315645
              2       1748.1541     0.073827987       4.8454302     0.007048773       3509.6285      -6.6601069       -8.6915466         2.0314397       3509.6285                           3081.1322                 23.445125                 396.08766                      8.9635165
              1       1748.0187     0.074370263       4.8004786    0.0075478034       3509.3576      -6.6601069       -8.6915466         2.0314397       3509.3576                           3080.8518                 23.445998                 396.08766                      8.9721004
              5       1747.2984     0.069688389       4.5445853    0.0094287801       3507.9169      -6.6601069       -8.6915466         2.0314397       3507.9169                           3079.3819                 23.449499                 396.08766                      8.9978268
              2       1748.3765     0.065110168       5.1170887    0.0046247243       3510.0733      -6.6601069       -8.6915466         2.0314397       3510.0733                           3081.6301                 23.441014                 396.08766                       8.914517
              1       1747.5256     0.060172128       4.8134252    0.0059583969       3508.3714      -6.6601069       -8.6915466         2.0314397       3508.3714                           3079.9116                 23.443605                 396.08766                      8.9284963
              1       1747.6693     0.053996993       4.8209891    0.0043506553       3508.6589      -6.6601069       -8.6915466         2.0314397       3508.6589                           3080.2344                 23.441002                 396.08766                       8.895826
              5       1747.9749     0.047839431       4.6614955    0.0037086007         3509.27      -6.6601069       -8.6915466         2.0314397         3509.27                            3080.861                 23.440126                 396.08766                      8.8812283
              3       1747.9578     0.046481584       4.7581198    0.0045314218       3509.2358      -6.6601069       -8.6915466         2.0314397       3509.2358                           3080.7939                 23.441515                 396.10607                      8.8942485
              2       1747.6379     0.049718105         4.97458    0.0055720279       3508.5961      -6.6601069       -8.6915466         2.0314397       3508.5961                           3080.1519                 23.443109                 396.08766                      8.9133781
              4       1747.6605      0.04859769       5.0301012    0.0054858116       3508.6412      -6.6601069       -8.6915466         2.0314397       3508.6412                           3080.1996                 23.442962                 396.08766                      8.9110369
              1       1747.6811     0.047643553       5.0060316    0.0065462904       3508.6825      -6.6601069       -8.6915466         2.0314397       3508.6825                           3080.2028                 23.444809                 396.10607                      8.9287834
              1       1747.5218     0.050997469        5.002593    0.0089890999       3508.3637      -6.6601069       -8.6915466         2.0314397       3508.3637                           3079.8339                 23.448906                 396.10607                       8.974856
              4        1747.428     0.054919299       4.8664944    0.0086139445       3508.1762      -6.6601069       -8.6915466         2.0314397       3508.1762                           3079.6693                  23.44824                 396.08766                      8.9710844
              4       1747.3396     0.060911497       4.8788933    0.0090588279       3507.9995      -6.6601069       -8.6915466         2.0314397       3507.9995                           3079.4793                  23.44885                 396.08766                      8.9836954
              7       1747.3523     0.062211072        4.846372    0.0087969376       3508.0248      -6.6601069       -8.6915466         2.0314397       3508.0248                           3079.5087                 23.448391                 396.08766                      8.9800888
              3       1747.4269     0.062812447       4.8937219    0.0081420736       3508.1739      -6.6601069       -8.6915466         2.0314397       3508.1739                           3079.6699                 23.447225                 396.08766                      8.9691596
              5       1747.3354     0.064841636       4.5488913    0.0081170119       3507.9911      -6.6601069       -8.6915466         2.0314397       3507.9911                           3079.4861                  23.44735                 396.08766                      8.9699826
              1        1747.625     0.052095342       4.8273253    0.0053769763       3508.5702      -6.6601069       -8.6915466         2.0314397       3508.5702                           3080.1279                 23.442794                 396.08766                      8.9118885
              5       1747.6095     0.055586802       4.8654499    0.0049193896       3508.5393      -6.6601069       -8.6915466         2.0314397       3508.5393                           3080.1029                  23.44191                 396.08766                      8.9067612
              2       1748.5775      0.06831491       5.1280838    0.0054180783       3510.4751      -6.6601069       -8.6915466         2.0314397       3510.4751                           3082.0128                 23.442274                 396.08766                      8.9323888
              1       1748.5745     0.066858873       5.1759221    0.0051870575       3510.4692      -6.6601069       -8.6915466         2.0314397       3510.4692                           3082.0126                 23.441885                 396.08766                      8.9270412
              1       1747.9138     0.067639804       4.9090443    0.0061745369       3509.1478      -6.6601069       -8.6915466         2.0314397       3509.1478                           3080.6753                 23.443735                 396.08766                      8.9411374
              2       1747.9848     0.070173246       5.0379879    0.0085941792       3509.2899      -6.6601069       -8.6915466         2.0314397       3509.2899                           3080.7674                 23.447717                 396.08766                      8.9870641
              1       1747.6101     0.068095013       4.9633855    0.0093640813       3508.5403      -6.6601069       -8.6915466         2.0314397       3508.5403                           3080.0065                 23.449142                 396.08766                      8.9970318
              1        1747.431     0.059455256       4.9912246    0.0078207653       3508.1823      -6.6601069       -8.6915466         2.0314397       3508.1823                           3079.6874                 23.446698                 396.08766                      8.9604997
              4       1747.5492     0.065533129       4.6431225    0.0058496195       3508.4187      -6.6601069       -8.6915466         2.0314397       3508.4187                           3079.9563                 23.443402                 396.08766                      8.9313696
              3       1748.2158     0.045513272       4.5736829    0.0061596189       3509.7519      -6.6601069       -8.6915466         2.0314397       3509.7519                            3081.278                 23.444396                 396.10607                       8.923438
              2       1747.5714     0.055507301       4.5854889    0.0076806038        3508.463      -6.6601069       -8.6915466         2.0314397        3508.463                           3079.9546                 23.446779                 396.10607                       8.955509
              7       1747.5862     0.061047449       4.6497928    0.0048775368       3508.4926      -6.6601069       -8.6915466         2.0314397       3508.4926                           3080.0525                 23.441837                 396.08766                      8.9106184
              1       1747.6415     0.061481317       4.6338112    0.0043833839       3508.6032      -6.6601069       -8.6915466         2.0314397       3508.6032                           3080.1718                 23.440994                 396.08766                      8.9027192
             10       1747.9275     0.052468736       5.2630367    0.0034304415       3509.1751      -6.6601069       -8.6915466         2.0314397       3509.1751                           3080.7681                 23.439232                 396.08766                      8.8800866
              1       1747.4061     0.059037362       4.7917664     0.007375884       3508.1323      -6.6601069       -8.6915466         2.0314397       3508.1323                           3079.6466                 23.446066                 396.08766                      8.9520194
              1       1747.9016     0.063137473       5.2673442    0.0077697133       3509.1235      -6.6601069       -8.6915466         2.0314397       3509.1235                           3080.6239                 23.446333                 396.08766                      8.9655377
              2       1747.9406      0.06332292       5.2630291    0.0075667686       3509.2014      -6.6601069       -8.6915466         2.0314397       3509.2014                           3080.7055                 23.445984                 396.08766                      8.9622931
              2       1748.0258     0.057846389       5.2941453    0.0047249025       3509.3718      -6.6601069       -8.6915466         2.0314397       3509.3718                           3080.9351                 23.441267                 396.08766                      8.9077614
              7       1747.6678         0.05424       5.0462449    0.0047476214       3508.6558      -6.6601069       -8.6915466         2.0314397       3508.6558                           3080.2237                  23.44155                 396.08766                      8.9029185
              4       1747.5736     0.055814584        4.864369    0.0052930989       3508.4674      -6.6601069       -8.6915466         2.0314397       3508.4674                           3080.0239                 23.442543                 396.08766                      8.9132739
              2       1747.5237     0.055344941       4.7728029    0.0060575155       3508.3676      -6.6601069       -8.6915466         2.0314397       3508.3676                             3079.91                 23.443909                 396.08766                      8.9260607
              1       1747.7511     0.053035734       5.2548661    0.0046919463       3508.8224      -6.6601069       -8.6915466         2.0314397       3508.8224                            3080.392                 23.441369                 396.08766                      8.9013565
              9       1748.8278     0.068763239       5.2659694     0.006193915       3510.9758      -6.6601069       -8.6915466         2.0314397       3510.9758                           3082.4967                 23.443484                 396.08766                      8.9479208
              1       1748.7894     0.069173094       5.2658549    0.0066147601       3510.8991      -6.6601069       -8.6915466         2.0314397       3510.8991                           3082.4117                 23.444191                 396.08766                       8.955504
              1       1748.2747     0.069317939         5.03986    0.0064006002       3509.8695      -6.6601069       -8.6915466         2.0314397       3509.8695                           3081.3891                 23.443988                 396.08766                      8.9487677
              4       1749.3582     0.071340245       5.2959786    0.0060389791       3512.0366      -6.6601069       -8.6915466         2.0314397       3512.0366                           3083.5552                 23.443125                 396.08766                      8.9506321
              7       1748.0302     0.046967775        4.648063    0.0040469722       3509.3806      -6.6601069       -8.6915466         2.0314397       3509.3806                           3080.9471                 23.440728                 396.10607                      8.8866405
              4       1747.7858     0.050703746       4.6969199    0.0043393621       3508.8918      -6.6601069       -8.6915466         2.0314397       3508.8918                           3080.4695                 23.441121                 396.08766                      8.8934836
              3        1747.879     0.049519645       4.6484323    0.0040938423       3509.0782      -6.6601069       -8.6915466         2.0314397       3509.0782                            3080.661                 23.440752                 396.08766                      8.8887667
              2       1747.9698     0.047611052       4.6614958     0.004374265       3509.2598      -6.6601069       -8.6915466         2.0314397       3509.2598                             3080.82                 23.441266                 396.10607                      8.8925258
              2       1747.3125     0.061216063       4.8452877    0.0099153009       3507.9453      -6.6601069       -8.6915466         2.0314397       3507.9453                           3079.4077                 23.450332                 396.08766                      8.9995237
              4       1747.3493     0.057137035       4.9454393    0.0096005678       3508.0187      -6.6601069       -8.6915466         2.0314397       3508.0187                           3079.4907                 23.449832                 396.08766                      8.9905065
              1       1747.3698     0.056185779       4.9357366     0.009667172       3508.0598      -6.6601069       -8.6915466         2.0314397       3508.0598                           3079.5311                 23.449975                 396.08766                      8.9910688
              6       1747.3408     0.057242056       5.0001775    0.0097480636       3508.0018      -6.6601069       -8.6915466         2.0314397       3508.0018                           3079.4708                  23.45005                 396.08766                      8.9932411
              2       1747.5116     0.071271139       4.7555929    0.0093900027       3508.3434      -6.6601069       -8.6915466         2.0314397       3508.3434                           3079.8068                 23.449255                 396.08766                      8.9996912
              1        1747.911     0.069122256       4.7435883    0.0051953018       3509.1422      -6.6601069       -8.6915466         2.0314397       3509.1422                           3080.6872                 23.442141                 396.08766                      8.9251917
              3       1747.4761      0.05762853       4.8668877    0.0064644429       3508.2724      -6.6601069       -8.6915466         2.0314397       3508.2724                           3079.8053                 23.444498                 396.08766                      8.9349424
              1       1747.4785     0.055479486       4.8606217    0.0066047219       3508.2773      -6.6601069       -8.6915466         2.0314397       3508.2773                           3079.8092                 23.444792                 396.08766                      8.9356254
              1       1747.4268     0.055885877       4.9179625    0.0074408244       3508.1737      -6.6601069       -8.6915466         2.0314397       3508.1737                           3079.6893                  23.44618                 396.08766                      8.9506326
              4       1747.5337     0.050848618       5.1790996    0.0063875234       3508.3876      -6.6601069       -8.6915466         2.0314397       3508.3876                           3079.9275                 23.444365                 396.08766                      8.9281119
              1       1747.6272     0.049669181       5.0680986    0.0054070364       3508.5747      -6.6601069       -8.6915466         2.0314397       3508.5747                           3080.1339                 23.442781                 396.08766                      8.9103431
              1       1747.6112     0.055641894       5.0010366    0.0052579738       3508.5427      -6.6601069       -8.6915466         2.0314397       3508.5427                           3080.0999                  23.44241                 396.08766                      8.9127258
              2       1747.6092     0.055642784       4.9996876    0.0052720748       3508.5386      -6.6601069       -8.6915466         2.0314397       3508.5386                           3080.0956                 23.442435                 396.08766                      8.9129619
              1       1748.2566     0.070139382        4.825642     0.004553805       3509.8335      -6.6601069       -8.6915466         2.0314397       3509.8335                           3081.3879                 23.440968                 396.08766                      8.9169871
              5       1747.8721     0.069568069       4.6689412    0.0049156626       3509.0645      -6.6601069       -8.6915466         2.0314397       3509.0645                           3080.6146                 23.441704                 396.08766                      8.9204567
              1       1747.8138     0.049549086       4.6864709    0.0050296729       3508.9478      -6.6601069       -8.6915466         2.0314397       3508.9478                            3080.513                 23.442329                 396.08766                      8.9047611
              2       1747.7495     0.050871375       4.6721111    0.0076273795       3508.8192      -6.6601069       -8.6915466         2.0314397       3508.8192                            3080.315                 23.446745                 396.10607                      8.9513777
              3       1747.7841     0.050639002       4.6514151    0.0076238956       3508.8883      -6.6601069       -8.6915466         2.0314397       3508.8883                           3080.3841                 23.446754                 396.10607                      8.9513395
              5       1747.6817     0.052491126       4.6587357    0.0083151141       3508.6837      -6.6601069       -8.6915466         2.0314397       3508.6837                           3080.1649                 23.447893                 396.10607                      8.9647958
              1        1747.897     0.048785074        4.727364    0.0089133781       3509.1142      -6.6601069       -8.6915466         2.0314397       3509.1142                           3080.5848                 23.448967                 396.10607                      8.9743006
              2       1747.7906     0.049768807       4.7659487    0.0090897981       3508.9015      -6.6601069       -8.6915466         2.0314397       3508.9015                           3080.3685                 23.449229                 396.10607                      8.9776926
              1       1747.3369     0.065755965       4.8033976    0.0098812836        3507.994      -6.6601069       -8.6915466         2.0314397        3507.994                           3079.4533                 23.450193                 396.08766                      9.0028732
              1       1747.5028     0.069331113       4.5732599    0.0067322287       3508.3258      -6.6601069       -8.6915466         2.0314397       3508.3258                           3079.8432                 23.444872                 396.08766                      8.9500464
              5       1747.6178     0.068433421       4.6698175    0.0062708546       3508.5558      -6.6601069       -8.6915466         2.0314397       3508.5558                           3080.0824                 23.444041                 396.08766                      8.9417584
              1       1747.7006     0.069606369       4.6704885    0.0060541944       3508.7214      -6.6601069       -8.6915466         2.0314397       3508.7214                           3080.2506                 23.443645                 396.08766                      8.9394495
              1        1747.738     0.065016843        4.718823    0.0047704861       3508.7961      -6.6601069       -8.6915466         2.0314397       3508.7961                           3080.3538                 23.441525                 396.08766                      8.9131329
              7       1748.1888     0.069231804       4.7794138    0.0040817539       3509.6979      -6.6601069       -8.6915466         2.0314397       3509.6979                           3081.2624                 23.440217                 396.08766                      8.9075962
              2        1747.724     0.057154117       5.1197661    0.0052236539       3508.7682      -6.6601069       -8.6915466         2.0314397       3508.7682                           3080.3242                 23.442243                 396.08766                       8.914116
              4       1747.6004     0.065093495       5.1199492    0.0097152836       3508.5209      -6.6601069       -8.6915466         2.0314397       3508.5209                           3079.9828                 23.449712                 396.08766                      9.0007622
              2       1747.3204     0.062334583       4.7497166    0.0091284983        3507.961      -6.6601069       -8.6915466         2.0314397        3507.961                           3079.4382                 23.449015                 396.08766                       8.986077
              4        1747.324     0.061623593       4.7740228    0.0091298604       3507.9682      -6.6601069       -8.6915466         2.0314397       3507.9682                            3079.446                 23.449019                 396.08766                      8.9855273
              1       1748.2257     0.067176074       4.8649382    0.0038932443       3509.7717      -6.6601069       -8.6915466         2.0314397       3509.7717                           3081.3414                 23.439886                 396.08766                      8.9027579
              1       1748.1335     0.068184456       4.7282213    0.0035406766       3509.5872      -6.6601069       -8.6915466         2.0314397       3509.5872                           3081.1632                 23.439353                 396.08766                      8.8970064
              7       1747.9576     0.064908035       5.1449556    0.0070451801       3509.2354      -6.6601069       -8.6915466         2.0314397       3509.2354                           3080.7481                  23.44513                 396.08766                      8.9544574
              4       1748.0032      0.06663205       5.0514317    0.0066464692       3509.3266      -6.6601069       -8.6915466         2.0314397       3509.3266                           3080.8453                 23.444468                 396.08766                      8.9491501
              2       1747.5605     0.061037602       4.8890025    0.0061934316       3508.4412      -6.6601069       -8.6915466         2.0314397       3508.4412                            3079.976                  23.44394                 396.08766                      8.9336127
              4       1747.6855      0.05143784       4.7722866    0.0050193669       3508.6912      -6.6601069       -8.6915466         2.0314397       3508.6912                           3080.2559                 23.442227                 396.08766                      8.9054077
              1       1747.7044     0.050452825       5.0093991    0.0043625547        3508.729      -6.6601069       -8.6915466         2.0314397        3508.729                           3080.3072                  23.44101                 396.08766                      8.8931755
              3       1747.7433      0.04889154       4.9744093    0.0043399018       3508.8067      -6.6601069       -8.6915466         2.0314397       3508.8067                           3080.3863                 23.441028                 396.08766                      8.8916964
              3       1747.7485     0.052520748       4.8270778    0.0037220238       3508.8172      -6.6601069       -8.6915466         2.0314397       3508.8172                           3080.4054                 23.439963                 396.08766                       8.884133
              7       1747.6169     0.056277283        4.764024    0.0047056432       3508.5541      -6.6601069       -8.6915466         2.0314397       3508.5541                           3080.1211                 23.441586                 396.08766                      8.9036726
              6       1747.6386     0.055947873       4.7478306     0.004491122       3508.5974      -6.6601069       -8.6915466         2.0314397       3508.5974                           3080.1688                 23.441236                 396.08766                      8.8997784
              6        1747.882     0.048521012       4.9093655    0.0030526914       3509.0842      -6.6601069       -8.6915466         2.0314397       3509.0842                           3080.6878                 23.438877                 396.08766                      8.8699456
              4       1747.8284     0.048934503       4.8453189    0.0037263086       3508.9771      -6.6601069       -8.6915466         2.0314397       3508.9771                           3080.5678                 23.440045                 396.08766                      8.8815893
              1       1747.5729      0.05613685       4.5878103    0.0058178518        3508.466      -6.6601069       -8.6915466         2.0314397        3508.466                            3080.012                 23.443581                 396.08766                      8.9227931
              3       1747.5907     0.055489889       4.5681497    0.0061995257       3508.5015      -6.6601069       -8.6915466         2.0314397       3508.5015                           3080.0405                 23.444257                 396.08766                      8.9291174
              3       1748.0353     0.048840824       4.5257335    0.0071330331       3509.3908      -6.6601069       -8.6915466         2.0314397       3509.3908                           3080.8962                 23.446012                 396.10607                      8.9425443
              3       1747.3836     0.059213623       4.6708937    0.0092167533       3508.0874      -6.6601069       -8.6915466         2.0314397       3508.0874                            3079.565                 23.449283                 396.08766                      8.9854817
              4       1747.4269     0.055975987       4.8896741    0.0074575267       3508.1739      -6.6601069       -8.6915466         2.0314397       3508.1739                            3079.689                 23.446222                 396.08766                      8.9510151
              2       1747.4242     0.055771043       4.9017464    0.0075578305       3508.1687      -6.6601069       -8.6915466         2.0314397       3508.1687                            3079.682                 23.446392                 396.08766                      8.9526296
              4       1747.4506     0.058342218       4.6415961    0.0098170377       3508.2215      -6.6601069       -8.6915466         2.0314397       3508.2215                           3079.6689                 23.450348                 396.10607                      8.9961587
              6        1747.512     0.051030955       5.0578782    0.0099744813       3508.3442      -6.6601069       -8.6915466         2.0314397       3508.3442                           3079.7943                 23.450565                 396.10607                      8.9932547
              5       1747.6998     0.062300579       5.1057691    0.0071584937       3508.7197      -6.6601069       -8.6915466         2.0314397       3508.7197                            3080.234                 23.445419                 396.08766                      8.9526809
              3       1747.7672     0.051381467        5.021148    0.0037080516       3508.8547      -6.6601069       -8.6915466         2.0314397       3508.8547                           3080.4442                 23.439865                 396.08766                      8.8830009
              1       1747.6527     0.052570804       5.1285356    0.0049600066       3508.6256      -6.6601069       -8.6915466         2.0314397       3508.6256                           3080.1909                  23.44191                 396.08766                      8.9050868
              7       1747.6661     0.051181436       5.1644768    0.0048389276       3508.6525      -6.6601069       -8.6915466         2.0314397       3508.6525                           3080.2213                 23.441721                 396.08766                      8.9018499
              1       1747.6598     0.050635673       5.1412609    0.0048599663       3508.6399      -6.6601069       -8.6915466         2.0314397       3508.6399                           3080.2087                 23.441784                 396.08766                      8.9017304
              3       1747.9297     0.046777372       4.8385881    0.0035464664       3509.1797      -6.6601069       -8.6915466         2.0314397       3509.1797                            3080.775                 23.439793                 396.08766                      8.8772577
              1       1747.6342     0.055758945       5.0466125    0.0052453108       3508.5886      -6.6601069       -8.6915466         2.0314397       3508.5886                           3080.1458                 23.442359                 396.08766                      8.9127492
              1       1747.5651     0.055090308       5.0375573    0.0057625087       3508.4505      -6.6601069       -8.6915466         2.0314397       3508.4505                           3079.9987                 23.443264                 396.08766                      8.9208472
              1       1747.5692     0.058052722       4.9409405    0.0057593435       3508.4586      -6.6601069       -8.6915466         2.0314397       3508.4586                           3080.0043                  23.44324                 396.08766                      8.9233981
              2       1747.6066     0.058246062       4.9335613    0.0054242156       3508.5335      -6.6601069       -8.6915466         2.0314397       3508.5335                           3080.0853                 23.442668                 396.08766                      8.9178995
              1       1747.6952     0.060070619       4.9959038     0.005512082       3508.7106      -6.6601069       -8.6915466         2.0314397       3508.7106                           3080.2586                 23.442735                 396.08766                      8.9215457
             11       1747.7164     0.061956119       4.5552421    0.0035859188        3508.753      -6.6601069       -8.6915466         2.0314397        3508.753                           3080.3359                 23.439671                 396.08766                        8.88977
              8       1747.8287      0.05096711       4.5721628    0.0048518118       3508.9777      -6.6601069       -8.6915466         2.0314397       3508.9777                           3080.5451                 23.442049                 396.08766                       8.902925
              4       1747.9012     0.050097438       4.5456641    0.0050942844       3509.1227      -6.6601069       -8.6915466         2.0314397       3509.1227                           3080.6673                 23.442494                 396.10607                      8.9068273
              1       1747.9023     0.050236338       4.5400344    0.0048794246       3509.1249      -6.6601069       -8.6915466         2.0314397       3509.1249                           3080.6735                 23.442127                 396.10607                      8.9031755
              8        1747.839     0.063462236       4.9010275    0.0049498714       3508.9982      -6.6601069       -8.6915466         2.0314397       3508.9982                           3080.5533                 23.441752                 396.08766                       8.915523
              1       1747.9754      0.04670968       4.7181204    0.0045082063       3509.2711      -6.6601069       -8.6915466         2.0314397       3509.2711                           3080.8294                 23.441488                 396.10607                      8.8941409
              3       1747.7088      0.05158274       4.8502714    0.0042945477       3508.7378      -6.6601069       -8.6915466         2.0314397       3508.7378                           3080.3162                 23.440948                 396.08766                      8.8929965
              3       1747.7035     0.051721902        4.848184      0.00432752       3508.7272      -6.6601069       -8.6915466         2.0314397       3508.7272                           3080.3049                 23.441002                 396.08766                      8.8936575
              1        1747.718     0.052960805       5.0132023    0.0041376513       3508.7562      -6.6601069       -8.6915466         2.0314397       3508.7562                           3080.3365                 23.440561                 396.08766                      8.8915063
              4       1747.7542     0.065243586       4.9363103    0.0064580035       3508.8287      -6.6601069       -8.6915466         2.0314397       3508.8287                           3080.3536                 23.444259                 396.08766                      8.9431066
              4       1747.7654     0.065164542        4.939193    0.0063746413       3508.8509      -6.6601069       -8.6915466         2.0314397       3508.8509                           3080.3775                 23.444117                 396.08766                      8.9416269
              3       1747.5607     0.054041462       4.9883558    0.0056467078       3508.4417      -6.6601069       -8.6915466         2.0314397       3508.4417                            3079.993                 23.443121                 396.08766                      8.9178879
              3       1747.5327      0.05489152        5.079985    0.0062256541       3508.3855      -6.6601069       -8.6915466         2.0314397       3508.3855                           3079.9252                 23.444036                 396.08766                      8.9286716
              2       1747.4916     0.052925442       5.0549081    0.0067298501       3508.3034      -6.6601069       -8.6915466         2.0314397       3508.3034                           3079.8351                 23.444962                 396.08766                      8.9357516
              1       1747.4663     0.054577437       5.0209783    0.0069290468       3508.2528      -6.6601069       -8.6915466         2.0314397       3508.2528                           3079.7793                 23.445279                 396.08766                      8.9405631
              4       1748.0174     0.060852595       4.9786618     0.003633931        3509.355      -6.6601069       -8.6915466         2.0314397        3509.355                           3080.9363                 23.439525                 396.08766                      8.8914905
              1       1747.9397     0.062710487       5.1596099    0.0062115265       3509.1995      -6.6601069       -8.6915466         2.0314397       3509.1995                           3080.7305                 23.443755                 396.08766                       8.937624
              3       1747.7376     0.062468698       5.0757671    0.0066775515       3508.7954      -6.6601069       -8.6915466         2.0314397       3508.7954                           3080.3186                 23.444613                 396.08766                      8.9444935
              1       1747.8885     0.046411024        4.820722    0.0060697263       3509.0971      -6.6601069       -8.6915466         2.0314397       3509.0971                           3080.6264                 23.444113                 396.10607                      8.9205538
              2       1747.8951     0.046378849       4.8158415     0.005874622       3509.1104      -6.6601069       -8.6915466         2.0314397       3509.1104                           3080.6435                 23.443783                 396.10607                      8.9170928
              1       1747.8887     0.046301986       4.8297458    0.0058643702       3509.0976      -6.6601069       -8.6915466         2.0314397       3509.0976                            3080.631                 23.443761                 396.10607                      8.9168067
              4       1747.5055     0.055073568       5.2593722    0.0073777519       3508.3313      -6.6601069       -8.6915466         2.0314397       3508.3313                           3079.8486                 23.445895                 396.08766                      8.9491914
              1         1747.46     0.054438398       5.0282047    0.0070502116       3508.2401      -6.6601069       -8.6915466         2.0314397       3508.2401                           3079.7644                 23.445486                 396.08766                      8.9425757
              7       1747.3947     0.055858717       5.0170069    0.0081584225       3508.1097      -6.6601069       -8.6915466         2.0314397       3508.1097                           3079.6113                 23.447352                 396.08766                      8.9633522
              1       1747.3914     0.058010697       4.9888975    0.0081548142        3508.103      -6.6601069       -8.6915466         2.0314397        3508.103                            3079.603                 23.447307                 396.08766                      8.9650857
             17       1747.3989     0.059050073       5.0941321    0.0088969781        3508.118      -6.6601069       -8.6915466         2.0314397        3508.118                           3079.6024                 23.448487                 396.08766                      8.9794701
              7       1747.4133     0.059002356       5.1182626     0.008842173       3508.1467      -6.6601069       -8.6915466         2.0314397       3508.1467                           3079.6322                  23.44838                 396.08766                      8.9785091
              5       1747.3645     0.058513334       5.0403579    0.0090266113       3508.0492      -6.6601069       -8.6915466         2.0314397       3508.0492                           3079.5316                 23.448756                 396.08766                      8.9811948
              2       1747.3453     0.057154152       5.0126102      0.00948679       3508.0107      -6.6601069       -8.6915466         2.0314397       3508.0107                           3079.4851                 23.449597                 396.08766                      8.9883826
              2       1747.7014     0.048005735       4.9354677     0.007011569       3508.7231      -6.6601069       -8.6915466         2.0314397       3508.7231                           3080.2338                  23.44563                 396.10607                      8.9375754
              1       1747.5935     0.065619906       4.6086786    0.0052905035       3508.5071      -6.6601069       -8.6915466         2.0314397       3508.5071                           3080.0551                 23.442467                 396.08766                      8.9218763
              2         1747.56     0.065780917       4.5930851    0.0055145483       3508.4402      -6.6601069       -8.6915466         2.0314397       3508.4402                            3079.984                 23.442856                 396.08766                      8.9257487
              1       1747.5419     0.068452275       4.5592308    0.0060427946        3508.404      -6.6601069       -8.6915466         2.0314397        3508.404                           3079.9353                 23.443722                 396.08766                      8.9372873
              3       1747.3449      0.06194374       4.7013862    0.0083406712         3508.01      -6.6601069       -8.6915466         2.0314397         3508.01                           3079.5031                 23.447704                 396.08766                      8.9715531
              4       1747.3409     0.061818982       4.6928628    0.0084760416       3508.0019      -6.6601069       -8.6915466         2.0314397       3508.0019                           3079.4924                 23.447944                 396.08766                      8.9738822
              3       1747.4505     0.058226622       4.6627994     0.006891878       3508.2213      -6.6601069       -8.6915466         2.0314397       3508.2213                           3079.7454                  23.44533                 396.08766                      8.9429376
             11       1747.4536     0.055723427       4.8340687    0.0070990122       3508.2274      -6.6601069       -8.6915466         2.0314397       3508.2274                           3079.7495                 23.445646                 396.08766                      8.9445318
              2       1747.4508      0.05610294       4.8220798    0.0070591797       3508.2218      -6.6601069       -8.6915466         2.0314397       3508.2218                           3079.7444                 23.445576                 396.08766                      8.9441236
              1        1747.671     0.054637323       4.7290456    0.0043027038       3508.6622      -6.6601069       -8.6915466         2.0314397       3508.6622                            3080.238                 23.440955                 396.08766                      8.8955549
              2       1747.7767     0.049504942       4.8219306    0.0042948534       3508.8736      -6.6601069       -8.6915466         2.0314397       3508.8736                           3080.4533                 23.441012                 396.08766                      8.8916449
              7       1747.4744      0.05813994       4.6476359    0.0064774513       3508.2691      -6.6601069       -8.6915466         2.0314397       3508.2691                           3079.8012                 23.444632                 396.08766                       8.935616
              2       1747.5112     0.073108909       4.5788552    0.0080139936       3508.3426      -6.6601069       -8.6915466         2.0314397       3508.3426                           3079.8316                 23.446981                 396.08766                      8.9763613
              1       1747.3313     0.060757835       4.7958625    0.0090335204       3507.9828      -6.6601069       -8.6915466         2.0314397       3507.9828                           3079.4632                 23.448861                 396.08766                      8.9830742
              6       1747.4326     0.062469735       4.9701514    0.0085975686       3508.1854      -6.6601069       -8.6915466         2.0314397       3508.1854                           3079.6727                 23.447965                 396.08766                      8.9771394
              1       1747.4323      0.06243111       4.9614046    0.0085087314       3508.1847      -6.6601069       -8.6915466         2.0314397       3508.1847                           3079.6738                 23.447819                 396.08766                       8.975493
              3       1747.3184     0.068122579       4.6032956    0.0090636011       3507.9571      -6.6601069       -8.6915466         2.0314397       3507.9571                           3079.4307                 23.448868                 396.08766                       8.989896
              3       1747.3856     0.056614766       4.8808306    0.0096875945       3508.0915      -6.6601069       -8.6915466         2.0314397       3508.0915                           3079.5435                 23.450031                 396.10607                      8.9918597
              1       1747.6568     0.059703026        4.934213    0.0053284115       3508.6339      -6.6601069       -8.6915466         2.0314397       3508.6339                            3080.186                 23.442469                 396.08766                      8.9177746
              1       1747.6369     0.065851557       4.5776608    0.0048191624        3508.594      -6.6601069       -8.6915466         2.0314397        3508.594                           3080.1506                 23.441678                 396.08766                      8.9140927
              5        1747.676     0.057914962        4.512102    0.0040075369       3508.6722      -6.6601069       -8.6915466         2.0314397       3508.6722                           3080.2508                 23.440497                 396.08766                      8.8932757
              1       1747.6627     0.054835066       4.6044785    0.0047371376       3508.6455      -6.6601069       -8.6915466         2.0314397       3508.6455                           3080.2129                 23.441756                 396.08766                      8.9032176
              9       1747.5332      0.05806759       4.5895465    0.0056660655       3508.3866      -6.6601069       -8.6915466         2.0314397       3508.3866                           3079.9341                  23.44328                 396.08766                      8.9215492
              4       1747.4838     0.056505461       4.9399887    0.0065081913       3508.2877      -6.6601069       -8.6915466         2.0314397       3508.2877                           3079.8207                 23.444558                 396.08766                      8.9347984
              1       1747.9133      0.04532581       4.8879854    0.0068298784       3509.1468      -6.6601069       -8.6915466         2.0314397       3509.1468                           3080.6619                 23.445407                 396.10607                      8.9334291
              5       1747.8877     0.045994759       4.8742887    0.0073327316       3509.0957      -6.6601069       -8.6915466         2.0314397       3509.0957                           3080.6004                 23.446257                 396.10607                      8.9428887
              1       1747.9343     0.049481065       4.5679906    0.0044347435       3509.1889      -6.6601069       -8.6915466         2.0314397       3509.1889                           3080.7465                 23.441371                 396.10607                      8.8949449
             10       1747.9406     0.049429768       4.5623769    0.0044738557       3509.2014      -6.6601069       -8.6915466         2.0314397       3509.2014                           3080.7582                 23.441442                 396.10607                      8.8956216
              1        1747.759     0.052598107       4.5960475    0.0044313545       3508.8383      -6.6601069       -8.6915466         2.0314397       3508.8383                           3080.4128                 23.441286                 396.08766                      8.8965366
              7       1747.6217     0.053829662       4.6294979    0.0061303516       3508.5636      -6.6601069       -8.6915466         2.0314397       3508.5636                           3080.1051                 23.444142                 396.08766                      8.9266736
              1       1747.6456     0.054198551       4.5677598     0.006095378       3508.6114      -6.6601069       -8.6915466         2.0314397       3508.6114                           3080.1531                 23.444106                 396.08766                      8.9265112
              5       1747.5707     0.055862917       4.5682309     0.006428765       3508.4615      -6.6601069       -8.6915466         2.0314397       3508.4615                           3079.9958                  23.44464                 396.08766                      8.9333929
              2       1747.9698      0.04855755       4.6932989    0.0091149505       3509.2598      -6.6601069       -8.6915466         2.0314397       3509.2598                           3080.7261                 23.449334                 396.10607                      8.9782637
              3       1747.5718     0.062627445       4.9680191    0.0071441734       3508.4639      -6.6601069       -8.6915466         2.0314397       3508.4639                           3079.9788                 23.445476                 396.08766                      8.9519591
              5       1747.3384     0.057177842       5.0184991    0.0099352848       3507.9971      -6.6601069       -8.6915466         2.0314397       3507.9971                           3079.4624                 23.450361                 396.08766                      8.9966205
             13       1747.5831     0.055099572       4.6448255    0.0093348632       3508.4864      -6.6601069       -8.6915466         2.0314397       3508.4864                           3079.9457                  23.44959                 396.10607                      8.9850271
             10         1747.91     0.048534326       4.6540012    0.0070190864       3509.1403      -6.6601069       -8.6915466         2.0314397       3509.1403                            3080.649                 23.445764                 396.10607                      8.9394591
              2       1747.4544     0.054664558       4.8696789      0.00745623       3508.2289      -6.6601069       -8.6915466         2.0314397       3508.2289                            3079.745                 23.446263                 396.08766                      8.9500563
              1       1747.4448       0.0549634       4.8398549    0.0078953273       3508.2098      -6.6601069       -8.6915466         2.0314397       3508.2098                            3079.717                 23.447023                 396.08766                      8.9581792
             14       1747.7067     0.070858444       4.8098963    0.0080234956       3508.7335      -6.6601069       -8.6915466         2.0314397       3508.7335                           3080.2233                 23.446887                 396.08766                      8.9757054
              3       1747.6355     0.054711252       4.5547883    0.0077472442       3508.5911      -6.6601069       -8.6915466         2.0314397       3508.5911                           3080.0817                 23.446926                 396.10607                      8.9564371
              1        1747.798     0.050861284       4.7087752      0.00951042       3508.9161      -6.6601069       -8.6915466         2.0314397       3508.9161                           3080.3737                 23.449953                 396.10607                      8.9863929
              1       1747.4451     0.056142031       4.7907557    0.0098212983       3508.2104      -6.6601069       -8.6915466         2.0314397       3508.2104                             3079.66                 23.450322                 396.10607                      8.9939659
              1       1747.5039     0.051454119       4.9914005    0.0082186367        3508.328      -6.6601069       -8.6915466         2.0314397        3508.328                           3079.8133                 23.447581                 396.10607                      8.9610226
              2        1747.454     0.053259067       4.9641737    0.0093607134       3508.2283      -6.6601069       -8.6915466         2.0314397       3508.2283                           3079.6896                 23.449506                 396.10607                      8.9831201
              2       1747.4948     0.052090099       4.9808865    0.0094773364       3508.3098      -6.6601069       -8.6915466         2.0314397       3508.3098                           3079.7694                 23.449727                 396.10607                      8.9845714
              9       1747.9048     0.047065908       4.8250505    0.0038443636       3509.1298      -6.6601069       -8.6915466         2.0314397       3509.1298                           3080.7193                   23.4403                 396.08766                       8.882512
              3       1747.5233     0.050158442       5.1108948    0.0069466868       3508.3668      -6.6601069       -8.6915466         2.0314397       3508.3668                           3079.8963                 23.445375                 396.08766                      8.9374794
              2       1747.4782     0.052338441       4.9758529    0.0083171049       3508.2767      -6.6601069       -8.6915466         2.0314397       3508.2767                           3079.7595                 23.447735                 396.10607                      8.9633845
              1       1747.4019     0.060459449       4.9413228     0.008163184        3508.124      -6.6601069       -8.6915466         2.0314397        3508.124                           3079.6217                 23.447289                 396.08766                      8.9673742
              2       1747.4792     0.059702755       4.8561851    0.0065719697       3508.2785      -6.6601069       -8.6915466         2.0314397       3508.2785                           3079.8076                 23.444638                 396.08766                      8.9386732
              3       1747.5615     0.053259867       5.0812915    0.0058006305       3508.4432      -6.6601069       -8.6915466         2.0314397       3508.4432                           3079.9923                 23.443352                 396.08766                      8.9199285
              2       1748.0832     0.069610341       5.1058352    0.0085210619       3509.4866      -6.6601069       -8.6915466         2.0314397       3509.4866                           3080.9656                 23.447557                 396.08766                       8.985833
              2       1748.1264     0.072418307       4.9435533     0.007738895       3509.5729      -6.6601069       -8.6915466         2.0314397       3509.5729                           3081.0646                 23.446266                 396.08766                      8.9744588
              4       1747.3593     0.058309159       4.9248076    0.0086578329       3508.0388      -6.6601069       -8.6915466         2.0314397       3508.0388                           3079.5287                 23.448199                 396.08766                      8.9742946
              1       1748.2502     0.065796959       5.2735874    0.0072861873       3509.8207      -6.6601069       -8.6915466         2.0314397       3509.8207                           3081.3263                 23.445428                 396.08766                      8.9612706
              5       1748.4109     0.067860971       5.2486754      0.00739617       3510.1419      -6.6601069       -8.6915466         2.0314397       3510.1419                           3081.6427                 23.445576                 396.08766                      8.9660117
              3       1747.7738     0.053425888       5.0732521    0.0038994708       3508.8679      -6.6601069       -8.6915466         2.0314397       3508.8679                            3080.452                 23.440111                 396.08766                       8.888131
              1       1747.7924     0.052077901        5.102205    0.0036997483       3508.9051      -6.6601069       -8.6915466         2.0314397       3508.9051                            3080.494                  23.43979                 396.08766                      8.8836141
             16       1747.4249     0.057483467        5.252122    0.0091970664         3508.17      -6.6601069       -8.6915466         2.0314397         3508.17                           3079.6496                 23.448945                 396.08766                      8.9837376
              3       1747.5962     0.046717825       5.2241037    0.0079090968       3508.5126      -6.6601069       -8.6915466         2.0314397       3508.5126                           3080.0074                 23.447056                 396.10607                      8.9520305
              1       1747.5086     0.054377233       5.1171792    0.0065737402       3508.3374      -6.6601069       -8.6915466         2.0314397       3508.3374                           3079.8708                 23.444623                 396.08766                      8.9342797
             12       1747.4252     0.060394008       4.5559904     0.009725509       3508.1705      -6.6601069       -8.6915466         2.0314397       3508.1705                           3079.6182                 23.450195                 396.10607                      8.9960635
             12       1747.4005     0.060822471       4.5622664    0.0094559097       3508.1213      -6.6601069       -8.6915466         2.0314397       3508.1213                           3079.5742                  23.44972                 396.10607                      8.9913074
              7       1748.0162     0.049053225       4.6741234    0.0098959173       3509.3525      -6.6601069       -8.6915466         2.0314397       3509.3525                           3080.8024                 23.450672                 396.10607                      8.9933658
              2       1747.5235     0.055371969       4.6756768    0.0085787119       3508.3673      -6.6601069       -8.6915466         2.0314397       3508.3673                           3079.8416                 23.448272                 396.10607                      8.9713883
              2       1747.4122     0.054799192       4.9426634    0.0093865031       3508.1447      -6.6601069       -8.6915466         2.0314397       3508.1447                           3079.6045                 23.449524                 396.10607                      8.9845918
              1        1748.892     0.074902183       5.0521767    0.0068471685       3511.1042      -6.6601069       -8.6915466         2.0314397       3511.1042                           3082.6066                 23.444598                 396.08766                      8.9653011
              3       1748.8224     0.074483444       5.0172134    0.0064113738       3510.9651      -6.6601069       -8.6915466         2.0314397       3510.9651                           3082.4768                 23.443891                 396.08766                      8.9567883
              3       1747.9081     0.051127126       5.2912564    0.0033897165       3509.1363      -6.6601069       -8.6915466         2.0314397       3509.1363                           3080.7314                 23.439184                 396.08766                      8.8780851
              2       1747.4451     0.055720174       5.0414754     0.007286565       3508.2104      -6.6601069       -8.6915466         2.0314397       3508.2104                           3079.7291                 23.445849                 396.08766                      8.9478046
