#        weight    minuslogpost      fde_eps_mu  fde_lambda_mem   lambda_growth       chi2__CMB   minuslogprior minuslogprior__0 minuslogprior__SZ            chi2 chi2__planck_2018_highl_plik.TTTEEE chi2__planck_2018_lowl.TT chi2__planck_2018_lowl.EE chi2__planck_2018_lensing.clik
              2       1749.8634     0.065451587       5.2739699    0.0033429121       3513.0469      -6.6601069       -8.6915466         2.0314397       3513.0469                           3084.7355                 23.432961                 396.10607                       8.772353
              1       1750.0513     0.061263541        5.069482    0.0039420861       3513.4228      -6.6601069       -8.6915466         2.0314397       3513.4228                           3085.1073                 23.433219                 396.10607                       8.776191
              1       1750.2565     0.055282011       5.1376705    0.0036561762       3513.8331      -6.6601069       -8.6915466         2.0314397       3513.8331                           3085.5156                 23.433338                 396.10607                      8.7781492
              5       1750.2685     0.053345222       5.2726937    0.0030092203       3513.8572      -6.6601069       -8.6915466         2.0314397       3513.8572                           3085.5402                 23.433312                 396.10607                      8.7775904
              1       1750.2536     0.055492123       5.1263694    0.0039501768       3513.8274      -6.6601069       -8.6915466         2.0314397       3513.8274                           3085.5098                 23.433339                 396.10607                      8.7781746
              1       1750.5549     0.050618091       5.0459584    0.0042694398       3514.4301      -6.6601069       -8.6915466         2.0314397       3514.4301                           3086.1089                 23.433517                 396.10607                      8.7816442
              1        1750.446     0.055707982       4.8294302    0.0036724196       3514.2122      -6.6601069       -8.6915466         2.0314397       3514.2122                           3085.8911                 23.433507                 396.10607                      8.7814741
              2       1750.3644     0.057561791        4.816721    0.0051211464       3514.0491      -6.6601069       -8.6915466         2.0314397       3514.0491                           3085.7288                  23.43347                 396.10607                      8.7807281
              1       1750.3879     0.058048841       4.7553964    0.0063032401       3514.0961      -6.6601069       -8.6915466         2.0314397       3514.0961                           3085.7753                 23.433494                 396.10607                      8.7812087
              1        1750.233     0.059219593       4.8954881    0.0069998591       3513.7861      -6.6601069       -8.6915466         2.0314397       3513.7861                           3085.4676                 23.433382                 396.10607                      8.7790557
              1       1750.7935     0.048346642       4.9118389    0.0064159775       3514.9072      -6.6601069       -8.6915466         2.0314397       3514.9072                            3086.583                 23.433645                 396.10607                      8.7844536
              1       1750.9854     0.047570541       4.7462325    0.0068554964        3515.291      -6.6601069       -8.6915466         2.0314397        3515.291                           3086.9644                 23.433745                 396.10607                      8.7867695
              1       1751.0071     0.046893013       4.7709848    0.0077133626       3515.3345      -6.6601069       -8.6915466         2.0314397       3515.3345                           3087.0078                 23.433749                 396.10607                      8.7868833
              1       1750.9997     0.047013575       4.7705068    0.0077380411       3515.3196      -6.6601069       -8.6915466         2.0314397       3515.3196                            3086.993                 23.433747                 396.10607                      8.7868186
              1        1750.955     0.048282228       4.7295588    0.0072713722       3515.2301      -6.6601069       -8.6915466         2.0314397       3515.2301                           3086.9038                 23.433736                 396.10607                       8.786552
              1         1750.71     0.050739053        4.838563    0.0067323463       3514.7402      -6.6601069       -8.6915466         2.0314397       3514.7402                           3086.4166                 23.433623                 396.10607                       8.783946
              1       1750.5684     0.054168546       4.7769033    0.0060010485       3514.4569      -6.6601069       -8.6915466         2.0314397       3514.4569                           3086.1344                 23.433574                 396.10607                      8.7828497
              1       1750.3782     0.055543527       4.9318646    0.0050974937       3514.0765      -6.6601069       -8.6915466         2.0314397       3514.0765                           3085.7566                 23.433453                 396.10607                      8.7803755
              1       1750.1395     0.060354697       4.9691008    0.0061936883       3513.5993      -6.6601069       -8.6915466         2.0314397       3513.5993                           3085.2822                 23.433308                 396.10607                      8.7777125
              1       1750.0962     0.061055738       4.9974553    0.0060605994       3513.5126      -6.6601069       -8.6915466         2.0314397       3513.5126                           3085.1962                 23.433271                 396.10607                      8.7770889
              1       1750.3031     0.055497195       5.0459243    0.0052632631       3513.9264      -6.6601069       -8.6915466         2.0314397       3513.9264                           3085.6078                 23.433387                 396.10607                      8.7790903
              1       1750.3281     0.053922262        5.125046    0.0064304497       3513.9763      -6.6601069       -8.6915466         2.0314397       3513.9763                           3085.6579                 23.433383                 396.10607                      8.7789776
              1       1750.0822     0.057882681       5.2671901     0.006536477       3513.4845      -6.6601069       -8.6915466         2.0314397       3513.4845                           3085.1698                 23.433184                 396.10607                      8.7754475
              1       1749.8943     0.065789687       5.1165607    0.0082711238       3513.1087      -6.6601069       -8.6915466         2.0314397       3513.1087                           3084.7957                 23.433065                 396.10607                      8.7739135
              1       1749.8097     0.070394947       5.0504354    0.0063849153       3512.9396      -6.6601069       -8.6915466         2.0314397       3512.9396                           3084.6275                 23.432989                 396.10607                      8.7730855
              2       1749.7892     0.070903108       5.1263412    0.0058165143       3512.8987      -6.6601069       -8.6915466         2.0314397       3512.8987                           3084.5875                 23.432918                 396.10607                      8.7721583
              1       1749.7714     0.072408723       5.0894845     0.005408448       3512.8631      -6.6601069       -8.6915466         2.0314397       3512.8631                            3084.552                 23.432905                 396.10607                      8.7721036
              2       1749.7953     0.070085681       5.1877524      0.00487417       3512.9108      -6.6601069       -8.6915466         2.0314397       3512.9108                           3084.6001                 23.432893                 396.10607                      8.7717756
              3        1749.778     0.071682075       5.2676076     0.005909099       3512.8761      -6.6601069       -8.6915466         2.0314397       3512.8761                           3084.5667                 23.432785                 396.10607                        8.77055
              1       1749.7892     0.070368533        5.256621    0.0061555954       3512.8986      -6.6601069       -8.6915466         2.0314397       3512.8986                           3084.5887                 23.432832                 396.10607                      8.7710061
              2       1749.7557     0.073987029       5.1819655    0.0073097733       3512.8316      -6.6601069       -8.6915466         2.0314397       3512.8316                            3084.522                 23.432789                 396.10607                      8.7707995
              1       1749.8072     0.070327036       5.0695441     0.007299759       3512.9346      -6.6601069       -8.6915466         2.0314397       3512.9346                           3084.6227                 23.432977                 396.10607                      8.7729092
              2       1749.7784     0.071438516       5.1790236    0.0082500679       3512.8771      -6.6601069       -8.6915466         2.0314397       3512.8771                           3084.5667                 23.432862                 396.10607                      8.7714806
              3       1749.7919     0.070140289       5.2900339    0.0070660838       3512.9041      -6.6601069       -8.6915466         2.0314397       3512.9041                           3084.5945                 23.432812                 396.10607                      8.7707386
              1       1749.8559     0.066182298       5.2342777    0.0073204428        3513.032      -6.6601069       -8.6915466         2.0314397        3513.032                           3084.7204                 23.432969                 396.10607                      8.7725228
              1       1749.9567     0.062608294       5.1900652    0.0075440019       3513.2337      -6.6601069       -8.6915466         2.0314397       3513.2337                           3084.9202                 23.433101                 396.10607                      8.7743072
              1       1749.9846     0.061301036       5.2218596    0.0068666054       3513.2895      -6.6601069       -8.6915466         2.0314397       3513.2895                           3084.9758                 23.433116                 396.10607                      8.7744805
              1       1749.9832     0.061752456       5.1883453     0.006654855       3513.2867      -6.6601069       -8.6915466         2.0314397       3513.2867                           3084.9728                 23.433126                 396.10607                      8.7746668
              1       1749.9845     0.061727884       5.1870712    0.0068554145       3513.2892      -6.6601069       -8.6915466         2.0314397       3513.2892                           3084.9753                 23.433128                 396.10607                      8.7746914
              1        1749.835     0.069164102       5.0478472    0.0068239061       3512.9902      -6.6601069       -8.6915466         2.0314397       3512.9902                           3084.6776                 23.433024                 396.10607                      8.7734988
              1       1749.7586     0.073845001       5.2038016    0.0069588276       3512.8374      -6.6601069       -8.6915466         2.0314397       3512.8374                            3084.528                 23.432775                 396.10607                       8.770627
              2       1749.7689     0.072761242       5.2445873    0.0076869932       3512.8581      -6.6601069       -8.6915466         2.0314397       3512.8581                           3084.5487                 23.432773                 396.10607                      8.7705007
              1       1749.9374     0.064589824       5.0852702    0.0078192372       3513.1951      -6.6601069       -8.6915466         2.0314397       3513.1951                           3084.8812                 23.433119                 396.10607                      8.7746926
              1       1750.0065     0.066441626       4.8119135     0.008293795       3513.3333      -6.6601069       -8.6915466         2.0314397       3513.3333                            3085.017                 23.433259                 396.10607                      8.7770166
              2       1749.8773     0.070477189       4.8285878    0.0082700608       3513.0749      -6.6601069       -8.6915466         2.0314397       3513.0749                           3084.7602                  23.43315                 396.10607                      8.7754036
              2       1749.8453     0.073242184       4.7360807    0.0080093798       3513.0109      -6.6601069       -8.6915466         2.0314397       3513.0109                           3084.6962                 23.433151                 396.10607                      8.7755081
              1       1749.8085     0.074496674       4.7537772    0.0082130215       3512.9373      -6.6601069       -8.6915466         2.0314397       3512.9373                           3084.6232                 23.433109                 396.10607                      8.7749378
              1        1749.842      0.07309556       4.7528572     0.008314754       3513.0041      -6.6601069       -8.6915466         2.0314397       3513.0041                           3084.6895                 23.433142                 396.10607                      8.7753748
              1       1749.8263      0.07225789        4.847123    0.0076789515       3512.9728      -6.6601069       -8.6915466         2.0314397       3512.9728                            3084.659                 23.433093                 396.10607                      8.7746337
              1       1749.8804     0.071213025       4.7763397    0.0067155361        3513.081      -6.6601069       -8.6915466         2.0314397        3513.081                            3084.766                  23.43317                 396.10607                      8.7757258
              1       1749.9708     0.067148626       4.8356774    0.0058913889       3513.2618      -6.6601069       -8.6915466         2.0314397       3513.2618                            3084.946                 23.433226                 396.10607                      8.7764887
              1        1749.919     0.068861484       4.8353688    0.0053612165       3513.1583      -6.6601069       -8.6915466         2.0314397       3513.1583                           3084.8431                 23.433184                 396.10607                      8.7758792
              1       1750.1958     0.065339663       4.5878308    0.0046644928       3513.7118      -6.6601069       -8.6915466         2.0314397       3513.7118                           3085.3923                  23.43343                 396.10607                      8.7800005
              2       1750.2242     0.064847391       4.5771755    0.0046565868       3513.7686      -6.6601069       -8.6915466         2.0314397       3513.7686                           3085.4488                 23.433448                 396.10607                      8.7803228
              1       1750.2276     0.064906484       4.5696751    0.0054374825       3513.7755      -6.6601069       -8.6915466         2.0314397       3513.7755                           3085.4556                 23.433451                 396.10607                      8.7803861
              1       1750.3686     0.061031666       4.6049648    0.0058418656       3514.0574      -6.6601069       -8.6915466         2.0314397       3514.0574                           3085.7362                 23.433514                 396.10607                       8.781608
              2       1750.3529     0.059679295       4.7017977    0.0041869189       3514.0259      -6.6601069       -8.6915466         2.0314397       3514.0259                           3085.7053                 23.433488                 396.10607                      8.7810818
              1       1750.1718     0.065207836       4.6267607    0.0058524355       3513.6639      -6.6601069       -8.6915466         2.0314397       3513.6639                           3085.3448                 23.433408                 396.10607                      8.7796023
              1       1750.3117     0.063680727       4.5305953    0.0057359979       3513.9436      -6.6601069       -8.6915466         2.0314397       3513.9436                           3085.6227                 23.433501                 396.10607                      8.7813464
              1       1750.2498     0.065357797       4.5188063    0.0053349535       3513.8198      -6.6601069       -8.6915466         2.0314397       3513.8198                           3085.4994                 23.433473                 396.10607                      8.7807981
              1        1749.958     0.070038857       4.6908506    0.0053503448       3513.2361      -6.6601069       -8.6915466         2.0314397       3513.2361                           3084.9198                 23.433257                 396.10607                      8.7770638
              2       1749.9435     0.070714409       4.6795015    0.0051951235       3513.2072      -6.6601069       -8.6915466         2.0314397       3513.2072                           3084.8909                 23.433249                 396.10607                       8.776956
              1       1750.0308     0.068633951       4.6466785    0.0035310694       3513.3818      -6.6601069       -8.6915466         2.0314397       3513.3818                           3085.0644                 23.433319                 396.10607                      8.7780623
              1       1749.9467     0.072283691        4.590915    0.0033558719       3513.2135      -6.6601069       -8.6915466         2.0314397       3513.2135                           3084.8968                 23.433276                 396.10607                      8.7774093
              3       1750.0425     0.070758904         4.52043    0.0036140476       3513.4052      -6.6601069       -8.6915466         2.0314397       3513.4052                           3085.0871                 23.433357                 396.10607                       8.778734
              1       1749.9401     0.073354711       4.5478044    0.0035741079       3513.2004      -6.6601069       -8.6915466         2.0314397       3513.2004                           3084.8835                 23.433283                 396.10607                      8.7775343
              3       1750.0097     0.069802997        4.617663    0.0030000385       3513.3396      -6.6601069       -8.6915466         2.0314397       3513.3396                           3085.0222                 23.433312                 396.10607                      8.7779686
              4       1749.9918     0.069717834       4.6508012    0.0031571203       3513.3038      -6.6601069       -8.6915466         2.0314397       3513.3038                           3084.9868                 23.433292                 396.10607                      8.7776248
              3       1750.0408     0.069277072       4.5975846    0.0033224484       3513.4018      -6.6601069       -8.6915466         2.0314397       3513.4018                            3085.084                 23.433338                 396.10607                      8.7783856
              2       1750.0132     0.070245288       4.5893498    0.0036395279       3513.3465      -6.6601069       -8.6915466         2.0314397       3513.3465                            3085.029                 23.433322                 396.10607                      8.7781315
              1       1749.9311     0.072714545       4.5951393     0.003534095       3513.1824      -6.6601069       -8.6915466         2.0314397       3513.1824                           3084.8658                 23.433264                 396.10607                      8.7772186
              1       1749.8403     0.072429358       4.7978025    0.0042295114       3513.0008      -6.6601069       -8.6915466         2.0314397       3513.0008                           3084.6865                 23.433125                 396.10607                      8.7751038
              2       1749.8265     0.074238631       4.7226746    0.0064653144       3512.9733      -6.6601069       -8.6915466         2.0314397       3512.9733                           3084.6588                 23.433138                 396.10607                      8.7753446
              1       1749.9152     0.072121076       4.6545821    0.0053385291       3513.1506      -6.6601069       -8.6915466         2.0314397       3513.1506                           3084.8345                 23.433235                 396.10607                      8.7767567
              3       1749.8548     0.073968263       4.6733988    0.0050078558       3513.0299      -6.6601069       -8.6915466         2.0314397       3513.0299                           3084.7147                  23.43318                 396.10607                      8.7759559
              2        1749.841     0.072383076       4.7988378    0.0079040644       3513.0022      -6.6601069       -8.6915466         2.0314397       3513.0022                           3084.6879                 23.433125                 396.10607                      8.7751073
              1       1749.9083     0.070389359       4.7654532    0.0079173142       3513.1369      -6.6601069       -8.6915466         2.0314397       3513.1369                           3084.8215                 23.433197                 396.10607                      8.7761194
              2       1749.8768     0.073462898       4.6556743    0.0091621104       3513.0739      -6.6601069       -8.6915466         2.0314397       3513.0739                           3084.7583                 23.433204                 396.10607                      8.7763079
              1       1749.9318     0.072048405       4.6284956     0.008650463       3513.1839      -6.6601069       -8.6915466         2.0314397       3513.1839                           3084.8675                 23.433255                 396.10607                      8.7770696
              1       1749.9309     0.072058846       4.6295424    0.0086430989       3513.1821      -6.6601069       -8.6915466         2.0314397       3513.1821                           3084.8657                 23.433254                 396.10607                      8.7770544
              1       1749.9152     0.072255597       4.6473838    0.0092551115       3513.1506      -6.6601069       -8.6915466         2.0314397       3513.1506                           3084.8345                 23.433237                 396.10607                      8.7767917
              1       1749.9254     0.068690619       4.8324586    0.0087872086       3513.1709      -6.6601069       -8.6915466         2.0314397       3513.1709                           3084.8557                  23.43319                 396.10607                      8.7759706
              1       1749.9432     0.068178868       4.8269626    0.0088135129       3513.2067      -6.6601069       -8.6915466         2.0314397       3513.2067                           3084.8912                 23.433207                 396.10607                      8.7762126
              1       1749.9856     0.067714731       4.7737759    0.0081003441       3513.2915      -6.6601069       -8.6915466         2.0314397       3513.2915                           3084.9752                 23.433254                 396.10607                      8.7769701
              1       1749.8672     0.071789615       4.7715395    0.0079512747       3513.0547      -6.6601069       -8.6915466         2.0314397       3513.0547                           3084.7398                 23.433159                 396.10607                      8.7755891
              1       1749.9227     0.072259732       4.6335129     0.008961528       3513.1656      -6.6601069       -8.6915466         2.0314397       3513.1656                           3084.8494                 23.433247                 396.10607                      8.7769433
              3       1750.0371     0.070206325       4.5556097    0.0076776715       3513.3944      -6.6601069       -8.6915466         2.0314397       3513.3944                           3085.0765                 23.433345                 396.10607                      8.7785291
              2       1750.0827     0.069409326       4.5309141    0.0075896439       3513.4856      -6.6601069       -8.6915466         2.0314397       3513.4856                            3085.167                 23.433379                 396.10607                         8.7791
              1       1750.2817     0.063435832       4.5798734    0.0095963616       3513.8837      -6.6601069       -8.6915466         2.0314397       3513.8837                           3085.5632                 23.433477                 396.10607                      8.7808716
              1       1750.0966     0.065991644       4.6908289    0.0090061485       3513.5133      -6.6601069       -8.6915466         2.0314397       3513.5133                           3085.1954                  23.43335                 396.10607                      8.7785578
              1        1750.092     0.067571808       4.6118949    0.0079499142       3513.5041      -6.6601069       -8.6915466         2.0314397       3513.5041                           3085.1858                 23.433366                 396.10607                      8.7788541
              1       1750.2268     0.063649507       4.6383412    0.0073855331       3513.7738      -6.6601069       -8.6915466         2.0314397       3513.7738                           3085.4542                 23.433436                 396.10607                      8.7801024
              2        1750.352     0.062130486       4.5646752    0.0066928885       3514.0243      -6.6601069       -8.6915466         2.0314397       3514.0243                           3085.7031                 23.433514                 396.10607                      8.7816025
              1       1750.1708     0.063211724       4.7402665    0.0046771896       3513.6619      -6.6601069       -8.6915466         2.0314397       3513.6619                           3085.3433                 23.433382                 396.10607                       8.779108
              1         1750.03     0.065246418       4.8428909     0.005195835       3513.3802      -6.6601069       -8.6915466         2.0314397       3513.3802                           3085.0638                 23.433267                 396.10607                      8.7771261
              2       1749.8069     0.073589173       4.8163181    0.0036760432        3512.934      -6.6601069       -8.6915466         2.0314397        3512.934                           3084.6203                 23.433083                 396.10607                      8.7745521
              1       1749.8214     0.073722552       4.7669579    0.0036579155       3512.9629      -6.6601069       -8.6915466         2.0314397       3512.9629                           3084.6487                 23.433117                 396.10607                      8.7750313
             12       1749.8529     0.072432919       4.7663765    0.0032231759        3513.026      -6.6601069       -8.6915466         2.0314397        3513.026                           3084.7113                 23.433148                 396.10607                      8.7754386
              1       1749.8455     0.072538104       4.7779022    0.0034022902       3513.0112      -6.6601069       -8.6915466         2.0314397       3513.0112                           3084.6967                 23.433137                 396.10607                      8.7752814
              5        1749.855     0.073316332       4.7096823    0.0038127135       3513.0302      -6.6601069       -8.6915466         2.0314397       3513.0302                           3084.7152                 23.433168                 396.10607                       8.775769
              2       1749.8103     0.073951742       4.7829933    0.0038276406       3512.9408      -6.6601069       -8.6915466         2.0314397       3512.9408                           3084.6268                   23.4331                 396.10607                      8.7747926
              1       1749.8359     0.071631842       4.8611053    0.0041024794       3512.9921      -6.6601069       -8.6915466         2.0314397       3512.9921                           3084.6782                 23.433098                 396.10607                      8.7746822
              3       1749.8253      0.07195397       4.8704148     0.004007836       3512.9709      -6.6601069       -8.6915466         2.0314397       3512.9709                           3084.6573                 23.433083                 396.10607                      8.7744825
              2        1749.784     0.073437671       4.9078702    0.0061525233       3512.8882      -6.6601069       -8.6915466         2.0314397       3512.8882                           3084.5755                 23.433018                 396.10607                      8.7736479
              3       1749.7764     0.073195609       4.9640544     0.006254409        3512.873      -6.6601069       -8.6915466         2.0314397        3512.873                           3084.5608                 23.432982                 396.10607                      8.7731443
              1       1749.8349     0.072249939       4.8233083    0.0087380915       3512.9901      -6.6601069       -8.6915466         2.0314397       3512.9901                            3084.676                 23.433111                 396.10607                      8.7748883
              1       1749.9339     0.067323875       4.9008691    0.0090603894       3513.1881      -6.6601069       -8.6915466         2.0314397       3513.1881                           3084.8731                 23.433176                 396.10607                      8.7757057
              2       1750.0413     0.065109539       4.8314963    0.0086145707       3513.4027      -6.6601069       -8.6915466         2.0314397       3513.4027                           3085.0861                 23.433278                 396.10607                      8.7773071
              1       1750.0533     0.064899209       4.8235757    0.0084976642       3513.4268      -6.6601069       -8.6915466         2.0314397       3513.4268                             3085.11                 23.433288                 396.10607                      8.7774783
              2       1749.9505     0.068281562       4.8061425    0.0082354445       3513.2213      -6.6601069       -8.6915466         2.0314397       3513.2213                           3084.9056                 23.433218                 396.10607                       8.776405
              1       1750.0047     0.069378474       4.6480449    0.0081996337       3513.3296      -6.6601069       -8.6915466         2.0314397       3513.3296                           3085.0125                 23.433301                 396.10607                      8.7777773
              3        1749.844     0.074349532       4.6758233    0.0054527533       3513.0082      -6.6601069       -8.6915466         2.0314397       3513.0082                           3084.6931                 23.433169                 396.10607                      8.7758117
              5       1750.0402     0.071213173       4.5015727    0.0056205287       3513.4006      -6.6601069       -8.6915466         2.0314397       3513.4006                           3085.0824                  23.43336                 396.10607                      8.7787894
              1       1750.0941     0.069310418        4.520254    0.0070485701       3513.5084      -6.6601069       -8.6915466         2.0314397       3513.5084                           3085.1896                 23.433388                 396.10607                      8.7792595
              1       1750.5183      0.05826914       4.5857728    0.0060433814       3514.3568      -6.6601069       -8.6915466         2.0314397       3514.3568                            3086.034                 23.433586                 396.10607                      8.7830816
              3        1750.398     0.061435157       4.5482553    0.0059915699       3514.1161      -6.6601069       -8.6915466         2.0314397       3514.1161                           3085.7944                 23.433539                 396.10607                      8.7820959
              2       1750.3237     0.061390289       4.6399017    0.0037939157       3513.9676      -6.6601069       -8.6915466         2.0314397       3513.9676                            3085.647                 23.433486                 396.10607                      8.7810437
              1       1750.3497     0.060371877        4.665381    0.0039014688       3514.0196      -6.6601069       -8.6915466         2.0314397       3514.0196                           3085.6989                 23.433493                 396.10607                      8.7811954
              1        1750.256     0.061822474       4.7026282    0.0040382186       3513.8323      -6.6601069       -8.6915466         2.0314397       3513.8323                           3085.5126                 23.433438                 396.10607                      8.7801285
              1        1750.296     0.060265024       4.7409209    0.0040277796       3513.9122      -6.6601069       -8.6915466         2.0314397       3513.9122                           3085.5923                 23.433451                 396.10607                       8.780366
              2       1750.4103      0.05847286       4.7015279    0.0062889123       3514.1407      -6.6601069       -8.6915466         2.0314397       3514.1407                           3085.8195                 23.433515                 396.10607                      8.7816366
              1       1750.2793     0.060325798        4.759672    0.0057917655       3513.8789      -6.6601069       -8.6915466         2.0314397       3513.8789                           3085.5592                 23.433438                 396.10607                      8.7801227
              3       1750.1669     0.065445852       4.6207013    0.0060894694       3513.6539      -6.6601069       -8.6915466         2.0314397       3513.6539                           3085.3349                 23.433407                 396.10607                      8.7795778
              3       1751.0094      0.05074642       4.5100871    0.0043018039       3515.3389      -6.6601069       -8.6915466         2.0314397       3515.3389                           3087.0114                 23.433787                 396.10607                      8.7877018
              2       1750.8153      0.05196993       4.6362632    0.0044496224       3514.9508      -6.6601069       -8.6915466         2.0314397       3514.9508                           3086.6254                 23.433698                 396.10607                       8.785608
              2       1750.6641     0.053590769       4.7014412    0.0045662441       3514.6484      -6.6601069       -8.6915466         2.0314397       3514.6484                           3086.3247                 23.433628                 396.10607                      8.7840159
              1       1750.5634     0.054926672        4.734049    0.0043879592       3514.4471      -6.6601069       -8.6915466         2.0314397       3514.4471                           3086.1245                 23.433579                 396.10607                       8.782964
              5       1750.5454     0.057022396        4.627058    0.0036933088        3514.411      -6.6601069       -8.6915466         2.0314397        3514.411                           3086.0882                  23.43359                 396.10607                      8.7831858
              6       1750.5767     0.051069606       4.9824461    0.0031247987       3514.4736      -6.6601069       -8.6915466         2.0314397       3514.4736                           3086.1518                 23.433539                 396.10607                      8.7821211
              1       1750.4047     0.053717246        5.024112    0.0043642793       3514.1296      -6.6601069       -8.6915466         2.0314397       3514.1296                           3085.8099                 23.433447                 396.10607                      8.7802375
              2       1750.4155     0.053737979       5.0070444    0.0044181273       3514.1513      -6.6601069       -8.6915466         2.0314397       3514.1513                           3085.8313                 23.433456                 396.10607                      8.7804228
              3       1750.8333     0.048922492       4.8221136    0.0076609168       3514.9867      -6.6601069       -8.6915466         2.0314397       3514.9867                           3086.6618                 23.433676                 396.10607                      8.7851421
              4       1750.1026     0.057888581       5.2216743    0.0091536361       3513.5255      -6.6601069       -8.6915466         2.0314397       3513.5255                           3085.2102                 23.433213                 396.10607                      8.7759571
              2       1750.0961     0.057649568       5.2554893    0.0067596653       3513.5124      -6.6601069       -8.6915466         2.0314397       3513.5124                           3085.1974                 23.433199                 396.10607                      8.7756853
              1       1749.9893     0.062155072       5.1407822    0.0035689947       3513.2988      -6.6601069       -8.6915466         2.0314397       3513.2988                           3084.9846                 23.433147                 396.10607                      8.7750305
              1       1749.8769     0.066261621        5.136523     0.004193381       3513.0739      -6.6601069       -8.6915466         2.0314397       3513.0739                           3084.7613                 23.433037                 396.10607                      8.7735325
              1       1749.9126     0.065671077       5.0705603    0.0044801502       3513.1454      -6.6601069       -8.6915466         2.0314397       3513.1454                           3084.8318                   23.4331                 396.10607                      8.7744535
              1       1749.7575      0.07383068       5.1918213    0.0038456422       3512.8353      -6.6601069       -8.6915466         2.0314397       3512.8353                           3084.5257                 23.432785                 396.10607                      8.7707436
              9        1749.752     0.074319094       5.1624698    0.0050245814       3512.8242      -6.6601069       -8.6915466         2.0314397       3512.8242                           3084.5144                 23.432795                 396.10607                      8.7709047
              2       1749.8205     0.069185636       5.1113597    0.0054722801       3512.9612      -6.6601069       -8.6915466         2.0314397       3512.9612                           3084.6493                 23.432976                 396.10607                      8.7728294
              2       1749.8109     0.069510597       5.1324401    0.0052657572        3512.942      -6.6601069       -8.6915466         2.0314397        3512.942                           3084.6305                 23.432951                 396.10607                      8.7725106
              2       1749.8393     0.068188559       5.1157691    0.0048552983       3512.9988      -6.6601069       -8.6915466         2.0314397       3512.9988                           3084.6866                    23.433                 396.10607                      8.7731024
              3       1749.8734     0.067296938        5.062868    0.0035977683       3513.0669      -6.6601069       -8.6915466         2.0314397       3513.0669                           3084.7538                 23.433062                 396.10607                      8.7739614
              2       1749.8736     0.067292739       5.0624367    0.0036757139       3513.0674      -6.6601069       -8.6915466         2.0314397       3513.0674                           3084.7543                 23.433063                 396.10607                      8.7739672
              1       1750.0189     0.062965026       5.0144115    0.0062021288        3513.358      -6.6601069       -8.6915466         2.0314397        3513.358                           3085.0426                  23.43321                 396.10607                       8.776108
              1       1750.4073     0.059221359       4.6610601    0.0049410936       3514.1347      -6.6601069       -8.6915466         2.0314397       3514.1347                           3085.8134                 23.433522                 396.10607                      8.7817637
              2       1750.1506     0.067833865       4.5186848    0.0062562443       3513.6214      -6.6601069       -8.6915466         2.0314397       3513.6214                           3085.3021                  23.43342                 396.10607                      8.7798301
              1       1750.7324     0.053951032       4.6029762     0.006003683        3514.785      -6.6601069       -8.6915466         2.0314397        3514.785                           3086.4603                 23.433672                 396.10607                      8.7849734
              1       1750.6178     0.054934533       4.6701317    0.0051602497       3514.5558      -6.6601069       -8.6915466         2.0314397       3514.5558                           3086.2325                 23.433614                 396.10607                      8.7837009
              6       1750.9346     0.050791573       4.5840472     0.005985046       3515.1895      -6.6601069       -8.6915466         2.0314397       3515.1895                           3086.8629                  23.43375                 396.10607                      8.7868309
              2       1751.0348      0.05001649       4.5298251      0.00649109       3515.3898      -6.6601069       -8.6915466         2.0314397       3515.3898                            3087.062                 23.433793                 396.10607                      8.7878648
              1       1750.9624     0.050913262       4.5475979    0.0068638737        3515.245      -6.6601069       -8.6915466         2.0314397        3515.245                            3086.918                 23.433766                 396.10607                      8.7871834
              7       1751.0004     0.047211998       4.7552915     0.007498177       3515.3211      -6.6601069       -8.6915466         2.0314397       3515.3211                           3086.9944                 23.433749                 396.10607                      8.7868742
              2       1750.5933     0.053365752       4.7996227    0.0065374499       3514.5068      -6.6601069       -8.6915466         2.0314397       3514.5068                           3086.1841                  23.43358                 396.10607                       8.782999
              1       1750.4437     0.055950723       4.8165678    0.0070827033       3514.2075      -6.6601069       -8.6915466         2.0314397       3514.2075                           3085.8865                 23.433509                 396.10607                      8.7815038
              1       1750.5436     0.055876399       4.6981496    0.0073928848       3514.4075      -6.6601069       -8.6915466         2.0314397       3514.4075                           3086.0849                 23.433577                 396.10607                      8.7829115
              1       1750.2271     0.063390892       4.6522506    0.0035876165       3513.7744      -6.6601069       -8.6915466         2.0314397       3513.7744                           3085.4548                 23.433433                 396.10607                      8.7800487
              1       1750.1689     0.064978718       4.6431943    0.0040942174        3513.658      -6.6601069       -8.6915466         2.0314397        3513.658                           3085.3391                 23.433403                 396.10607                      8.7795047
              2       1750.2795     0.059689367       4.7983819    0.0065817769       3513.8792      -6.6601069       -8.6915466         2.0314397       3513.8792                           3085.5597                  23.43343                 396.10607                        8.77996
              2        1750.183     0.061164787       4.8462462    0.0066397187       3513.6862      -6.6601069       -8.6915466         2.0314397       3513.6862                            3085.368                 23.433365                 396.10607                      8.7787601
              1         1750.11     0.061507628       4.9422267    0.0030190981       3513.5403      -6.6601069       -8.6915466         2.0314397       3513.5403                           3085.2234                 23.433295                 396.10607                      8.7775209
              1       1749.8634     0.068145421       5.0285518    0.0052863245       3513.0471      -6.6601069       -8.6915466         2.0314397       3513.0471                           3084.7339                 23.433065                 396.10607                      8.7740387
              1        1749.943     0.068083995       4.8333403     0.006020415       3513.2062      -6.6601069       -8.6915466         2.0314397       3513.2062                           3084.8907                 23.433204                 396.10607                      8.7761762
              1       1749.9075     0.069416978       4.8258581    0.0055621451       3513.1353      -6.6601069       -8.6915466         2.0314397       3513.1353                           3084.8202                 23.433177                 396.10607                       8.775791
              1       1749.9786     0.069377807       4.6913523    0.0082452666       3513.2775      -6.6601069       -8.6915466         2.0314397       3513.2775                           3084.9609                 23.433272                 396.10607                      8.7772909
              1       1749.8576     0.071049116       4.8409132      0.00901246       3513.0354      -6.6601069       -8.6915466         2.0314397       3513.0354                           3084.7211                 23.433127                 396.10607                      8.7750831
              3       1749.9819     0.066211709       4.8724691    0.0095513539        3513.284      -6.6601069       -8.6915466         2.0314397        3513.284                           3084.9683                 23.433223                 396.10607                      8.7764274
              1       1749.8095     0.072853453       4.8577878    0.0068637025       3512.9393      -6.6601069       -8.6915466         2.0314397       3512.9393                           3084.6258                  23.43307                 396.10607                      8.7743395
              5       1749.7744     0.072552476       5.0422802    0.0093303521        3512.869      -6.6601069       -8.6915466         2.0314397        3512.869                           3084.5575                 23.432938                 396.10607                      8.7725355
              5       1749.8542     0.068351331       5.0435427    0.0087692758       3513.0285      -6.6601069       -8.6915466         2.0314397       3513.0285                           3084.7156                 23.433048                 396.10607                      8.7738106
              1       1749.9245     0.065274969       5.0679101    0.0071101594       3513.1692      -6.6601069       -8.6915466         2.0314397       3513.1692                           3084.8554                 23.433113                 396.10607                       8.774627
              1       1749.9037     0.065456954       5.1138164     0.007139669       3513.1276      -6.6601069       -8.6915466         2.0314397       3513.1276                           3084.8144                 23.433076                 396.10607                      8.7740629
              1       1749.9042     0.065081905       5.1429134    0.0069300909       3513.1287      -6.6601069       -8.6915466         2.0314397       3513.1287                           3084.8156                 23.433065                 396.10607                      8.7738844
              1       1749.7734     0.072209073       5.0986543    0.0039399709       3512.8669      -6.6601069       -8.6915466         2.0314397       3512.8669                           3084.5559                 23.432904                 396.10607                      8.7720668
              2       1749.8316     0.069663372       5.0199264    0.0034457359       3512.9833      -6.6601069       -8.6915466         2.0314397       3512.9833                           3084.6706                 23.433031                 396.10607                      8.7736318
              5       1749.8012     0.070110825       5.1296202    0.0034030381       3512.9226      -6.6601069       -8.6915466         2.0314397       3512.9226                           3084.6112                 23.432937                 396.10607                      8.7723583
              5       1749.7922     0.070590658       5.1422112    0.0031473652       3512.9046      -6.6601069       -8.6915466         2.0314397       3512.9046                           3084.5935                 23.432914                 396.10607                      8.7720887
              2       1749.9861      0.06080963       5.2595596    0.0057078622       3513.2925      -6.6601069       -8.6915466         2.0314397       3513.2925                           3084.9791                 23.433105                 396.10607                      8.7742656
              1       1750.1985      0.05601042       5.1830592    0.0052774306       3513.7171      -6.6601069       -8.6915466         2.0314397       3513.7171                           3085.4005                 23.433291                 396.10607                       8.777276
              1       1750.2128      0.05551644       5.1959921    0.0055526911       3513.7458      -6.6601069       -8.6915466         2.0314397       3513.7458                           3085.4291                 23.433297                 396.10607                      8.7773698
              1       1750.5035     0.052830505       4.9510714    0.0056985278       3514.3272      -6.6601069       -8.6915466         2.0314397       3514.3272                           3086.0061                 23.433511                 396.10607                      8.7815363
              5       1750.3461     0.056620274       4.9034948     0.008880582       3514.0125      -6.6601069       -8.6915466         2.0314397       3514.0125                           3085.6928                 23.433442                 396.10607                      8.7801771
              1       1750.5118     0.057436342       4.6414342    0.0077415204       3514.3438      -6.6601069       -8.6915466         2.0314397       3514.3438                           3086.0213                 23.433573                 396.10607                      8.7828212
              5       1750.2107     0.065013735       4.5856556    0.0099972627       3513.7417      -6.6601069       -8.6915466         2.0314397       3513.7417                            3085.422                 23.433439                 396.10607                      8.7801566
              2       1750.1044     0.066387989       4.6574029    0.0086932097        3513.529      -6.6601069       -8.6915466         2.0314397        3513.529                           3085.2108                 23.433362                 396.10607                      8.7787859
              2       1750.1315     0.064854241       4.7029771    0.0088914712       3513.5833      -6.6601069       -8.6915466         2.0314397       3513.5833                            3085.265                 23.433368                 396.10607                      8.7788672
              1       1749.9923     0.067802757       4.7567996    0.0081400549       3513.3047      -6.6601069       -8.6915466         2.0314397       3513.3047                           3084.9883                 23.433264                 396.10607                      8.7771275
              1       1749.9294     0.069002233       4.8049686    0.0093320149        3513.179      -6.6601069       -8.6915466         2.0314397        3513.179                           3084.8636                 23.433202                 396.10607                      8.7761638
              1       1749.8583     0.070011835       4.9079134     0.006099043       3513.0368      -6.6601069       -8.6915466         2.0314397       3513.0368                           3084.7229                 23.433104                 396.10607                      8.7747049
              2       1749.8632     0.069364217       4.9393033    0.0062292057       3513.0465      -6.6601069       -8.6915466         2.0314397       3513.0465                           3084.7328                 23.433098                 396.10607                      8.7745833
              2       1749.8638     0.069385549       4.9358561    0.0062473289       3513.0479      -6.6601069       -8.6915466         2.0314397       3513.0479                           3084.7341                   23.4331                 396.10607                      8.7746132
              1       1750.4174     0.057154062       4.7733942    0.0056724367        3514.155      -6.6601069       -8.6915466         2.0314397        3514.155                            3085.834                 23.433505                 396.10607                      8.7814221
              1       1750.1769     0.061892051       4.8103083    0.0034846411        3513.674      -6.6601069       -8.6915466         2.0314397        3513.674                           3085.3557                 23.433369                 396.10607                      8.7788595
              2       1750.0223     0.066495762       4.7809404     0.004621339       3513.3648      -6.6601069       -8.6915466         2.0314397       3513.3648                           3085.0481                 23.433278                 396.10607                      8.7773434
              1       1750.1081     0.064831715        4.739193    0.0054515456       3513.5365      -6.6601069       -8.6915466         2.0314397       3513.5365                           3085.2186                 23.433345                 396.10607                       8.778462
              1       1750.1105     0.064716509        4.742206    0.0054445991       3513.5413      -6.6601069       -8.6915466         2.0314397       3513.5413                           3085.2234                 23.433346                 396.10607                      8.7784738
              3         1750.48     0.060595337       4.5005914    0.0030508435       3514.2802      -6.6601069       -8.6915466         2.0314397       3514.2802                           3085.9576                 23.433584                 396.10607                      8.7830265
              3       1750.3827     0.060422508       4.6220384    0.0077213254       3514.0856      -6.6601069       -8.6915466         2.0314397       3514.0856                           3085.7643                 23.433518                 396.10607                      8.7816779
              1       1750.5417     0.058568173       4.5428341    0.0086629121       3514.4036      -6.6601069       -8.6915466         2.0314397       3514.4036                           3086.0805                 23.433604                 396.10607                      8.7834468
              1       1750.6107     0.057196496       4.5444059      0.00971713       3514.5416      -6.6601069       -8.6915466         2.0314397       3514.5416                           3086.2178                 23.433632                 396.10607                      8.7840692
              2       1750.8793     0.048833769       4.7755291    0.0084636191       3515.0787      -6.6601069       -8.6915466         2.0314397       3515.0787                           3086.7532                 23.433701                 396.10607                      8.7857205
              3       1750.6162     0.053659757       4.7527018    0.0050723775       3514.5527      -6.6601069       -8.6915466         2.0314397       3514.5527                           3086.2296                 23.433599                 396.10607                      8.7833888
              1       1750.4511     0.057372577       4.7176599    0.0048947694       3514.2224      -6.6601069       -8.6915466         2.0314397       3514.2224                           3085.9009                 23.433532                 396.10607                      8.7819644
              2       1750.5384     0.056539538       4.6638346    0.0089333132       3514.3971      -6.6601069       -8.6915466         2.0314397       3514.3971                           3086.0744                 23.433581                 396.10607                      8.7829886
              1       1749.9762     0.063878367       5.0424311    0.0080738496       3513.2726      -6.6601069       -8.6915466         2.0314397       3513.2726                           3084.9579                 23.433167                 396.10607                      8.7754359
              5       1750.2517     0.054611434       5.1986492    0.0061713678       3513.8236      -6.6601069       -8.6915466         2.0314397       3513.8236                           3085.5064                  23.43332                 396.10607                      8.7777881
              2       1750.3438     0.051827499       5.2687873    0.0070241654       3514.0078      -6.6601069       -8.6915466         2.0314397       3514.0078                           3085.6899                 23.433359                 396.10607                      8.7784386
              1       1750.3787     0.051353516       5.2503386    0.0070561259       3514.0777      -6.6601069       -8.6915466         2.0314397       3514.0777                           3085.7593                 23.433383                 396.10607                      8.7789065
              1       1750.3982     0.052094336       5.1583488    0.0066008114       3514.1166      -6.6601069       -8.6915466         2.0314397       3514.1166                           3085.7976                 23.433414                 396.10607                      8.7795553
              1       1750.1087     0.057472169       5.2426453    0.0055280411       3513.5377      -6.6601069       -8.6915466         2.0314397       3513.5377                           3085.2225                 23.433212                 396.10607                      8.7759113
              1       1750.0291     0.060253096       5.1955047    0.0073606532       3513.3785      -6.6601069       -8.6915466         2.0314397       3513.3785                            3085.064                 23.433164                 396.10607                      8.7752095
              1       1750.4197     0.052325117        5.107371      0.00469597       3514.1596      -6.6601069       -8.6915466         2.0314397       3514.1596                           3085.8401                 23.433437                 396.10607                      8.7800145
              2       1750.8386     0.048593188       4.8397304     0.006910812       3514.9974      -6.6601069       -8.6915466         2.0314397       3514.9974                           3086.6725                 23.433675                 396.10607                      8.7851291
              2       1750.9402     0.048134343       4.7563785    0.0083967583       3515.2007      -6.6601069       -8.6915466         2.0314397       3515.2007                           3086.8745                 23.433727                 396.10607                       8.786333
              1        1750.449     0.055957371       4.8093214    0.0084759713       3514.2181      -6.6601069       -8.6915466         2.0314397       3514.2181                            3085.897                 23.433513                 396.10607                      8.7815838
              3       1750.3641      0.06242011       4.5349866    0.0081682127       3514.0485      -6.6601069       -8.6915466         2.0314397       3514.0485                           3085.7271                 23.433526                 396.10607                      8.7818268
              2       1750.3637     0.062179999       4.5482742     0.008436732       3514.0476      -6.6601069       -8.6915466         2.0314397       3514.0476                           3085.7262                 23.433523                 396.10607                      8.7817733
              2       1749.9907       0.0678086       4.7591882    0.0073710165       3513.3017      -6.6601069       -8.6915466         2.0314397       3513.3017                           3084.9852                 23.433262                 396.10607                      8.7770986
              1       1750.2836     0.058876869       4.8438264    0.0073433412       3513.8873      -6.6601069       -8.6915466         2.0314397       3513.8873                            3085.568                 23.433422                 396.10607                      8.7798046
              3       1750.5029     0.057583548       4.6430309    0.0053206648       3514.3261      -6.6601069       -8.6915466         2.0314397       3514.3261                           3086.0037                 23.433569                 396.10607                      8.7827337
              1       1750.4723     0.060313687       4.5242135    0.0036752045       3514.2648      -6.6601069       -8.6915466         2.0314397       3514.2648                           3085.9423                 23.433577                 396.10607                      8.7828736
              1       1750.2393     0.059377383       4.8757967    0.0070391992       3513.7987      -6.6601069       -8.6915466         2.0314397       3513.7987                             3085.48                  23.43339                 396.10607                      8.7792102
              1       1750.4491      0.05832411       4.6630103    0.0098259272       3514.2185      -6.6601069       -8.6915466         2.0314397       3514.2185                           3085.8967                 23.433541                 396.10607                       8.782154
              1       1750.3535     0.060273582        4.666318    0.0097942306       3514.0272      -6.6601069       -8.6915466         2.0314397       3514.0272                           3085.7064                 23.433495                 396.10607                      8.7812278
              5       1750.4586     0.059775642       4.5691354    0.0099627786       3514.2373      -6.6601069       -8.6915466         2.0314397       3514.2373                           3085.9151                 23.433563                 396.10607                      8.7825873
              2       1750.4328     0.059719424       4.6020544    0.0094506111       3514.1859      -6.6601069       -8.6915466         2.0314397       3514.1859                            3085.864                 23.433545                 396.10607                      8.7822265
              1       1750.1756     0.064876501       4.6396062    0.0089972605       3513.6715      -6.6601069       -8.6915466         2.0314397       3513.6715                           3085.3524                 23.433408                 396.10607                      8.7795873
              1       1750.0994     0.063341621        4.842252    0.0062660169        3513.519      -6.6601069       -8.6915466         2.0314397        3513.519                           3085.2017                 23.433314                 396.10607                       8.777891
              2        1750.063     0.064070311       4.8581436    0.0056965207       3513.4462      -6.6601069       -8.6915466         2.0314397       3513.4462                           3085.1294                 23.433286                 396.10607                       8.777417
              1       1750.0368      0.06224415       5.0284804    0.0059987519       3513.3939      -6.6601069       -8.6915466         2.0314397       3513.3939                           3085.0783                  23.43322                 396.10607                      8.7762435
              4       1749.9433     0.064007209        5.114568    0.0066725766       3513.2068      -6.6601069       -8.6915466         2.0314397       3513.2068                           3084.8931                 23.433115                 396.10607                       8.774593
              1       1750.0065     0.059903501       5.2821052    0.0048036713       3513.3332      -6.6601069       -8.6915466         2.0314397       3513.3332                           3085.0196                 23.433116                 396.10607                      8.7743946
              1       1750.4001     0.054505416       4.9736746    0.0034439356       3514.1204      -6.6601069       -8.6915466         2.0314397       3514.1204                           3085.8005                 23.433455                 396.10607                      8.7804139
              2       1750.9284     0.046195145       4.9145558    0.0064368287        3515.177      -6.6601069       -8.6915466         2.0314397        3515.177                           3086.8515                 23.433698                 396.10607                      8.7856884
              1       1750.5033     0.050632058       5.1175952    0.0083584445       3514.3268      -6.6601069       -8.6915466         2.0314397       3514.3268                           3086.0065                 23.433477                 396.10607                      8.7808189
              4       1750.3509     0.051322012       5.2998462    0.0093019693       3514.0221      -6.6601069       -8.6915466         2.0314397       3514.0221                           3085.7043                 23.433355                 396.10607                      8.7783595
              2       1750.0495     0.058906586       5.2575089    0.0070925885       3513.4193      -6.6601069       -8.6915466         2.0314397       3513.4193                           3085.1049                 23.433161                 396.10607                      8.7750988
              1       1750.2045     0.059723127       4.9059256    0.0084470953       3513.7292      -6.6601069       -8.6915466         2.0314397       3513.7292                            3085.411                 23.433363                 396.10607                      8.7787104
              2       1750.2148     0.059500039       4.9046752    0.0084544157       3513.7498      -6.6601069       -8.6915466         2.0314397       3513.7498                           3085.4315                 23.433369                 396.10607                      8.7788242
              6       1750.4108     0.059956511       4.6146298    0.0098785275       3514.1419      -6.6601069       -8.6915466         2.0314397       3514.1419                           3085.8203                 23.433532                 396.10607                      8.7819726
              2       1750.3129     0.060896597       4.6816495    0.0099771505       3513.9461      -6.6601069       -8.6915466         2.0314397       3513.9461                           3085.6258                 23.433472                 396.10607                       8.780774
              1       1749.8964     0.074687729       4.5555594    0.0089037537       3513.1129      -6.6601069       -8.6915466         2.0314397       3513.1129                           3084.7966                 23.433249                 396.10607                      8.7770159
              5       1749.8941     0.074742229       4.5567724    0.0089035604       3513.1085      -6.6601069       -8.6915466         2.0314397       3513.1085                           3084.7922                 23.433247                 396.10607                      8.7769859
              1        1749.869     0.069030536       4.9463524    0.0079848453       3513.0582      -6.6601069       -8.6915466         2.0314397       3513.0582                           3084.7444                 23.433101                 396.10607                      8.7746194
              5       1750.8577     0.052943413       4.5313468    0.0065246633       3515.0355      -6.6601069       -8.6915466         2.0314397       3515.0355                           3086.7094                  23.43373                 396.10607                      8.7863152
              2       1750.7922     0.054390624       4.5134558    0.0064134696       3514.9047      -6.6601069       -8.6915466         2.0314397       3514.9047                           3086.5791                 23.433709                 396.10607                      8.7857937
              7       1750.8031     0.054150725       4.5162516    0.0068765924       3514.9263      -6.6601069       -8.6915466         2.0314397       3514.9263                           3086.6007                 23.433712                 396.10607                      8.7858805
              1       1750.4311     0.054177584       4.9535391    0.0058734642       3514.1824      -6.6601069       -8.6915466         2.0314397       3514.1824                           3085.8621                 23.433475                 396.10607                      8.7808113
              2       1749.8312     0.067523571       5.2299763    0.0063891881       3512.9825      -6.6601069       -8.6915466         2.0314397       3512.9825                           3084.6714                 23.432934                 396.10607                      8.7721256
              1       1749.8144     0.070597579       5.0114475    0.0080908816       3512.9489      -6.6601069       -8.6915466         2.0314397       3512.9489                           3084.6364                 23.433013                 396.10607                      8.7734274
              4       1749.8152     0.070762565        4.994312    0.0080592472       3512.9506      -6.6601069       -8.6915466         2.0314397       3512.9506                           3084.6379                 23.433021                 396.10607                      8.7735545
              1       1749.8291     0.067983557       5.1893196    0.0079781766       3512.9784      -6.6601069       -8.6915466         2.0314397       3512.9784                           3084.6669                 23.432951                 396.10607                      8.7724006
              3       1750.2844     0.056491127       5.0032017     0.006862993        3513.889      -6.6601069       -8.6915466         2.0314397        3513.889                           3085.5705                 23.433387                 396.10607                      8.7790952
              1       1750.1609     0.057759797       5.1170253    0.0074289613        3513.642      -6.6601069       -8.6915466         2.0314397        3513.642                           3085.3255                 23.433283                 396.10607                       8.777199
              7       1750.1603     0.056269658        5.234927    0.0053244883       3513.6409      -6.6601069       -8.6915466         2.0314397       3513.6409                            3085.325                 23.433251                 396.10607                      8.7765632
              1       1750.0304     0.059576055       5.2480725    0.0054696719        3513.381      -6.6601069       -8.6915466         2.0314397        3513.381                           3085.0668                 23.433148                 396.10607                      8.7749129
              3       1750.2101     0.059146258       4.9353705    0.0065552324       3513.7405      -6.6601069       -8.6915466         2.0314397       3513.7405                           3085.4224                 23.433359                 396.10607                      8.7786331
              1       1749.9243     0.066970259       4.9465721    0.0073642867       3513.1688      -6.6601069       -8.6915466         2.0314397       3513.1688                           3084.8543                 23.433153                 396.10607                       8.775333
              1       1749.8495     0.066252099       5.2626076    0.0097576644       3513.0193      -6.6601069       -8.6915466         2.0314397       3513.0193                           3084.7081                 23.432946                 396.10607                       8.772201
              3       1750.3897     0.051915474       5.1860434    0.0099875689       3514.0997      -6.6601069       -8.6915466         2.0314397       3514.0997                           3085.7809                 23.433404                 396.10607                      8.7793354
              2       1750.7782     0.048440115       4.9234166    0.0072447182       3514.8767      -6.6601069       -8.6915466         2.0314397       3514.8767                           3086.5527                 23.433637                 396.10607                      8.7842687
              2       1750.8228     0.050955403        4.693811    0.0063819034       3514.9658      -6.6601069       -8.6915466         2.0314397       3514.9658                           3086.6406                 23.433692                 396.10607                       8.785485
              2       1750.4597     0.056143972       4.7836379    0.0057675743       3514.2397      -6.6601069       -8.6915466         2.0314397       3514.2397                           3085.9183                 23.433523                 396.10607                      8.7817898
              3       1750.7301     0.046926647       5.1050429    0.0066382389       3514.7805      -6.6601069       -8.6915466         2.0314397       3514.7805                           3086.4577                 23.433585                 396.10607                      8.7831077
              1       1750.6837      0.04724551       5.1411618    0.0066948916       3514.6876      -6.6601069       -8.6915466         2.0314397       3514.6876                           3086.3655                 23.433558                 396.10607                       8.782508
              9        1750.412     0.051494944       5.1852488    0.0038690438       3514.1442      -6.6601069       -8.6915466         2.0314397       3514.1442                           3085.8251                 23.433416                 396.10607                      8.7795723
              2       1750.5805     0.048479165       5.1823851    0.0044012306       3514.4813      -6.6601069       -8.6915466         2.0314397       3514.4813                           3086.1604                 23.433502                 396.10607                      8.7813095
              2       1750.6228     0.047783815       5.1807061    0.0040106425       3514.5658      -6.6601069       -8.6915466         2.0314397       3514.5658                           3086.2444                 23.433522                 396.10607                       8.781739
              3       1750.6536      0.04720818       5.1862981     0.004953991       3514.6273      -6.6601069       -8.6915466         2.0314397       3514.6273                           3086.3057                 23.433536                 396.10607                      8.7820202
              5       1749.9893     0.061086145       5.2272412    0.0034618539       3513.2989      -6.6601069       -8.6915466         2.0314397       3513.2989                           3084.9852                 23.433119                 396.10607                      8.7745091
              7       1750.1397     0.060687594       4.9463378    0.0031892511       3513.5997      -6.6601069       -8.6915466         2.0314397       3513.5997                           3085.2824                 23.433313                 396.10607                      8.7778259
              1       1750.1252     0.063190308        4.810188    0.0044487509       3513.5706      -6.6601069       -8.6915466         2.0314397       3513.5706                           3085.2529                 23.433338                 396.10607                      8.7783175
              1       1749.8884     0.069900843       4.8389296    0.0032790957       3513.0969      -6.6601069       -8.6915466         2.0314397       3513.0969                           3084.7822                 23.433156                 396.10607                      8.7754843
              1       1749.7679     0.072876001       5.0585642     0.004842322        3512.856      -6.6601069       -8.6915466         2.0314397        3512.856                           3084.5447                 23.432917                 396.10607                      8.7722833
              3       1749.7468     0.074679057       5.0351918    0.0053543452       3512.8139      -6.6601069       -8.6915466         2.0314397       3512.8139                           3084.5029                 23.432887                 396.10607                      8.7720366
              3       1749.8032     0.074035734       4.7982634    0.0046467792       3512.9266      -6.6601069       -8.6915466         2.0314397       3512.9266                           3084.6128                 23.433086                 396.10607                      8.7746081
              4       1749.9131     0.070296929       4.7611752    0.0051024023       3513.1463      -6.6601069       -8.6915466         2.0314397       3513.1463                           3084.8309                 23.433202                 396.10607                      8.7761977
              5       1749.9734     0.068910376       4.7265886    0.0039139667       3513.2671      -6.6601069       -8.6915466         2.0314397       3513.2671                           3084.9507                 23.433258                 396.10607                      8.7770641
              1       1750.0406     0.068260381       4.6515256    0.0090183419       3513.4015      -6.6601069       -8.6915466         2.0314397       3513.4015                           3085.0839                 23.433324                 396.10607                      8.7781448
              3       1750.1009     0.068244123        4.564455    0.0089418764        3513.522      -6.6601069       -8.6915466         2.0314397        3513.522                           3085.2034                 23.433382                 396.10607                      8.7791459
              3       1750.0567     0.070648461       4.5059035    0.0073102262       3513.4336      -6.6601069       -8.6915466         2.0314397       3513.4336                           3085.1152                 23.433369                 396.10607                      8.7789402
              7       1749.8433       0.0730502        4.752381    0.0062963667       3513.0068      -6.6601069       -8.6915466         2.0314397       3513.0068                           3084.6922                 23.433143                 396.10607                       8.775394
              1       1750.7081     0.054642428       4.5876022    0.0093438521       3514.7364      -6.6601069       -8.6915466         2.0314397       3514.7364                           3086.4118                 23.433664                 396.10607                      8.7848051
              8       1750.0763     0.065260059       4.7639465    0.0079642274       3513.4729      -6.6601069       -8.6915466         2.0314397       3513.4729                           3085.1555                 23.433319                 396.10607                      8.7780118
              9       1751.1742     0.047560722        4.546737    0.0070775088       3515.6687      -6.6601069       -8.6915466         2.0314397       3515.6687                           3087.3398                 23.433838                 396.10607                      8.7890179
              5       1750.3939      0.05949703       4.6613276    0.0092083238        3514.108      -6.6601069       -8.6915466         2.0314397        3514.108                           3085.7868                 23.433515                 396.10607                      8.7816354
              7       1749.8144     0.069443201       5.1187831    0.0099481081        3512.949      -6.6601069       -8.6915466         2.0314397        3512.949                           3084.6372                 23.432963                 396.10607                       8.772672
              2       1749.7937     0.071310613       5.0473898      0.00902389       3512.9077      -6.6601069       -8.6915466         2.0314397       3512.9077                           3084.5958                 23.432967                 396.10607                      8.7728412
              2       1749.8302     0.068180184       5.1615495    0.0031109963       3512.9806      -6.6601069       -8.6915466         2.0314397       3512.9806                           3084.6689                 23.432966                 396.10607                      8.7726265
              1       1749.9215      0.06310717       5.2575744    0.0055671944       3513.1632      -6.6601069       -8.6915466         2.0314397       3513.1632                           3084.8507                  23.43304                 396.10607                      8.7733775
              1       1749.9836      0.06124584       5.2292784    0.0053712939       3513.2875      -6.6601069       -8.6915466         2.0314397       3513.2875                           3084.9738                 23.433113                 396.10607                       8.774421
              2       1749.9984      0.06160373       5.1618017     0.005743231        3513.317      -6.6601069       -8.6915466         2.0314397        3513.317                           3085.0028                 23.433148                 396.10607                      8.7750212
              1       1750.1476     0.058847356       5.0608617    0.0061414937       3513.6154      -6.6601069       -8.6915466         2.0314397       3513.6154                           3085.2987                 23.433289                 396.10607                      8.7773396
              2       1749.8836     0.069060591       4.9051536      0.00857374       3513.0874      -6.6601069       -8.6915466         2.0314397       3513.0874                           3084.7732                  23.43313                 396.10607                      8.7750519
              2       1750.2651     0.054045952       5.2207579    0.0088827738       3513.8503      -6.6601069       -8.6915466         2.0314397       3513.8503                           3085.5331                 23.433323                 396.10607                      8.7778218
              2       1750.3358     0.052382885       5.2356828    0.0087549994       3513.9918      -6.6601069       -8.6915466         2.0314397       3513.9918                           3085.6738                 23.433362                 396.10607                      8.7785186
              2       1750.7061     0.051693917        4.777287    0.0038602795       3514.7324      -6.6601069       -8.6915466         2.0314397       3514.7324                           3086.4086                 23.433632                 396.10607                      8.7841329
              5       1750.5845      0.05388338       4.7760024    0.0050778157       3514.4893      -6.6601069       -8.6915466         2.0314397       3514.4893                           3086.1666                 23.433581                 396.10607                      8.7830056
              1       1750.1669      0.05740038       5.1332675    0.0095174127        3513.654      -6.6601069       -8.6915466         2.0314397        3513.654                           3085.3375                 23.433283                 396.10607                      8.7771817
              6       1750.2518     0.055258492       5.1474354    0.0095359046       3513.8238      -6.6601069       -8.6915466         2.0314397       3513.8238                           3085.5063                 23.433333                 396.10607                      8.7780493
              1       1750.0161       0.0610773       5.1606494     0.009118185       3513.3525      -6.6601069       -8.6915466         2.0314397       3513.3525                            3085.038                 23.433164                 396.10607                      8.7752511
              1       1750.0117     0.061106999       5.1687886    0.0091457465       3513.3437      -6.6601069       -8.6915466         2.0314397       3513.3437                           3085.0293                 23.433158                 396.10607                      8.7751484
              4       1750.0411     0.060444232       5.1528055    0.0078169161       3513.4025      -6.6601069       -8.6915466         2.0314397       3513.4025                           3085.0876                 23.433187                 396.10607                      8.7756047
              1        1749.896      0.06498253       5.1791162    0.0067045755       3513.1123      -6.6601069       -8.6915466         2.0314397       3513.1123                           3084.7996                 23.433042                 396.10607                      8.7735304
              3       1749.9216       0.0638447       5.1916304    0.0063145689       3513.1634      -6.6601069       -8.6915466         2.0314397       3513.1634                           3084.8505                 23.433065                 396.10607                      8.7738148
              2        1750.091     0.063800361       4.8277197     0.009490284       3513.5022      -6.6601069       -8.6915466         2.0314397       3513.5022                            3085.185                 23.433312                 396.10607                      8.7778695
              1       1750.0511       0.0641368        4.874819    0.0097748929       3513.4224      -6.6601069       -8.6915466         2.0314397       3513.4224                           3085.1058                 23.433273                 396.10607                      8.7772024
              3       1750.0682     0.062454299       4.9534619    0.0087930833       3513.4567      -6.6601069       -8.6915466         2.0314397       3513.4567                           3085.1403                 23.433264                 396.10607                      8.7769987
              2       1750.0322     0.059807783       5.2244097    0.0080431738       3513.3846      -6.6601069       -8.6915466         2.0314397       3513.3846                           3085.0703                 23.433157                 396.10607                      8.7750774
              1       1749.8586     0.068813845       4.9928535    0.0066575089       3513.0375      -6.6601069       -8.6915466         2.0314397       3513.0375                           3084.7241                 23.433073                 396.10607                      8.7741951
              1       1749.8512     0.067703822       5.1091356    0.0039353242       3513.0225      -6.6601069       -8.6915466         2.0314397       3513.0225                           3084.7101                 23.433018                 396.10607                      8.7733319
              1       1749.8198     0.069103077       5.1232757    0.0051966084       3512.9598      -6.6601069       -8.6915466         2.0314397       3512.9598                           3084.6481                 23.432969                 396.10607                      8.7727313
              1       1749.8553     0.066547636       5.1992858    0.0053769953       3513.0309      -6.6601069       -8.6915466         2.0314397       3513.0309                            3084.719                 23.432984                 396.10607                      8.7727681
              2       1749.8757     0.065865736       5.1760222    0.0054724255       3513.0716      -6.6601069       -8.6915466         2.0314397       3513.0716                           3084.7593                  23.43302                 396.10607                      8.7732494
              1       1749.8588     0.065729737       5.2681024    0.0075083273       3513.0378      -6.6601069       -8.6915466         2.0314397       3513.0378                           3084.7265                 23.432957                 396.10607                      8.7723197
              1       1749.8157     0.068376627       5.2413856    0.0076388691       3512.9516      -6.6601069       -8.6915466         2.0314397       3512.9516                           3084.6409                 23.432901                 396.10607                      8.7717404
              5       1750.2165     0.058977097       4.9367355     0.003269814       3513.7533      -6.6601069       -8.6915466         2.0314397       3513.7533                           3085.4352                 23.433363                 396.10607                      8.7786935
              9       1749.8263      0.06782668       5.2272625     0.004523493       3512.9727      -6.6601069       -8.6915466         2.0314397       3512.9727                           3084.6617                 23.432927                 396.10607                      8.7720573
              1       1750.0495     0.060647132       5.1189225    0.0051153434       3513.4192      -6.6601069       -8.6915466         2.0314397       3513.4192                           3085.1041                 23.433203                 396.10607                      8.7758977
              2       1749.8394     0.066981118       5.2401109    0.0039307761       3512.9991      -6.6601069       -8.6915466         2.0314397       3512.9991                           3084.6879                 23.432942                 396.10607                      8.7721958
             11       1749.7914     0.072979105       4.9131879    0.0040319761       3512.9031      -6.6601069       -8.6915466         2.0314397       3512.9031                           3084.5903                 23.433026                 396.10607                      8.7737267
              3        1749.853     0.067611397        5.109822    0.0053225313       3513.0262      -6.6601069       -8.6915466         2.0314397       3513.0262                           3084.7138                  23.43302                 396.10607                      8.7733555
              4       1749.8169     0.068720955       5.1836825    0.0056954877        3512.954      -6.6601069       -8.6915466         2.0314397        3512.954                           3084.6428                 23.432934                 396.10607                      8.7722272
              1       1750.0035     0.066024444       4.8429512    0.0086516164       3513.3273      -6.6601069       -8.6915466         2.0314397       3513.3273                           3085.0111                 23.433248                 396.10607                      8.7768272
              1       1750.3977      0.05539868       4.9146277     0.005159704       3514.1156      -6.6601069       -8.6915466         2.0314397       3514.1156                           3085.7954                 23.433466                 396.10607                      8.7806453
              2       1750.4562     0.053852247       4.9421237    0.0056372971       3514.2326      -6.6601069       -8.6915466         2.0314397       3514.2326                            3085.912                  23.43349                 396.10607                      8.7811087
              8       1750.5586     0.047811072       5.2726148    0.0094044157       3514.4374      -6.6601069       -8.6915466         2.0314397       3514.4374                           3086.1172                 23.433473                 396.10607                      8.7806804
              4       1750.6761     0.048131749       5.0783055    0.0098477707       3514.6724      -6.6601069       -8.6915466         2.0314397       3514.6724                             3086.35                 23.433566                 396.10607                      8.7826933
              1       1750.5637     0.049011902       5.1620863    0.0096561568       3514.4477      -6.6601069       -8.6915466         2.0314397       3514.4477                           3086.1269                 23.433498                 396.10607                      8.7812303
              2       1750.0969      0.06093179       5.0048433    0.0057802865        3513.514      -6.6601069       -8.6915466         2.0314397        3513.514                           3085.1975                  23.43327                 396.10607                      8.7770585
              7        1749.781     0.071306858       5.1577043    0.0070610161       3512.8822      -6.6601069       -8.6915466         2.0314397       3512.8822                           3084.5716                 23.432882                 396.10607                      8.7717291
              5       1749.7973     0.070504932       5.1112381    0.0061403517       3512.9148      -6.6601069       -8.6915466         2.0314397       3512.9148                           3084.6034                  23.43294                 396.10607                      8.7724281
              6       1749.8031     0.069418887       5.2085128    0.0087225269       3512.9264      -6.6601069       -8.6915466         2.0314397       3512.9264                           3084.6157                 23.432896                 396.10607                      8.7717611
              3       1749.8065     0.068813171       5.2898482    0.0082279961       3512.9332      -6.6601069       -8.6915466         2.0314397       3512.9332                           3084.6232                 23.432851                 396.10607                      8.7711165
              1       1749.8004     0.069393992       5.2572867    0.0089126959        3512.921      -6.6601069       -8.6915466         2.0314397        3512.921                           3084.6108                 23.432859                 396.10607                      8.7712755
              2       1749.7992     0.071362863       5.0135599    0.0077052593       3512.9186      -6.6601069       -8.6915466         2.0314397       3512.9186                           3084.6064                 23.432991                 396.10607                       8.773172
              2       1749.8058     0.069973691       5.1139294    0.0083759774       3512.9318      -6.6601069       -8.6915466         2.0314397       3512.9318                           3084.6202                 23.432953                 396.10607                        8.77256
              7       1749.7854     0.071151997       5.1280159    0.0084121047        3512.891      -6.6601069       -8.6915466         2.0314397        3512.891                             3084.58                  23.43291                 396.10607                      8.7720699
              2        1749.878     0.066438241        5.117367    0.0092342905       3513.0762      -6.6601069       -8.6915466         2.0314397       3513.0762                           3084.7634                 23.433046                 396.10607                      8.7736758
              1         1749.92     0.065174943       5.0880293    0.0086144636       3513.1602      -6.6601069       -8.6915466         2.0314397       3513.1602                           3084.8466                 23.433101                 396.10607                      8.7744454
              1       1749.9659     0.064214294       5.0421142    0.0082922452        3513.252      -6.6601069       -8.6915466         2.0314397        3513.252                           3084.9374                 23.433159                 396.10607                      8.7753093
              2       1750.0763     0.059337888       5.1624613     0.007940146       3513.4728      -6.6601069       -8.6915466         2.0314397       3513.4728                           3085.1575                 23.433211                 396.10607                      8.7759749
              6       1749.9135     0.064217019       5.1858778    0.0066633183       3513.1473      -6.6601069       -8.6915466         2.0314397       3513.1473                           3084.8344                 23.433059                 396.10607                      8.7737378
              4       1749.9939     0.062743813       5.0848834    0.0089602101       3513.3081      -6.6601069       -8.6915466         2.0314397       3513.3081                           3084.9934                 23.433169                 396.10607                      8.7754131
              3       1750.3959     0.054146733       5.0055255    0.0096817755       3514.1119      -6.6601069       -8.6915466         2.0314397       3514.1119                           3085.7922                 23.433446                 396.10607                      8.7802307
              2        1750.673     0.054347569       4.6440002    0.0058360429       3514.6662      -6.6601069       -8.6915466         2.0314397       3514.6662                           3086.3422                 23.433641                 396.10607                      8.7842974
              5       1750.5191     0.058516926       4.5708184    0.0057566469       3514.3584      -6.6601069       -8.6915466         2.0314397       3514.3584                           3086.0356                 23.433589                 396.10607                      8.7831419
              2        1750.738     0.053262675       4.6392861    0.0055008091       3514.7961      -6.6601069       -8.6915466         2.0314397       3514.7961                           3086.4715                 23.433668                 396.10607                      8.7849024
              5       1750.4877     0.054433431       4.8602572    0.0050160265       3514.2956      -6.6601069       -8.6915466         2.0314397       3514.2956                           3085.9742                 23.433521                 396.10607                       8.781754
              1       1750.3788     0.058734565       4.7252846    0.0053816497       3514.0777      -6.6601069       -8.6915466         2.0314397       3514.0777                           3085.7569                 23.433496                 396.10607                      8.7812399
              3       1750.4129     0.058964503       4.6691761    0.0031167279        3514.146      -6.6601069       -8.6915466         2.0314397        3514.146                           3085.8247                 23.433523                 396.10607                      8.7817863
              1       1750.5335     0.056789284       4.6546016    0.0050159569       3514.3872      -6.6601069       -8.6915466         2.0314397       3514.3872                           3086.0646                  23.43358                 396.10607                      8.7829761
              2       1750.0308     0.060591408       5.1647474    0.0053038347       3513.3818      -6.6601069       -8.6915466         2.0314397       3513.3818                           3085.0671                 23.433175                 396.10607                      8.7754092
              2       1749.9051     0.064319759       5.2058001    0.0062832915       3513.1303      -6.6601069       -8.6915466         2.0314397       3513.1303                           3084.8177                 23.433042                 396.10607                      8.7734845
              3       1750.3435        0.057288       4.8627915    0.0041747897       3514.0073      -6.6601069       -8.6915466         2.0314397       3514.0073                           3085.6874                  23.43345                 396.10607                      8.7803261
              1        1750.407     0.054817303       4.9420071    0.0039198756       3514.1342      -6.6601069       -8.6915466         2.0314397       3514.1342                            3085.814                 23.433465                 396.10607                      8.7806207
              1       1750.4807     0.053772328       4.9147719    0.0040605661       3514.2817      -6.6601069       -8.6915466         2.0314397       3514.2817                           3085.9606                 23.433507                 396.10607                      8.7814641
              2       1750.2713     0.055255451       5.1149555    0.0087343679       3513.8627      -6.6601069       -8.6915466         2.0314397       3513.8627                           3085.5449                 23.433353                 396.10607                      8.7784216
              1       1750.2871     0.055233511       5.0907729     0.008235941       3513.8944      -6.6601069       -8.6915466         2.0314397       3513.8944                           3085.5762                 23.433368                 396.10607                      8.7787086
              3       1749.9619       0.0672724       4.8454786    0.0093382555        3513.244      -6.6601069       -8.6915466         2.0314397        3513.244                           3084.9284                 23.433216                 396.10607                       8.776335
              1       1749.9375     0.067048486       4.9109761    0.0084742777       3513.1953      -6.6601069       -8.6915466         2.0314397       3513.1953                           3084.8803                 23.433176                 396.10607                      8.7756941
              1       1750.4779     0.053825109       4.9148482    0.0070979159        3514.276      -6.6601069       -8.6915466         2.0314397        3514.276                            3085.955                 23.433506                 396.10607                      8.7814362
              5        1750.488     0.057860889       4.6442196    0.0043988053       3514.2962      -6.6601069       -8.6915466         2.0314397       3514.2962                            3085.974                 23.433562                 396.10607                      8.7825895
             10       1750.5318     0.057085972       4.6389134    0.0043858691       3514.3838      -6.6601069       -8.6915466         2.0314397       3514.3838                           3086.0612                 23.433582                 396.10607                       8.783017
              2       1750.2096     0.060369567       4.8563598    0.0052754884       3513.7394      -6.6601069       -8.6915466         2.0314397       3513.7394                           3085.4209                 23.433378                 396.10607                      8.7789911
              3       1749.9572     0.068131062       4.8022505      0.00384802       3513.2346      -6.6601069       -8.6915466         2.0314397       3513.2346                           3084.9188                 23.433225                 396.10607                      8.7765025
              4       1749.8855     0.068588138       4.9322849    0.0037567071       3513.0913      -6.6601069       -8.6915466         2.0314397       3513.0913                           3084.7772                 23.433122                 396.10607                      8.7749207
              4       1749.9635     0.069759682       4.6965045    0.0047844409       3513.2472      -6.6601069       -8.6915466         2.0314397       3513.2472                           3084.9308                 23.433259                 396.10607                      8.7770988
              4       1749.9312     0.066750487       4.9452791    0.0050337061       3513.1826      -6.6601069       -8.6915466         2.0314397       3513.1826                            3084.868                  23.43316                 396.10607                      8.7754267
              3       1749.9342     0.066781598       4.9362513    0.0062461093       3513.1886      -6.6601069       -8.6915466         2.0314397       3513.1886                           3084.8739                 23.433165                 396.10607                      8.7755137
              8       1749.7689     0.072338696       5.1550979    0.0037689165       3512.8581      -6.6601069       -8.6915466         2.0314397       3512.8581                           3084.5477                 23.432856                 396.10607                      8.7714739
              9       1750.0762     0.061111434       5.0310419    0.0035988174       3513.4726      -6.6601069       -8.6915466         2.0314397       3513.4726                           3085.1566                 23.433248                 396.10607                      8.7766866
              5       1750.0801     0.061194624       5.0177749    0.0036216677       3513.4803      -6.6601069       -8.6915466         2.0314397       3513.4803                           3085.1642                 23.433255                 396.10607                      8.7768005
              4        1750.067      0.06150951       5.0205544    0.0037298714       3513.4543      -6.6601069       -8.6915466         2.0314397       3513.4543                           3085.1383                 23.433245                 396.10607                       8.776637
              4       1750.8109     0.050870903         4.71263    0.0057139283       3514.9421      -6.6601069       -8.6915466         2.0314397       3514.9421                            3086.617                 23.433685                 396.10607                      8.7853153
              1       1750.7685      0.05181464       4.6978518    0.0056130587       3514.8572      -6.6601069       -8.6915466         2.0314397       3514.8572                           3086.5324                  23.43367                 396.10607                      8.7849811
              3       1750.6651      0.05298596       4.7393197    0.0057472203       3514.6504      -6.6601069       -8.6915466         2.0314397       3514.6504                           3086.3268                 23.433622                 396.10607                      8.7838903
              1       1750.2648     0.059293744       4.8439036    0.0055923269       3513.8499      -6.6601069       -8.6915466         2.0314397       3513.8499                           3085.5308                 23.433412                 396.10607                      8.7796144
              1       1750.2392     0.063550498       4.6275982    0.0058947104       3513.7985      -6.6601069       -8.6915466         2.0314397       3513.7985                           3085.4788                 23.433445                 396.10607                      8.7802684
              2       1750.2608     0.062667319       4.6483007    0.0061111867       3513.8419      -6.6601069       -8.6915466         2.0314397       3513.8419                            3085.522                 23.433452                 396.10607                      8.7803979
              5       1750.2011     0.066013682        4.545903    0.0079126935       3513.7224      -6.6601069       -8.6915466         2.0314397       3513.7224                           3085.4027                 23.433442                 396.10607                      8.7802203
              4        1749.785     0.074071875       4.8559905    0.0080270217       3512.8903      -6.6601069       -8.6915466         2.0314397       3512.8903                           3084.5772                 23.433042                 396.10607                      8.7739978
              4       1749.7877     0.073835289       4.8631956    0.0078545569       3512.8957      -6.6601069       -8.6915466         2.0314397       3512.8957                           3084.5825                 23.433042                 396.10607                      8.7739917
              4       1750.3375     0.054428304       5.0718027    0.0069713786       3513.9951      -6.6601069       -8.6915466         2.0314397       3513.9951                           3085.6763                 23.433401                 396.10607                      8.7793285
              3       1750.3816     0.061838652       4.5456401    0.0038459098       3514.0833      -6.6601069       -8.6915466         2.0314397       3514.0833                           3085.7618                 23.433532                 396.10607                      8.7819517
              1       1750.3231     0.063067356        4.549192    0.0038372396       3513.9664      -6.6601069       -8.6915466         2.0314397       3513.9664                           3085.6454                 23.433503                 396.10607                      8.7813853
              1       1750.3356     0.063091001       4.5331186    0.0091662448       3513.9914      -6.6601069       -8.6915466         2.0314397       3513.9914                           3085.6702                 23.433512                 396.10607                      8.7815639
              1       1750.1965     0.060756089       4.8515146    0.0067827891       3513.7132      -6.6601069       -8.6915466         2.0314397       3513.7132                           3085.3949                 23.433371                 396.10607                      8.7788772
              8        1749.746     0.074961351       4.9962168    0.0070947797       3512.8121      -6.6601069       -8.6915466         2.0314397       3512.8121                           3084.5008                 23.432911                 396.10607                      8.7723447
              2       1749.7734     0.071945717       5.1534133    0.0069437919        3512.867      -6.6601069       -8.6915466         2.0314397        3512.867                           3084.5565                 23.432868                 396.10607                      8.7715962
              4       1750.0161     0.063175154       5.0054211    0.0057770306       3513.3525      -6.6601069       -8.6915466         2.0314397       3513.3525                            3085.037                 23.433211                 396.10607                      8.7761239
              1       1750.1959     0.058228002       5.0217144    0.0051525961        3513.712      -6.6601069       -8.6915466         2.0314397        3513.712                           3085.3945                  23.43333                 396.10607                      8.7780666
              6       1751.0232      0.04856027       4.6365729    0.0091801067       3515.3667      -6.6601069       -8.6915466         2.0314397       3515.3667                           3087.0394                 23.433774                 396.10607                      8.7874476
              4        1750.515     0.051176032       5.0583193    0.0059894879       3514.3502      -6.6601069       -8.6915466         2.0314397       3514.3502                           3086.0295                 23.433495                 396.10607                      8.7811954
              2       1750.5638     0.050206167       5.0657007    0.0056687344       3514.4479      -6.6601069       -8.6915466         2.0314397       3514.4479                           3086.1267                 23.433517                 396.10607                      8.7816482
              1        1750.525     0.051342762       5.0317655    0.0058619186       3514.3701      -6.6601069       -8.6915466         2.0314397       3514.3701                           3086.0491                 23.433505                 396.10607                      8.7814082
              4       1750.6307     0.051606284       4.8742379    0.0031327478       3514.5817      -6.6601069       -8.6915466         2.0314397       3514.5817                           3086.2589                 23.433583                 396.10607                      8.7830685
              5       1750.6583     0.051217503       4.8676283    0.0031357849       3514.6368      -6.6601069       -8.6915466         2.0314397       3514.6368                           3086.3138                 23.433596                 396.10607                      8.7833535
             10       1750.6619     0.051334322       4.8549095    0.0032288248       3514.6441      -6.6601069       -8.6915466         2.0314397       3514.6441                            3086.321                   23.4336                 396.10607                      8.7834359
              3       1750.4904     0.053361764       4.9307444    0.0034116219        3514.301      -6.6601069       -8.6915466         2.0314397        3514.301                           3085.9799                 23.433509                 396.10607                      8.7814926
              3       1750.5459     0.051907774       4.9613945    0.0043361655        3514.412      -6.6601069       -8.6915466         2.0314397        3514.412                           3086.0905                 23.433529                 396.10607                      8.7819082
              1       1750.6339     0.048736567       5.0863393    0.0048769206       3514.5881      -6.6601069       -8.6915466         2.0314397       3514.5881                           3086.2662                 23.433546                 396.10607                        8.78225
              3       1750.7253     0.047423022       5.0704867    0.0046912985       3514.7709      -6.6601069       -8.6915466         2.0314397       3514.7709                            3086.448                 23.433589                 396.10607                      8.7832005
              2       1750.7036     0.049271027       4.9534049    0.0050944657       3514.7275      -6.6601069       -8.6915466         2.0314397       3514.7275                           3086.4044                 23.433601                 396.10607                      8.7834537
              2        1750.336     0.054785422        5.047537    0.0087983695       3513.9922      -6.6601069       -8.6915466         2.0314397       3513.9922                           3085.6733                 23.433405                 396.10607                      8.7794264
              1       1750.1962     0.058337492        5.013496    0.0085423067       3513.7126      -6.6601069       -8.6915466         2.0314397       3513.7126                           3085.3951                 23.433332                 396.10607                      8.7781097
              1       1749.8733     0.068763101       4.9531737    0.0094267694       3513.0668      -6.6601069       -8.6915466         2.0314397       3513.0668                            3084.753                 23.433103                 396.10607                      8.7746365
             12       1749.9216     0.068231896       4.8693776    0.0092826182       3513.1635      -6.6601069       -8.6915466         2.0314397       3513.1635                           3084.8485                 23.433176                 396.10607                      8.7757275
              6       1750.5641     0.051754971       4.9486123    0.0030074078       3514.4483      -6.6601069       -8.6915466         2.0314397       3514.4483                           3086.1266                  23.43354                 396.10607                      8.7821365
              4       1750.1162      0.06118998        4.952755     0.009313483       3513.5526      -6.6601069       -8.6915466         2.0314397       3513.5526                           3085.2357                 23.433297                 396.10607                      8.7775372
              7       1750.1463     0.057460605       5.1674181    0.0082397222       3513.6128      -6.6601069       -8.6915466         2.0314397       3513.6128                           3085.2967                  23.43326                 396.10607                      8.7767664
              3       1750.0937     0.058777882       5.1696123    0.0085958857       3513.5077      -6.6601069       -8.6915466         2.0314397       3513.5077                           3085.1922                 23.433222                 396.10607                      8.7761422
              1       1749.7639      0.07289547       5.1845291    0.0059313118        3512.848      -6.6601069       -8.6915466         2.0314397        3512.848                            3084.538                 23.432817                 396.10607                      8.7710432
              8       1749.7644     0.072861942       5.1894774    0.0059142636       3512.8489      -6.6601069       -8.6915466         2.0314397       3512.8489                            3084.539                 23.432814                 396.10607                      8.7710037
              3       1749.9615      0.07124951       4.6197703    0.0048256028       3513.2431      -6.6601069       -8.6915466         2.0314397       3513.2431                           3084.9263                 23.433279                 396.10607                      8.7774379
              9       1749.9144     0.072935247       4.6128759    0.0050675186       3513.1491      -6.6601069       -8.6915466         2.0314397       3513.1491                           3084.8328                 23.433246                 396.10607                      8.7769489
              2       1749.9023      0.07251862       4.6572201    0.0051910153       3513.1249      -6.6601069       -8.6915466         2.0314397       3513.1249                            3084.809                 23.433224                 396.10607                      8.7765964
             15       1749.8112     0.074636968       4.7379654    0.0036021362       3512.9427      -6.6601069       -8.6915466         2.0314397       3512.9427                           3084.6285                 23.433117                 396.10607                      8.7750625
              8       1749.8517      0.07275147       4.7501443    0.0030902143       3513.0236      -6.6601069       -8.6915466         2.0314397       3513.0236                           3084.7089                 23.433152                 396.10607                      8.7755118
              1       1749.9106     0.073502333       4.5902882    0.0041211272       3513.1415      -6.6601069       -8.6915466         2.0314397       3513.1415                           3084.8252                  23.43325                 396.10607                      8.7770135
              1       1750.8086     0.053981169       4.5204869    0.0047978859       3514.9374      -6.6601069       -8.6915466         2.0314397       3514.9374                           3086.6117                 23.433714                 396.10607                      8.7859159
              2       1750.3748     0.058612151       4.7377405    0.0097029734       3514.0698      -6.6601069       -8.6915466         2.0314397       3514.0698                           3085.7491                 23.433491                 396.10607                      8.7811517
              1       1750.3734     0.059644693       4.6779773    0.0098912891       3514.0671      -6.6601069       -8.6915466         2.0314397       3514.0671                           3085.7461                 23.433502                 396.10607                      8.7813745
              2       1750.9048     0.050097739       4.6607085    0.0084463354       3515.1299      -6.6601069       -8.6915466         2.0314397       3515.1299                           3086.8038                 23.433728                 396.10607                      8.7863269
              8       1750.7838     0.050966446       4.7368568    0.0080251233       3514.8877      -6.6601069       -8.6915466         2.0314397       3514.8877                            3086.563                  23.43367                 396.10607                      8.7849862
              2       1750.0234     0.063237686       4.9863291    0.0066121316        3513.367      -6.6601069       -8.6915466         2.0314397        3513.367                           3085.0513                 23.433222                 396.10607                      8.7763117
              2       1750.0797     0.066547419       4.6852572    0.0079113645       3513.4797      -6.6601069       -8.6915466         2.0314397       3513.4797                           3085.1619                 23.433341                 396.10607                      8.7784067
              2       1750.0656     0.066120121       4.7312848    0.0090591243       3513.4514      -6.6601069       -8.6915466         2.0314397       3513.4514                           3085.1339                  23.43332                 396.10607                      8.7780478
              3       1750.1901      0.06296476       4.7270444    0.0096158678       3513.7004      -6.6601069       -8.6915466         2.0314397       3513.7004                           3085.3816                 23.433396                 396.10607                      8.7793629
              7       1750.0092     0.068275775       4.7009217    0.0096109473       3513.3386      -6.6601069       -8.6915466         2.0314397       3513.3386                           3085.0217                 23.433291                 396.10607                      8.7775808
              6       1750.2126     0.064608569       4.6048784    0.0095855859       3513.7453      -6.6601069       -8.6915466         2.0314397       3513.7453                           3085.4257                 23.433436                 396.10607                      8.7800973
              1       1750.1391     0.062867817        4.808111    0.0087863201       3513.5985      -6.6601069       -8.6915466         2.0314397       3513.5985                           3085.2806                 23.433347                 396.10607                      8.7784746
              3       1750.2388     0.060564754       4.8015028    0.0090691643       3513.7978      -6.6601069       -8.6915466         2.0314397       3513.7978                           3085.4787                 23.433407                 396.10607                      8.7795345
              3       1750.2794     0.063109845       4.6003487    0.0035550691        3513.879      -6.6601069       -8.6915466         2.0314397        3513.879                           3085.5587                 23.433471                 396.10607                      8.7807691
              1       1750.5362     0.056823846       4.6494392    0.0063261113       3514.3926      -6.6601069       -8.6915466         2.0314397       3514.3926                           3086.0699                 23.433583                 396.10607                      8.7830195
              8        1750.809     0.048255758       4.8998597     0.004433594       3514.9383      -6.6601069       -8.6915466         2.0314397       3514.9383                           3086.6139                 23.433654                 396.10607                      8.7846414
              1       1750.4228     0.053978407       4.9793326    0.0051881329       3514.1658      -6.6601069       -8.6915466         2.0314397       3514.1658                           3085.8456                 23.433466                 396.10607                      8.7806166
              8       1750.2398     0.065689204       4.5141878    0.0035943763       3513.7998      -6.6601069       -8.6915466         2.0314397       3513.7998                           3085.4795                 23.433469                 396.10607                      8.7807191
              3       1750.1024      0.06738513       4.6068783    0.0044486422        3513.525      -6.6601069       -8.6915466         2.0314397        3513.525                           3085.2066                 23.433373                 396.10607                      8.7789824
              1       1749.7736     0.074140188       4.8970866    0.0047995439       3512.8674      -6.6601069       -8.6915466         2.0314397       3512.8674                           3084.5548                 23.433009                 396.10607                      8.7735572
              4       1749.7831     0.074387012       4.8402966    0.0069056825       3512.8865      -6.6601069       -8.6915466         2.0314397       3512.8865                           3084.5733                 23.433046                 396.10607                      8.7740686
             13       1750.0067      0.06075712       5.2092406    0.0053126454       3513.3337      -6.6601069       -8.6915466         2.0314397       3513.3337                           3085.0196                  23.43314                 396.10607                      8.7748444
              3       1750.0236     0.061393712       5.1190586    0.0042897849       3513.3674      -6.6601069       -8.6915466         2.0314397       3513.3674                           3085.0525                 23.433183                 396.10607                      8.7755828
              2       1750.1023     0.058267362       5.1919387    0.0047827334       3513.5249      -6.6601069       -8.6915466         2.0314397       3513.5249                           3085.2095                 23.433222                 396.10607                      8.7761201
              3       1750.3989     0.052524408       5.1232528    0.0033647834        3514.118      -6.6601069       -8.6915466         2.0314397        3514.118                           3085.7988                 23.433423                 396.10607                      8.7797269
              3       1750.6943     0.050806704       4.8526944    0.0070572663       3514.7089      -6.6601069       -8.6915466         2.0314397       3514.7089                           3086.3854                 23.433614                 396.10607                      8.7837473
              2       1749.9133     0.071522371       4.6907951    0.0060274852       3513.1469      -6.6601069       -8.6915466         2.0314397       3513.1469                            3084.831                 23.433223                 396.10607                      8.7765572
              1       1749.9747     0.063821958       5.0500534    0.0065753991       3513.2696      -6.6601069       -8.6915466         2.0314397       3513.2696                            3084.955                 23.433164                 396.10607                      8.7753734
              3       1749.9437     0.064478256       5.0773566    0.0059196421       3513.2076      -6.6601069       -8.6915466         2.0314397       3513.2076                           3084.8936                 23.433128                 396.10607                      8.7748215
              3       1749.9943      0.06264783        5.091205    0.0049956843       3513.3088      -6.6601069       -8.6915466         2.0314397       3513.3088                           3084.9942                 23.433167                 396.10607                       8.775381
              1       1749.9869     0.062913592       5.0885535    0.0043653914        3513.294      -6.6601069       -8.6915466         2.0314397        3513.294                           3084.9795                 23.433162                 396.10607                      8.7753052
              4       1749.8779     0.067245439       5.0523587    0.0064564967        3513.076      -6.6601069       -8.6915466         2.0314397        3513.076                           3084.7627                 23.433071                 396.10607                      8.7740917
              3       1749.8999     0.066190597       5.0672979    0.0074048288         3513.12      -6.6601069       -8.6915466         2.0314397         3513.12                           3084.8065                 23.433089                 396.10607                      8.7743018
              1       1749.8564     0.070441658       4.8840788    0.0082473181       3513.0329      -6.6601069       -8.6915466         2.0314397       3513.0329                           3084.7189                 23.433111                 396.10607                       8.774819
              7       1750.2531     0.061367753       4.7331689    0.0089106443       3513.8264      -6.6601069       -8.6915466         2.0314397       3513.8264                           3085.5069                  23.43343                 396.10607                      8.7799718
              2       1749.8931     0.070975741       4.7627943     0.007778806       3513.1064      -6.6601069       -8.6915466         2.0314397       3513.1064                           3084.7912                 23.433185                 396.10607                      8.7759514
              1       1750.2176     0.065196004        4.567268    0.0043410172       3513.7554      -6.6601069       -8.6915466         2.0314397       3513.7554                           3085.4356                 23.433446                 396.10607                      8.7802973
              3       1750.1837     0.066537366       4.5412898    0.0057751892       3513.6877      -6.6601069       -8.6915466         2.0314397       3513.6877                           3085.3681                 23.433434                 396.10607                      8.7800678
              4       1750.1952     0.066937937       4.5066366    0.0057306282       3513.7105      -6.6601069       -8.6915466         2.0314397       3513.7105                           3085.3907                 23.433447                 396.10607                      8.7803152
              3       1750.4779     0.060200667       4.5241168    0.0069563697       3514.2759      -6.6601069       -8.6915466         2.0314397       3514.2759                           3085.9534                 23.433579                 396.10607                      8.7829251
              4       1750.3814     0.061193141       4.5808139    0.0071392929       3514.0829      -6.6601069       -8.6915466         2.0314397       3514.0829                           3085.7615                 23.433525                 396.10607                      8.7818201
              1       1750.5547     0.056349966       4.6564153    0.0081644693       3514.4296      -6.6601069       -8.6915466         2.0314397       3514.4296                           3086.1067                 23.433589                 396.10607                      8.7831665
              1       1749.9723     0.071753301       4.5761967    0.0075568207       3513.2648      -6.6601069       -8.6915466         2.0314397       3513.2648                           3084.9477                 23.433298                 396.10607                      8.7777546
              3       1749.9952     0.071813148       4.5377292    0.0082779386       3513.3106      -6.6601069       -8.6915466         2.0314397       3513.3106                            3084.993                 23.433323                 396.10607                      8.7781675
              7       1750.0984     0.058315703       5.1963733    0.0072364933        3513.517      -6.6601069       -8.6915466         2.0314397        3513.517                           3085.2016                 23.433218                 396.10607                      8.7760483
              3       1749.8159     0.073952384        4.767302    0.0088838399       3512.9521      -6.6601069       -8.6915466         2.0314397       3512.9521                           3084.6379                 23.433111                 396.10607                      8.7749581
              1       1750.1576     0.059039003       5.0294099    0.0066753271       3513.6354      -6.6601069       -8.6915466         2.0314397       3513.6354                           3085.3184                 23.433304                 396.10607                      8.7776105
              3       1750.2844      0.05812183       4.8915867    0.0074297416       3513.8891      -6.6601069       -8.6915466         2.0314397       3513.8891                             3085.57                 23.433412                 396.10607                      8.7796031
              1       1750.3021     0.056053032       5.0072897    0.0072147719       3513.9244      -6.6601069       -8.6915466         2.0314397       3513.9244                           3085.6056                 23.433396                 396.10607                      8.7792603
              1       1750.0134     0.062288126       5.0748052    0.0051607627        3513.347      -6.6601069       -8.6915466         2.0314397        3513.347                            3085.032                 23.433188                 396.10607                      8.7757089
              6       1750.3173     0.056358027       4.9629887    0.0038009555       3513.9548      -6.6601069       -8.6915466         2.0314397       3513.9548                           3085.6357                 23.433414                 396.10607                      8.7796203
              1       1750.3275     0.057172755       4.8928219    0.0037313941       3513.9752      -6.6601069       -8.6915466         2.0314397       3513.9752                           3085.6557                 23.433435                 396.10607                      8.7800354
              2       1749.8412     0.070410211       4.9301185    0.0044947643       3513.0026      -6.6601069       -8.6915466         2.0314397       3513.0026                           3084.6891                 23.433078                 396.10607                      8.7743393
              3       1749.9057      0.06583445       5.0779669     0.008839116       3513.1315      -6.6601069       -8.6915466         2.0314397       3513.1315                           3084.8181                 23.433091                 396.10607                      8.7743138
              2       1749.8143     0.069922201       5.0718715    0.0094470533       3512.9488      -6.6601069       -8.6915466         2.0314397       3512.9488                           3084.6367                 23.432986                 396.10607                      8.7730093
              5       1749.7926     0.070075266       5.2906686    0.0069648889       3512.9054      -6.6601069       -8.6915466         2.0314397       3512.9054                           3084.5957                 23.432814                 396.10607                        8.77075
              5       1750.5132     0.049397107       5.2041312    0.0036773853       3514.3466      -6.6601069       -8.6915466         2.0314397       3514.3466                           3086.0266                 23.433464                 396.10607                      8.7805298
              2        1750.618     0.054474191       4.6986159    0.0058913454       3514.5561      -6.6601069       -8.6915466         2.0314397       3514.5561                           3086.2329                 23.433609                 396.10607                      8.7836008
              1       1749.8177     0.071791167       4.9060543    0.0046626289       3512.9557      -6.6601069       -8.6915466         2.0314397       3512.9557                           3084.6424                 23.433061                 396.10607                      8.7741582
              3        1749.824     0.072910213       4.8109469    0.0045571596       3512.9682      -6.6601069       -8.6915466         2.0314397       3512.9682                           3084.6542                 23.433104                 396.10607                      8.7748144
             10       1749.9125     0.070232493       4.7661438    0.0037274831       3513.1452      -6.6601069       -8.6915466         2.0314397       3513.1452                           3084.8297                   23.4332                 396.10607                      8.7761654
              3       1749.9587     0.067278096       4.8515915    0.0045076023       3513.2376      -6.6601069       -8.6915466         2.0314397       3513.2376                            3084.922                 23.433211                 396.10607                      8.7762652
              4       1750.0078     0.065512839       4.8669898    0.0048675699       3513.3357      -6.6601069       -8.6915466         2.0314397       3513.3357                           3085.0197                 23.433244                 396.10607                      8.7767533
              1       1750.0823      0.06451284       4.7987076     0.008138168       3513.4847      -6.6601069       -8.6915466         2.0314397       3513.4847                           3085.1675                 23.433314                 396.10607                      8.7779128
              1       1750.4511     0.061192824       4.5009753    0.0076140394       3514.2223      -6.6601069       -8.6915466         2.0314397       3514.2223                           3085.8999                 23.433572                 396.10607                      8.7827588
              7        1750.932     0.048146458       4.7647607    0.0060875461       3515.1842      -6.6601069       -8.6915466         2.0314397       3515.1842                           3086.8582                 23.433723                 396.10607                      8.7862314
              3       1751.2151     0.045254812       4.6638507    0.0044226592       3515.7505      -6.6601069       -8.6915466         2.0314397       3515.7505                           3087.4215                 23.433836                 396.10607                       8.789038
              1       1751.1107     0.047534091       4.6139215    0.0038519163       3515.5417      -6.6601069       -8.6915466         2.0314397       3515.5417                           3087.2135                 23.433808                 396.10607                      8.7882785
              4       1750.1616     0.065439982       4.6282396    0.0085275761       3513.6433      -6.6601069       -8.6915466         2.0314397       3513.6433                           3085.3243                 23.433402                 396.10607                      8.7794927
              5       1750.1313     0.065587405       4.6624466    0.0084103756       3513.5828      -6.6601069       -8.6915466         2.0314397       3513.5828                           3085.2643                 23.433377                 396.10607                      8.7790409
              1       1749.9183     0.070448704       4.7418942    0.0072926346       3513.1567      -6.6601069       -8.6915466         2.0314397       3513.1567                           3084.8411                 23.433212                 396.10607                      8.7763579
              6       1749.8904     0.070248878       4.8126305    0.0077759756       3513.1009      -6.6601069       -8.6915466         2.0314397       3513.1009                            3084.786                 23.433167                 396.10607                      8.7756523
              2       1749.8667     0.071554638       4.7870645    0.0080208826       3513.0535      -6.6601069       -8.6915466         2.0314397       3513.0535                           3084.7388                 23.433154                 396.10607                      8.7754981
              1       1750.0356     0.068402701       4.6517094     0.007983159       3513.3913      -6.6601069       -8.6915466         2.0314397       3513.3913                           3085.0738                 23.433321                 396.10607                      8.7780907
              1       1750.4872     0.058927638       4.5838479    0.0078154584       3514.2945      -6.6601069       -8.6915466         2.0314397       3514.2945                           3085.9721                 23.433573                 396.10607                      8.7828002
              4       1750.3313     0.052482324        5.234921    0.0098822909       3513.9829      -6.6601069       -8.6915466         2.0314397       3513.9829                            3085.665                 23.433359                 396.10607                      8.7784743
              2        1750.323     0.053003621       5.2061314    0.0096942282       3513.9662      -6.6601069       -8.6915466         2.0314397       3513.9662                           3085.6483                 23.433361                 396.10607                      8.7785279
              6       1750.4082     0.054380659       4.9710939    0.0088304431       3514.1366      -6.6601069       -8.6915466         2.0314397       3514.1366                           3085.8166                  23.43346                 396.10607                      8.7805069
             10       1749.9224     0.071474276       4.6763658    0.0098307413        3513.165      -6.6601069       -8.6915466         2.0314397        3513.165                            3084.849                 23.433234                 396.10607                      8.7767323
              2       1749.9073     0.071965108       4.6779587    0.0098858533       3513.1347      -6.6601069       -8.6915466         2.0314397       3513.1347                           3084.8189                 23.433222                 396.10607                      8.7765508
              5       1749.8815     0.071657797       4.7476305    0.0096607128       3513.0832      -6.6601069       -8.6915466         2.0314397       3513.0832                            3084.768                  23.43318                 396.10607                      8.7758908
              8       1749.9453     0.069322474       4.7546073    0.0097931467       3513.2108      -6.6601069       -8.6915466         2.0314397       3513.2108                           3084.8949                 23.433229                 396.10607                      8.7766067
              8       1750.1237     0.068582923       4.5165694    0.0067978962       3513.5677      -6.6601069       -8.6915466         2.0314397       3513.5677                           3085.2487                 23.433406                 396.10607                      8.7795717
              4       1750.3964     0.061838668       4.5285218     0.006225012        3514.113      -6.6601069       -8.6915466         2.0314397        3514.113                           3085.7912                 23.433542                 396.10607                      8.7821526
              1       1750.0746     0.064290988       4.8248026    0.0073994795       3513.4694      -6.6601069       -8.6915466         2.0314397       3513.4694                           3085.1523                 23.433302                 396.10607                      8.7777053
              6       1749.9325     0.070376065       4.7184918     0.004996396       3513.1853      -6.6601069       -8.6915466         2.0314397       3513.1853                           3084.8693                  23.43323                 396.10607                      8.7766404
             10       1749.9271      0.07073521       4.7084648    0.0050566451       3513.1745      -6.6601069       -8.6915466         2.0314397       3513.1745                           3084.8585                 23.433229                 396.10607                      8.7766284
              2       1749.9159     0.070867735       4.7225522    0.0047950017        3513.152      -6.6601069       -8.6915466         2.0314397        3513.152                           3084.8363                 23.433216                 396.10607                      8.7764283
              3       1750.0855     0.062509003       4.9188341     0.004591424       3513.4912      -6.6601069       -8.6915466         2.0314397       3513.4912                           3085.1745                 23.433285                 396.10607                      8.7773664
              2       1749.9391     0.065540846       5.0106764    0.0096897018       3513.1985      -6.6601069       -8.6915466         2.0314397       3513.1985                           3084.8841                 23.433146                 396.10607                      8.7751535
              7        1750.122     0.060945893       4.9592324    0.0099728403       3513.5641      -6.6601069       -8.6915466         2.0314397       3513.5641                           3085.2472                 23.433299                 396.10607                      8.7775681
              1       1749.9282     0.064569939       5.1122812    0.0086086369       3513.1765      -6.6601069       -8.6915466         2.0314397       3513.1765                            3084.863                 23.433101                 396.10607                      8.7744059
              4       1750.1138     0.062841648       4.8499279    0.0057553757       3513.5477      -6.6601069       -8.6915466         2.0314397       3513.5477                           3085.2303                 23.433321                 396.10607                      8.7780092
              3       1749.8958     0.063912641       5.2799862    0.0069846415       3513.1118      -6.6601069       -8.6915466         2.0314397       3513.1118                           3084.7999                 23.433001                 396.10607                      8.7728357
              8       1749.8758     0.064880496       5.2718904    0.0069726683       3513.0717      -6.6601069       -8.6915466         2.0314397       3513.0717                           3084.7601                 23.432979                 396.10607                      8.7725746
              2       1749.8981      0.06659985        5.041217    0.0099690815       3513.1164      -6.6601069       -8.6915466         2.0314397       3513.1164                           3084.8028                 23.433096                 396.10607                       8.774437
              3       1749.8607     0.068140243        5.038096    0.0077113992       3513.0415      -6.6601069       -8.6915466         2.0314397       3513.0415                           3084.7285                 23.433058                 396.10607                      8.7739387
              6       1749.8462     0.070344016       4.9196221    0.0039631119       3513.0126      -6.6601069       -8.6915466         2.0314397       3513.0126                            3084.699                 23.433087                 396.10607                      8.7744722
              1       1749.8628     0.069619222       4.9223184    0.0036418989       3513.0459      -6.6601069       -8.6915466         2.0314397       3513.0459                           3084.7321                 23.433103                 396.10607                        8.77468
              4       1750.2723     0.055119642       5.1235919    0.0059923022       3513.8648      -6.6601069       -8.6915466         2.0314397       3513.8648                            3085.547                 23.433351                 396.10607                      8.7783897
              1       1749.9741     0.069895969       4.6707276    0.0054683563       3513.2684      -6.6601069       -8.6915466         2.0314397       3513.2684                           3084.9517                 23.433274                 396.10607                      8.7773384
              4       1749.9284     0.071645112       4.6560526    0.0053709532       3513.1771      -6.6601069       -8.6915466         2.0314397       3513.1771                           3084.8608                 23.433245                 396.10607                      8.7768999
              1       1749.8306     0.074603742       4.6918767    0.0049560852       3512.9814      -6.6601069       -8.6915466         2.0314397       3512.9814                           3084.6666                 23.433152                 396.10607                      8.7755618
              1       1749.8395     0.069556951       4.9993765    0.0046868134       3512.9992      -6.6601069       -8.6915466         2.0314397       3512.9992                           3084.6862                 23.433049                 396.10607                      8.7738826
              1       1749.7689     0.073720265       4.9570308    0.0047180353        3512.858      -6.6601069       -8.6915466         2.0314397        3512.858                           3084.5459                 23.432973                 396.10607                      8.7730674
              6       1749.7949     0.072989421       4.8988667    0.0044633497         3512.91      -6.6601069       -8.6915466         2.0314397         3512.91                            3084.597                 23.433036                 396.10607                      8.7738716
              4       1749.7945     0.072371751       4.9485624    0.0045612259       3512.9093      -6.6601069       -8.6915466         2.0314397       3512.9093                           3084.5967                 23.433014                 396.10607                      8.7735411
              6       1749.7974     0.072261912       4.9454958    0.0045615226        3512.915      -6.6601069       -8.6915466         2.0314397        3512.915                           3084.6023                 23.433019                 396.10607                      8.7736056
              3        1749.817     0.071008099       4.9674114    0.0054608651       3512.9543      -6.6601069       -8.6915466         2.0314397       3512.9543                           3084.6414                 23.433035                 396.10607                      8.7737586
              4        1749.918     0.065577619       5.0626584    0.0044184159       3513.1562      -6.6601069       -8.6915466         2.0314397       3513.1562                           3084.8425                 23.433108                 396.10607                       8.774573
              6       1749.7718     0.072176632        5.228782    0.0067780453       3512.8638      -6.6601069       -8.6915466         2.0314397       3512.8638                           3084.5541                 23.432802                 396.10607                      8.7707984
              5       1749.7703     0.073111111       5.2704682    0.0071446199       3512.8608      -6.6601069       -8.6915466         2.0314397       3512.8608                           3084.5518                 23.432742                 396.10607                      8.7701719
              1       1749.9173      0.06924695       4.8153343    0.0049599565       3513.1548      -6.6601069       -8.6915466         2.0314397       3513.1548                           3084.8395                 23.433189                 396.10607                      8.7759647
              1       1750.2917     0.061277957       4.6870994    0.0055905678       3513.9036      -6.6601069       -8.6915466         2.0314397       3513.9036                           3085.5835                  23.43346                 396.10607                      8.7805445
              4       1750.3125     0.057927022       4.8643386    0.0057577289       3513.9451      -6.6601069       -8.6915466         2.0314397       3513.9451                           3085.6256                 23.433433                 396.10607                      8.7800076
              1        1750.273     0.058702837       4.8700657    0.0057655837       3513.8663      -6.6601069       -8.6915466         2.0314397       3513.8663                           3085.5472                  23.43341                 396.10607                      8.7795827
              7       1750.5113     0.053814764        4.871818    0.0053832761       3514.3428      -6.6601069       -8.6915466         2.0314397       3514.3428                           3086.0213                  23.43353                 396.10607                      8.7819365
              1       1750.1242     0.068380245       4.5260185    0.0041383965       3513.5686      -6.6601069       -8.6915466         2.0314397       3513.5686                           3085.2496                 23.433404                 396.10607                      8.7795386
              1       1750.0545     0.070568081       4.5128263     0.006109307       3513.4293      -6.6601069       -8.6915466         2.0314397       3513.4293                            3085.111                 23.433366                 396.10607                      8.7788893
              1       1750.1498     0.058110422        5.111212    0.0064265374       3513.6197      -6.6601069       -8.6915466         2.0314397       3513.6197                           3085.3033                 23.433277                 396.10607                      8.7771038
              1       1750.5051     0.051724295       5.0304037    0.0035265815       3514.3303      -6.6601069       -8.6915466         2.0314397       3514.3303                           3086.0095                 23.433496                 396.10607                      8.7812167
              7       1750.5645      0.05085836       5.0145996    0.0036969363       3514.4492      -6.6601069       -8.6915466         2.0314397       3514.4492                           3086.1277                 23.433527                 396.10607                      8.7818697
              3       1750.9824     0.045413441       4.9119458    0.0058958703        3515.285      -6.6601069       -8.6915466         2.0314397        3515.285                            3086.959                 23.433719                 396.10607                      8.7861901
              1        1750.208      0.06085447       4.8281091    0.0050387163       3513.7363      -6.6601069       -8.6915466         2.0314397       3513.7363                           3085.4177                 23.433383                 396.10607                      8.7791023
              1       1750.1874     0.060944547       4.8534584    0.0049224536        3513.695      -6.6601069       -8.6915466         2.0314397        3513.695                           3085.3768                 23.433365                 396.10607                       8.778773
              1       1749.8943     0.066299046       5.0755111    0.0095375699       3513.1089      -6.6601069       -8.6915466         2.0314397       3513.1089                           3084.7955                  23.43308                 396.10607                      8.7741745
              3       1749.8035     0.071363195       4.9935606    0.0087753658       3512.9272      -6.6601069       -8.6915466         2.0314397       3512.9272                           3084.6148                 23.433006                 396.10607                      8.7733787
              1        1749.872     0.068101194        5.004981    0.0091781308       3513.0643      -6.6601069       -8.6915466         2.0314397       3513.0643                           3084.7508                 23.433083                 396.10607                      8.7743058
              1       1749.8527      0.06758859       5.1131197    0.0085893858       3513.0256      -6.6601069       -8.6915466         2.0314397       3513.0256                           3084.7132                 23.433018                 396.10607                      8.7733283
              2       1749.9449     0.065063413       5.0310616    0.0074227725       3513.2099      -6.6601069       -8.6915466         2.0314397       3513.2099                           3084.8956                 23.433144                 396.10607                      8.7751082
              4       1749.9746     0.064652902       4.9909843    0.0073473858       3513.2695      -6.6601069       -8.6915466         2.0314397       3513.2695                           3084.9545                 23.433182                 396.10607                      8.7757051
              1       1750.1125      0.06179145       4.9192838    0.0083262038       3513.5452      -6.6601069       -8.6915466         2.0314397       3513.5452                           3085.2281                 23.433303                 396.10607                      8.7776611
              7       1749.9113     0.070914245       4.7288836    0.0053421966       3513.1429      -6.6601069       -8.6915466         2.0314397       3513.1429                           3084.8273                  23.43321                 396.10607                      8.7763429
             15       1750.7664     0.051288657       4.7349143    0.0039143581       3514.8531      -6.6601069       -8.6915466         2.0314397       3514.8531                           3086.5285                 23.433664                 396.10607                      8.7848356
              8       1750.6295     0.050447163       4.9597225    0.0039396619       3514.5793      -6.6601069       -8.6915466         2.0314397       3514.5793                           3086.2569                 23.433567                 396.10607                      8.7827229
              2       1750.1394     0.061448172       4.8968233     0.003768168        3513.599      -6.6601069       -8.6915466         2.0314397        3513.599                           3085.2815                 23.433326                 396.10607                      8.7780614
              3       1749.9399     0.064018425       5.1231133    0.0076798437       3513.1999      -6.6601069       -8.6915466         2.0314397       3513.1999                           3084.8863                 23.433108                 396.10607                      8.7744954
              2       1750.2096     0.055950724        5.167447    0.0075174361       3513.7395      -6.6601069       -8.6915466         2.0314397       3513.7395                           3085.4226                 23.433302                 396.10607                      8.7774825
              7       1751.0703     0.045390588       4.8121433    0.0033739971       3515.4608      -6.6601069       -8.6915466         2.0314397       3515.4608                           3087.1337                 23.433766                 396.10607                      8.7873142
              2       1750.2765     0.055223112       5.1087738    0.0047638945       3513.8732      -6.6601069       -8.6915466         2.0314397       3513.8732                           3085.5553                 23.433357                 396.10607                       8.778508
              1       1750.5996     0.050518095       4.9935229    0.0051242473       3514.5194      -6.6601069       -8.6915466         2.0314397       3514.5194                           3086.1974                 23.433548                 396.10607                      8.7822978
              3        1750.322     0.058686764       4.8026469    0.0074000899       3513.9642      -6.6601069       -8.6915466         2.0314397       3513.9642                           3085.6443                 23.433451                 396.10607                      8.7803665
              2       1750.2222     0.060407769       4.8352804    0.0077232639       3513.7645      -6.6601069       -8.6915466         2.0314397       3513.7645                           3085.4459                  23.43339                 396.10607                      8.7792157
              2        1749.905     0.064679432       5.1744785    0.0048545159       3513.1302      -6.6601069       -8.6915466         2.0314397       3513.1302                           3084.8174                 23.433054                 396.10607                      8.7736909
              4       1750.5493      0.04813091       5.2584834    0.0094657497       3514.4188      -6.6601069       -8.6915466         2.0314397       3514.4188                           3086.0987                 23.433471                 396.10607                      8.7806507
              3       1750.0989     0.057936749       5.2258119    0.0091478428       3513.5179      -6.6601069       -8.6915466         2.0314397       3513.5179                           3085.2028                 23.433209                 396.10607                      8.7758886
              5       1750.0901     0.058139335       5.2282151    0.0089661734       3513.5005      -6.6601069       -8.6915466         2.0314397       3513.5005                           3085.1854                 23.433202                 396.10607                      8.7757692
              2       1750.0078     0.062231923       5.0914623    0.0095763719       3513.3358      -6.6601069       -8.6915466         2.0314397       3513.3358                            3085.021                 23.433178                 396.10607                      8.7755462
              1       1750.1778     0.059514351        4.962363    0.0083077765       3513.6758      -6.6601069       -8.6915466         2.0314397       3513.6758                           3085.3582                 23.433333                 396.10607                      8.7781596
              3       1749.7632     0.072985335       5.1858671    0.0044763341       3512.8466      -6.6601069       -8.6915466         2.0314397       3512.8466                           3084.5367                 23.432813                 396.10607                      8.7710075
              2       1749.8189     0.068112192       5.2503583     0.003914139        3512.958      -6.6601069       -8.6915466         2.0314397        3512.958                           3084.6473                 23.432901                 396.10607                      8.7717299
              1       1749.8465      0.06725094       5.1716546    0.0036556177       3513.0133      -6.6601069       -8.6915466         2.0314397       3513.0133                           3084.7014                 23.432984                 396.10607                      8.7728238
              5       1749.8871     0.064121718       5.2976881    0.0032098389       3513.0944      -6.6601069       -8.6915466         2.0314397       3513.0944                           3084.7827                 23.432982                 396.10607                      8.7725696
              2       1749.8149     0.069244199        5.136609    0.0047451383       3512.9501      -6.6601069       -8.6915466         2.0314397       3512.9501                           3084.6385                 23.432955                 396.10607                      8.7725497
              3       1750.0532     0.064255944       4.8634989    0.0074519841       3513.4267      -6.6601069       -8.6915466         2.0314397       3513.4267                           3085.1101                 23.433278                 396.10607                      8.7772828
              2       1750.0894     0.063228193       4.8658895    0.0072927116       3513.4991      -6.6601069       -8.6915466         2.0314397       3513.4991                           3085.1821                 23.433301                 396.10607                      8.7776694
              1       1749.8568     0.072236583       4.7689029    0.0061177266       3513.0338      -6.6601069       -8.6915466         2.0314397       3513.0338                           3084.7191                 23.433151                 396.10607                      8.7754739
              6       1749.7524      0.07421717       5.0343732    0.0051788397       3512.8249      -6.6601069       -8.6915466         2.0314397       3512.8249                           3084.5138                   23.4329                 396.10607                      8.7721635
              4       1749.8071     0.072277464       4.9070451     0.003881488       3512.9345      -6.6601069       -8.6915466         2.0314397       3512.9345                           3084.6214                 23.433048                 396.10607                      8.7739995
              1       1749.8032     0.072442876       4.9088927    0.0038897678       3512.9266      -6.6601069       -8.6915466         2.0314397       3512.9266                           3084.6136                 23.433042                 396.10607                      8.7739306
              6       1749.8008     0.072548622       4.9100566    0.0040013075       3512.9217      -6.6601069       -8.6915466         2.0314397       3512.9217                           3084.6087                 23.433039                 396.10607                      8.7738866
              7       1749.7818     0.071076439       5.2156939    0.0096602687       3512.8838      -6.6601069       -8.6915466         2.0314397       3512.8838                           3084.5736                 23.432844                 396.10607                      8.7712166
             16       1749.8837     0.065831198       5.1490431     0.009201299       3513.0876      -6.6601069       -8.6915466         2.0314397       3513.0876                           3084.7749                  23.43304                 396.10607                      8.7735502
              2       1749.8162     0.068953595        5.160739    0.0087919484       3512.9527      -6.6601069       -8.6915466         2.0314397       3512.9527                           3084.6413                 23.432945                 396.10607                      8.7723913
              1       1749.9239     0.062588411       5.2977358    0.0088832644        3513.168      -6.6601069       -8.6915466         2.0314397        3513.168                           3084.8558                 23.433027                 396.10607                      8.7731397
              2       1750.6863     0.050776442       4.8645882    0.0089771781       3514.6928      -6.6601069       -8.6915466         2.0314397       3514.6928                           3086.3695                 23.433609                 396.10607                      8.7836285
              2       1750.4214     0.054668095       4.9324358    0.0077344061       3514.1631      -6.6601069       -8.6915466         2.0314397       3514.1631                           3085.8427                 23.433475                 396.10607                      8.7808051
              1       1749.8616     0.067973337       5.0482957    0.0085574205       3513.0433      -6.6601069       -8.6915466         2.0314397       3513.0433                           3084.7303                 23.433055                 396.10607                      8.7738864
              3       1749.8651     0.067360074       5.0858126    0.0087643337       3513.0504      -6.6601069       -8.6915466         2.0314397       3513.0504                           3084.7376                 23.433044                 396.10607                      8.7736952
             13       1749.7475     0.074729201       5.0142663    0.0092260725       3512.8152      -6.6601069       -8.6915466         2.0314397       3512.8152                            3084.504                 23.432903                 396.10607                      8.7722282
              3       1749.7678     0.073320223       5.0048504    0.0089151946       3512.8558      -6.6601069       -8.6915466         2.0314397       3512.8558                            3084.544                 23.432947                 396.10607                      8.7726979
              3       1749.8482      0.06684797        5.204183    0.0079799891       3513.0166      -6.6601069       -8.6915466         2.0314397       3513.0166                            3084.705                 23.432972                 396.10607                      8.7726159
              2       1749.9888      0.06083146        5.250211    0.0084097038       3513.2979      -6.6601069       -8.6915466         2.0314397       3513.2979                           3084.9843                 23.433111                 396.10607                      8.7743598
             10       1749.9616     0.061871329       5.2384225    0.0087483652       3513.2434      -6.6601069       -8.6915466         2.0314397       3513.2434                           3084.9302                 23.433089                 396.10607                      8.7740676
              2       1749.8008     0.072179983       4.9382097    0.0039215695       3512.9218      -6.6601069       -8.6915466         2.0314397       3512.9218                            3084.609                 23.433027                 396.10607                      8.7737056
              1       1749.9778     0.064633816       4.9852985    0.0069840417       3513.2759      -6.6601069       -8.6915466         2.0314397       3513.2759                           3084.9608                 23.433187                 396.10607                      8.7757753
              3       1749.7763     0.074175189        4.882471     0.008735173       3512.8729      -6.6601069       -8.6915466         2.0314397       3512.8729                           3084.5601                 23.433019                 396.10607                      8.7736962
              1       1749.8505     0.071928115       4.8030823     0.007626668       3513.0213      -6.6601069       -8.6915466         2.0314397       3513.0213                           3084.7068                 23.433133                 396.10607                      8.7752054
              7       1749.8698     0.067513913       5.0572709    0.0094008891       3513.0598      -6.6601069       -8.6915466         2.0314397       3513.0598                           3084.7468                 23.433061                 396.10607                      8.7739467
              5        1749.849     0.067970768       5.0945495    0.0086201664       3513.0181      -6.6601069       -8.6915466         2.0314397       3513.0181                           3084.7057                 23.433021                 396.10607                       8.773397
              3       1749.9336     0.062710711       5.2520298    0.0095505345       3513.1875      -6.6601069       -8.6915466         2.0314397       3513.1875                           3084.8748                 23.433055                 396.10607                      8.7735892
              2       1749.7968     0.070274183       5.1437403    0.0080969997       3512.9139      -6.6601069       -8.6915466         2.0314397       3512.9139                           3084.6027                 23.432922                 396.10607                      8.7721655
              5       1750.1293     0.058015104       5.1574096    0.0036436374       3513.5787      -6.6601069       -8.6915466         2.0314397       3513.5787                           3085.2628                 23.433251                 396.10607                      8.7766244
              4       1750.0749     0.060617333       5.0689054    0.0041199742       3513.4701      -6.6601069       -8.6915466         2.0314397       3513.4701                           3085.1543                 23.433237                 396.10607                      8.7764711
             12       1749.9969      0.06286055       5.0694461    0.0036745079        3513.314      -6.6601069       -8.6915466         2.0314397        3513.314                           3084.9992                 23.433176                 396.10607                      8.7755376
              2       1750.0562     0.061365257        5.052203    0.0045290664       3513.4325      -6.6601069       -8.6915466         2.0314397       3513.4325                           3085.1169                 23.433228                 396.10607                      8.7763421
              1       1750.0887     0.061265511       4.9967248    0.0058961651       3513.4976      -6.6601069       -8.6915466         2.0314397       3513.4976                           3085.1813                 23.433266                 396.10607                      8.7770076
              2       1750.7373      0.04900145       4.9315909      0.00548742       3514.7948      -6.6601069       -8.6915466         2.0314397       3514.7948                           3086.4713                 23.433619                 396.10607                       8.783855
              4       1750.7339     0.045654898       5.2094484    0.0058792885       3514.7879      -6.6601069       -8.6915466         2.0314397       3514.7879                           3086.4656                 23.433567                 396.10607                      8.7827129
              3         1750.03     0.062018484       5.0588495    0.0088279791       3513.3801      -6.6601069       -8.6915466         2.0314397       3513.3801                           3085.0649                 23.433206                 396.10607                      8.7759966
              4       1750.0317      0.06197972       5.0580587    0.0088237644       3513.3836      -6.6601069       -8.6915466         2.0314397       3513.3836                           3085.0683                 23.433207                 396.10607                      8.7760212
              3       1750.2354     0.054728617        5.218249    0.0062989107        3513.791      -6.6601069       -8.6915466         2.0314397        3513.791                           3085.4742                 23.433305                 396.10607                      8.7775062
              5       1749.8324     0.067587274       5.2138695     0.008826946        3512.985      -6.6601069       -8.6915466         2.0314397        3512.985                           3084.6737                 23.432944                 396.10607                       8.772273
              2       1749.9454     0.062913162       5.1973338    0.0064249151       3513.2111      -6.6601069       -8.6915466         2.0314397       3513.2111                           3084.8978                 23.433088                 396.10607                      8.7741083
              1       1749.8117      0.06854045       5.2599978    0.0060366789       3512.9436      -6.6601069       -8.6915466         2.0314397       3512.9436                           3084.6331                 23.432882                 396.10607                      8.7715009
              1       1749.8068     0.069031499          5.2311    0.0061306401       3512.9339      -6.6601069       -8.6915466         2.0314397       3512.9339                           3084.6233                  23.43289                 396.10607                      8.7716474
              3       1750.0201      0.06060695       5.1885164    0.0058599601       3513.3605      -6.6601069       -8.6915466         2.0314397       3513.3605                           3085.0461                 23.433158                 396.10607                       8.775138
              1       1749.9398     0.063088188       5.1995435    0.0072489621       3513.1997      -6.6601069       -8.6915466         2.0314397       3513.1997                           3084.8866                 23.433081                 396.10607                      8.7740164
              1       1750.5115     0.053352834       4.9034513    0.0084658256       3514.3433      -6.6601069       -8.6915466         2.0314397       3514.3433                           3086.0219                 23.433524                 396.10607                      8.7818106
              1       1750.3802     0.058269001       4.7518461    0.0079879548       3514.0805      -6.6601069       -8.6915466         2.0314397       3514.0805                           3085.7598                 23.433491                 396.10607                       8.781147
              1       1749.9321     0.064743089       5.0878863    0.0064090631       3513.1844      -6.6601069       -8.6915466         2.0314397       3513.1844                           3084.8706                 23.433113                 396.10607                      8.7746069
              3        1750.224     0.057770688        5.007831    0.0032446324       3513.7683      -6.6601069       -8.6915466         2.0314397       3513.7683                           3085.4504                  23.43335                 396.10607                       8.778436
              2       1750.5473     0.055386764       4.7242363    0.0052576093       3514.4148      -6.6601069       -8.6915466         2.0314397       3514.4148                           3086.0923                 23.433574                 396.10607                      8.7828493
              3       1749.7792     0.072624452       5.0026274    0.0068219552       3512.8785      -6.6601069       -8.6915466         2.0314397       3512.8785                           3084.5666                 23.432967                 396.10607                      8.7729155
              4       1749.8506     0.066750415       5.2017526    0.0086398691       3513.0215      -6.6601069       -8.6915466         2.0314397       3513.0215                           3084.7098                 23.432976                 396.10607                      8.7726736
              2       1750.1841      0.05770679       5.0795225    0.0075707459       3513.6884      -6.6601069       -8.6915466         2.0314397       3513.6884                           3085.3713                 23.433308                 396.10607                      8.7776495
              2        1750.505     0.052198828       4.9950155     0.009114854       3514.3303      -6.6601069       -8.6915466         2.0314397       3514.3303                           3086.0093                 23.433503                 396.10607                      8.7813676
              1       1750.5131     0.051990274       4.9994539    0.0090841424       3514.3464      -6.6601069       -8.6915466         2.0314397       3514.3464                           3086.0254                 23.433506                 396.10607                       8.781428
              3       1750.5294      0.05018609       5.1156705    0.0067211132        3514.379      -6.6601069       -8.6915466         2.0314397        3514.379                           3086.0584                 23.433491                 396.10607                      8.7810903
              3       1750.8902     0.045603214       5.0084042     0.006289982       3515.1007      -6.6601069       -8.6915466         2.0314397       3515.1007                           3086.7759                 23.433668                 396.10607                       8.784998
              1       1749.9492     0.065816174         4.96752    0.0081319979       3513.2187      -6.6601069       -8.6915466         2.0314397       3513.2187                           3084.9039                 23.433168                 396.10607                      8.7755255
              3       1750.0799     0.067668844       4.6242307    0.0052300067         3513.48      -6.6601069       -8.6915466         2.0314397         3513.48                           3085.1619                 23.433355                 396.10607                      8.7786767
              4       1749.7938     0.071322611       5.0457527    0.0061050663       3512.9079      -6.6601069       -8.6915466         2.0314397       3512.9079                            3084.596                 23.432968                 396.10607                      8.7728545
              2       1750.6825     0.045990775       5.2520603    0.0041433174       3514.6853      -6.6601069       -8.6915466         2.0314397       3514.6853                           3086.3637                 23.433536                 396.10607                      8.7820244
              2       1750.0215     0.059425211       5.2835495    0.0063726546       3513.3632      -6.6601069       -8.6915466         2.0314397       3513.3632                           3085.0494                 23.433129                 396.10607                      8.7745829
              1       1750.3716     0.053945999       5.0559438    0.0063078822       3514.0634      -6.6601069       -8.6915466         2.0314397       3514.0634                           3085.7442                 23.433423                 396.10607                      8.7797552
              3        1750.024     0.065228514        4.854825    0.0059491512       3513.3682      -6.6601069       -8.6915466         2.0314397       3513.3682                           3085.0519                  23.43326                 396.10607                      8.7769988
             10        1750.041     0.067750037       4.6786831    0.0050412191       3513.4022      -6.6601069       -8.6915466         2.0314397       3513.4022                           3085.0848                 23.433317                 396.10607                      8.7780264
              1       1750.0092     0.067479196       4.7460648    0.0064882085       3513.3386      -6.6601069       -8.6915466         2.0314397       3513.3386                           3085.0219                 23.433279                 396.10607                       8.777367
              2       1750.8575     0.047314309       4.9128222    0.0033716288       3515.0352      -6.6601069       -8.6915466         2.0314397       3515.0352                           3086.7104                 23.433671                 396.10607                      8.7850427
              4       1750.7705     0.047763905       4.9851082    0.0035943089       3514.8611      -6.6601069       -8.6915466         2.0314397       3514.8611                           3086.5375                 23.433623                 396.10607                      8.7839636
              2       1750.2692     0.054618707       5.1676546    0.0032726952       3513.8587      -6.6601069       -8.6915466         2.0314397       3513.8587                           3085.5411                 23.433339                 396.10607                      8.7781379
              3       1750.3382     0.051943289       5.2684782    0.0041018456       3513.9966      -6.6601069       -8.6915466         2.0314397       3513.9966                           3085.6788                 23.433355                 396.10607                      8.7783796
             11       1749.7843     0.070834096       5.2402709    0.0031662251       3512.8888      -6.6601069       -8.6915466         2.0314397       3512.8888                           3084.5788                 23.432831                 396.10607                      8.7710404
              1       1750.0888     0.060115343       5.0783042    0.0088055139       3513.4979      -6.6601069       -8.6915466         2.0314397       3513.4979                            3085.182                 23.433244                 396.10607                      8.7765817
              1       1750.2756     0.057461041       4.9490662    0.0081362675       3513.8714      -6.6601069       -8.6915466         2.0314397       3513.8714                           3085.5526                 23.433394                 396.10607                      8.7792534
             10       1750.2969     0.058592572        4.843211    0.0061665459        3513.914      -6.6601069       -8.6915466         2.0314397        3513.914                           3085.5946                 23.433429                 396.10607                      8.7799422
              2        1750.259     0.058956867       4.8740086    0.0085916643       3513.8382      -6.6601069       -8.6915466         2.0314397       3513.8382                           3085.5193                 23.433402                 396.10607                      8.7794212
             11       1750.1012     0.057408179       5.2642346    0.0073133827       3513.5227      -6.6601069       -8.6915466         2.0314397       3513.5227                           3085.2077                   23.4332                 396.10607                      8.7756975
              1       1750.0209     0.066669226       4.7730634     0.004984724        3513.362      -6.6601069       -8.6915466         2.0314397        3513.362                           3085.0453                 23.433279                 396.10607                      8.7773663
              4       1750.3948     0.060367934       4.6106242    0.0063102639       3514.1097      -6.6601069       -8.6915466         2.0314397       3514.1097                           3085.7883                 23.433526                 396.10607                      8.7818357
              2       1750.4185      0.05969619       4.6203149    0.0056882531       3514.1571      -6.6601069       -8.6915466         2.0314397       3514.1571                           3085.8355                 23.433535                 396.10607                      8.7820237
              2       1750.3576     0.060605421       4.6422174    0.0054642893       3514.0355      -6.6601069       -8.6915466         2.0314397       3514.0355                           3085.7145                 23.433502                 396.10607                      8.7813613
              3       1750.4796     0.060283794       4.5176793    0.0043971886       3514.2795      -6.6601069       -8.6915466         2.0314397       3514.2795                           3085.9568                 23.433581                 396.10607                      8.7829637
              1       1750.4951     0.059137969       4.5630499    0.0082046062       3514.3104      -6.6601069       -8.6915466         2.0314397       3514.3104                           3085.9878                  23.43358                 396.10607                      8.7829475
              1       1750.4157     0.060032561       4.6046147    0.0085561068       3514.1516      -6.6601069       -8.6915466         2.0314397       3514.1516                           3085.8299                 23.433537                 396.10607                      8.7820555
              7       1750.1122     0.064616955       4.7454122    0.0063437619       3513.5447      -6.6601069       -8.6915466         2.0314397       3513.5447                           3085.2268                 23.433346                 396.10607                      8.7784769
              2       1750.1705     0.061681988       4.8329785    0.0048844384       3513.6611      -6.6601069       -8.6915466         2.0314397       3513.6611                            3085.343                  23.43336                 396.10607                      8.7786896
              3       1750.1677     0.064542773       4.6689037    0.0065076202       3513.6556      -6.6601069       -8.6915466         2.0314397       3513.6556                           3085.3367                 23.433397                 396.10607                      8.7793836
              1       1749.9933     0.067872161       4.7509668    0.0068101074       3513.3068      -6.6601069       -8.6915466         2.0314397       3513.3068                           3084.9903                 23.433266                 396.10607                      8.7771676
              1       1750.1435     0.060125759       4.9780399    0.0071827271       3513.6071      -6.6601069       -8.6915466         2.0314397       3513.6071                             3085.29                 23.433308                 396.10607                      8.7777109
              4       1749.7616     0.073310491       5.1995838    0.0061184045       3512.8433      -6.6601069       -8.6915466         2.0314397       3512.8433                           3084.5337                 23.432793                 396.10607                      8.7707955
              1       1749.8188     0.071273255       4.9406111     0.006265918       3512.9578      -6.6601069       -8.6915466         2.0314397       3512.9578                           3084.6447                 23.433048                 396.10607                      8.7739567
              2       1749.8678     0.069396259       4.9239783    0.0031931552       3513.0559      -6.6601069       -8.6915466         2.0314397       3513.0559                            3084.742                 23.433108                 396.10607                      8.7747368
              5        1749.835     0.069409843       5.0276282    0.0031107699       3512.9902      -6.6601069       -8.6915466         2.0314397       3512.9902                           3084.6774                 23.433032                 396.10607                       8.773632
              2       1749.8335     0.069353245       5.0378252    0.0032675334       3512.9873      -6.6601069       -8.6915466         2.0314397       3512.9873                           3084.6746                 23.433026                 396.10607                      8.7735433
              3       1749.7908     0.071764419       5.0197621    0.0034802707       3512.9018      -6.6601069       -8.6915466         2.0314397       3512.9018                           3084.5897                 23.432976                 396.10607                      8.7729904
              1       1750.1885     0.056181624       5.1879904    0.0083919137       3513.6972      -6.6601069       -8.6915466         2.0314397       3513.6972                           3085.3807                 23.433283                 396.10607                       8.777138
              5       1750.2166     0.055619528       5.1810161    0.0069541666       3513.7533      -6.6601069       -8.6915466         2.0314397       3513.7533                           3085.4365                 23.433303                 396.10607                      8.7774897
              1       1750.2682     0.055177224       5.1259641     0.007709188       3513.8567      -6.6601069       -8.6915466         2.0314397       3513.8567                           3085.5389                 23.433348                 396.10607                      8.7783345
              1       1749.9503     0.062223835       5.2419251    0.0070358497       3513.2208      -6.6601069       -8.6915466         2.0314397       3513.2208                           3084.9077                 23.433076                 396.10607                      8.7738895
              4       1750.0108     0.064108291       4.9522829    0.0046007539       3513.3419      -6.6601069       -8.6915466         2.0314397       3513.3419                           3085.0263                 23.433222                 396.10607                      8.7763458
              2       1749.9989     0.064560243           4.946    0.0046636913       3513.3181      -6.6601069       -8.6915466         2.0314397       3513.3181                           3085.0025                 23.433215                 396.10607                      8.7762396
              4       1750.1433     0.059676096       5.0093453    0.0039924725       3513.6069      -6.6601069       -8.6915466         2.0314397       3513.6069                             3085.29                   23.4333                 396.10607                      8.7775541
              2       1750.2659     0.056410421       5.0379041    0.0042334905        3513.852      -6.6601069       -8.6915466         2.0314397        3513.852                           3085.5339                 23.433368                 396.10607                      8.7787373
              6       1750.4824     0.050799601       5.1346735    0.0049076605       3514.2851      -6.6601069       -8.6915466         2.0314397       3514.2851                            3085.965                 23.433463                 396.10607                      8.7805309
              1       1749.9462     0.067725679       4.8490644    0.0080433946       3513.2126      -6.6601069       -8.6915466         2.0314397       3513.2126                           3084.8972                 23.433202                 396.10607                      8.7761309
              3       1749.8897     0.071755331       4.7245241    0.0052928299       3513.0997      -6.6601069       -8.6915466         2.0314397       3513.0997                           3084.7843                 23.433194                 396.10607                      8.7761103
              3       1749.9123     0.065981164       5.0479169    0.0043655263       3513.1448      -6.6601069       -8.6915466         2.0314397       3513.1448                            3084.831                 23.433108                 396.10607                      8.7745866
              9       1750.4886     0.049347211       5.2458771    0.0074320145       3514.2974      -6.6601069       -8.6915466         2.0314397       3514.2974                           3085.9778                 23.433443                 396.10607                      8.7800835
              3       1749.9605     0.064010186       5.0700746     0.006599261       3513.2412      -6.6601069       -8.6915466         2.0314397       3513.2412                           3084.9269                 23.433145                 396.10607                      8.7750799
              1       1749.9612     0.064018221       5.0676627    0.0066043449       3513.2427      -6.6601069       -8.6915466         2.0314397       3513.2427                           3084.9284                 23.433147                 396.10607                      8.7751034
              4       1749.9584     0.064291233       5.0542924    0.0066907962       3513.2371      -6.6601069       -8.6915466         2.0314397       3513.2371                           3084.9227                 23.433148                 396.10607                      8.7751459
              3       1749.9933     0.063770056       5.0119017    0.0067361711       3513.3069      -6.6601069       -8.6915466         2.0314397       3513.3069                           3084.9918                 23.433191                 396.10607                       8.775816
              1       1750.2055     0.056942966        5.098828    0.0091512004       3513.7313      -6.6601069       -8.6915466         2.0314397       3513.7313                           3085.4141                 23.433317                 396.10607                       8.777788
              2       1750.2273     0.056601452       5.0871512    0.0091203712       3513.7747      -6.6601069       -8.6915466         2.0314397       3513.7747                           3085.4573                 23.433333                 396.10607                      8.7780836
              1       1750.1487     0.056863457       5.2099009    0.0082217897       3513.6177      -6.6601069       -8.6915466         2.0314397       3513.6177                           3085.3018                  23.43325                 396.10607                      8.7765651
              6       1750.4264     0.051201266       5.1867736    0.0078391439        3514.173      -6.6601069       -8.6915466         2.0314397        3514.173                           3085.8538                 23.433423                 396.10607                       8.779715
              1       1750.1356     0.056297674       5.2833092    0.0088906752       3513.5914      -6.6601069       -8.6915466         2.0314397       3513.5914                           3085.2761                  23.43322                 396.10607                      8.7760022
              3       1750.1688     0.058372058       5.0576954    0.0078369921       3513.6578      -6.6601069       -8.6915466         2.0314397       3513.6578                           3085.3408                 23.433304                 396.10607                      8.7775911
              6       1749.7793     0.072750178       4.9895776    0.0083863061       3512.8788      -6.6601069       -8.6915466         2.0314397       3512.8788                           3084.5668                 23.432973                 396.10607                       8.773012
              2       1749.7871     0.071315943       5.0907355    0.0058346981       3512.8945      -6.6601069       -8.6915466         2.0314397       3512.8945                           3084.5831                 23.432934                 396.10607                      8.7723992
              5       1750.0217     0.071508023       4.5136423    0.0037003721       3513.3636      -6.6601069       -8.6915466         2.0314397       3513.3636                           3085.0456                 23.433346                 396.10607                      8.7785478
              1       1750.2494     0.065286568       4.5229412    0.0038075506        3513.819      -6.6601069       -8.6915466         2.0314397        3513.819                           3085.4986                 23.433472                 396.10607                       8.780778
              4       1750.0999     0.067226628       4.6187763    0.0074623016         3513.52      -6.6601069       -8.6915466         2.0314397         3513.52                           3085.2017                 23.433369                 396.10607                      8.7789064
              3       1750.2607     0.059143916       4.8593708    0.0064386767       3513.8417      -6.6601069       -8.6915466         2.0314397       3513.8417                           3085.5227                 23.433406                 396.10607                      8.7795046
              2       1750.1375     0.062075661       4.8597557    0.0060101799       3513.5952      -6.6601069       -8.6915466         2.0314397       3513.5952                           3085.2776                 23.433334                 396.10607                      8.7782173
              1        1750.196     0.060493205       4.8689855    0.0053049122       3513.7123      -6.6601069       -8.6915466         2.0314397       3513.7123                            3085.394                 23.433367                 396.10607                      8.7787924
              4       1750.5207     0.055681372       4.7377192     0.005332693       3514.3615      -6.6601069       -8.6915466         2.0314397       3514.3615                           3086.0394                  23.43356                 396.10607                       8.782548
              1       1750.3395     0.060305032       4.6820535    0.0048843742       3513.9993      -6.6601069       -8.6915466         2.0314397       3513.9993                           3085.6787                 23.433485                 396.10607                      8.7810308
              2       1750.1455     0.063129943       4.7825606    0.0056443823       3513.6112      -6.6601069       -8.6915466         2.0314397       3513.6112                           3085.2931                 23.433357                 396.10607                      8.7786571
              1       1750.1369     0.063458261       4.7759617     0.005531197       3513.5941      -6.6601069       -8.6915466         2.0314397       3513.5941                            3085.276                 23.433354                 396.10607                      8.7785979
              1       1749.8093     0.070953582       5.0030953    0.0059203686       3512.9388      -6.6601069       -8.6915466         2.0314397       3512.9388                           3084.6263                  23.43301                 396.10607                      8.7734042
              2       1749.9596     0.061737514        5.256022    0.0061469758       3513.2394      -6.6601069       -8.6915466         2.0314397       3513.2394                           3084.9264                 23.433081                 396.10607                      8.7739281
              3       1750.0464     0.059683756       5.2009312    0.0059534658       3513.4131      -6.6601069       -8.6915466         2.0314397       3513.4131                           3085.0984                 23.433176                 396.10607                      8.7753927
              1       1750.1204     0.062162789       4.8819972    0.0070537891        3513.561      -6.6601069       -8.6915466         2.0314397        3513.561                           3085.2437                 23.433317                 396.10607                       8.777928
              2       1750.8709     0.049888222       4.7119299    0.0049368477        3515.062      -6.6601069       -8.6915466         2.0314397        3515.062                           3086.7363                 23.433708                 396.10607                      8.7858573
              7       1750.6566     0.054766511       4.6366879    0.0034679701       3514.6333      -6.6601069       -8.6915466         2.0314397       3514.6333                           3086.3095                 23.433636                 396.10607                      8.7841726
              5       1750.1987        0.064992       4.6025161    0.0036843247       3513.7176      -6.6601069       -8.6915466         2.0314397       3513.7176                           3085.3981                 23.433429                 396.10607                      8.7799698
              4       1750.0539     0.065878821       4.7639732    0.0035713817       3513.4281      -6.6601069       -8.6915466         2.0314397       3513.4281                            3085.111                 23.433304                 396.10607                      8.7777704
              1       1750.0182     0.061961144       5.0883918    0.0030577651       3513.3566      -6.6601069       -8.6915466         2.0314397       3513.3566                           3085.0417                 23.433188                 396.10607                      8.7756909
              3       1750.1152     0.059016611       5.1085298     0.006077507       3513.5506      -6.6601069       -8.6915466         2.0314397       3513.5506                           3085.2345                 23.433254                 396.10607                      8.7767244
              3        1749.977     0.061375055       5.2366984    0.0039685132       3513.2742      -6.6601069       -8.6915466         2.0314397       3513.2742                           3084.9607                 23.433104                 396.10607                      8.7742867
              2       1749.9383     0.063690528       5.1536632    0.0042124645       3513.1969      -6.6601069       -8.6915466         2.0314397       3513.1969                           3084.8835                 23.433096                 396.10607                      8.7742863
              5       1749.8325     0.067501384       5.2236109    0.0090043386       3512.9852      -6.6601069       -8.6915466         2.0314397       3512.9852                           3084.6739                 23.432939                 396.10607                      8.7721992
              1       1749.8275     0.067692896       5.2352565    0.0087722589       3512.9752      -6.6601069       -8.6915466         2.0314397       3512.9752                           3084.6642                 23.432925                 396.10607                      8.7720169
              4       1749.9043     0.067816147       4.9375247    0.0042745721       3513.1287      -6.6601069       -8.6915466         2.0314397       3513.1287                           3084.8144                 23.433138                 396.10607                      8.7751311
              2       1749.9257     0.068230931       4.8605535     0.004086026       3513.1716      -6.6601069       -8.6915466         2.0314397       3513.1716                           3084.8565                 23.433182                 396.10607                      8.7758249
             18       1749.9262     0.068210093       4.8608871    0.0040782389       3513.1725      -6.6601069       -8.6915466         2.0314397       3513.1725                           3084.8574                 23.433182                 396.10607                      8.7758281
              2       1749.7576     0.073618111       5.0672785     0.005267623       3512.8354      -6.6601069       -8.6915466         2.0314397       3512.8354                           3084.5244                  23.43289                 396.10607                      8.7719981
              5       1750.1239     0.056759489       5.2694089     0.007108476        3513.568      -6.6601069       -8.6915466         2.0314397        3513.568                           3085.2527                 23.433215                 396.10607                      8.7759412
              1        1750.702     0.046694127        5.162929    0.0074503934       3514.7241      -6.6601069       -8.6915466         2.0314397       3514.7241                           3086.4019                 23.433562                 396.10607                      8.7825958
             10       1750.6673     0.050068028       4.9396544    0.0072687095       3514.6548      -6.6601069       -8.6915466         2.0314397       3514.6548                            3086.332                 23.433588                 396.10607                      8.7831624
              4       1750.5582     0.050436439       5.0555039    0.0087290807       3514.4367      -6.6601069       -8.6915466         2.0314397       3514.4367                           3086.1154                 23.433516                 396.10607                      8.7816363
              1       1750.5933     0.050038423       5.0385619    0.0085917502       3514.5068      -6.6601069       -8.6915466         2.0314397       3514.5068                           3086.1852                 23.433536                 396.10607                      8.7820516
              1        1749.966     0.067734114       4.8091835    0.0073169731       3513.2522      -6.6601069       -8.6915466         2.0314397       3513.2522                           3084.9363                  23.43323                 396.10607                       8.776569
              3       1750.8863     0.051791904       4.5717933    0.0032802251       3515.0929      -6.6601069       -8.6915466         2.0314397       3515.0929                           3086.7667                 23.433735                 396.10607                      8.7864432
              1       1749.8682     0.071861508       4.7650296    0.0039094175       3513.0566      -6.6601069       -8.6915466         2.0314397       3513.0566                           3084.7417                 23.433162                 396.10607                       8.775636
              1       1749.8711     0.067653686       5.0420085    0.0057535916       3513.0625      -6.6601069       -8.6915466         2.0314397       3513.0625                           3084.7493                 23.433068                 396.10607                      8.7740617
              1       1749.8746     0.068875751        4.941493    0.0072866504       3513.0695      -6.6601069       -8.6915466         2.0314397       3513.0695                           3084.7556                 23.433108                 396.10607                      8.7747237
              3       1749.9535     0.066336684       4.9229308    0.0071932339       3513.2272      -6.6601069       -8.6915466         2.0314397       3513.2272                           3084.9122                 23.433186                 396.10607                      8.7758229
              1         1749.85     0.070152634       4.9219879    0.0076141893       3513.0201      -6.6601069       -8.6915466         2.0314397       3513.0201                           3084.7065                  23.43309                 396.10607                      8.7745085
              1       1749.8494     0.070227026       4.9184273    0.0075632954        3513.019      -6.6601069       -8.6915466         2.0314397        3513.019                           3084.7053                 23.433091                 396.10607                      8.7745222
              1       1749.8083     0.070812366       5.0194816    0.0070594587       3512.9369      -6.6601069       -8.6915466         2.0314397       3512.9369                           3084.6245                 23.433001                 396.10607                       8.773278
              2       1749.8105     0.070089905       5.0750574    0.0068907426       3512.9413      -6.6601069       -8.6915466         2.0314397       3512.9413                           3084.6293                 23.432979                 396.10607                      8.7729244
             10       1749.8108     0.070077938       5.0749656    0.0068907761       3512.9417      -6.6601069       -8.6915466         2.0314397       3512.9417                           3084.6298                 23.432979                 396.10607                      8.7729293
             14       1749.7562     0.074542289       4.9563945     0.009431689       3512.8325      -6.6601069       -8.6915466         2.0314397       3512.8325                           3084.5207                 23.432953                 396.10607                      8.7728487
              1       1749.7888     0.071410659       5.0676622    0.0080572859       3512.8978      -6.6601069       -8.6915466         2.0314397       3512.8978                           3084.5862                 23.432949                 396.10607                      8.7726056
              4       1749.8244     0.071526725       4.9032871    0.0079555355        3512.969      -6.6601069       -8.6915466         2.0314397        3512.969                           3084.6555                  23.43307                 396.10607                      8.7742693
              1       1750.1049     0.060341451       5.0315261    0.0069202625         3513.53      -6.6601069       -8.6915466         2.0314397         3513.53                           3085.2136                 23.433268                 396.10607                      8.7770115
              3       1750.1851     0.060066685       4.9136389    0.0058230781       3513.6904      -6.6601069       -8.6915466         2.0314397       3513.6904                           3085.3725                  23.43335                 396.10607                      8.7784696
              5       1750.2293     0.056567251       5.0861962    0.0052840349       3513.7789      -6.6601069       -8.6915466         2.0314397       3513.7789                           3085.4614                 23.433335                 396.10607                      8.7781111
             10       1750.2599     0.054831015       5.1668408    0.0050826009       3513.8401      -6.6601069       -8.6915466         2.0314397       3513.8401                           3085.5227                 23.433333                 396.10607                      8.7780404
              5       1750.5047     0.048921091       5.2577595    0.0054243983       3514.3296      -6.6601069       -8.6915466         2.0314397       3514.3296                           3086.0099                 23.433449                 396.10607                      8.7801949
              2       1750.4008     0.051624429       5.1923221     0.004142551       3514.1217      -6.6601069       -8.6915466         2.0314397       3514.1217                           3085.8028                 23.433408                 396.10607                      8.7794212
              1       1750.3941     0.051688063       5.1975925    0.0040221177       3514.1085      -6.6601069       -8.6915466         2.0314397       3514.1085                           3085.7897                 23.433403                 396.10607                      8.7793264
              2       1750.4341     0.050398996       5.2415354    0.0041436116       3514.1884      -6.6601069       -8.6915466         2.0314397       3514.1884                           3085.8693                 23.433415                 396.10607                      8.7795357
              3       1750.5389     0.052728313       4.9117209    0.0041086366       3514.3979      -6.6601069       -8.6915466         2.0314397       3514.3979                           3086.0763                 23.433535                 396.10607                      8.7820416
              1       1750.2081     0.060125449       4.8742858    0.0051491008       3513.7363      -6.6601069       -8.6915466         2.0314397       3513.7363                            3085.418                 23.433373                 396.10607                      8.7788935
              1       1750.0178     0.062234887       5.0690346    0.0046174796       3513.3558      -6.6601069       -8.6915466         2.0314397       3513.3558                           3085.0408                 23.433193                 396.10607                      8.7757942
              2       1750.0788     0.059143799        5.172249     0.006545963       3513.4778      -6.6601069       -8.6915466         2.0314397       3513.4778                           3085.1626                  23.43321                 396.10607                      8.7759502
              2       1750.2063     0.055731498       5.1907422    0.0062063187       3513.7328      -6.6601069       -8.6915466         2.0314397       3513.7328                           3085.4162                 23.433294                 396.10607                      8.7773246
              1       1750.7271     0.046727492       5.1257791    0.0060770084       3514.7745      -6.6601069       -8.6915466         2.0314397       3514.7745                           3086.4518                  23.43358                 396.10607                      8.7829943
              4       1750.7676      0.05183006        4.697862    0.0090845069       3514.8554      -6.6601069       -8.6915466         2.0314397       3514.8554                           3086.5306                  23.43367                 396.10607                      8.7849726
              1       1750.1295      0.05944597       5.0502201    0.0098831685       3513.5793      -6.6601069       -8.6915466         2.0314397       3513.5793                           3085.2628                  23.43328                 396.10607                      8.7771927
              3       1750.1353     0.059353091       5.0464525      0.00993915       3513.5908      -6.6601069       -8.6915466         2.0314397       3513.5908                           3085.2742                 23.433285                 396.10607                      8.7772764
              2       1749.8576     0.065610019       5.2888993    0.0071852213       3513.0355      -6.6601069       -8.6915466         2.0314397       3513.0355                           3084.7243                 23.432945                 396.10607                      8.7721417
              3       1750.0543     0.059860995       5.1691277    0.0052019057       3513.4288      -6.6601069       -8.6915466         2.0314397       3513.4288                           3085.1138                 23.433192                 396.10607                      8.7756723
              2       1750.0853     0.058886833       5.1787797    0.0095598983       3513.4907      -6.6601069       -8.6915466         2.0314397       3513.4907                           3085.1755                 23.433213                 396.10607                      8.7759907
              8       1749.9928     0.061402861       5.1918686    0.0082420458       3513.3059      -6.6601069       -8.6915466         2.0314397       3513.3059                           3084.9919                 23.433134                 396.10607                      8.7747706
              1       1750.0993     0.064261918       4.7864843    0.0071542356       3513.5187      -6.6601069       -8.6915466         2.0314397       3513.5187                           3085.2012                 23.433328                 396.10607                      8.7781517
              3       1750.4196     0.056981528       4.7813933    0.0061248593       3514.1595      -6.6601069       -8.6915466         2.0314397       3514.1595                           3085.8385                 23.433504                 396.10607                      8.7814123
              3       1749.8078     0.074731073       4.7414012    0.0068733938       3512.9359      -6.6601069       -8.6915466         2.0314397       3512.9359                           3084.6217                 23.433112                 396.10607                       8.774998
             22       1749.8045      0.07490275       4.7399155    0.0067316703       3512.9293      -6.6601069       -8.6915466         2.0314397       3512.9293                           3084.6151                 23.433109                 396.10607                      8.7749631
              1       1749.7667     0.074630932       4.8889869    0.0065614128       3512.8536      -6.6601069       -8.6915466         2.0314397       3512.8536                           3084.5411                 23.433003                 396.10607                      8.7735017
              2        1749.848     0.072793421       4.7564154    0.0068268885       3513.0162      -6.6601069       -8.6915466         2.0314397       3513.0162                           3084.7015                 23.433147                 396.10607                      8.7754312
              2       1749.8515     0.071321589       4.8390463    0.0089875007       3513.0232      -6.6601069       -8.6915466         2.0314397       3513.0232                            3084.709                 23.433122                 396.10607                      8.7750152
              1       1749.9902     0.066995435       4.8082764     0.009080043       3513.3006      -6.6601069       -8.6915466         2.0314397       3513.3006                           3084.9844                 23.433248                 396.10607                      8.7768498
              9       1749.9674     0.061268424       5.2739048    0.0083756795        3513.255      -6.6601069       -8.6915466         2.0314397        3513.255                           3084.9419                 23.433082                 396.10607                      8.7739201
              1       1749.9505     0.064230743       5.0785566    0.0063368136       3513.2212      -6.6601069       -8.6915466         2.0314397       3513.2212                           3084.9071                 23.433133                 396.10607                      8.7749021
              1       1750.0165     0.062977299       5.0185302    0.0046825987       3513.3532      -6.6601069       -8.6915466         2.0314397       3513.3532                           3085.0379                 23.433207                 396.10607                      8.7760568
              6       1749.8033     0.069495693       5.1939615    0.0038791849       3512.9268      -6.6601069       -8.6915466         2.0314397       3512.9268                            3084.616                 23.432905                 396.10607                       8.771886
              4       1749.7935      0.07076593       5.1080114    0.0038004541       3512.9073      -6.6601069       -8.6915466         2.0314397       3512.9073                           3084.5959                 23.432936                 396.10607                      8.7723841
              3       1749.7762     0.071700926       5.2404721    0.0039160204       3512.8727      -6.6601069       -8.6915466         2.0314397       3512.8727                            3084.563                 23.432806                 396.10607                      8.7708076
              2       1749.9757     0.064293077       5.0138218    0.0050173093       3513.2716      -6.6601069       -8.6915466         2.0314397       3513.2716                           3084.9568                 23.433176                 396.10607                      8.7755912
              2       1750.0308     0.060378602       5.1814644     0.006528822       3513.3818      -6.6601069       -8.6915466         2.0314397       3513.3818                           3085.0673                 23.433169                 396.10607                      8.7753126
              4       1749.8891     0.066053699       5.1118267    0.0058437622       3513.0984      -6.6601069       -8.6915466         2.0314397       3513.0984                           3084.7854                 23.433061                 396.10607                      8.7738705
              1       1750.2694     0.062041778        4.672406     0.006876764        3513.859      -6.6601069       -8.6915466         2.0314397        3513.859                           3085.5391                 23.433451                 396.10607                      8.7803845
              3       1750.5294     0.056329108       4.6872213     0.005766934       3514.3789      -6.6601069       -8.6915466         2.0314397       3514.3789                           3086.0565                 23.433573                 396.10607                       8.782818
              2        1750.429     0.058722325       4.6639051    0.0045131446       3514.1781      -6.6601069       -8.6915466         2.0314397       3514.1781                           3085.8566                 23.433531                 396.10607                      8.7819592
              2       1750.5153     0.055353904       4.7650265    0.0040252324       3514.3508      -6.6601069       -8.6915466         2.0314397       3514.3508                           3086.0288                 23.433552                 396.10607                       8.782393
              1       1750.6689      0.04841114       5.0654333    0.0064000154       3514.6579      -6.6601069       -8.6915466         2.0314397       3514.6579                           3086.3356                 23.433565                 396.10607                      8.7826759
              1       1750.5486     0.050408414       5.0710718    0.0067506453       3514.4173      -6.6601069       -8.6915466         2.0314397       3514.4173                           3086.0963                 23.433509                 396.10607                       8.781474
              6       1750.3746     0.052102357       5.1948998    0.0057767067       3514.0695      -6.6601069       -8.6915466         2.0314397       3514.0695                           3085.7509                 23.433393                 396.10607                      8.7791337
              4       1750.1155     0.056970515       5.2697727    0.0044350183       3513.5512      -6.6601069       -8.6915466         2.0314397       3513.5512                           3085.2361                 23.433209                 396.10607                      8.7758384
              2       1750.1639     0.056267129       5.2280528    0.0047293036       3513.6481      -6.6601069       -8.6915466         2.0314397       3513.6481                           3085.3321                 23.433256                 396.10607                      8.7766422
              3       1750.1653     0.056203467       5.2305983    0.0047489265       3513.6508      -6.6601069       -8.6915466         2.0314397       3513.6508                           3085.3348                 23.433256                 396.10607                      8.7766441
              5       1750.0529     0.061037356       5.0827171    0.0035143681        3513.426      -6.6601069       -8.6915466         2.0314397        3513.426                           3085.1106                 23.433216                 396.10607                       8.776138
              5       1749.9197     0.063480553       5.2299881    0.0060831441       3513.1596      -6.6601069       -8.6915466         2.0314397       3513.1596                           3084.8469                 23.433049                 396.10607                      8.7735357
              1        1750.049     0.059532551       5.2072915    0.0055927186       3513.4181      -6.6601069       -8.6915466         2.0314397       3513.4181                           3085.1035                 23.433176                 396.10607                      8.7753871
              2       1750.2145     0.056952944       5.0826695    0.0080136196       3513.7493      -6.6601069       -8.6915466         2.0314397       3513.7493                           3085.4319                 23.433326                 396.10607                      8.7779673
              3       1750.2212     0.058063081       4.9919468    0.0065589988       3513.7626      -6.6601069       -8.6915466         2.0314397       3513.7626                           3085.4447                 23.433353                 396.10607                      8.7784819
              1       1749.9874     0.063987966       5.0094103    0.0050868268       3513.2951      -6.6601069       -8.6915466         2.0314397       3513.2951                             3084.98                 23.433187                 396.10607                      8.7757582
              2       1749.8078     0.070098608       5.0892203    0.0069685039       3512.9357      -6.6601069       -8.6915466         2.0314397       3512.9357                           3084.6239                 23.432968                 396.10607                      8.7727756
              5       1749.7989     0.070041701       5.1568933    0.0080739283        3512.918      -6.6601069       -8.6915466         2.0314397        3512.918                           3084.6069                 23.432918                 396.10607                      8.7721006
              3       1749.7486     0.074648233       5.1466214    0.0069202797       3512.8175      -6.6601069       -8.6915466         2.0314397       3512.8175                           3084.5076                 23.432799                 396.10607                      8.7709767
              6        1749.873     0.067096782       5.0801555    0.0079146299       3513.0662      -6.6601069       -8.6915466         2.0314397       3513.0662                           3084.7532                 23.433055                 396.10607                      8.7738454
              2       1749.8297     0.067752594       5.2122629    0.0095538168       3512.9795      -6.6601069       -8.6915466         2.0314397       3512.9795                           3084.6683                  23.43294                 396.10607                       8.772236
             10       1750.3215     0.053155348       5.1963218    0.0059132527       3513.9632      -6.6601069       -8.6915466         2.0314397       3513.9632                           3085.6452                 23.433363                 396.10607                      8.7785604
              2       1750.1879     0.057694449       5.0737537    0.0056110454        3513.696      -6.6601069       -8.6915466         2.0314397        3513.696                           3085.3789                 23.433312                 396.10607                      8.7777208
              6       1750.2402      0.05643144       5.0780825     0.006041079       3513.8007      -6.6601069       -8.6915466         2.0314397       3513.8007                            3085.483                 23.433343                 396.10607                      8.7782684
              9        1750.702     0.053052491       4.6926571    0.0060178706       3514.7242      -6.6601069       -8.6915466         2.0314397       3514.7242                           3086.4001                 23.433645                 396.10607                       8.784394
              2       1750.1188     0.059842366       5.0413775    0.0035707683       3513.5579      -6.6601069       -8.6915466         2.0314397       3513.5579                           3085.2414                 23.433275                 396.10607                      8.7771173
              4       1750.4227     0.054560348       4.9382303    0.0031501287       3514.1656      -6.6601069       -8.6915466         2.0314397       3514.1656                           3085.8453                 23.433474                 396.10607                      8.7807928
              2        1750.364     0.052685964       5.1649488    0.0056172776       3514.0481      -6.6601069       -8.6915466         2.0314397       3514.0481                           3085.7295                 23.433394                 396.10607                      8.7791651
              1       1750.0929     0.064084476       4.8073657    0.0071531512       3513.5059      -6.6601069       -8.6915466         2.0314397       3513.5059                           3085.1886                 23.433319                 396.10607                      8.7779856
              6       1750.4225     0.059583361       4.6219079    0.0054851483       3514.1653      -6.6601069       -8.6915466         2.0314397       3514.1653                           3085.8436                 23.433536                 396.10607                      8.7820557
              6       1750.5973     0.054833387       4.7000517    0.0047873374       3514.5148      -6.6601069       -8.6915466         2.0314397       3514.5148                           3086.1917                   23.4336                 396.10607                      8.7834043
              1       1750.3581     0.056737458       4.8789312    0.0037561324       3514.0365      -6.6601069       -8.6915466         2.0314397       3514.0365                           3085.7166                 23.433454                 396.10607                      8.7804028
              1       1749.9357     0.069708483        4.750642    0.0038644617       3513.1916      -6.6601069       -8.6915466         2.0314397       3513.1916                           3084.8758                 23.433223                 396.10607                      8.7765159
              9       1749.8819     0.071860164       4.7348981    0.0039765251       3513.0841      -6.6601069       -8.6915466         2.0314397       3513.0841                           3084.7689                 23.433184                 396.10607                      8.7759632
              7       1749.9072      0.07067102       4.7512847    0.0033978303       3513.1346      -6.6601069       -8.6915466         2.0314397       3513.1346                           3084.8191                   23.4332                 396.10607                      8.7761795
              3       1749.8208     0.073940995       4.7549663    0.0040981749       3512.9619      -6.6601069       -8.6915466         2.0314397       3512.9619                           3084.6476                 23.433121                 396.10607                      8.7750918
              3       1749.9396     0.073982901       4.5178403    0.0085058228       3513.1995      -6.6601069       -8.6915466         2.0314397       3513.1995                           3084.8824                 23.433291                 396.10607                      8.7776636
              8       1749.8995     0.074674707       4.5507555    0.0088508981       3513.1192      -6.6601069       -8.6915466         2.0314397       3513.1192                           3084.8028                 23.433253                 396.10607                      8.7770738
              1       1749.9565     0.073059408       4.5361091    0.0088504928       3513.2332      -6.6601069       -8.6915466         2.0314397       3513.2332                            3084.916                 23.433298                 396.10607                      8.7777635
              4       1749.9713     0.068499862       4.7540162    0.0034929292       3513.2628      -6.6601069       -8.6915466         2.0314397       3513.2628                           3084.9465                 23.433249                 396.10607                      8.7769055
              2       1750.1439     0.063030738       4.7909741    0.0043682776        3513.608      -6.6601069       -8.6915466         2.0314397        3513.608                           3085.2899                 23.433354                 396.10607                      8.7786024
              1       1750.4526     0.058455485       4.6511381    0.0040357253       3514.2255      -6.6601069       -8.6915466         2.0314397       3514.2255                           3085.9036                 23.433545                 396.10607                      8.7822312
              1        1750.507     0.056608223       4.6966454    0.0041647052       3514.3343      -6.6601069       -8.6915466         2.0314397       3514.3343                           3086.0121                 23.433561                 396.10607                       8.782574
              1        1750.533     0.056279637       4.6859406     0.004212851       3514.3862      -6.6601069       -8.6915466         2.0314397       3514.3862                           3086.0637                 23.433575                 396.10607                      8.7828569
             10        1750.419     0.052632491        5.084614    0.0096770548       3514.1583      -6.6601069       -8.6915466         2.0314397       3514.1583                           3085.8386                 23.433442                 396.10607                      8.7801115
              6       1750.2298     0.055847108       5.1398874     0.009927574       3513.7798      -6.6601069       -8.6915466         2.0314397       3513.7798                           3085.4625                 23.433322                 396.10607                      8.7778466
              8       1750.3795     0.052561603       5.1502362    0.0094884807       3514.0793      -6.6601069       -8.6915466         2.0314397       3514.0793                           3085.7604                 23.433406                 396.10607                      8.7793984
              1       1750.4919     0.052500016       4.9907551    0.0077711891       3514.3041      -6.6601069       -8.6915466         2.0314397       3514.3041                           3085.9832                 23.433498                 396.10607                      8.7812562
              1       1749.9221     0.066295298       4.9989732    0.0076811113       3513.1645      -6.6601069       -8.6915466         2.0314397       3513.1645                           3084.8503                 23.433134                 396.10607                       8.775005
              3       1749.8882     0.068927197       4.9024322    0.0050717233       3513.0967      -6.6601069       -8.6915466         2.0314397       3513.0967                           3084.7823                 23.433135                 396.10607                      8.7751272
              5       1749.8786     0.072088799        4.728827    0.0038106449       3513.0774      -6.6601069       -8.6915466         2.0314397       3513.0774                           3084.7622                 23.433183                 396.10607                      8.7759549
              2       1749.8786     0.072083516       4.7291228     0.003793017       3513.0774      -6.6601069       -8.6915466         2.0314397       3513.0774                           3084.7622                 23.433183                 396.10607                      8.7759534
              4       1749.9091     0.071656366       4.6915428    0.0037982101       3513.1383      -6.6601069       -8.6915466         2.0314397       3513.1383                           3084.8225                  23.43322                 396.10607                      8.7765044
              6       1749.7656     0.074858997       4.8757215    0.0042248309       3512.8514      -6.6601069       -8.6915466         2.0314397       3512.8514                           3084.5388                 23.433007                 396.10607                      8.7735727
              9         1749.78      0.07430522       4.8579872    0.0041873486       3512.8802      -6.6601069       -8.6915466         2.0314397       3512.8802                           3084.5672                 23.433035                 396.10607                      8.7739103
              4       1750.0276     0.066691291       4.7603073    0.0039411935       3513.3755      -6.6601069       -8.6915466         2.0314397       3513.3755                           3085.0586                 23.433287                 396.10607                      8.7775019
              2       1750.3956     0.057559833       4.7759823    0.0043459493       3514.1113      -6.6601069       -8.6915466         2.0314397       3514.1113                           3085.7906                 23.433494                 396.10607                      8.7811998
              5       1750.3555     0.057626622        4.824512    0.0044509629       3514.0313      -6.6601069       -8.6915466         2.0314397       3514.0313                           3085.7111                 23.433464                 396.10607                      8.7806074
              7       1750.1411     0.061303264       4.9034868    0.0032558865       3513.6023      -6.6601069       -8.6915466         2.0314397       3513.6023                           3085.2849                 23.433325                 396.10607                      8.7780476
              3       1750.2269     0.063082518       4.6697681    0.0070577106        3513.774      -6.6601069       -8.6915466         2.0314397        3513.774                           3085.4545                 23.433429                 396.10607                      8.7799745
              2       1749.9441     0.069571717       4.7425517    0.0066004141       3513.2084      -6.6601069       -8.6915466         2.0314397       3513.2084                           3084.8924                 23.433232                 396.10607                       8.776653
              1       1749.9655     0.069952373        4.682357    0.0072436585       3513.2513      -6.6601069       -8.6915466         2.0314397       3513.2513                           3084.9347                 23.433265                 396.10607                      8.7771887
              3       1749.8981     0.069569502       4.8374758     0.008576603       3513.1163      -6.6601069       -8.6915466         2.0314397       3513.1163                           3084.8015                 23.433165                 396.10607                       8.775612
              3        1749.965     0.064422019       5.0291783    0.0057826948       3513.2502      -6.6601069       -8.6915466         2.0314397       3513.2502                           3084.9356                 23.433162                 396.10607                      8.7753722
              5       1750.0066     0.063119998       5.0293026    0.0052943017       3513.3334      -6.6601069       -8.6915466         2.0314397       3513.3334                           3085.0183                 23.433196                 396.10607                      8.7758795
              1       1750.0372     0.062519627       5.0082731    0.0070325319       3513.3947      -6.6601069       -8.6915466         2.0314397       3513.3947                            3085.079                 23.433226                 396.10607                      8.7763565
             10       1749.9953     0.061353437       5.1896112    0.0073509899       3513.3108      -6.6601069       -8.6915466         2.0314397       3513.3108                           3084.9968                 23.433137                 396.10607                      8.7748156
              5       1750.5107     0.054470151       4.8283867    0.0074124553       3514.3416      -6.6601069       -8.6915466         2.0314397       3514.3416                           3086.0199                 23.433538                 396.10607                       8.782103
              3          1750.5     0.054462604       4.8424676    0.0073599444       3514.3202      -6.6601069       -8.6915466         2.0314397       3514.3202                           3085.9987                  23.43353                 396.10607                      8.7819447
              3        1749.771     0.072426667       5.0914622    0.0066139125       3512.8623      -6.6601069       -8.6915466         2.0314397       3512.8623                           3084.5512                 23.432903                 396.10607                      8.7720788
              5       1749.8267     0.068050451       5.1965965    0.0068018172       3512.9736      -6.6601069       -8.6915466         2.0314397       3512.9736                           3084.6623                 23.432944                 396.10607                      8.7723042
              3       1749.9711     0.061806874       5.2166564    0.0059852767       3513.2624      -6.6601069       -8.6915466         2.0314397       3513.2624                           3084.9489                 23.433106                 396.10607                      8.7743332
              5       1750.6091     0.056314246       4.5969825    0.0093764521       3514.5384      -6.6601069       -8.6915466         2.0314397       3514.5384                           3086.2148                 23.433623                 396.10607                      8.7838765
              4       1750.4663     0.058693619       4.6212876    0.0082085928       3514.2527      -6.6601069       -8.6915466         2.0314397       3514.2527                           3085.9306                 23.433557                 396.10607                      8.7824695
              4       1750.4954     0.059824019       4.5250047    0.0061785014        3514.311      -6.6601069       -8.6915466         2.0314397        3514.311                           3085.9883                 23.433587                 396.10607                      8.7830837
              1       1750.0375     0.068235631       4.6576321    0.0050129312       3513.3953      -6.6601069       -8.6915466         2.0314397       3513.3953                           3085.0778                 23.433321                 396.10607                       8.778085
              2       1749.9116     0.070138506       4.7734176    0.0041652066       3513.1435      -6.6601069       -8.6915466         2.0314397       3513.1435                           3084.8281                 23.433197                 396.10607                      8.7761177
              1       1750.1954     0.061488241       4.8075972    0.0030219516        3513.711      -6.6601069       -8.6915466         2.0314397        3513.711                           3085.3924                 23.433381                 396.10607                      8.7790633
              4       1750.1213     0.058036506       5.1715682    0.0087901786       3513.5627      -6.6601069       -8.6915466         2.0314397       3513.5627                            3085.247                 23.433241                 396.10607                       8.776455
              6       1750.0284      0.06131452        5.114242    0.0084700953       3513.3771      -6.6601069       -8.6915466         2.0314397       3513.3771                           3085.0622                 23.433188                 396.10607                      8.7756693
              1       1750.0301     0.060817909       5.1486096    0.0055604861       3513.3804      -6.6601069       -8.6915466         2.0314397       3513.3804                           3085.0656                 23.433179                 396.10607                      8.7754938
              1       1749.7822     0.071039978       5.2103814    0.0057005728       3512.8847      -6.6601069       -8.6915466         2.0314397       3512.8847                           3084.5745                 23.432849                 396.10607                      8.7712797
              5       1749.7778     0.071480068       5.1856548    0.0067088707       3512.8758      -6.6601069       -8.6915466         2.0314397       3512.8758                           3084.5655                 23.432856                 396.10607                      8.7714037
              2       1749.7747     0.071783211       5.1711129    0.0063018611       3512.8697      -6.6601069       -8.6915466         2.0314397       3512.8697                           3084.5593                 23.432859                 396.10607                       8.771465
              4       1750.4622     0.049515598       5.2726762     0.004262952       3514.2446      -6.6601069       -8.6915466         2.0314397       3514.2446                           3085.9254                 23.433423                 396.10607                      8.7796816
              2       1750.1734     0.057225168        5.134674    0.0033356374        3513.667      -6.6601069       -8.6915466         2.0314397        3513.667                           3085.3504                 23.433287                 396.10607                      8.7772477
              5       1750.3905     0.053170694       5.0861009    0.0054547938       3514.1011      -6.6601069       -8.6915466         2.0314397       3514.1011                           3085.7818                 23.433426                 396.10607                      8.7798118
              6        1750.253     0.055888368       5.0974279    0.0051340893       3513.8261      -6.6601069       -8.6915466         2.0314397       3513.8261                           3085.5084                 23.433346                 396.10607                      8.7783104
              1       1750.3267     0.056380004       4.9476927    0.0034900356       3513.9736      -6.6601069       -8.6915466         2.0314397       3513.9736                           3085.6543                 23.433422                 396.10607                      8.7797849
              3       1750.1374     0.062683611        4.822097    0.0045438809        3513.595      -6.6601069       -8.6915466         2.0314397        3513.595                           3085.2772                 23.433343                 396.10607                      8.7783913
              3       1751.0741     0.046899995       4.6968679    0.0078558335       3515.4685      -6.6601069       -8.6915466         2.0314397       3515.4685                           3087.1409                 23.433784                 396.10607                      8.7877101
              7       1750.9589     0.048904996       4.6821817    0.0069618292       3515.2381      -6.6601069       -8.6915466         2.0314397       3515.2381                           3086.9115                 23.433745                 396.10607                      8.7867388
              1        1750.855     0.047691977       4.8871603    0.0065389011       3515.0301      -6.6601069       -8.6915466         2.0314397       3515.0301                           3086.7053                 23.433674                 396.10607                      8.7851115
              1       1749.8059     0.071482574       4.9735778    0.0085966201       3512.9319      -6.6601069       -8.6915466         2.0314397       3512.9319                           3084.6193                 23.433018                 396.10607                      8.7735493
              8       1749.7627     0.074234522       5.2460285    0.0038319244       3512.8457      -6.6601069       -8.6915466         2.0314397       3512.8457                           3084.5367                 23.432729                 396.10607                      8.7701431
              3       1749.7646     0.074904601       5.2612516    0.0040446091       3512.8494      -6.6601069       -8.6915466         2.0314397       3512.8494                           3084.5407                 23.432697                 396.10607                      8.7698585
              4       1749.7577      0.07405285       5.2058194    0.0040791269       3512.8357      -6.6601069       -8.6915466         2.0314397       3512.8357                           3084.5263                 23.432767                 396.10607                      8.7705588
              8       1749.7661     0.074053103       4.9419252    0.0063537619       3512.8525      -6.6601069       -8.6915466         2.0314397       3512.8525                           3084.5403                 23.432977                 396.10607                      8.7731272
              7       1750.7937     0.045467671       5.1442539    0.0048788763       3514.9076      -6.6601069       -8.6915466         2.0314397       3514.9076                           3086.5843                 23.433605                 396.10607                      8.7835623
              2       1750.6732     0.047755921       5.1129904    0.0053873351       3514.6665      -6.6601069       -8.6915466         2.0314397       3514.6665                           3086.3444                 23.433558                 396.10607                      8.7825221
              3       1750.4998     0.053186679       4.9306619    0.0064482286       3514.3197      -6.6601069       -8.6915466         2.0314397       3514.3197                           3085.9986                 23.433513                 396.10607                      8.7815847
              1       1750.4641     0.053469308       4.9586592    0.0075164969       3514.2483      -6.6601069       -8.6915466         2.0314397       3514.2483                           3085.9276                  23.43349                 396.10607                      8.7811163
              3       1749.7994     0.071759437       4.9782323     0.007188529        3512.919      -6.6601069       -8.6915466         2.0314397        3512.919                           3084.6065                 23.433008                 396.10607                      8.7734178
              4       1750.3415     0.058206609       4.8065153    0.0095466442       3514.0032      -6.6601069       -8.6915466         2.0314397       3514.0032                           3085.6831                  23.43346                 396.10607                       8.780544
              2       1750.3503      0.05782667       4.8188009    0.0088007618       3514.0208      -6.6601069       -8.6915466         2.0314397       3514.0208                           3085.7006                 23.433462                 396.10607                      8.7805795
              9        1750.473     0.056290795       4.7577467    0.0073814463       3514.2662      -6.6601069       -8.6915466         2.0314397       3514.2662                           3085.9446                 23.433534                 396.10607                      8.7820181
              3       1750.4603     0.056026034       4.7904283    0.0071353165       3514.2409      -6.6601069       -8.6915466         2.0314397       3514.2409                           3085.9195                 23.433522                 396.10607                      8.7817688
              4       1750.5019     0.054267462       4.8531946     0.007815923        3514.324      -6.6601069       -8.6915466         2.0314397        3514.324                           3086.0024                 23.433529                 396.10607                      8.7819198
              4       1749.8937     0.065847588       5.1135238    0.0041023626       3513.1077      -6.6601069       -8.6915466         2.0314397       3513.1077                           3084.7946                 23.433065                 396.10607                       8.773926
              8       1749.9007     0.064962269       5.1646745    0.0037476348       3513.1216      -6.6601069       -8.6915466         2.0314397       3513.1216                           3084.8088                 23.433053                 396.10607                      8.7736936
              3       1749.7604     0.073315597       5.1829424    0.0056537537       3512.8411      -6.6601069       -8.6915466         2.0314397       3512.8411                           3084.5313                 23.432807                 396.10607                      8.7709537
              5       1749.7588     0.073438615       5.1695328    0.0056438858       3512.8378      -6.6601069       -8.6915466         2.0314397       3512.8378                           3084.5279                 23.432814                 396.10607                      8.7710512
              1       1750.3457     0.054214573       5.0750851    0.0085509688       3514.0117      -6.6601069       -8.6915466         2.0314397       3514.0117                           3085.6928                 23.433404                 396.10607                      8.7793996
             13       1750.3453     0.054217648       5.0754812    0.0085544275       3514.0109      -6.6601069       -8.6915466         2.0314397       3514.0109                            3085.692                 23.433404                 396.10607                      8.7793935
              1       1750.3196     0.055141496       5.0464109     0.007324214       3513.9594      -6.6601069       -8.6915466         2.0314397       3513.9594                           3085.6407                 23.433396                 396.10607                      8.7792614
              3       1750.2413     0.056718123       5.0551849    0.0073996789       3513.8029      -6.6601069       -8.6915466         2.0314397       3513.8029                           3085.4851                 23.433349                 396.10607                      8.7783918
              3       1750.1821     0.056936978       5.1408817    0.0060811539       3513.6844      -6.6601069       -8.6915466         2.0314397       3513.6844                           3085.3677                 23.433291                 396.10607                      8.7773128
              3       1750.2442     0.057428167       4.9997862     0.006702634       3513.8085      -6.6601069       -8.6915466         2.0314397       3513.8085                           3085.4904                 23.433364                 396.10607                      8.7786883
              7       1750.3672     0.054577747       5.0159449    0.0056372431       3514.0547      -6.6601069       -8.6915466         2.0314397       3514.0547                           3085.7353                 23.433429                 396.10607                      8.7798923
              4       1749.9063      0.06849138       4.8874941    0.0034332818       3513.1328      -6.6601069       -8.6915466         2.0314397       3513.1328                           3084.8182                 23.433157                 396.10607                      8.7754392
              5       1749.9034     0.065153007       5.1396422    0.0095217689        3513.127      -6.6601069       -8.6915466         2.0314397        3513.127                            3084.814                 23.433066                 396.10607                       8.773894
              4       1749.8304     0.067138777       5.2893708    0.0098190684        3512.981      -6.6601069       -8.6915466         2.0314397        3512.981                           3084.6704                   23.4329                 396.10607                      8.7716335
              4       1750.3031     0.057169894       4.9281454    0.0089435626       3513.9263      -6.6601069       -8.6915466         2.0314397       3513.9263                           3085.6072                 23.433414                 396.10607                      8.7796307
              6       1750.7298     0.050680214       4.8190081    0.0091589853       3514.7799      -6.6601069       -8.6915466         2.0314397       3514.7799                            3086.456                 23.433635                 396.10607                      8.7842017
             12       1749.9304     0.071168491       4.6784275    0.0086248996       3513.1809      -6.6601069       -8.6915466         2.0314397       3513.1809                           3084.8648                  23.43324                 396.10607                      8.7768132
             13       1749.9356      0.07071296       4.6939879    0.0086118979       3513.1913      -6.6601069       -8.6915466         2.0314397       3513.1913                           3084.8752                 23.433239                 396.10607                      8.7767962
              2       1749.9557     0.069739891        4.711622    0.0087350383       3513.2315      -6.6601069       -8.6915466         2.0314397       3513.2315                           3084.9153                  23.43325                 396.10607                      8.7769368
              4       1749.9679      0.06402389       5.0511905    0.0035197093        3513.256      -6.6601069       -8.6915466         2.0314397        3513.256                           3084.9415                 23.433158                 396.10607                      8.7752826
              6       1749.8954      0.06562585       5.1265312    0.0045497138       3513.1109      -6.6601069       -8.6915466         2.0314397       3513.1109                           3084.7979                 23.433062                 396.10607                      8.7738646
             10       1750.0682     0.060598943       5.0838255    0.0038094226       3513.4565      -6.6601069       -8.6915466         2.0314397       3513.4565                           3085.1409                 23.433227                 396.10607                      8.7763115
              2       1750.1251     0.058589989       5.1215132    0.0042192874       3513.5704      -6.6601069       -8.6915466         2.0314397       3513.5704                           3085.2543                 23.433258                 396.10607                      8.7767689
              8       1750.0064      0.05979563       5.2916043    0.0035049168       3513.3331      -6.6601069       -8.6915466         2.0314397       3513.3331                           3085.0196                 23.433113                 396.10607                      8.7743348
              7       1750.0463     0.061493979       5.0628882    0.0093159464       3513.4128      -6.6601069       -8.6915466         2.0314397       3513.4128                           3085.0974                 23.433217                 396.10607                      8.7761688
              4       1750.0541     0.068838489       4.6005204    0.0087499132       3513.4285      -6.6601069       -8.6915466         2.0314397       3513.4285                           3085.1106                 23.433345                 396.10607                      8.7785124
              5       1750.1276     0.066233796       4.6325568     0.007787118       3513.5754      -6.6601069       -8.6915466         2.0314397       3513.5754                           3085.2568                 23.433382                 396.10607                      8.7791308
              3       1750.0287     0.064332653       4.9029752    0.0060029187       3513.3777      -6.6601069       -8.6915466         2.0314397       3513.3777                           3085.0616                  23.43325                 396.10607                      8.7768093
              2       1750.0338     0.063368406       4.9568525    0.0095735514       3513.3879      -6.6601069       -8.6915466         2.0314397       3513.3879                            3085.072                 23.433238                 396.10607                      8.7765886
              6       1750.0041     0.064144705       4.9633342    0.0099957071       3513.3285      -6.6601069       -8.6915466         2.0314397       3513.3285                            3085.013                 23.433214                 396.10607                      8.7762089
              6       1749.9011     0.073306708       4.6176426    0.0053953819       3513.1224      -6.6601069       -8.6915466         2.0314397       3513.1224                           3084.8063                 23.433235                 396.10607                      8.7767749
              4       1749.9486     0.072261162       4.5889004    0.0052712095       3513.2174      -6.6601069       -8.6915466         2.0314397       3513.2174                           3084.9006                 23.433278                 396.10607                      8.7774395
              1        1750.158     0.066401664       4.5820497    0.0033178524       3513.6361      -6.6601069       -8.6915466         2.0314397       3513.6361                            3085.317                 23.433411                 396.10607                       8.779648
              3       1750.2063      0.06309672       4.6968105    0.0030462499       3513.7329      -6.6601069       -8.6915466         2.0314397       3513.7329                           3085.4138                 23.433412                 396.10607                      8.7796558
             12       1750.1955     0.059044877       4.9655505     0.003718547       3513.7112      -6.6601069       -8.6915466         2.0314397       3513.7112                           3085.3934                 23.433343                 396.10607                      8.7783338
              2       1750.8266     0.049725014       4.7730144    0.0048284037       3514.9734      -6.6601069       -8.6915466         2.0314397       3514.9734                           3086.6484                 23.433681                 396.10607                      8.7852517
              1        1750.967     0.046403067       4.8531502    0.0043978914       3515.2542      -6.6601069       -8.6915466         2.0314397       3515.2542                           3086.9282                 23.433722                 396.10607                      8.7862512
              1       1750.8597     0.049360936       4.7607362    0.0064676383       3515.0395      -6.6601069       -8.6915466         2.0314397       3515.0395                           3086.7142                 23.433696                 396.10607                      8.7855934
              3       1751.0557     0.046129442       4.7729234    0.0067512128       3515.4317      -6.6601069       -8.6915466         2.0314397       3515.4317                           3087.1045                 23.433767                 396.10607                      8.7873103
              1       1750.8215     0.048870416       4.8396952    0.0057900582       3514.9631      -6.6601069       -8.6915466         2.0314397       3514.9631                           3086.6384                 23.433668                 396.10607                      8.7849717
              7       1750.8515     0.048418495       4.8373606    0.0056781104       3515.0232      -6.6601069       -8.6915466         2.0314397       3515.0232                           3086.6982                 23.433681                 396.10607                      8.7852556
              1       1750.8586     0.048610452       4.8152026    0.0052324846       3515.0374      -6.6601069       -8.6915466         2.0314397       3515.0374                           3086.7122                 23.433687                 396.10607                      8.7853969
              1       1750.8191     0.048990549       4.8338054    0.0051692917       3514.9583      -6.6601069       -8.6915466         2.0314397       3514.9583                           3086.6336                 23.433668                 396.10607                      8.7849706
              2       1750.2805     0.062057016       4.6571749    0.0061868153       3513.8812      -6.6601069       -8.6915466         2.0314397       3513.8812                           3085.5611                  23.43346                 396.10607                       8.780555
              2       1750.2208      0.05968745       4.8833043    0.0061625466       3513.7618      -6.6601069       -8.6915466         2.0314397       3513.7618                           3085.4434                 23.433378                 396.10607                      8.7789848
              4        1750.159     0.059757542       4.9769194    0.0065505896       3513.6382      -6.6601069       -8.6915466         2.0314397       3513.6382                           3085.3209                 23.433318                 396.10607                      8.7778858
              2        1750.456     0.060509844       4.5318575     0.003858341       3514.2323      -6.6601069       -8.6915466         2.0314397       3514.2323                           3085.9099                 23.433568                 396.10607                      8.7826964
              5       1750.5371     0.059196783       4.5133012    0.0038222675       3514.3944      -6.6601069       -8.6915466         2.0314397       3514.3944                           3086.0712                 23.433607                 396.10607                      8.7835056
             14       1750.4917     0.059449858       4.5496299    0.0032483688       3514.3036      -6.6601069       -8.6915466         2.0314397       3514.3036                            3085.981                 23.433581                 396.10607                      8.7829633
              1       1750.3671     0.062160546       4.5453083    0.0037021408       3514.0544      -6.6601069       -8.6915466         2.0314397       3514.0544                            3085.733                 23.433525                 396.10607                      8.7818168
              5       1750.5912     0.055092789       4.6909941    0.0066041771       3514.5026      -6.6601069       -8.6915466         2.0314397       3514.5026                           3086.1795                 23.433599                 396.10607                      8.7833802
              3       1749.9322     0.063674244       5.1729898    0.0088734067       3513.1847      -6.6601069       -8.6915466         2.0314397       3513.1847                           3084.8714                 23.433083                 396.10607                      8.7740819
              1       1749.9404      0.06370326       5.1467373    0.0080996406        3513.201      -6.6601069       -8.6915466         2.0314397        3513.201                           3084.8875                 23.433101                 396.10607                      8.7743573
              1       1750.0541     0.062329893       4.9883994    0.0084881263       3513.4284      -6.6601069       -8.6915466         2.0314397       3513.4284                           3085.1124                 23.433244                 396.10607                      8.7766568
              1       1750.0261     0.064016968       4.9285289      0.00884707       3513.3724      -6.6601069       -8.6915466         2.0314397       3513.3724                           3085.0565                 23.433241                 396.10607                      8.7766473
              8       1749.9442     0.071392477        4.641704    0.0031082718       3513.2085      -6.6601069       -8.6915466         2.0314397       3513.2085                            3084.892                  23.43326                 396.10607                      8.7771445
              3       1750.0032        0.067757        4.740436    0.0044637113       3513.3266      -6.6601069       -8.6915466         2.0314397       3513.3266                           3085.0099                 23.433276                 396.10607                      8.7773277
              2       1750.0056     0.067584211       4.7461822    0.0045859339       3513.3314      -6.6601069       -8.6915466         2.0314397       3513.3314                           3085.0147                 23.433276                 396.10607                      8.7773272
              5       1750.0014     0.066787655       4.8002953    0.0043336567       3513.3231      -6.6601069       -8.6915466         2.0314397       3513.3231                           3085.0067                 23.433258                 396.10607                      8.7770167
              2       1749.9911     0.066979936       4.8074978    0.0043814419       3513.3025      -6.6601069       -8.6915466         2.0314397       3513.3025                           3084.9863                 23.433249                 396.10607                      8.7768645
              3       1750.2077     0.059465475       4.9179861    0.0038747794       3513.7355      -6.6601069       -8.6915466         2.0314397       3513.7355                           3085.4174                 23.433362                 396.10607                      8.7786877
              3       1749.9284     0.066289625       4.9838609    0.0034009874        3513.177      -6.6601069       -8.6915466         2.0314397        3513.177                           3084.8626                 23.433145                 396.10607                      8.7751715
              2       1749.8512     0.069873475       4.9381533    0.0044541951       3513.0226      -6.6601069       -8.6915466         2.0314397       3513.0226                            3084.709                 23.433086                 396.10607                      8.7744281
              4       1749.8137     0.070236647       5.0458457    0.0047883084       3512.9476      -6.6601069       -8.6915466         2.0314397       3512.9476                           3084.6353                 23.432997                 396.10607                      8.7731818
              2       1749.8503      0.06958902       4.9613142    0.0077717814       3513.0209      -6.6601069       -8.6915466         2.0314397       3513.0209                           3084.7074                 23.433076                 396.10607                      8.7742747
              1       1749.7937     0.070368654       5.1598182    0.0084784886       3512.9076      -6.6601069       -8.6915466         2.0314397       3512.9076                           3084.5967                 23.432907                 396.10607                      8.7719752
              3       1749.9086     0.065079367       5.1291787    0.0069504511       3513.1375      -6.6601069       -8.6915466         2.0314397       3513.1375                           3084.8243                 23.433075                 396.10607                      8.7740337
              7       1749.8836     0.072428899       4.6989893    0.0060073955       3513.0874      -6.6601069       -8.6915466         2.0314397       3513.0874                            3084.772                 23.433197                 396.10607                      8.7761685
              2       1749.7948      0.07478569       4.7750138    0.0051606246       3512.9098      -6.6601069       -8.6915466         2.0314397       3512.9098                           3084.5961                 23.433086                 396.10607                        8.77463
              7       1750.0611     0.060501583       5.1055246    0.0062977635       3513.4424      -6.6601069       -8.6915466         2.0314397       3513.4424                            3085.127                 23.433216                 396.10607                      8.7761099
              9       1750.0921     0.059627866       5.1078879    0.0061526921       3513.5045      -6.6601069       -8.6915466         2.0314397       3513.5045                           3085.1887                 23.433238                 396.10607                      8.7764612
              2       1750.1084     0.060423256        5.019252    0.0041507806       3513.5371      -6.6601069       -8.6915466         2.0314397       3513.5371                           3085.2206                 23.433274                 396.10607                      8.7771148
              4        1749.861     0.066516703       5.1763455    0.0047747891       3513.0422      -6.6601069       -8.6915466         2.0314397       3513.0422                           3084.7301                 23.433002                 396.10607                      8.7730214
              8       1749.8632     0.065908928        5.226011     0.004331684       3513.0466      -6.6601069       -8.6915466         2.0314397       3513.0466                           3084.7349                 23.432982                 396.10607                      8.7727035
              1       1749.9303      0.06372282        5.174775    0.0035580431       3513.1808      -6.6601069       -8.6915466         2.0314397       3513.1808                           3084.8676                 23.433081                 396.10607                      8.7740439
              1       1749.9307     0.066249491       4.9809571    0.0043431291       3513.1817      -6.6601069       -8.6915466         2.0314397       3513.1817                           3084.8672                 23.433148                 396.10607                      8.7752181
              1       1750.2864     0.056267475       5.0160015    0.0062929666       3513.8931      -6.6601069       -8.6915466         2.0314397       3513.8931                           3085.5746                 23.433385                 396.10607                      8.7790565
              1       1750.3162     0.056262153       4.9712589    0.0063791301       3513.9527      -6.6601069       -8.6915466         2.0314397       3513.9527                           3085.6336                 23.433412                 396.10607                      8.7795718
              2       1749.8073     0.072591784       4.8835077    0.0050012141       3512.9349      -6.6601069       -8.6915466         2.0314397       3512.9349                           3084.6216                 23.433058                 396.10607                        8.77415
              2       1749.9477     0.071601935       4.6245154    0.0044951156       3513.2156      -6.6601069       -8.6915466         2.0314397       3513.2156                            3084.899                 23.433268                 396.10607                      8.7772648
              1       1750.2146     0.063476613       4.6641148    0.0048763437       3513.7494      -6.6601069       -8.6915466         2.0314397       3513.7494                           3085.4301                 23.433424                 396.10607                       8.779876
              4       1750.2193     0.060664222       4.8233704    0.0031436881       3513.7589      -6.6601069       -8.6915466         2.0314397       3513.7589                           3085.4402                 23.433391                 396.10607                      8.7792399
              2        1749.893     0.068775952       4.9007358    0.0060917052       3513.1062      -6.6601069       -8.6915466         2.0314397       3513.1062                           3084.7917                  23.43314                 396.10607                      8.7751972
              1       1750.4427     0.053948017       4.9538014    0.0071598325       3514.2057      -6.6601069       -8.6915466         2.0314397       3514.2057                           3085.8852                 23.433481                 396.10607                      8.7809257
              2       1750.7388     0.055416944       4.5096523    0.0085854742       3514.7978      -6.6601069       -8.6915466         2.0314397       3514.7978                           3086.4727                 23.433689                 396.10607                      8.7853326
              3       1750.2115     0.065418755       4.5634584    0.0064256619       3513.7432      -6.6601069       -8.6915466         2.0314397       3513.7432                           3085.4234                 23.433444                 396.10607                       8.780252
              5       1750.0244     0.069810093       4.5946521    0.0084270602        3513.369      -6.6601069       -8.6915466         2.0314397        3513.369                           3085.0514                 23.433328                 396.10607                      8.7782267
              4       1749.8656     0.073955914       4.6515675    0.0037845835       3513.0515      -6.6601069       -8.6915466         2.0314397       3513.0515                            3084.736                 23.433196                 396.10607                      8.7761965
              1       1749.8541      0.07340683       4.7066009    0.0031132224       3513.0284      -6.6601069       -8.6915466         2.0314397       3513.0284                           3084.7133                 23.433169                 396.10607                      8.7757737
              1       1750.1613     0.061813214       4.8388364    0.0044076038       3513.6429      -6.6601069       -8.6915466         2.0314397       3513.6429                           3085.3249                 23.433353                 396.10607                      8.7785666
              1       1749.9523     0.065313619       4.9954649    0.0054810873       3513.2248      -6.6601069       -8.6915466         2.0314397       3513.2248                           3084.9101                 23.433162                 396.10607                      8.7754053
              2       1749.7783     0.073298048        4.945166    0.0044265944       3512.8768      -6.6601069       -8.6915466         2.0314397       3512.8768                           3084.5645                 23.432993                 396.10607                      8.7733069
             14        1749.765     0.073142509       5.0505344    0.0041704912       3512.8502      -6.6601069       -8.6915466         2.0314397       3512.8502                           3084.5389                 23.432916                 396.10607                      8.7722903
              9       1749.8148     0.070603847       5.0090729    0.0042478753       3512.9498      -6.6601069       -8.6915466         2.0314397       3512.9498                           3084.6373                 23.433015                 396.10607                      8.7734497
              5       1750.0983     0.062571768       4.8927862    0.0043500249       3513.5167      -6.6601069       -8.6915466         2.0314397       3513.5167                           3085.1997                   23.4333                 396.10607                      8.7776351
              3       1750.0096     0.064872265       4.9044071    0.0057833853       3513.3394      -6.6601069       -8.6915466         2.0314397       3513.3394                           3085.0235                 23.433235                 396.10607                       8.776582
              2       1750.2434     0.059512985        4.860927    0.0052405421        3513.807      -6.6601069       -8.6915466         2.0314397        3513.807                           3085.4882                 23.433396                 396.10607                        8.77932
              1       1750.2305     0.059366907       4.8894899    0.0050609619       3513.7813      -6.6601069       -8.6915466         2.0314397       3513.7813                           3085.4628                 23.433382                 396.10607                      8.7790581
              7        1750.179     0.066725074       4.5378546    0.0039171871       3513.6782      -6.6601069       -8.6915466         2.0314397       3513.6782                           3085.3586                 23.433432                 396.10607                      8.7800343
             12       1750.1285     0.058579439       5.1158835    0.0049277548       3513.5772      -6.6601069       -8.6915466         2.0314397       3513.5772                            3085.261                 23.433262                 396.10607                      8.7768372
              1       1749.8435     0.066439653        5.279814     0.005205733       3513.0072      -6.6601069       -8.6915466         2.0314397       3513.0072                           3084.6962                 23.432928                 396.10607                      8.7719587
              3       1749.7759     0.072259621          5.0657    0.0070591772        3512.872      -6.6601069       -8.6915466         2.0314397        3512.872                           3084.5607                 23.432928                 396.10607                      8.7723827
              3       1749.8624     0.071196077       4.8194812    0.0053170255        3513.045      -6.6601069       -8.6915466         2.0314397        3513.045                           3084.7305                 23.433139                 396.10607                      8.7752656
              5       1749.8573     0.072881711       4.7295873    0.0071633016       3513.0348      -6.6601069       -8.6915466         2.0314397       3513.0348                           3084.7199                 23.433164                 396.10607                      8.7756918
             11       1750.4384     0.056021071       4.8188066    0.0099945724        3514.197      -6.6601069       -8.6915466         2.0314397        3514.197                            3085.876                 23.433506                 396.10607                      8.7814434
              1       1750.4528     0.054475598       4.9032489    0.0095666177       3514.2258      -6.6601069       -8.6915466         2.0314397       3514.2258                            3085.905                 23.433496                 396.10607                      8.7812379
             11       1749.8793     0.071921005       4.7369369    0.0039758496       3513.0789      -6.6601069       -8.6915466         2.0314397       3513.0789                           3084.7637                 23.433181                 396.10607                      8.7759213
              6       1749.8326     0.073381138       4.7588088    0.0052394021       3512.9854      -6.6601069       -8.6915466         2.0314397       3512.9854                            3084.671                 23.433131                 396.10607                      8.7752228
              1       1749.9768     0.065313036       4.9413079    0.0047680072       3513.2738      -6.6601069       -8.6915466         2.0314397       3513.2738                           3084.9586                 23.433199                 396.10607                      8.7760028
              2       1749.9498     0.065562728       4.9836711    0.0056956523       3513.2199      -6.6601069       -8.6915466         2.0314397       3513.2199                           3084.9052                 23.433164                 396.10607                      8.7754416
              3       1749.8106     0.070845282       5.0065496    0.0077256289       3512.9414      -6.6601069       -8.6915466         2.0314397       3512.9414                           3084.6289                  23.43301                 396.10607                      8.7734016
              3        1749.762     0.074143954       4.9577302    0.0074236915       3512.8443      -6.6601069       -8.6915466         2.0314397       3512.8443                           3084.5323                 23.432962                 396.10607                      8.7729436
              4       1749.8634     0.066690424       5.1502409    0.0075483122        3513.047      -6.6601069       -8.6915466         2.0314397        3513.047                           3084.7347                 23.433016                 396.10607                      8.7732386
             16        1749.757     0.073966138        5.194543    0.0091123365       3512.8342      -6.6601069       -8.6915466         2.0314397       3512.8342                           3084.5247                 23.432779                 396.10607                      8.7706853
              5       1749.9843     0.061660732        5.192912    0.0087982204       3513.2889      -6.6601069       -8.6915466         2.0314397       3513.2889                            3084.975                 23.433126                 396.10607                      8.7746536
              8       1750.0955     0.059448496       5.1146952     0.008709884       3513.5111      -6.6601069       -8.6915466         2.0314397       3513.5111                           3085.1954                 23.433239                 396.10607                      8.7764633
              1       1750.1392     0.058224408       5.1224064    0.0083886051       3513.5985      -6.6601069       -8.6915466         2.0314397       3513.5985                           3085.2823                 23.433267                 396.10607                      8.7769249
              2       1750.5241     0.051370745       5.0308258    0.0099089729       3514.3684      -6.6601069       -8.6915466         2.0314397       3514.3684                           3086.0474                 23.433505                 396.10607                      8.7814037
              1        1750.461     0.052478949       5.0353847    0.0089951229       3514.2423      -6.6601069       -8.6915466         2.0314397       3514.2423                            3085.922                 23.433473                 396.10607                      8.7807561
              1       1750.5026     0.049490375       5.2121871    0.0089753203       3514.3255      -6.6601069       -8.6915466         2.0314397       3514.3255                           3086.0056                 23.433457                 396.10607                      8.7803847
              3       1750.2849     0.053219059       5.2538207    0.0093638081       3513.8901      -6.6601069       -8.6915466         2.0314397       3513.8901                           3085.5728                 23.433327                 396.10607                      8.7778711
              2       1750.2658     0.053462784       5.2675969    0.0097539928       3513.8519      -6.6601069       -8.6915466         2.0314397       3513.8519                           3085.5349                 23.433312                 396.10607                      8.7775877
              4       1750.2639     0.054589246       5.1790879    0.0095021926       3513.8481      -6.6601069       -8.6915466         2.0314397       3513.8481                           3085.5306                 23.433333                 396.10607                      8.7780222
              7       1750.2454     0.057588138       4.9866471    0.0089028883        3513.811      -6.6601069       -8.6915466         2.0314397        3513.811                           3085.4928                 23.433368                 396.10607                      8.7787634
              1       1749.7497     0.074513826       5.1497794    0.0034145648       3512.8197      -6.6601069       -8.6915466         2.0314397       3512.8197                           3084.5098                   23.4328                 396.10607                      8.7709786
              8       1749.7595     0.073298778       5.1574224      0.00318505       3512.8393      -6.6601069       -8.6915466         2.0314397       3512.8393                           3084.5292                 23.432827                 396.10607                      8.7712028
              2       1749.7875     0.071488618       5.0681916    0.0051005275       3512.8952      -6.6601069       -8.6915466         2.0314397       3512.8952                           3084.5836                 23.432946                 396.10607                      8.7725771
              6       1750.0186     0.064016011       4.9430695    0.0038965636       3513.3575      -6.6601069       -8.6915466         2.0314397       3513.3575                           3085.0417                 23.433231                 396.10607                      8.7764855
              1       1749.8246     0.067843287       5.2378594    0.0072570568       3512.9695      -6.6601069       -8.6915466         2.0314397       3512.9695                           3084.6585                 23.432919                 396.10607                      8.7719428
              2       1749.8433     0.067078896       5.2057228    0.0086209107       3513.0069      -6.6601069       -8.6915466         2.0314397       3513.0069                           3084.6953                 23.432964                 396.10607                      8.7725232
              2       1749.8944     0.064788351       5.2024105    0.0084982554        3513.109      -6.6601069       -8.6915466         2.0314397        3513.109                           3084.7965                 23.433031                 396.10607                      8.7733504
              1       1749.9334     0.063080855       5.2198775    0.0080149151       3513.1871      -6.6601069       -8.6915466         2.0314397       3513.1871                           3084.8741                 23.433067                 396.10607                      8.7737974
             12       1750.0057     0.060502401       5.2330962    0.0086286704       3513.3315      -6.6601069       -8.6915466         2.0314397       3513.3315                           3085.0177                 23.433132                 396.10607                      8.7746862
              5       1749.7551     0.073938791       5.1705169     0.008932966       3512.8305      -6.6601069       -8.6915466         2.0314397       3512.8305                           3084.5207                 23.432799                 396.10607                      8.7709194
              7       1749.8216     0.069769579       5.0514548    0.0083500148       3512.9635      -6.6601069       -8.6915466         2.0314397       3512.9635                           3084.6512                 23.433005                 396.10607                      8.7732689
              2       1749.9699     0.062672317       5.1491186    0.0075395882       3513.2601      -6.6601069       -8.6915466         2.0314397       3513.2601                           3084.9461                 23.433127                 396.10607                      8.7747316
              2        1750.586     0.050338387       5.0253259    0.0060786743       3514.4922      -6.6601069       -8.6915466         2.0314397       3514.4922                           3086.1705                 23.433535                 396.10607                      8.7820348
              2       1750.4352     0.053227717       5.0163434    0.0075516378       3514.1907      -6.6601069       -8.6915466         2.0314397       3514.1907                           3085.8706                 23.433464                 396.10607                      8.7805802
              2       1749.8867     0.070023955       4.8351322    0.0053179548       3513.0935      -6.6601069       -8.6915466         2.0314397       3513.0935                           3084.7788                 23.433156                 396.10607                      8.7754841
              4       1750.1913      0.06241263       4.7577075    0.0055045387       3513.7029      -6.6601069       -8.6915466         2.0314397       3513.7029                           3085.3842                  23.43339                 396.10607                      8.7792418
              3       1750.8763     0.052870331       4.5165331    0.0038389566       3515.0728      -6.6601069       -8.6915466         2.0314397       3515.0728                           3086.7465                 23.433739                 396.10607                      8.7865241
              1       1750.7388     0.055103718        4.527713    0.0044100319       3514.7978      -6.6601069       -8.6915466         2.0314397       3514.7978                           3086.4728                 23.433686                 396.10607                      8.7852752
              2       1750.7421     0.055121806       4.5232495    0.0045414406       3514.8043      -6.6601069       -8.6915466         2.0314397       3514.8043                           3086.4792                 23.433688                 396.10607                      8.7853183
              2       1750.0288      0.06878782       4.6414898    0.0050446114       3513.3779      -6.6601069       -8.6915466         2.0314397       3513.3779                           3085.0604                 23.433319                 396.10607                       8.778065
              5       1750.0311     0.068506676       4.6529892    0.0052058333       3513.3825      -6.6601069       -8.6915466         2.0314397       3513.3825                           3085.0651                 23.433318                 396.10607                      8.7780376
              6       1750.1856     0.064654417         4.63822    0.0032247269       3513.6914      -6.6601069       -8.6915466         2.0314397       3513.6914                           3085.3722                 23.433414                 396.10607                      8.7796928
              2       1749.9102     0.065437915       5.0957678    0.0044528836       3513.1406      -6.6601069       -8.6915466         2.0314397       3513.1406                           3084.8271                 23.433089                 396.10607                      8.7742649
              5       1750.4593     0.050903292       5.1607603    0.0041172538       3514.2388      -6.6601069       -8.6915466         2.0314397       3514.2388                           3085.9191                 23.433446                 396.10607                      8.7801763
              4       1750.4209     0.050959514       5.2152846    0.0049343742       3514.1621      -6.6601069       -8.6915466         2.0314397       3514.1621                           3085.8431                 23.433414                 396.10607                       8.779523
              2       1750.4403     0.052561475       5.0589235    0.0056038604       3514.2007      -6.6601069       -8.6915466         2.0314397       3514.2007                           3085.8808                 23.433458                 396.10607                       8.780443
              6       1749.9226     0.066102355       5.0115445    0.0067518769       3513.1655      -6.6601069       -8.6915466         2.0314397       3513.1655                           3084.8513                  23.43313                 396.10607                       8.774938
              9       1750.1052     0.060880412       4.9932137    0.0068376328       3513.5307      -6.6601069       -8.6915466         2.0314397       3513.5307                           3085.2141                 23.433279                 396.10607                      8.7772117
              4       1749.9219     0.066229458       5.0043241     0.004998342        3513.164      -6.6601069       -8.6915466         2.0314397        3513.164                           3084.8498                 23.433132                 396.10607                      8.7749704
              3       1749.8553     0.070211758       4.9025057    0.0050961049       3513.0309      -6.6601069       -8.6915466         2.0314397       3513.0309                            3084.717                 23.433103                 396.10607                      8.7746975
              1       1749.8063     0.070442209       5.0634319     0.004680033       3512.9327      -6.6601069       -8.6915466         2.0314397       3512.9327                           3084.6208                 23.432978                 396.10607                       8.772937
              1        1749.797     0.070297476       5.1387516    0.0044796428       3512.9143      -6.6601069       -8.6915466         2.0314397       3512.9143                           3084.6031                 23.432925                 396.10607                      8.7722096
              4       1749.7916     0.070483916        5.164736    0.0052049121       3512.9034      -6.6601069       -8.6915466         2.0314397       3512.9034                           3084.5925                   23.4329                 396.10607                      8.7718922
              5       1750.5376     0.049433472       5.1650189    0.0091118604       3514.3954      -6.6601069       -8.6915466         2.0314397       3514.3954                           3086.0749                 23.433485                 396.10607                      8.7809545
              3       1749.9949      0.06499694       4.9251644    0.0034671307         3513.31      -6.6601069       -8.6915466         2.0314397         3513.31                           3084.9944                 23.433218                 396.10607                      8.7763031
              1       1750.9138     0.049675916       4.6790901    0.0094346776       3515.1478      -6.6601069       -8.6915466         2.0314397       3515.1478                           3086.8217                 23.433729                 396.10607                      8.7863479
              2       1750.8249     0.049199783       4.8120348    0.0099845446       3514.9699      -6.6601069       -8.6915466         2.0314397       3514.9699                           3086.6451                 23.433674                 396.10607                      8.7851006
              3       1750.2992     0.061638346        4.656872    0.0035637148       3513.9185      -6.6601069       -8.6915466         2.0314397       3513.9185                           3085.5983                  23.43347                 396.10607                      8.7807385
              1        1750.513     0.055475736       4.7600959    0.0085158182       3514.3462      -6.6601069       -8.6915466         2.0314397       3514.3462                           3086.0241                 23.433552                 396.10607                        8.78239
              2       1750.8917     0.050459824       4.6510639    0.0081850629       3515.1036      -6.6601069       -8.6915466         2.0314397       3515.1036                           3086.7776                 23.433725                 396.10607                      8.7862412
             10       1750.7427     0.052416537       4.6876377    0.0093321433       3514.8057      -6.6601069       -8.6915466         2.0314397       3514.8057                           3086.4812                 23.433662                 396.10607                      8.7847817
              1       1750.6813     0.053265897       4.7025179    0.0073793457       3514.6828      -6.6601069       -8.6915466         2.0314397       3514.6828                           3086.3589                 23.433635                 396.10607                      8.7841703
              5       1750.7148     0.053693709       4.6379759    0.0071957525       3514.7498      -6.6601069       -8.6915466         2.0314397       3514.7498                           3086.4254                 23.433659                 396.10607                      8.7846977
             14       1749.8939     0.063915612       5.2881238    0.0083875318       3513.1079      -6.6601069       -8.6915466         2.0314397       3513.1079                           3084.7961                 23.432995                 396.10607                      8.7727468
             11       1750.3802     0.056520743       4.8630525    0.0095345425       3514.0807      -6.6601069       -8.6915466         2.0314397       3514.0807                           3085.7604                 23.433468                 396.10607                      8.7806904
              1       1750.2214     0.057579179       5.0257639    0.0073364994        3513.763      -6.6601069       -8.6915466         2.0314397        3513.763                           3085.4452                 23.433344                 396.10607                      8.7783211
              4         1750.13     0.064415601       4.7302975    0.0056266988       3513.5802      -6.6601069       -8.6915466         2.0314397       3513.5802                            3085.262                  23.43336                 396.10607                      8.7787304
              3       1750.0568      0.06901729       4.5874046    0.0058347806       3513.4338      -6.6601069       -8.6915466         2.0314397       3513.4338                           3085.1158                  23.43335                 396.10607                       8.778596
              3        1750.131     0.067978817       4.5371341    0.0064621081       3513.5822      -6.6601069       -8.6915466         2.0314397       3513.5822                           3085.2632                 23.433405                 396.10607                      8.7795611
              4       1750.1257     0.067454189        4.570899    0.0062178723       3513.5717      -6.6601069       -8.6915466         2.0314397       3513.5717                           3085.2529                 23.433395                 396.10607                      8.7793704
              2       1750.3084      0.06392877       4.5216787    0.0066435581        3513.937      -6.6601069       -8.6915466         2.0314397        3513.937                            3085.616                 23.433502                 396.10607                      8.7813481
              4       1750.4395     0.057265422       4.7385487    0.0056555293       3514.1993      -6.6601069       -8.6915466         2.0314397       3514.1993                           3085.8779                 23.433522                 396.10607                      8.7817731
              4        1750.472     0.056792579       4.7277079    0.0040833357       3514.2641      -6.6601069       -8.6915466         2.0314397       3514.2641                           3085.9424                 23.433539                 396.10607                      8.7821244
              2       1750.1123     0.065681953       4.6847505    0.0034110903       3513.5448      -6.6601069       -8.6915466         2.0314397       3513.5448                           3085.2266                 23.433361                 396.10607                       8.778748
              9       1750.1098      0.06570659       4.6870714    0.0034905898       3513.5398      -6.6601069       -8.6915466         2.0314397       3513.5398                           3085.2217                 23.433359                 396.10607                      8.7787118
              3       1749.7569     0.073785766       5.1804016     0.007974316        3512.834      -6.6601069       -8.6915466         2.0314397        3512.834                           3084.5243                 23.432795                 396.10607                      8.7708626
              5       1749.8357     0.068005646       5.1500076     0.003081129       3512.9917      -6.6601069       -8.6915466         2.0314397       3512.9917                           3084.6798                  23.43298                 396.10607                      8.7728031
              4       1750.3463     0.054074845       5.0847287    0.0087065702       3514.0128      -6.6601069       -8.6915466         2.0314397       3514.0128                            3085.694                 23.433403                 396.10607                      8.7793601
              1       1750.3139     0.055743782       5.0113889    0.0073836923       3513.9481      -6.6601069       -8.6915466         2.0314397       3513.9481                           3085.6292                 23.433401                 396.10607                      8.7793648
              1       1750.2982     0.054371189       5.1385016    0.0067493915       3513.9167      -6.6601069       -8.6915466         2.0314397       3513.9167                           3085.5987                 23.433363                 396.10607                      8.7785954
              1       1749.8659     0.065763631       5.2279653    0.0072920394        3513.052      -6.6601069       -8.6915466         2.0314397        3513.052                           3084.7402                 23.432985                 396.10607                      8.7727325
              1       1749.8146     0.069431876        5.118922    0.0080018373       3512.9493      -6.6601069       -8.6915466         2.0314397       3512.9493                           3084.6376                 23.432964                 396.10607                      8.7726741
              1       1750.6534       0.0528161       4.7641841    0.0083561846        3514.627      -6.6601069       -8.6915466         2.0314397        3514.627                           3086.3036                 23.433613                 396.10607                      8.7836923
              1        1750.627     0.055276443       4.6388416    0.0061090384       3514.5742      -6.6601069       -8.6915466         2.0314397       3514.5742                           3086.2506                 23.433623                 396.10607                      8.7838951
              2       1750.5414     0.056683068       4.6518328    0.0067343957       3514.4029      -6.6601069       -8.6915466         2.0314397       3514.4029                           3086.0802                 23.433584                 396.10607                      8.7830592
              1       1750.4003     0.061975332       4.5168013    0.0061629332       3514.1208      -6.6601069       -8.6915466         2.0314397       3514.1208                            3085.799                 23.433546                 396.10607                      8.7822319
              1       1750.2898     0.060231957       4.7512515    0.0068930231       3513.8997      -6.6601069       -8.6915466         2.0314397       3513.8997                             3085.58                 23.433445                 396.10607                      8.7802613
              3       1749.9115     0.071103656        4.717872    0.0092067916       3513.1431      -6.6601069       -8.6915466         2.0314397       3513.1431                           3084.8274                 23.433214                 396.10607                      8.7763998
              9        1750.102     0.066752782       4.6410627     0.007685391       3513.5243      -6.6601069       -8.6915466         2.0314397       3513.5243                            3085.206                 23.433365                 396.10607                      8.7788323
              4       1750.0619     0.065247149       4.7880734    0.0079584262       3513.4441      -6.6601069       -8.6915466         2.0314397       3513.4441                            3085.127                 23.433303                 396.10607                      8.7777432
              6        1750.038     0.064292685       4.8884338    0.0085875955       3513.3962      -6.6601069       -8.6915466         2.0314397       3513.3962                           3085.0799                  23.43326                 396.10607                      8.7769879
              1       1749.9765     0.067716727       4.7903209    0.0087589218       3513.2733      -6.6601069       -8.6915466         2.0314397       3513.2733                           3084.9572                 23.433243                 396.10607                      8.7767851
              1       1749.9011     0.064985616       5.1611956    0.0095423602       3513.1225      -6.6601069       -8.6915466         2.0314397       3513.1225                           3084.8096                 23.433055                 396.10607                      8.7737223
              3       1750.2999     0.054071227        5.159219    0.0069505885         3513.92      -6.6601069       -8.6915466         2.0314397         3513.92                            3085.602                 23.433359                 396.10607                      8.7785113
              2       1750.2284     0.054154178       5.2786282    0.0053534145       3513.7771      -6.6601069       -8.6915466         2.0314397       3513.7771                           3085.4606                 23.433285                 396.10607                      8.7771085
              2       1750.1921     0.056174453       5.1817593    0.0064115314       3513.7045      -6.6601069       -8.6915466         2.0314397       3513.7045                           3085.3879                 23.433287                 396.10607                      8.7772119
              3       1750.3275     0.052941966       5.2036196    0.0069279672       3513.9752      -6.6601069       -8.6915466         2.0314397       3513.9752                           3085.6572                 23.433365                 396.10607                      8.7785888
              1       1750.2888     0.060779146       4.7200095    0.0043880969       3513.8977      -6.6601069       -8.6915466         2.0314397       3513.8977                           3085.5778                 23.433451                 396.10607                      8.7803808
              7       1750.4108     0.058801984       4.6812576    0.0048858286       3514.1419      -6.6601069       -8.6915466         2.0314397       3514.1419                           3085.8206                  23.43352                 396.10607                      8.7817205
              2       1750.5043     0.058671967       4.5787653    0.0067133215       3514.3288      -6.6601069       -8.6915466         2.0314397       3514.3288                           3086.0062                 23.433581                 396.10607                      8.7829774
              2        1750.464     0.058582297        4.630362    0.0057412811       3514.2482      -6.6601069       -8.6915466         2.0314397       3514.2482                           3085.9261                 23.433554                 396.10607                      8.7824153
              2       1750.6137     0.056707528       4.5690485    0.0054017887       3514.5476      -6.6601069       -8.6915466         2.0314397       3514.5476                           3086.2239                 23.433629                 396.10607                      8.7840139
              2       1750.4293     0.059069347       4.6432986    0.0099993811       3514.1788      -6.6601069       -8.6915466         2.0314397       3514.1788                           3085.8572                 23.433536                 396.10607                      8.7820399
              1       1749.9059     0.071304626       4.7174447    0.0049139942        3513.132      -6.6601069       -8.6915466         2.0314397        3513.132                           3084.8164                 23.433209                 396.10607                      8.7763371
              4       1749.8142     0.073273529       4.8154412    0.0055197426       3512.9485      -6.6601069       -8.6915466         2.0314397       3512.9485                           3084.6347                 23.433092                 396.10607                      8.7746566
              8       1750.2447     0.062297019       4.6904254    0.0066213195       3513.8097      -6.6601069       -8.6915466         2.0314397       3513.8097                           3085.4901                 23.433434                 396.10607                      8.7800666
              1        1750.161     0.062828775       4.7773583    0.0087394332       3513.6421      -6.6601069       -8.6915466         2.0314397       3513.6421                           3085.3239                 23.433368                 396.10607                      8.7788425
              2       1750.0778     0.064751826       4.7916853    0.0086373018       3513.4758      -6.6601069       -8.6915466         2.0314397       3513.4758                           3085.1585                 23.433313                 396.10607                      8.7778976
              2       1750.1295     0.062445313       4.8494074    0.0077206703       3513.5791      -6.6601069       -8.6915466         2.0314397       3513.5791                           3085.2615                 23.433331                 396.10607                      8.7781798
              1         1749.76     0.074188865       4.9666979    0.0047062413       3512.8402      -6.6601069       -8.6915466         2.0314397       3512.8402                           3084.5283                 23.432954                 396.10607                      8.7728414
              5       1749.7717     0.072078021       5.1598161    0.0051512131       3512.8636      -6.6601069       -8.6915466         2.0314397       3512.8636                           3084.5532                 23.432859                 396.10607                      8.7714972
              2       1749.7688     0.072397104       5.2017652     0.005392089       3512.8577      -6.6601069       -8.6915466         2.0314397       3512.8577                           3084.5478                 23.432817                 396.10607                      8.7710035
              1       1750.0534     0.059459281       5.2030177    0.0074747087        3513.427      -6.6601069       -8.6915466         2.0314397        3513.427                           3085.1123                 23.433181                 396.10607                      8.7754666
              7       1749.9596      0.06231466       5.2063435    0.0068991364       3513.2395      -6.6601069       -8.6915466         2.0314397       3513.2395                           3084.9261                 23.433098                 396.10607                      8.7742439
             10       1750.0409     0.060406435       5.1562832    0.0076878927        3513.402      -6.6601069       -8.6915466         2.0314397        3513.402                           3085.0871                 23.433185                 396.10607                      8.7755821
              5       1750.3989     0.051323413       5.2201183    0.0038767231        3514.118      -6.6601069       -8.6915466         2.0314397        3514.118                           3085.7992                 23.433401                 396.10607                       8.779268
              2       1750.1751     0.060250309       4.9174102    0.0066843313       3513.6704      -6.6601069       -8.6915466         2.0314397       3513.6704                           3085.3527                 23.433343                 396.10607                      8.7783459
              1       1749.9985     0.061299849       5.1858122    0.0071627204       3513.3172      -6.6601069       -8.6915466         2.0314397       3513.3172                           3085.0031                 23.433141                 396.10607                      8.7748798
              5       1750.2433     0.054022362       5.2618576     0.003325513       3513.8069      -6.6601069       -8.6915466         2.0314397       3513.8069                           3085.4902                 23.433299                 396.10607                      8.7773659
              1       1750.3857     0.054441263       4.9988801    0.0083369832       3514.0916      -6.6601069       -8.6915466         2.0314397       3514.0916                           3085.7719                 23.433443                 396.10607                      8.7801572
              2       1750.4062     0.053695611       5.0235191    0.0084686685       3514.1327      -6.6601069       -8.6915466         2.0314397       3514.1327                           3085.8129                 23.433448                 396.10607                      8.7802558
              4        1750.498     0.055601047       4.7705668    0.0066465801       3514.3161      -6.6601069       -8.6915466         2.0314397       3514.3161                           3085.9943                 23.433543                 396.10607                      8.7822069
              3       1750.3549     0.054073723       5.0715846    0.0060292499       3514.0301      -6.6601069       -8.6915466         2.0314397       3514.0301                           3085.7111                  23.43341                 396.10607                      8.7795115
              4       1750.3828     0.052630811       5.1397385    0.0057853602       3514.0857      -6.6601069       -8.6915466         2.0314397       3514.0857                           3085.7668                  23.43341                 396.10607                      8.7794822
              2       1750.2108     0.055412305       5.2080274    0.0044622782       3513.7418      -6.6601069       -8.6915466         2.0314397       3513.7418                           3085.4251                 23.433292                 396.10607                      8.7772842
              1       1750.3246     0.052358239       5.2566788    0.0037180195       3513.9695      -6.6601069       -8.6915466         2.0314397       3513.9695                           3085.6518                  23.43335                 396.10607                       8.778292
              5       1750.7501     0.048292931       4.9695727    0.0031683536       3514.8204      -6.6601069       -8.6915466         2.0314397       3514.8204                           3086.4969                 23.433618                 396.10607                      8.7838308
              1       1750.2971     0.057081024       4.9428966     0.005560992       3513.9145      -6.6601069       -8.6915466         2.0314397       3513.9145                           3085.5955                 23.433407                 396.10607                      8.7795039
              2       1750.4508     0.054324734       4.9163252     0.006222852       3514.2219      -6.6601069       -8.6915466         2.0314397       3514.2219                           3085.9011                 23.433493                 396.10607                      8.7811643
              3       1750.4551     0.054238521        4.916521    0.0062139295       3514.2305      -6.6601069       -8.6915466         2.0314397       3514.2305                           3085.9097                 23.433495                 396.10607                      8.7812055
              3       1750.5025     0.053649615       4.8946327    0.0066718918       3514.3252      -6.6601069       -8.6915466         2.0314397       3514.3252                           3086.0038                 23.433522                 396.10607                      8.7817588
              2       1750.6276     0.057045786        4.534629    0.0079533952       3514.5755      -6.6601069       -8.6915466         2.0314397       3514.5755                           3086.2515                 23.433641                 396.10607                      8.7842557
              4       1750.0923     0.065009792        4.753337    0.0044856233       3513.5048      -6.6601069       -8.6915466         2.0314397       3513.5048                           3085.1872                 23.433332                 396.10607                      8.7782303
              5       1750.0851     0.065816167       4.7181354    0.0043216675       3513.4904      -6.6601069       -8.6915466         2.0314397       3513.4904                           3085.1727                 23.433336                 396.10607                      8.7783145
              2       1750.6255     0.055565481       4.6230533    0.0041399884       3514.5713      -6.6601069       -8.6915466         2.0314397       3514.5713                           3086.2477                 23.433625                 396.10607                      8.7839369
              4       1750.6651     0.048651058       5.0512291    0.0081283035       3514.6505      -6.6601069       -8.6915466         2.0314397       3514.6505                           3086.3282                 23.433566                 396.10607                      8.7826981
              2        1750.809     0.046148861        5.066261    0.0086857275       3514.9382      -6.6601069       -8.6915466         2.0314397       3514.9382                           3086.6145                 23.433625                 396.10607                      8.7840161
              2       1750.8121     0.045852118       5.0870656    0.0085825546       3514.9445      -6.6601069       -8.6915466         2.0314397       3514.9445                           3086.6208                 23.433623                 396.10607                      8.7839648
              3       1750.8452      0.04541105       5.0814189      0.00876716       3515.0107      -6.6601069       -8.6915466         2.0314397       3515.0107                           3086.6867                 23.433638                 396.10607                      8.7843006
              5       1750.2586     0.056800146        5.021405     0.009945831       3513.8375      -6.6601069       -8.6915466         2.0314397       3513.8375                           3085.5193                 23.433368                 396.10607                      8.7787388
              1       1750.2616     0.055966719       5.0774202    0.0094906555       3513.8433      -6.6601069       -8.6915466         2.0314397       3513.8433                           3085.5254                 23.433356                 396.10607                      8.7785007
              9       1750.7678     0.047513179       5.0082379    0.0095454665       3514.8558      -6.6601069       -8.6915466         2.0314397       3514.8558                           3086.5323                 23.433618                 396.10607                      8.7838496
              1       1750.7467     0.047648366       5.0244649    0.0095429657       3514.8136      -6.6601069       -8.6915466         2.0314397       3514.8136                           3086.4904                 23.433607                 396.10607                      8.7835867
              3       1750.7651     0.047421198       5.0189731    0.0089205292       3514.8505      -6.6601069       -8.6915466         2.0314397       3514.8505                            3086.527                 23.433615                 396.10607                      8.7837831
              1       1750.4344     0.051000851       5.1908449    0.0058295822        3514.189      -6.6601069       -8.6915466         2.0314397        3514.189                           3085.8697                 23.433427                 396.10607                      8.7797789
              8       1750.8261     0.046143774       5.0447576    0.0043659862       3514.9724      -6.6601069       -8.6915466         2.0314397       3514.9724                           3086.6484                 23.433636                 396.10607                      8.7842605
              1       1750.8435     0.046178111       5.0199114    0.0042687759       3515.0072      -6.6601069       -8.6915466         2.0314397       3515.0072                           3086.6829                 23.433647                 396.10607                      8.7845181
              1       1750.8482     0.046002802       5.0282902     0.004345002       3515.0166      -6.6601069       -8.6915466         2.0314397       3515.0166                           3086.6924                 23.433648                 396.10607                      8.7845308
              1       1750.0612      0.06196263       5.0000355    0.0069932623       3513.4427      -6.6601069       -8.6915466         2.0314397       3513.4427                           3085.1267                 23.433246                 396.10607                      8.7766782
              1       1750.0612     0.061962939       5.0000526    0.0069931457       3513.4427      -6.6601069       -8.6915466         2.0314397       3513.4427                           3085.1267                 23.433246                 396.10607                      8.7766779
              1       1750.0128     0.062761064       5.0417876    0.0096276131       3513.3457      -6.6601069       -8.6915466         2.0314397       3513.3457                           3085.0306                 23.433197                 396.10607                      8.7758849
              4       1750.0709     0.062266536       4.9611207    0.0096839482       3513.4621      -6.6601069       -8.6915466         2.0314397       3513.4621                           3085.1457                 23.433264                 396.10607                      8.7769902
              4       1750.3212     0.058596645       4.8094352    0.0083039191       3513.9625      -6.6601069       -8.6915466         2.0314397       3513.9625                           3085.6427                 23.433449                 396.10607                        8.78033
              4       1750.2578     0.059671042       4.8300886    0.0063603241       3513.8358      -6.6601069       -8.6915466         2.0314397       3513.8358                           3085.5167                 23.433411                 396.10607                      8.7796031
              6       1750.8032     0.045448906       5.1332328    0.0084660797       3514.9266      -6.6601069       -8.6915466         2.0314397       3514.9266                           3086.6032                 23.433611                 396.10607                      8.7836971
             14       1750.7154     0.047561752       5.0723377     0.008189754       3514.7509      -6.6601069       -8.6915466         2.0314397       3514.7509                           3086.4282                 23.433584                 396.10607                      8.7830971
              5       1750.6237      0.04919136       5.0639354    0.0093402196       3514.5675      -6.6601069       -8.6915466         2.0314397       3514.5675                           3086.2457                 23.433545                 396.10607                      8.7822427
              2       1750.6775     0.052865175       4.7328049    0.0071482659       3514.6752      -6.6601069       -8.6915466         2.0314397       3514.6752                           3086.3515                 23.433628                 396.10607                      8.7840277
             21       1750.6704     0.056768845       4.5047324    0.0098850871        3514.661      -6.6601069       -8.6915466         2.0314397        3514.661                           3086.3365                 23.433663                 396.10607                      8.7847382
              2       1749.9844     0.061300509       5.2226034    0.0033149858        3513.289      -6.6601069       -8.6915466         2.0314397        3513.289                           3084.9753                 23.433116                 396.10607                      8.7744723
              2       1749.7622     0.073001662        5.136016    0.0046095088       3512.8446      -6.6601069       -8.6915466         2.0314397       3512.8446                           3084.5342                 23.432853                 396.10607                      8.7714865
              1        1749.779     0.071478497       5.2604035    0.0060306272       3512.8783      -6.6601069       -8.6915466         2.0314397       3512.8783                           3084.5688                 23.432797                 396.10607                      8.7706714
              2       1750.2681     0.062514342       4.6475145    0.0072754159       3513.8563      -6.6601069       -8.6915466         2.0314397       3513.8563                           3085.5363                 23.433456                 396.10607                      8.7804721
              3         1750.22     0.062563824       4.7086746    0.0092691245       3513.7601      -6.6601069       -8.6915466         2.0314397       3513.7601                           3085.4409                 23.433417                 396.10607                      8.7797427
             13       1750.3705     0.056644982       4.8681174    0.0084385239       3514.0612      -6.6601069       -8.6915466         2.0314397       3514.0612                            3085.741                 23.433462                 396.10607                      8.7805719
              1       1750.6636     0.054989964       4.6153844    0.0065643325       3514.6473      -6.6601069       -8.6915466         2.0314397       3514.6473                           3086.3233                 23.433642                 396.10607                      8.7843096
              2       1751.0997     0.048927039       4.5331948    0.0083081629       3515.5197      -6.6601069       -8.6915466         2.0314397       3515.5197                           3087.1914                 23.433815                 396.10607                      8.7884158
              4       1749.7642     0.073037578       5.0760857    0.0099307527       3512.8487      -6.6601069       -8.6915466         2.0314397       3512.8487                           3084.5376                 23.432899                 396.10607                      8.7720654
             11       1749.7533      0.07403707       5.0537176    0.0097287884       3512.8269      -6.6601069       -8.6915466         2.0314397       3512.8269                           3084.5159                  23.43289                 396.10607                       8.772021
              3       1749.8081     0.071100292        4.995636    0.0079405475       3512.9365      -6.6601069       -8.6915466         2.0314397       3512.9365                            3084.624                 23.433012                 396.10607                      8.7734369
              3       1750.0184     0.061378962       5.1318795    0.0077779486       3513.3571      -6.6601069       -8.6915466         2.0314397       3513.3571                           3085.0424                 23.433175                 396.10607                       8.775446
              2       1750.0125     0.061481963       5.1375487     0.007763333       3513.3453      -6.6601069       -8.6915466         2.0314397       3513.3453                           3085.0307                 23.433168                 396.10607                      8.7753404
              4       1749.9263      0.06604526       5.0062732     0.006062356       3513.1729      -6.6601069       -8.6915466         2.0314397       3513.1729                           3084.8587                 23.433135                 396.10607                      8.7750163
              1       1749.8658     0.068537388       4.9913729    0.0077797147       3513.0518      -6.6601069       -8.6915466         2.0314397       3513.0518                           3084.7383                 23.433081                 396.10607                      8.7743032
              3       1749.8552     0.073112808       4.7209369    0.0069332611       3513.0306      -6.6601069       -8.6915466         2.0314397       3513.0306                           3084.7157                 23.433165                 396.10607                      8.7757121
              1       1749.9722     0.061045193       5.2791851     0.008705358       3513.2647      -6.6601069       -8.6915466         2.0314397       3513.2647                           3084.9516                 23.433085                 396.10607                      8.7739524
             16       1749.9566     0.061490073       5.2876091    0.0086443196       3513.2334      -6.6601069       -8.6915466         2.0314397       3513.2334                           3084.9206                 23.433066                 396.10607                      8.7736804
              3       1749.9347     0.065262156        5.041999    0.0069622478       3513.1896      -6.6601069       -8.6915466         2.0314397       3513.1896                           3084.8755                 23.433131                 396.10607                      8.7749147
              2       1749.9775     0.063858408       5.0408031    0.0066729963       3513.2753      -6.6601069       -8.6915466         2.0314397       3513.2753                           3084.9606                 23.433169                 396.10607                      8.7754612
              2       1749.7816     0.073375484       4.9232636    0.0035102544       3512.8834      -6.6601069       -8.6915466         2.0314397       3512.8834                           3084.5708                 23.433008                 396.10607                      8.7735082
              1       1749.8453     0.069672106        4.971097     0.004466588       3513.0108      -6.6601069       -8.6915466         2.0314397       3513.0108                           3084.6975                 23.433067                 396.10607                      8.7741439
             10       1749.7573     0.074063307       5.2021376    0.0050086714       3512.8347      -6.6601069       -8.6915466         2.0314397       3512.8347                           3084.5253                  23.43277                 396.10607                      8.7705915
              5       1749.7682     0.072582971       5.2209083    0.0032833872       3512.8566      -6.6601069       -8.6915466         2.0314397       3512.8566                            3084.547                 23.432797                 396.10607                      8.7707714
              8       1750.2054     0.058380812       4.9952326    0.0037703468       3513.7311      -6.6601069       -8.6915466         2.0314397       3513.7311                           3085.4134                 23.433342                 396.10607                      8.7782976
              1       1749.9269     0.063850089       5.1744825    0.0066496006        3513.174      -6.6601069       -8.6915466         2.0314397        3513.174                           3084.8609                 23.433077                 396.10607                       8.773999
             10       1749.8842     0.066397169       5.0996443    0.0066469205       3513.0887      -6.6601069       -8.6915466         2.0314397       3513.0887                           3084.7757                  23.43306                 396.10607                      8.7738801
             11       1749.9367     0.065723206       5.0037201    0.0055592394       3513.1935      -6.6601069       -8.6915466         2.0314397       3513.1935                           3084.8791                 23.433146                 396.10607                      8.7751621
              1       1750.1635     0.057703095        5.116615    0.0064502856       3513.6472      -6.6601069       -8.6915466         2.0314397       3513.6472                           3085.3306                 23.433285                 396.10607                      8.7772298
              3       1750.2985     0.059247091       4.7996924    0.0053504797       3513.9172      -6.6601069       -8.6915466         2.0314397       3513.9172                           3085.5975                 23.433439                 396.10607                      8.7801449
              1       1750.1917     0.065483613       4.5855556    0.0084423465       3513.7037      -6.6601069       -8.6915466         2.0314397       3513.7037                           3085.3842                 23.433428                 396.10607                      8.7799698
              4       1750.5948     0.058283898       4.5009256    0.0087670852       3514.5098      -6.6601069       -8.6915466         2.0314397       3514.5098                            3086.186                 23.433633                 396.10607                      8.7840706
              3       1750.7523     0.055143977       4.5112357    0.0085347112       3514.8249      -6.6601069       -8.6915466         2.0314397       3514.8249                           3086.4997                 23.433694                 396.10607                      8.7854477
              2       1750.6783      0.05206632        4.784796    0.0050926887       3514.6769      -6.6601069       -8.6915466         2.0314397       3514.6769                           3086.3534                 23.433619                 396.10607                      8.7838488
              2       1750.5507     0.050180087       5.0860126    0.0060038882       3514.4216      -6.6601069       -8.6915466         2.0314397       3514.4216                           3086.1006                 23.433507                 396.10607                      8.7814311
              1        1750.505     0.050822056       5.1001636    0.0059185678       3514.3301      -6.6601069       -8.6915466         2.0314397       3514.3301                           3086.0097                 23.433482                 396.10607                      8.7809129
              3       1750.3426     0.052815781       5.1889404    0.0082783593       3514.0054      -6.6601069       -8.6915466         2.0314397       3514.0054                           3085.6872                 23.433377                 396.10607                      8.7788224
              5        1750.361     0.052543256       5.1810603    0.0082009583       3514.0423      -6.6601069       -8.6915466         2.0314397       3514.0423                           3085.7238                 23.433389                 396.10607                      8.7790568
              3        1750.674     0.049011113       5.0112595    0.0035314226       3514.6683      -6.6601069       -8.6915466         2.0314397       3514.6683                           3086.3457                 23.433578                 396.10607                      8.7829444
              3       1750.2974     0.056906889       4.9544369    0.0059803576       3513.9151      -6.6601069       -8.6915466         2.0314397       3513.9151                           3085.5961                 23.433405                 396.10607                      8.7794545
              6        1750.298     0.056907094       4.9535007    0.0059774399       3513.9163      -6.6601069       -8.6915466         2.0314397       3513.9163                           3085.5973                 23.433405                 396.10607                      8.7794652
              2        1750.379     0.055649433       4.9234247    0.0062301508       3514.0782      -6.6601069       -8.6915466         2.0314397       3514.0782                           3085.7582                 23.433455                 396.10607                      8.7804201
              1       1750.4463     0.060071006       4.5668019    0.0035472914       3514.2129      -6.6601069       -8.6915466         2.0314397       3514.2129                           3085.8908                 23.433558                 396.10607                      8.7824816
              1       1750.5644     0.055353263       4.7060421    0.0046633247       3514.4491      -6.6601069       -8.6915466         2.0314397       3514.4491                           3086.1264                 23.433585                 396.10607                      8.7830769
              2       1750.6644     0.053641498       4.6979027    0.0042299701       3514.6489      -6.6601069       -8.6915466         2.0314397       3514.6489                           3086.3252                 23.433628                 396.10607                      8.7840306
              3        1750.624     0.055373058       4.6364082    0.0038833595       3514.5681      -6.6601069       -8.6915466         2.0314397       3514.5681                           3086.2445                 23.433622                 396.10607                      8.7838759
              1       1750.0042     0.062153237       5.1055318     0.008221547       3513.3286      -6.6601069       -8.6915466         2.0314397       3513.3286                           3085.0139                 23.433171                 396.10607                      8.7754215
              4       1749.9921     0.061662493       5.1727923    0.0076124111       3513.3044      -6.6601069       -8.6915466         2.0314397       3513.3044                           3084.9903                 23.433139                 396.10607                      8.7748754
              4        1749.875     0.065524248       5.2107359    0.0092599828       3513.0702      -6.6601069       -8.6915466         2.0314397       3513.0702                           3084.7581                 23.433004                 396.10607                      8.7729993
              9       1749.9855     0.062022612       5.1607404    0.0097983918       3513.2912      -6.6601069       -8.6915466         2.0314397       3513.2912                           3084.9771                 23.433138                 396.10607                       8.774863
              2       1749.8681     0.068278055       5.0037186    0.0093322158       3513.0564      -6.6601069       -8.6915466         2.0314397       3513.0564                            3084.743                 23.433079                 396.10607                      8.7742588
              8       1749.7611     0.074755956       5.2434885    0.0080702431       3512.8424      -6.6601069       -8.6915466         2.0314397       3512.8424                           3084.5336                 23.432716                 396.10607                      8.7700521
              2       1749.7594     0.074573549       5.2319432    0.0081340672       3512.8391      -6.6601069       -8.6915466         2.0314397       3512.8391                           3084.5301                 23.432731                 396.10607                      8.7701978
              2       1749.7701     0.073419758       5.2761534    0.0080947386       3512.8604      -6.6601069       -8.6915466         2.0314397       3512.8604                           3084.5515                 23.432728                 396.10607                      8.7700475
             18       1749.7808     0.071167506       5.2118239    0.0071017937       3512.8819      -6.6601069       -8.6915466         2.0314397       3512.8819                           3084.5717                 23.432844                 396.10607                      8.7712302
              8       1749.7746     0.073126754       5.2977996      0.00822252       3512.8693      -6.6601069       -8.6915466         2.0314397       3512.8693                           3084.5606                 23.432719                 396.10607                       8.769912
              8       1750.3854     0.051279424       5.2456677    0.0083158254       3514.0909      -6.6601069       -8.6915466         2.0314397       3514.0909                           3085.7725                 23.433388                 396.10607                      8.7790005
              6       1750.3166     0.052606569       5.2497206    0.0084804268       3513.9534      -6.6601069       -8.6915466         2.0314397       3513.9534                           3085.6357                 23.433347                 396.10607                      8.7782395
              5       1750.3132     0.052609551       5.2553022     0.008504003       3513.9466      -6.6601069       -8.6915466         2.0314397       3513.9466                            3085.629                 23.433344                 396.10607                      8.7781744
              1       1750.5623      0.04921154       5.1475769    0.0077555812       3514.4449      -6.6601069       -8.6915466         2.0314397       3514.4449                            3086.124                   23.4335                 396.10607                        8.78128
              1       1750.5692     0.049143737       5.1434018    0.0076578733       3514.4585      -6.6601069       -8.6915466         2.0314397       3514.4585                           3086.1376                 23.433504                 396.10607                      8.7813666
              1       1750.5518     0.048948549       5.1847191     0.007538657       3514.4238      -6.6601069       -8.6915466         2.0314397       3514.4238                           3086.1032                 23.433488                 396.10607                      8.7810095
              8       1750.0939     0.058689242       5.1761311    0.0069405347       3513.5081      -6.6601069       -8.6915466         2.0314397       3513.5081                           3085.1927                  23.43322                 396.10607                      8.7761088
              6       1749.9969     0.061647144       5.1621747    0.0070121139       3513.3139      -6.6601069       -8.6915466         2.0314397       3513.3139                           3084.9997                 23.433147                 396.10607                      8.7749996
              1       1749.8279     0.068563356       5.1345694    0.0061258465        3512.976      -6.6601069       -8.6915466         2.0314397        3512.976                           3084.6642                 23.432976                 396.10607                      8.7727848
              9       1749.9401     0.064336814       5.0975184    0.0037698253       3513.2005      -6.6601069       -8.6915466         2.0314397       3513.2005                           3084.8866                 23.433117                 396.10607                      8.7746542
              5       1749.9874     0.060556294       5.2781056    0.0060570558        3513.295      -6.6601069       -8.6915466         2.0314397        3513.295                           3084.9817                   23.4331                 396.10607                      8.7741651
              1       1750.1959     0.055681598       5.2139702     0.006609575       3513.7121      -6.6601069       -8.6915466         2.0314397       3513.7121                           3085.3957                 23.433281                 396.10607                      8.7770846
              5       1749.9167     0.074894364       4.5110036    0.0091389609       3513.1535      -6.6601069       -8.6915466         2.0314397       3513.1535                           3084.8367                 23.433276                 396.10607                      8.7774453
              1       1750.1991     0.061916447       4.7760698    0.0079208428       3513.7185      -6.6601069       -8.6915466         2.0314397       3513.7185                           3085.3998                  23.43339                 396.10607                      8.7792417
              1       1750.5863     0.057856477       4.5336803    0.0065962308       3514.4929      -6.6601069       -8.6915466         2.0314397       3514.4929                           3086.1693                 23.433624                 396.10607                      8.7838848
              1       1750.4541     0.060454213       4.5370147    0.0076196353       3514.2285      -6.6601069       -8.6915466         2.0314397       3514.2285                           3085.9062                 23.433567                 396.10607                      8.7826605
              3       1750.5765     0.055323891       4.6937312    0.0085446099       3514.4732      -6.6601069       -8.6915466         2.0314397       3514.4732                           3086.1503                 23.433592                 396.10607                      8.7832343
              2        1750.691     0.045804824        5.256661    0.0072061115       3514.7022      -6.6601069       -8.6915466         2.0314397       3514.7022                           3086.3805                 23.433539                 396.10607                      8.7820885
              3       1750.6082     0.048865961       5.1111982      0.00881157       3514.5366      -6.6601069       -8.6915466         2.0314397       3514.5366                           3086.2151                 23.433529                 396.10607                      8.7818925
              4       1750.6196     0.049440049       5.0497841    0.0080077927       3514.5594      -6.6601069       -8.6915466         2.0314397       3514.5594                           3086.2375                 23.433546                 396.10607                      8.7822616
              4       1749.8448     0.069381931        4.994766    0.0049317708       3513.0098      -6.6601069       -8.6915466         2.0314397       3513.0098                           3084.6967                 23.433057                 396.10607                      8.7739879
              7       1749.9015     0.068345673        4.908478     0.008615132       3513.1233      -6.6601069       -8.6915466         2.0314397       3513.1233                           3084.8088                 23.433145                 396.10607                      8.7752615
              3       1749.9116      0.06753511       4.9386861    0.0093486436       3513.1434      -6.6601069       -8.6915466         2.0314397       3513.1434                           3084.8289                 23.433145                 396.10607                      8.7752174
             13       1750.1388     0.060129569       4.9857525    0.0033056425       3513.5978      -6.6601069       -8.6915466         2.0314397       3513.5978                           3085.2808                 23.433303                 396.10607                      8.7776211
              2         1750.42      0.05382969       4.9939442    0.0044951705       3514.1603      -6.6601069       -8.6915466         2.0314397       3514.1603                           3085.8402                 23.433461                 396.10607                      8.7805257
              4       1750.0313     0.063199142       4.9732455    0.0038960329       3513.3828      -6.6601069       -8.6915466         2.0314397       3513.3828                            3085.067                 23.433232                 396.10607                      8.7764732
              1       1750.0454     0.060154208       5.1659054    0.0038759854        3513.411      -6.6601069       -8.6915466         2.0314397        3513.411                           3085.0961                 23.433186                 396.10607                       8.775582
              2       1750.1393     0.057981815       5.1405595    0.0036151627       3513.5988      -6.6601069       -8.6915466         2.0314397       3513.5988                           3085.2827                 23.433262                 396.10607                      8.7768303
              6       1750.3084     0.052880165       5.2411052    0.0038817776       3513.9369      -6.6601069       -8.6915466         2.0314397       3513.9369                           3085.6193                 23.433344                 396.10607                      8.7781936
              2       1750.1353     0.057505187       5.1854084    0.0033025543       3513.5908      -6.6601069       -8.6915466         2.0314397       3513.5908                           3085.2749                 23.433247                 396.10607                      8.7765427
              3       1750.0981     0.059234681        5.125489     0.004075748       3513.5165      -6.6601069       -8.6915466         2.0314397       3513.5165                           3085.2008                 23.433238                 396.10607                      8.7764362
              9       1750.0563     0.059717023       5.1760737    0.0039360666       3513.4327      -6.6601069       -8.6915466         2.0314397       3513.4327                           3085.1178                 23.433191                 396.10607                      8.7756566
              2       1750.4468     0.053931593       4.9494034    0.0039939232       3514.2138      -6.6601069       -8.6915466         2.0314397       3514.2138                           3085.8932                 23.433484                 396.10607                      8.7809847
              1       1750.1614     0.062156729       4.8174873      0.00734681        3513.643      -6.6601069       -8.6915466         2.0314397        3513.643                           3085.3249                 23.433358                 396.10607                      8.7786648
              1       1750.5715     0.052626557       4.8770106    0.0062263565       3514.4632      -6.6601069       -8.6915466         2.0314397       3514.4632                           3086.1411                 23.433557                 396.10607                      8.7824939
              4        1751.097     0.046496362       4.7008827    0.0087477365       3515.5143      -6.6601069       -8.6915466         2.0314397       3515.5143                           3087.1865                 23.433791                 396.10607                       8.787899
              2       1750.7033      0.05400538        4.631492    0.0048494692       3514.7267      -6.6601069       -8.6915466         2.0314397       3514.7267                           3086.4024                 23.433655                 396.10607                       8.784615
              3       1750.3526     0.053450626       5.1227639    0.0068204188       3514.0254      -6.6601069       -8.6915466         2.0314397       3514.0254                           3085.7067                 23.433397                 396.10607                      8.7792469
              9       1750.4731     0.051395092       5.1011274    0.0081407084       3514.2664      -6.6601069       -8.6915466         2.0314397       3514.2664                           3085.9463                 23.433466                 396.10607                       8.780587
              2       1750.4819     0.050912451        5.126405    0.0059973231        3514.284      -6.6601069       -8.6915466         2.0314397        3514.284                           3085.9639                 23.433465                 396.10607                      8.7805634
              5       1750.0926      0.06286937       4.8833128    0.0062155178       3513.5054      -6.6601069       -8.6915466         2.0314397       3513.5054                           3085.1884                 23.433299                 396.10607                      8.7776193
             13        1749.843     0.071294834       4.8637693    0.0083337913       3513.0062      -6.6601069       -8.6915466         2.0314397       3513.0062                           3084.6922                 23.433104                 396.10607                      8.7747602
              6       1750.0037     0.063135845       5.0344336    0.0030934575       3513.3276      -6.6601069       -8.6915466         2.0314397       3513.3276                           3085.0125                 23.433193                 396.10607                      8.7758167
              4        1750.251      0.05524548       5.1497227    0.0040600214       3513.8223      -6.6601069       -8.6915466         2.0314397       3513.8223                           3085.5049                 23.433332                 396.10607                      8.7780298
              2       1750.3468     0.058441802       4.7847495    0.0042811914       3514.0137      -6.6601069       -8.6915466         2.0314397       3514.0137                           3085.6935                 23.433468                 396.10607                      8.7806864
              3       1750.0477     0.070321134       4.5346575    0.0039446577       3513.4156      -6.6601069       -8.6915466         2.0314397       3513.4156                           3085.0974                 23.433357                 396.10607                      8.7787274
              3       1749.9748     0.071208529       4.5999421    0.0041006184       3513.2699      -6.6601069       -8.6915466         2.0314397       3513.2699                           3084.9529                 23.433293                 396.10607                      8.7776745
              4       1749.9861      0.07167495       4.5584181    0.0038744521       3513.2925      -6.6601069       -8.6915466         2.0314397       3513.2925                           3084.9751                 23.433312                 396.10607                      8.7779814
              3       1749.9919     0.069356938       4.6700483    0.0063731174       3513.3041      -6.6601069       -8.6915466         2.0314397       3513.3041                           3084.9872                 23.433287                 396.10607                      8.7775375
              3       1749.9662     0.065846804       4.9282619    0.0084959618       3513.2525      -6.6601069       -8.6915466         2.0314397       3513.2525                           3084.9373                 23.433194                 396.10607                      8.7759464
              9       1749.9741     0.065574732       4.9295162    0.0085171711       3513.2685      -6.6601069       -8.6915466         2.0314397       3513.2685                           3084.9532                 23.433201                 396.10607                      8.7760345
              2       1749.9774     0.065423827       4.9326932    0.0084665547        3513.275      -6.6601069       -8.6915466         2.0314397        3513.275                           3084.9597                 23.433202                 396.10607                      8.7760568
              3       1749.8476     0.066813578        5.210997    0.0094936958       3513.0154      -6.6601069       -8.6915466         2.0314397       3513.0154                           3084.7038                 23.432968                 396.10607                      8.7725558
              2        1749.851     0.066638035       5.2113991    0.0096602754       3513.0223      -6.6601069       -8.6915466         2.0314397       3513.0223                           3084.7106                 23.432972                 396.10607                      8.7726096
              9       1750.0493     0.062297161       4.9998644    0.0091962475       3513.4189      -6.6601069       -8.6915466         2.0314397       3513.4189                            3085.103                 23.433237                 396.10607                       8.776542
              1       1750.2845     0.059860094       4.7809324    0.0086398293       3513.8893      -6.6601069       -8.6915466         2.0314397       3513.8893                           3085.5697                 23.433436                 396.10607                      8.7800849
              3       1750.3857     0.056730671       4.8418947    0.0073557522       3514.0916      -6.6601069       -8.6915466         2.0314397       3514.0916                           3085.7712                 23.433475                 396.10607                      8.7808333
              3       1749.8337     0.071517166       4.8754443     0.009567399       3512.9875      -6.6601069       -8.6915466         2.0314397       3512.9875                           3084.6738                  23.43309                 396.10607                      8.7745664
              2       1749.7693     0.072445292       5.1130949    0.0062469645       3512.8588      -6.6601069       -8.6915466         2.0314397       3512.8588                           3084.5479                 23.432886                 396.10607                      8.7718597
              1       1750.2508     0.058859284       4.8924881    0.0043934299       3513.8217      -6.6601069       -8.6915466         2.0314397       3513.8217                            3085.503                 23.433393                 396.10607                       8.779254
              1       1750.0345     0.060811208       5.1392787    0.0062622741       3513.3891      -6.6601069       -8.6915466         2.0314397       3513.3891                           3085.0743                 23.433185                 396.10607                      8.7756009
              3       1749.8785     0.066114695       5.1434108    0.0055997354       3513.0771      -6.6601069       -8.6915466         2.0314397       3513.0771                           3084.7645                 23.433036                 396.10607                      8.7735103
              2       1749.8468     0.067647086       5.1327327    0.0039059202       3513.0137      -6.6601069       -8.6915466         2.0314397       3513.0137                           3084.7015                 23.433002                 396.10607                      8.7731021
              1       1749.7752     0.071838091       5.1417967    0.0098619745       3512.8706      -6.6601069       -8.6915466         2.0314397       3512.8706                           3084.5599                  23.43288                 396.10607                      8.7717402
             13       1749.8468     0.070963972       4.8752336    0.0097460529       3513.0138      -6.6601069       -8.6915466         2.0314397       3513.0138                           3084.6999                 23.433104                 396.10607                      8.7747442
              2       1749.8161     0.074514395       4.7326338    0.0089577338       3512.9524      -6.6601069       -8.6915466         2.0314397       3512.9524                           3084.6381                 23.433124                 396.10607                      8.7751553
              2       1749.8864     0.071143471       4.7673285    0.0073883215        3513.093      -6.6601069       -8.6915466         2.0314397        3513.093                           3084.7779                 23.433178                 396.10607                      8.7758463
              1       1749.8984     0.071227832       4.7370252    0.0077614001        3513.117      -6.6601069       -8.6915466         2.0314397        3513.117                           3084.8016                 23.433197                 396.10607                      8.7761488
              2       1750.0411     0.070896733       4.5157083    0.0060851858       3513.4024      -6.6601069       -8.6915466         2.0314397       3513.4024                           3085.0842                 23.433358                 396.10607                      8.7787392
              1       1750.1502     0.060538373       4.9387574    0.0035465237       3513.6207      -6.6601069       -8.6915466         2.0314397       3513.6207                           3085.3033                 23.433322                 396.10607                      8.7779773
              1       1750.2323     0.057151446       5.0385592    0.0055518343       3513.7848      -6.6601069       -8.6915466         2.0314397       3513.7848                            3085.467                 23.433348                 396.10607                       8.778376
              2       1750.1647     0.058399453       5.0628934    0.0055967847       3513.6496      -6.6601069       -8.6915466         2.0314397       3513.6496                           3085.3327                   23.4333                 396.10607                      8.7775197
              3       1750.5174     0.052067293       4.9878275    0.0099689599       3514.3551      -6.6601069       -8.6915466         2.0314397       3514.3551                            3086.034                  23.43351                 396.10607                      8.7815196
             10       1749.7962     0.070876497       5.0775817    0.0035138044       3512.9125      -6.6601069       -8.6915466         2.0314397       3512.9125                           3084.6008                 23.432956                 396.10607                      8.7726613
              1       1750.2035       0.0604124       4.8628468    0.0093759335       3513.7271      -6.6601069       -8.6915466         2.0314397       3513.7271                           3085.4088                 23.433373                 396.10607                       8.778898
             16       1750.2869     0.060762118       4.7234849    0.0095946535        3513.894      -6.6601069       -8.6915466         2.0314397        3513.894                           3085.5741                  23.43345                 396.10607                      8.7803482
             10       1750.0242     0.066147641       4.7982526    0.0092388031       3513.3687      -6.6601069       -8.6915466         2.0314397       3513.3687                           3085.0521                 23.433275                 396.10607                      8.7772807
              1       1750.0139     0.066398451       4.8013263    0.0082421665       3513.3481      -6.6601069       -8.6915466         2.0314397       3513.3481                           3085.0316                 23.433267                 396.10607                      8.7771516
              1       1750.0511     0.065820049       4.7721516    0.0077489241       3513.4224      -6.6601069       -8.6915466         2.0314397       3513.4224                           3085.1053                   23.4333                 396.10607                      8.7777004
              3        1750.608     0.055986664       4.6174854    0.0095045224       3514.5363      -6.6601069       -8.6915466         2.0314397       3514.5363                           3086.2128                 23.433619                 396.10607                      8.7837957
              3        1750.043     0.059286687       5.2415252    0.0065209626       3513.4061      -6.6601069       -8.6915466         2.0314397       3513.4061                           3085.0918                 23.433161                 396.10607                      8.7751114
              4       1750.0832     0.059119163       5.1649309    0.0059736698       3513.4866      -6.6601069       -8.6915466         2.0314397       3513.4866                           3085.1713                 23.433215                 396.10607                      8.7760431
              6       1750.4943      0.05667824       4.7076173     0.006185624       3514.3088      -6.6601069       -8.6915466         2.0314397       3514.3088                           3085.9868                 23.433553                 396.10607                      8.7824128
              1       1750.4579     0.056768929       4.7465508    0.0062092645       3514.2359      -6.6601069       -8.6915466         2.0314397       3514.2359                           3085.9144                 23.433529                 396.10607                      8.7819176
              2       1750.3941      0.05806761       4.7463346    0.0057826711       3514.1085      -6.6601069       -8.6915466         2.0314397       3514.1085                           3085.7876                 23.433499                 396.10607                      8.7813048
             13       1751.1192     0.048987844       4.5097296    0.0035965897       3515.5585      -6.6601069       -8.6915466         2.0314397       3515.5585                             3087.23                 23.433825                 396.10607                      8.7886489
              2       1750.7101     0.048537077       5.0014468    0.0072398697       3514.7405      -6.6601069       -8.6915466         2.0314397       3514.7405                           3086.4175                 23.433595                 396.10607                      8.7833283
              2       1750.7451     0.048528709       4.9577095    0.0077979402       3514.8105      -6.6601069       -8.6915466         2.0314397       3514.8105                           3086.4869                 23.433618                 396.10607                      8.7838286
              1       1750.4058     0.059079776       4.6711065    0.0053548179       3514.1318      -6.6601069       -8.6915466         2.0314397       3514.1318                           3085.8105                 23.433519                 396.10607                      8.7817111
              4       1750.3909     0.059740832       4.6508825    0.0057625509       3514.1021      -6.6601069       -8.6915466         2.0314397       3514.1021                           3085.7808                 23.433516                 396.10607                       8.781647
              7       1750.3979     0.059623466       4.6491914    0.0057959773        3514.116      -6.6601069       -8.6915466         2.0314397        3514.116                           3085.7946                  23.43352                 396.10607                      8.7817192
              2       1750.6606     0.048553278       5.0650215    0.0077080731       3514.6415      -6.6601069       -8.6915466         2.0314397       3514.6415                           3086.3193                 23.433562                 396.10607                       8.782598
              5       1750.9138     0.046981746        4.871314    0.0089567686       3515.1477      -6.6601069       -8.6915466         2.0314397       3515.1477                           3086.8222                 23.433699                 396.10607                      8.7857058
              5       1750.0991     0.058326163       5.1940282    0.0084185564       3513.5184      -6.6601069       -8.6915466         2.0314397       3513.5184                            3085.203                 23.433219                 396.10607                      8.7760701
              1       1749.9074     0.064165806       5.2113965    0.0069166549        3513.135      -6.6601069       -8.6915466         2.0314397        3513.135                           3084.8224                 23.433042                 396.10607                       8.773481
              3       1749.8511     0.067674802       5.1117675    0.0075691726       3513.0225      -6.6601069       -8.6915466         2.0314397       3513.0225                           3084.7101                 23.433017                 396.10607                      8.7733137
              1       1749.7882     0.070464995       5.2474875    0.0049635093       3512.8965      -6.6601069       -8.6915466         2.0314397       3512.8965                           3084.5865                 23.432836                 396.10607                      8.7710703
              1        1750.182     0.060288546       4.9040026    0.0034780229       3513.6842      -6.6601069       -8.6915466         2.0314397       3513.6842                           3085.3663                  23.43335                 396.10607                       8.778482
              6       1750.0205     0.069030059       4.6416024    0.0047386797       3513.3612      -6.6601069       -8.6915466         2.0314397       3513.3612                           3085.0438                 23.433313                 396.10607                      8.7779755
              1       1749.9708     0.066436126       4.8802665    0.0033501825       3513.2619      -6.6601069       -8.6915466         2.0314397       3513.2619                           3084.9463                 23.433213                 396.10607                       8.776258
              1       1750.0523     0.059047883       5.2390463    0.0089115026       3513.4249      -6.6601069       -8.6915466         2.0314397       3513.4249                           3085.1104                 23.433169                 396.10607                      8.7752433
             10       1749.8326     0.069841093       5.0017915    0.0067204766       3512.9854      -6.6601069       -8.6915466         2.0314397       3512.9854                           3084.6725                  23.43304                 396.10607                      8.7737659
              2       1749.8748     0.068371384       4.9768713    0.0065641267       3513.0699      -6.6601069       -8.6915466         2.0314397       3513.0699                           3084.7562                 23.433096                 396.10607                      8.7745149
              1       1750.6709     0.048512624        5.054617    0.0084561159        3514.662      -6.6601069       -8.6915466         2.0314397        3514.662                           3086.3396                 23.433568                 396.10607                      8.7827397
              2       1750.8639     0.048464361       4.8195842    0.0086408663        3515.048      -6.6601069       -8.6915466         2.0314397        3515.048                           3086.7228                 23.433688                 396.10607                      8.7854302
              1       1750.9175     0.046666805       4.8908856    0.0050392896       3515.1553      -6.6601069       -8.6915466         2.0314397       3515.1553                           3086.8299                 23.433698                 396.10607                      8.7856718
              8       1750.7501      0.05012095       4.8343652    0.0047710878       3514.8204      -6.6601069       -8.6915466         2.0314397       3514.8204                           3086.4963                 23.433641                 396.10607                      8.7843331
              7       1750.7414      0.04986944       4.8627173    0.0049138723        3514.803      -6.6601069       -8.6915466         2.0314397        3514.803                           3086.4792                 23.433632                 396.10607                      8.7841499
              4       1750.8999     0.045254807       5.0250592    0.0063570445       3515.1201      -6.6601069       -8.6915466         2.0314397       3515.1201                           3086.7953                 23.433669                 396.10607                      8.7850268
              1        1750.371     0.061076241        4.599535    0.0049121087       3514.0623      -6.6601069       -8.6915466         2.0314397       3514.0623                           3085.7411                 23.433517                 396.10607                      8.7816524
              2        1750.805     0.051472859       4.6794834     0.004478864       3514.9303      -6.6601069       -8.6915466         2.0314397       3514.9303                           3086.6052                 23.433688                 396.10607                      8.7853731
              3       1751.2567     0.046958446       4.5035513    0.0077326998       3515.8335      -6.6601069       -8.6915466         2.0314397       3515.8335                           3087.5038                  23.43387                 396.10607                      8.7898391
              3       1751.2236     0.046974925       4.5356927    0.0081533829       3515.7673      -6.6601069       -8.6915466         2.0314397       3515.7673                           3087.4379                 23.433856                 396.10607                      8.7894706
              3       1750.7954     0.053694838       4.5511941    0.0061184235        3514.911      -6.6601069       -8.6915466         2.0314397        3514.911                           3086.5855                 23.433704                 396.10607                      8.7857035
              2       1750.9253     0.051419203       4.5543394     0.005671609       3515.1709      -6.6601069       -8.6915466         2.0314397       3515.1709                           3086.8442                 23.433751                 396.10607                      8.7868396
              1       1750.6508     0.055661765       4.5894091    0.0053865271       3514.6218      -6.6601069       -8.6915466         2.0314397       3514.6218                           3086.2978                 23.433641                 396.10607                      8.7842817
              2       1750.4334     0.050054524       5.2721028    0.0096968011        3514.187      -6.6601069       -8.6915466         2.0314397        3514.187                           3085.8681                 23.433408                 396.10607                      8.7793813
              4       1750.3905     0.061573668       4.5494331    0.0071048978       3514.1012      -6.6601069       -8.6915466         2.0314397       3514.1012                           3085.7796                 23.433535                 396.10607                      8.7820219
              1       1750.0548     0.060377068       5.1281011    0.0061735007       3513.4298      -6.6601069       -8.6915466         2.0314397       3513.4298                           3085.1147                 23.433205                 396.10607                        8.77591
              1        1749.983     0.062787346       5.1073748      0.00729415       3513.2862      -6.6601069       -8.6915466         2.0314397       3513.2862                           3084.9719                 23.433153                 396.10607                      8.7751468
              7       1750.2524     0.054573054       5.2005126    0.0086632624        3513.825      -6.6601069       -8.6915466         2.0314397        3513.825                           3085.5078                  23.43332                 396.10607                      8.7777861
              4       1750.4046     0.050344416       5.2941012    0.0050671415       3514.1293      -6.6601069       -8.6915466         2.0314397       3514.1293                           3085.8109                 23.433387                 396.10607                      8.7789672
              4       1750.7099     0.052328177       4.7306332    0.0034540457         3514.74      -6.6601069       -8.6915466         2.0314397         3514.74                           3086.4159                 23.433642                 396.10607                      8.7843335
              2       1750.8232     0.050862012       4.6995744    0.0034877615       3514.9666      -6.6601069       -8.6915466         2.0314397       3514.9666                           3086.6413                 23.433691                 396.10607                      8.7854694
              6       1749.7982     0.071672882       4.9911223    0.0090355102       3512.9166      -6.6601069       -8.6915466         2.0314397       3512.9166                           3084.6042                    23.433                 396.10607                      8.7733111
              2       1749.8328     0.069481613       5.0301066    0.0086063406       3512.9858      -6.6601069       -8.6915466         2.0314397       3512.9858                           3084.6731                 23.433028                 396.10607                      8.7735835
             11       1749.7669      0.07255359       5.1861739    0.0089128574        3512.854      -6.6601069       -8.6915466         2.0314397        3512.854                            3084.544                 23.432825                 396.10607                      8.7711146
              1        1750.033     0.063758917       4.9323742    0.0030358846       3513.3863      -6.6601069       -8.6915466         2.0314397       3513.3863                           3085.0702                 23.433245                 396.10607                      8.7767065
              4       1750.3224     0.058999305       4.7826914    0.0040801909       3513.9649      -6.6601069       -8.6915466         2.0314397       3513.9649                           3085.6449                 23.433456                 396.10607                      8.7804536
              1       1750.3982     0.059976373       4.6286472      0.00620007       3514.1166      -6.6601069       -8.6915466         2.0314397       3514.1166                           3085.7952                 23.433524                 396.10607                      8.7818004
              5       1750.5087      0.05910137       4.5498872    0.0056538582       3514.3375      -6.6601069       -8.6915466         2.0314397       3514.3375                           3086.0148                 23.433588                 396.10607                      8.7831189
              6       1750.6207     0.053944464       4.7290625    0.0083195998       3514.5616      -6.6601069       -8.6915466         2.0314397       3514.5616                           3086.2384                 23.433605                 396.10607                      8.7835165
              5         1750.65     0.053501534       4.7233867    0.0093158584       3514.6202      -6.6601069       -8.6915466         2.0314397       3514.6202                           3086.2967                 23.433618                 396.10607                      8.7838079
              1       1750.5655     0.055445412       4.6990278     0.007851886       3514.4513      -6.6601069       -8.6915466         2.0314397       3514.4513                           3086.1285                 23.433586                 396.10607                      8.7831125
              1       1750.7587     0.052210363       4.6831345    0.0039758808       3514.8375      -6.6601069       -8.6915466         2.0314397       3514.8375                           3086.5128                 23.433669                 396.10607                      8.7849425
              6       1750.1315     0.063627201       4.7741931    0.0033656914       3513.5832      -6.6601069       -8.6915466         2.0314397       3513.5832                           3085.2652                 23.433351                 396.10607                      8.7785486
              1       1750.3886     0.056695825       4.8403455    0.0063174508       3514.0973      -6.6601069       -8.6915466         2.0314397       3514.0973                           3085.7769                 23.433477                 396.10607                      8.7808677
              4        1750.145     0.061223482       4.9021736    0.0069879722       3513.6103      -6.6601069       -8.6915466         2.0314397       3513.6103                           3085.2928                 23.433328                 396.10607                      8.7780966
              1       1750.1678     0.061439283       4.8523493    0.0064617564       3513.6557      -6.6601069       -8.6915466         2.0314397       3513.6557                           3085.3377                 23.433354                 396.10607                      8.7785719
              3       1750.3124     0.058744102       4.8121381    0.0067628709        3513.945      -6.6601069       -8.6915466         2.0314397        3513.945                           3085.6252                 23.433444                 396.10607                      8.7802308
             12       1749.8451     0.071959873       4.8147747    0.0086600646       3513.0105      -6.6601069       -8.6915466         2.0314397       3513.0105                           3084.6962                 23.433124                 396.10607                      8.7750708
              2       1749.8472     0.071855875       4.8159807    0.0089163393       3513.0147      -6.6601069       -8.6915466         2.0314397       3513.0147                           3084.7004                 23.433125                 396.10607                       8.775091
              7        1749.984     0.068461716       4.7334494    0.0080082925       3513.2882      -6.6601069       -8.6915466         2.0314397       3513.2882                           3084.9717                 23.433264                 396.10607                      8.7771488
              1       1749.9244     0.069422789       4.7898262    0.0077543119        3513.169      -6.6601069       -8.6915466         2.0314397        3513.169                           3084.8536                 23.433203                 396.10607                      8.7761838
              2       1749.9014     0.070972255       4.7456989    0.0073161461       3513.1229      -6.6601069       -8.6915466         2.0314397       3513.1229                           3084.8075                 23.433197                 396.10607                      8.7761393
              3       1749.7721     0.073126583       5.2826627    0.0047522318       3512.8643      -6.6601069       -8.6915466         2.0314397       3512.8643                           3084.5555                 23.432731                 396.10607                       8.770054
              1        1749.787     0.070758911       5.2987806    0.0041807376       3512.8942      -6.6601069       -8.6915466         2.0314397       3512.8942                           3084.5848                 23.432787                 396.10607                      8.7704863
              2       1749.7857     0.070913835       5.2967381    0.0041330642       3512.8915      -6.6601069       -8.6915466         2.0314397       3512.8915                           3084.5822                 23.432784                 396.10607                      8.7704658
              2       1749.9431     0.071159668       4.6560821    0.0048225342       3513.2063      -6.6601069       -8.6915466         2.0314397       3513.2063                           3084.8899                 23.433256                 396.10607                      8.7770637
              4       1749.8417     0.074481706       4.6734384    0.0039689968       3513.0037      -6.6601069       -8.6915466         2.0314397       3513.0037                           3084.6886                 23.433168                 396.10607                       8.775797
              2       1749.8969     0.073038469        4.639625    0.0040848823        3513.114      -6.6601069       -8.6915466         2.0314397        3513.114                            3084.798                 23.433225                 396.10607                      8.7766203
              1        1750.231     0.061757562       4.7404313    0.0077886951       3513.7823      -6.6601069       -8.6915466         2.0314397       3513.7823                           3085.4631                 23.433416                 396.10607                      8.7797198
              2       1750.0969     0.067295397       4.6193852    0.0090832007       3513.5141      -6.6601069       -8.6915466         2.0314397       3513.5141                           3085.1958                 23.433367                 396.10607                      8.7788737
              4       1750.1406     0.056610761       5.2467658    0.0077613588       3513.6014      -6.6601069       -8.6915466         2.0314397       3513.6014                           3085.2859                 23.433234                 396.10607                      8.7762668
              6       1749.7699     0.074344189       5.2840279    0.0091605117         3512.86      -6.6601069       -8.6915466         2.0314397         3512.86                           3084.5515                 23.432695                 396.10607                      8.7697696
              2       1750.3497      0.05402957       5.0830087    0.0083106877       3514.0195      -6.6601069       -8.6915466         2.0314397       3514.0195                           3085.7006                 23.433405                 396.10607                      8.7794033
              2       1750.3605     0.053881757       5.0775104    0.0082360801       3514.0413      -6.6601069       -8.6915466         2.0314397       3514.0413                           3085.7222                 23.433412                 396.10607                      8.7795418
              2        1750.581     0.048650836       5.1672508    0.0084499465       3514.4823      -6.6601069       -8.6915466         2.0314397       3514.4823                           3086.1613                 23.433505                 396.10607                      8.7813811
              1       1750.6884     0.051387768       4.8191835    0.0064563128        3514.697      -6.6601069       -8.6915466         2.0314397        3514.697                           3086.3735                 23.433618                 396.10607                      8.7838162
              2       1750.4721     0.055635251       4.8006841    0.0071396334       3514.2645      -6.6601069       -8.6915466         2.0314397       3514.2645                            3085.943                 23.433525                 396.10607                       8.781842
              6       1749.8027     0.069206296       5.2586807    0.0090877321       3512.9257      -6.6601069       -8.6915466         2.0314397       3512.9257                           3084.6154                 23.432864                 396.10607                      8.7713162
              4       1750.4776     0.049909937        5.214893    0.0097507212       3514.2755      -6.6601069       -8.6915466         2.0314397       3514.2755                           3085.9559                 23.433444                 396.10607                      8.7801152
             18       1750.4791     0.049805609       5.2214649    0.0097241094       3514.2784      -6.6601069       -8.6915466         2.0314397       3514.2784                           3085.9588                 23.433443                 396.10607                      8.7800993
              1        1750.388     0.050785402       5.2834822    0.0087183857       3514.0961      -6.6601069       -8.6915466         2.0314397       3514.0961                           3085.7778                  23.43338                 396.10607                       8.778842
             11       1750.4071     0.051815224       5.1668686    0.0072693494       3514.1345      -6.6601069       -8.6915466         2.0314397       3514.1345                           3085.8154                 23.433417                 396.10607                      8.7796087
              3       1750.3671     0.052524524       5.1728671     0.007907089       3514.0544      -6.6601069       -8.6915466         2.0314397       3514.0544                           3085.7358                 23.433394                 396.10607                      8.7791601
             11       1750.0727     0.059316594       5.1717926    0.0052265467       3513.4656      -6.6601069       -8.6915466         2.0314397       3513.4656                           3085.1504                 23.433205                 396.10607                      8.7758793
              2       1749.8491     0.067097938        5.174584    0.0056239354       3513.0183      -6.6601069       -8.6915466         2.0314397       3513.0183                           3084.7064                 23.432987                 396.10607                      8.7728441
              2       1749.7943      0.07039257       5.1506739     0.008703511       3512.9087      -6.6601069       -8.6915466         2.0314397       3512.9087                           3084.5977                 23.432913                 396.10607                      8.7720609
              5       1749.8325     0.067316816       5.2460729    0.0090641066       3512.9853      -6.6601069       -8.6915466         2.0314397       3512.9853                           3084.6743                 23.432927                 396.10607                      8.7720248
              7       1750.2479     0.053646042       5.2849891    0.0094700005       3513.8161      -6.6601069       -8.6915466         2.0314397       3513.8161                           3085.4994                 23.433296                 396.10607                      8.7772954
              3       1750.3843     0.052462431       5.1506478    0.0082367366       3514.0888      -6.6601069       -8.6915466         2.0314397       3514.0888                           3085.7699                 23.433409                 396.10607                      8.7794468
              5       1750.5302      0.04957057       5.1645609    0.0083715124       3514.3806      -6.6601069       -8.6915466         2.0314397       3514.3806                           3086.0601                 23.433481                 396.10607                       8.780881
              4       1750.2102     0.058552497        4.975674    0.0073053171       3513.7406      -6.6601069       -8.6915466         2.0314397       3513.7406                           3085.4227                  23.43335                 396.10607                      8.7784422
              3       1749.8512     0.067060243       5.1681262    0.0053261372       3513.0227      -6.6601069       -8.6915466         2.0314397       3513.0227                           3084.7107                 23.432992                 396.10607                      8.7729245
              5        1749.872     0.066653816       5.1204793     0.005676548       3513.0642      -6.6601069       -8.6915466         2.0314397       3513.0642                           3084.7515                 23.433038                 396.10607                      8.7735674
              1       1750.2696      0.06276876       4.6313612     0.007652533       3513.8595      -6.6601069       -8.6915466         2.0314397       3513.8595                           3085.5394                  23.43346                 396.10607                      8.7805515
              1       1750.2567     0.061905668       4.6969819     0.008823882       3513.8335      -6.6601069       -8.6915466         2.0314397       3513.8335                           3085.5139                 23.433439                 396.10607                      8.7801583
              1        1750.286       0.0614754       4.6830663    0.0086278356       3513.8923      -6.6601069       -8.6915466         2.0314397       3513.8923                           3085.5723                 23.433458                 396.10607                       8.780505
              2       1750.0162     0.068313926       4.6873694    0.0074392227       3513.3526      -6.6601069       -8.6915466         2.0314397       3513.3526                           3085.0355                 23.433299                 396.10607                      8.7777202
              3       1750.0032     0.068636625       4.6908817    0.0074733696       3513.3266      -6.6601069       -8.6915466         2.0314397       3513.3266                           3085.0097                 23.433289                 396.10607                      8.7775626
              2        1749.861     0.074333599        4.640548    0.0080296576       3513.0423      -6.6601069       -8.6915466         2.0314397       3513.0423                           3084.7268                 23.433195                 396.10607                      8.7761975
             16        1749.828     0.073771402       4.7469203    0.0091611234       3512.9761      -6.6601069       -8.6915466         2.0314397       3512.9761                           3084.6617                 23.433131                 396.10607                      8.7752289
              4       1749.8127     0.072858539       4.8475269    0.0068295727       3512.9456      -6.6601069       -8.6915466         2.0314397       3512.9456                            3084.632                 23.433078                 396.10607                      8.7744453
              3       1749.7947     0.074056982        4.823294    0.0076459811       3512.9097      -6.6601069       -8.6915466         2.0314397       3512.9097                           3084.5962                 23.433067                 396.10607                      8.7743405
              1       1750.0274     0.066761124       4.7566677    0.0070687247        3513.375      -6.6601069       -8.6915466         2.0314397        3513.375                           3085.0581                 23.433288                 396.10607                      8.7775164
              1       1749.9748     0.064213459       5.0215889    0.0061154591       3513.2698      -6.6601069       -8.6915466         2.0314397       3513.2698                            3084.955                 23.433173                 396.10607                       8.775536
              2       1750.3818     0.060677461       4.6088608     0.003981918       3514.0837      -6.6601069       -8.6915466         2.0314397       3514.0837                           3085.7624                  23.43352                 396.10607                      8.7817191
              1       1750.5913     0.055687969       4.6542937    0.0038706124       3514.5029      -6.6601069       -8.6915466         2.0314397       3514.5029                           3086.1797                 23.433605                 396.10607                      8.7835131
              1        1750.153     0.062210647        4.827084    0.0063942871       3513.6261      -6.6601069       -8.6915466         2.0314397       3513.6261                           3085.3082                 23.433351                 396.10607                      8.7785328
              2       1750.1166     0.068292181       4.5406546    0.0069690585       3513.5533      -6.6601069       -8.6915466         2.0314397       3513.5533                           3085.2345                 23.433396                 396.10607                      8.7794027
              1       1750.1236     0.067158875       4.5890898    0.0065032327       3513.5675      -6.6601069       -8.6915466         2.0314397       3513.5675                           3085.2487                  23.43339                 396.10607                      8.7792735
              6       1750.2755     0.062848976       4.6195212    0.0073761603       3513.8711      -6.6601069       -8.6915466         2.0314397       3513.8711                           3085.5509                 23.433465                 396.10607                      8.7806556
              1       1750.0121     0.063789527       4.9712107    0.0096691018       3513.3445      -6.6601069       -8.6915466         2.0314397       3513.3445                            3085.029                 23.433218                 396.10607                      8.7762607
              1        1749.771     0.073157415       5.0000217    0.0086802503       3512.8622      -6.6601069       -8.6915466         2.0314397       3512.8622                           3084.5504                 23.432955                 396.10607                      8.7727912
              4       1749.8906     0.073964634       4.6027257    0.0057247936       3513.1014      -6.6601069       -8.6915466         2.0314397       3513.1014                           3084.7853                 23.433231                 396.10607                      8.7767272
              2       1749.8675     0.071482019       4.7894284    0.0056438975       3513.0553      -6.6601069       -8.6915466         2.0314397       3513.0553                           3084.7406                 23.433154                 396.10607                      8.7754962
              3       1749.7746     0.074173714       4.8901007    0.0065273662       3512.8694      -6.6601069       -8.6915466         2.0314397       3512.8694                           3084.5567                 23.433013                 396.10607                      8.7736186
              3       1749.8004     0.071060063       5.0355471    0.0069721541       3512.9209      -6.6601069       -8.6915466         2.0314397       3512.9209                           3084.6088                 23.432983                 396.10607                      8.7730373
              1       1749.9757     0.061817068       5.2030759    0.0086838096       3513.2716      -6.6601069       -8.6915466         2.0314397       3513.2716                            3084.958                 23.433115                 396.10607                      8.7744783
              1       1750.5951     0.048986037       5.1196676    0.0043937137       3514.5104      -6.6601069       -8.6915466         2.0314397       3514.5104                           3086.1891                 23.433521                 396.10607                      8.7817273
              2       1750.8574     0.046945477       4.9414841    0.0050536167        3515.035      -6.6601069       -8.6915466         2.0314397        3515.035                           3086.7103                 23.433666                 396.10607                      8.7849384
              2       1750.1285      0.05765339       5.1872646     0.007878872       3513.5772      -6.6601069       -8.6915466         2.0314397       3513.5772                           3085.2614                 23.433242                 396.10607                       8.776453
              1       1750.0094     0.061478162       5.1452198    0.0085943433        3513.339      -6.6601069       -8.6915466         2.0314397        3513.339                           3085.0245                 23.433163                 396.10607                      8.7752567
              6       1750.0451     0.059456252       5.2225596    0.0096873645       3513.4103      -6.6601069       -8.6915466         2.0314397       3513.4103                           3085.0958                 23.433168                 396.10607                      8.7752494
              3       1750.1231     0.061389224       4.9277416    0.0035839469       3513.5664      -6.6601069       -8.6915466         2.0314397       3513.5664                           3085.2493                 23.433307                 396.10607                      8.7777355
              3       1750.2858     0.056371247       5.0095046    0.0031900982       3513.8919      -6.6601069       -8.6915466         2.0314397       3513.8919                           3085.5733                 23.433386                 396.10607                      8.7790809
              2        1750.291     0.056057588       5.0240277    0.0032052546       3513.9022      -6.6601069       -8.6915466         2.0314397       3513.9022                           3085.5837                 23.433386                 396.10607                      8.7790668
              5       1749.9939     0.062491962       5.1039065    0.0069248522        3513.308      -6.6601069       -8.6915466         2.0314397        3513.308                           3084.9934                 23.433163                 396.10607                      8.7753032
              1       1749.8563     0.067258153       5.1280627    0.0073537997       3513.0327      -6.6601069       -8.6915466         2.0314397       3513.0327                           3084.7204                 23.433016                 396.10607                       8.773281
              2       1750.1217     0.057116075       5.2443785    0.0055797343       3513.5637      -6.6601069       -8.6915466         2.0314397       3513.5637                           3085.2483                 23.433221                 396.10607                      8.7760568
              4       1749.9549     0.061547314       5.2879169    0.0042582461       3513.2299      -6.6601069       -8.6915466         2.0314397       3513.2299                           3084.9172                 23.433064                 396.10607                      8.7736541
              1       1750.2297     0.059933089       4.8542034    0.0059168284       3513.7796      -6.6601069       -8.6915466         2.0314397       3513.7796                            3085.461                  23.43339                 396.10607                       8.779209
              5       1750.3995     0.054376527        4.983801    0.0080976236       3514.1191      -6.6601069       -8.6915466         2.0314397       3514.1191                           3085.7992                 23.433453                 396.10607                      8.7803625
              2       1750.3558     0.054909051       5.0088121    0.0079880856       3514.0318      -6.6601069       -8.6915466         2.0314397       3514.0318                           3085.7125                 23.433425                 396.10607                      8.7798075
             15       1750.5934     0.047828973       5.2191522    0.0098370726       3514.5071      -6.6601069       -8.6915466         2.0314397       3514.5071                           3086.1862                 23.433501                 396.10607                      8.7812766
              6        1750.798     0.045152973       5.1659268    0.0081100595       3514.9163      -6.6601069       -8.6915466         2.0314397       3514.9163                           3086.5931                 23.433603                 396.10607                      8.7835164
              2       1750.6362     0.047637822       5.1740933    0.0075492012       3514.5926      -6.6601069       -8.6915466         2.0314397       3514.5926                           3086.2711                  23.43353                 396.10607                      8.7819008
              2       1750.6709     0.049495163       4.9781404    0.0030379382        3514.662      -6.6601069       -8.6915466         2.0314397        3514.662                           3086.3393                 23.433582                 396.10607                      8.7830457
              4       1750.2377     0.062161303       4.7076935    0.0030060012       3513.7956      -6.6601069       -8.6915466         2.0314397       3513.7956                           3085.4762                 23.433427                 396.10607                      8.7799247
              2        1750.197     0.066367658       4.5330624    0.0053495312       3513.7142      -6.6601069       -8.6915466         2.0314397       3513.7142                           3085.3944                 23.433443                 396.10607                      8.7802302
              4       1750.3066     0.061393282       4.6612886    0.0057460995       3513.9334      -6.6601069       -8.6915466         2.0314397       3513.9334                           3085.6131                 23.433473                 396.10607                      8.7807938
              1       1750.3205     0.060011776       4.7236638    0.0087136176       3513.9613      -6.6601069       -8.6915466         2.0314397       3513.9613                           3085.6411                 23.433467                 396.10607                      8.7806789
              1       1750.4549     0.055174607       4.8530793    0.0084464976         3514.23      -6.6601069       -8.6915466         2.0314397         3514.23                            3085.909                 23.433507                 396.10607                      8.7814654
              1       1749.8903     0.066382547       5.0813933    0.0050156758       3513.1008      -6.6601069       -8.6915466         2.0314397       3513.1008                           3084.7875                 23.433074                 396.10607                      8.7740811
              4       1749.9375     0.066205641       4.9678113      0.00416629       3513.1953      -6.6601069       -8.6915466         2.0314397       3513.1953                           3084.8807                 23.433158                 396.10607                       8.775378
              5       1749.9236     0.065122581       5.0821064    0.0053268389       3513.1673      -6.6601069       -8.6915466         2.0314397       3513.1673                           3084.8536                 23.433107                 396.10607                      8.7745287
              7       1749.9452     0.065217299       5.0192199    0.0054572863       3513.2105      -6.6601069       -8.6915466         2.0314397       3513.2105                           3084.8961                 23.433148                 396.10607                      8.7751804
              1       1749.8431     0.068443726       5.0769996    0.0075775906       3513.0064      -6.6601069       -8.6915466         2.0314397       3513.0064                           3084.6939                 23.433021                 396.10607                      8.7734264
              7       1749.9064     0.070623752       4.7556153    0.0084078178        3513.133      -6.6601069       -8.6915466         2.0314397        3513.133                           3084.8176                 23.433198                 396.10607                      8.7761479
              4       1750.0447     0.063145546       4.9509777    0.0086791901       3513.4096      -6.6601069       -8.6915466         2.0314397       3513.4096                           3085.0936                 23.433248                 396.10607                      8.7767446
              4       1750.1014      0.06191814       4.9300393     0.009126752       3513.5229      -6.6601069       -8.6915466         2.0314397       3513.5229                           3085.2061                 23.433293                 396.10607                      8.7774858
              4        1750.377     0.053464644       5.0840319    0.0096856838       3514.0742      -6.6601069       -8.6915466         2.0314397       3514.0742                           3085.7551                 23.433419                 396.10607                      8.7796824
              1       1749.8131      0.06862854       5.2283986    0.0072453465       3512.9464      -6.6601069       -8.6915466         2.0314397       3512.9464                           3084.6356                 23.432903                 396.10607                      8.7717961
              1       1749.8112     0.068687715       5.2397221    0.0073477706       3512.9425      -6.6601069       -8.6915466         2.0314397       3512.9425                           3084.6319                 23.432893                 396.10607                      8.7716629
              5       1749.8037     0.069380614       5.2078531    0.0069717569       3512.9277      -6.6601069       -8.6915466         2.0314397       3512.9277                           3084.6169                 23.432898                 396.10607                      8.7717796
              7       1749.8462     0.067556878       5.1437688    0.0065491648       3513.0126      -6.6601069       -8.6915466         2.0314397       3513.0126                           3084.7005                 23.432996                 396.10607                      8.7730155
              4       1750.5114     0.048351962       5.2973899    0.0052675696        3514.343      -6.6601069       -8.6915466         2.0314397        3514.343                           3086.0234                 23.433444                 396.10607                      8.7800776
             11       1749.9264     0.069052253       4.8081904    0.0092589317       3513.1729      -6.6601069       -8.6915466         2.0314397       3513.1729                           3084.8575                 23.433199                 396.10607                      8.7761105
              3       1749.9445     0.068601217       4.7986934    0.0086370208       3513.2093      -6.6601069       -8.6915466         2.0314397       3513.2093                           3084.8936                 23.433216                 396.10607                      8.7763741
              2       1749.9721     0.062206072       5.1808595    0.0078026561       3513.2644      -6.6601069       -8.6915466         2.0314397       3513.2644                           3084.9506                 23.433119                 396.10607                      8.7745673
              1       1749.8718     0.066271614       5.1547368    0.0060700394       3513.0638      -6.6601069       -8.6915466         2.0314397       3513.0638                           3084.7513                 23.433024                 396.10607                      8.7733347
              1       1749.9156     0.063695305       5.2246208    0.0060409777       3513.1515      -6.6601069       -8.6915466         2.0314397       3513.1515                           3084.8389                 23.433046                 396.10607                      8.7735128
             10       1750.0094     0.061600291       5.1357673    0.0045175441        3513.339      -6.6601069       -8.6915466         2.0314397        3513.339                           3085.0244                 23.433166                 396.10607                      8.7753114
              8       1750.4857     0.051341552       5.0871458    0.0034662757       3514.2915      -6.6601069       -8.6915466         2.0314397       3514.2915                           3085.9712                 23.433475                 396.10607                      8.7807763
              1       1750.5376     0.050304686       5.0945264    0.0040840381       3514.3955      -6.6601069       -8.6915466         2.0314397       3514.3955                           3086.0747                 23.433499                 396.10607                      8.7812646
              2       1750.6002      0.04935901       5.0825202    0.0039793211       3514.5207      -6.6601069       -8.6915466         2.0314397       3514.5207                           3086.1991                 23.433531                 396.10607                      8.7819356
             10       1750.4224     0.050779514       5.2280563     0.003188534       3514.1649      -6.6601069       -8.6915466         2.0314397       3514.1649                            3085.846                 23.433412                 396.10607                      8.7794771
              1       1750.2346     0.056789382       5.0611275    0.0036177421       3513.7893      -6.6601069       -8.6915466         2.0314397       3513.7893                           3085.4716                 23.433344                 396.10607                      8.7782909
              2       1750.2905     0.055794353       5.0438792    0.0040256294       3513.9012      -6.6601069       -8.6915466         2.0314397       3513.9012                           3085.5827                 23.433381                 396.10607                       8.778968
              2       1750.4678     0.053527597       4.9493703    0.0031535131       3514.2559      -6.6601069       -8.6915466         2.0314397       3514.2559                           3085.9351                 23.433494                 396.10607                      8.7811925
              2       1750.8134     0.047762154       4.9319405    0.0073866817       3514.9471      -6.6601069       -8.6915466         2.0314397       3514.9471                           3086.6228                  23.43365                 396.10607                      8.7845654
              4        1751.012     0.046390575       4.8026005    0.0094576461       3515.3442      -6.6601069       -8.6915466         2.0314397       3515.3442                           3087.0176                 23.433746                 396.10607                       8.786824
              6        1750.467     0.050141856       5.2118087    0.0084715285       3514.2542      -6.6601069       -8.6915466         2.0314397       3514.2542                           3085.9346                 23.433439                 396.10607                      8.7800191
             13       1750.2203     0.054394881       5.2738039    0.0096376303       3513.7608      -6.6601069       -8.6915466         2.0314397       3513.7608                           3085.4444                 23.433281                 396.10607                      8.7770417
              3       1749.9952     0.071350663       4.5607655    0.0037694855       3513.3106      -6.6601069       -8.6915466         2.0314397       3513.3106                           3084.9931                 23.433317                 396.10607                      8.7780669
              5        1750.093     0.068333543       4.5709052    0.0048343928       3513.5061      -6.6601069       -8.6915466         2.0314397       3513.5061                           3085.1877                 23.433376                 396.10607                      8.7790382
              2       1750.1387     0.067885976       4.5315871    0.0050657068       3513.5976      -6.6601069       -8.6915466         2.0314397       3513.5976                           3085.2785                 23.433411                 396.10607                      8.7796605
              6        1750.052     0.069697021       4.5596344    0.0049987298       3513.4243      -6.6601069       -8.6915466         2.0314397       3513.4243                           3085.1062                 23.433354                 396.10607                      8.7786662
              6       1750.0131     0.070276937       4.5877752    0.0053554167       3513.3465      -6.6601069       -8.6915466         2.0314397       3513.3465                           3085.0289                 23.433322                 396.10607                      8.7781381
              2       1750.0783     0.062897971       4.9061916     0.007115124       3513.4768      -6.6601069       -8.6915466         2.0314397       3513.4768                           3085.1601                 23.433283                 396.10607                      8.7773494
             12       1751.3151     0.045776417       4.5240966    0.0091763391       3515.9505      -6.6601069       -8.6915466         2.0314397       3515.9505                           3087.6202                 23.433886                 396.10607                      8.7902802
              5       1750.9304     0.049120201       4.6986404    0.0094051916       3515.1809      -6.6601069       -8.6915466         2.0314397       3515.1809                           3086.8547                 23.433732                 396.10607                      8.7864321
              8       1750.6013     0.054444638       4.7199336    0.0075262736       3514.5227      -6.6601069       -8.6915466         2.0314397       3514.5227                           3086.1997                 23.433598                 396.10607                      8.7833688
              5       1750.6569     0.055540701       4.5898615    0.0074684234        3514.634      -6.6601069       -8.6915466         2.0314397        3514.634                             3086.31                 23.433644                 396.10607                      8.7843358
              3       1750.7152     0.056007684       4.5006006    0.0082289229       3514.7507      -6.6601069       -8.6915466         2.0314397       3514.7507                           3086.4258                 23.433681                 396.10607                      8.7851517
              1       1750.6347      0.05280734       4.7869947    0.0063649565       3514.5895      -6.6601069       -8.6915466         2.0314397       3514.5895                           3086.2664                 23.433601                 396.10607                      8.7834338
              2       1750.5464     0.054892801       4.7566046    0.0070598127       3514.4131      -6.6601069       -8.6915466         2.0314397       3514.4131                           3086.0907                 23.433568                 396.10607                      8.7827197
              2       1749.8928     0.068598289       4.9131295    0.0052189954       3513.1057      -6.6601069       -8.6915466         2.0314397       3513.1057                           3084.7914                 23.433136                 396.10607                       8.775124
              1       1749.8589     0.069813015       4.9200156    0.0043061905        3513.038      -6.6601069       -8.6915466         2.0314397        3513.038                           3084.7242                   23.4331                 396.10607                       8.774641
              2       1749.9176     0.063506523       5.2348093    0.0044628214       3513.1554      -6.6601069       -8.6915466         2.0314397       3513.1554                           3084.8428                 23.433045                 396.10607                      8.7734734
              1       1749.9936      0.06651026       4.8313942    0.0065568482       3513.3075      -6.6601069       -8.6915466         2.0314397       3513.3075                           3084.9914                 23.433244                 396.10607                       8.776773
              6       1749.9866     0.067149234       4.8056904    0.0061423361       3513.2934      -6.6601069       -8.6915466         2.0314397       3513.2934                           3084.9772                 23.433246                 396.10607                       8.776822
              4       1749.9964     0.067223119       4.7834478    0.0074005525        3513.313      -6.6601069       -8.6915466         2.0314397        3513.313                           3084.9966                 23.433259                 396.10607                      8.7770433
              1       1750.2346     0.060623229       4.8038712    0.0064117501       3513.7894      -6.6601069       -8.6915466         2.0314397       3513.7894                           3085.4704                 23.433404                 396.10607                      8.7794817
              3       1750.3846     0.057129785       4.8176097    0.0078851787       3514.0893      -6.6601069       -8.6915466         2.0314397       3514.0893                           3085.7688                  23.43348                 396.10607                      8.7809221
              2       1750.6099     0.054005571       4.7378617    0.0066209695       3514.5399      -6.6601069       -8.6915466         2.0314397       3514.5399                           3086.2169                 23.433599                 396.10607                      8.7833838
              2       1750.6513     0.053145009       4.7450438    0.0069418601       3514.6227      -6.6601069       -8.6915466         2.0314397       3514.6227                           3086.2993                 23.433615                 396.10607                      8.7837419
              6       1749.9986     0.064668716       4.9394977     0.008890153       3513.3173      -6.6601069       -8.6915466         2.0314397       3513.3173                           3085.0018                 23.433217                 396.10607                        8.77627
              3       1749.9099     0.066244268        5.034752    0.0097508135       3513.1401      -6.6601069       -8.6915466         2.0314397       3513.1401                           3084.8262                  23.43311                 396.10607                      8.7746347
              1       1749.9936      0.06235451       5.1149392    0.0049832018       3513.3075      -6.6601069       -8.6915466         2.0314397       3513.3075                            3084.993                 23.433159                 396.10607                      8.7752357
              8       1749.7569     0.073615774       5.1594157    0.0059080101       3512.8341      -6.6601069       -8.6915466         2.0314397       3512.8341                           3084.5241                 23.432817                 396.10607                      8.7711044
             20       1749.7483     0.074717046       5.1481038    0.0058735498       3512.8168      -6.6601069       -8.6915466         2.0314397       3512.8168                            3084.507                 23.432796                 396.10607                      8.7709464
              2       1749.7646     0.074993011       4.8696474    0.0051610171       3512.8494      -6.6601069       -8.6915466         2.0314397       3512.8494                           3084.5367                 23.433009                 396.10607                      8.7735974
              1       1749.7619     0.073102715       5.1040354    0.0064589686       3512.8439      -6.6601069       -8.6915466         2.0314397       3512.8439                           3084.5332                 23.432875                 396.10607                      8.7717729
              1       1749.8161     0.068549438       5.2118833    0.0040834961       3512.9525      -6.6601069       -8.6915466         2.0314397       3512.9525                           3084.6415                 23.432918                 396.10607                      8.7719901
             17       1750.8854     0.045323005       5.0376072    0.0059652324        3515.091      -6.6601069       -8.6915466         2.0314397        3515.091                           3086.7664                 23.433661                 396.10607                       8.784845
              3       1751.0315     0.048094476       4.6594033    0.0031705291       3515.3832      -6.6601069       -8.6915466         2.0314397       3515.3832                           3087.0559                 23.433774                 396.10607                      8.7874503
              2       1750.7241     0.053571452       4.6353083    0.0077478516       3514.7684      -6.6601069       -8.6915466         2.0314397       3514.7684                           3086.4439                 23.433663                 396.10607                      8.7847907
              2       1750.8472     0.050650761        4.686987    0.0079629839       3515.0147      -6.6601069       -8.6915466         2.0314397       3515.0147                           3086.6892                 23.433703                 396.10607                      8.7857274
              1       1750.6694     0.051318623       4.8468728    0.0043390021       3514.6591      -6.6601069       -8.6915466         2.0314397       3514.6591                           3086.3359                 23.433605                 396.10607                      8.7835366
              5       1750.9417     0.045868554       4.9243931    0.0042779134       3515.2035      -6.6601069       -8.6915466         2.0314397       3515.2035                            3086.878                 23.433702                 396.10607                      8.7857751
              2       1751.0757     0.045962101       4.7631284    0.0046889584       3515.4716      -6.6601069       -8.6915466         2.0314397       3515.4716                           3087.1443                 23.433775                 396.10607                      8.7875179
              7       1750.1296     0.057872314       5.1677902     0.008801891       3513.5795      -6.6601069       -8.6915466         2.0314397       3513.5795                           3085.2636                 23.433248                 396.10607                      8.7765724
              6       1750.2048     0.056770365       5.1130056    0.0070408947       3513.7299      -6.6601069       -8.6915466         2.0314397       3513.7299                           3085.4128                 23.433313                 396.10607                      8.7777086
              2       1749.9996     0.060368375       5.2604035     0.006152141       3513.3195      -6.6601069       -8.6915466         2.0314397       3513.3195                           3085.0059                 23.433117                 396.10607                      8.7744396
